<?xml version="1.0" encoding="UTF-8" standalone="no" ?>
<gpx xmlns="http://www.topografix.com/GPX/1/1" creator="" version="1.1" xmlns:xsi="http://www.w3.org/2001/XMLSchema-instance" xsi:schemaLocation="http://www.topografix.com/GPX/1/1 http://www.topografix.com/GPX/1/1/gpx.xsd">
 <trk>
  <name>ACTIVE LOG001907</name>
  <trkseg>
   <trkpt lat="47.680190" lon="11.573718">
    <ele>681.317</ele>
    <time>2026-04-18T07:19:06Z</time>
   </trkpt>
   <trkpt lat="47.680263" lon="11.573687">
    <ele>704.276</ele>
    <time>2026-04-18T07:19:30Z</time>
   </trkpt>
   <trkpt lat="47.680292" lon="11.573624">
    <ele>694.668</ele>
    <time>2026-04-18T07:20:39Z</time>
   </trkpt>
   <trkpt lat="47.680220" lon="11.573624">
    <ele>693.299</ele>
    <time>2026-04-18T07:20:43Z</time>
   </trkpt>
   <trkpt lat="47.680160" lon="11.573920">
    <ele>688.815</ele>
    <time>2026-04-18T07:20:50Z</time>
   </trkpt>
   <trkpt lat="47.680102" lon="11.574068">
    <ele>687.500</ele>
    <time>2026-04-18T07:20:55Z</time>
   </trkpt>
   <trkpt lat="47.680037" lon="11.574101">
    <ele>686.872</ele>
    <time>2026-04-18T07:20:57Z</time>
   </trkpt>
   <trkpt lat="47.680003" lon="11.574510">
    <ele>685.477</ele>
    <time>2026-04-18T07:21:04Z</time>
   </trkpt>
   <trkpt lat="47.680457" lon="11.575773">
    <ele>684.291</ele>
    <time>2026-04-18T07:21:21Z</time>
   </trkpt>
   <trkpt lat="47.680627" lon="11.576229">
    <ele>684.404</ele>
    <time>2026-04-18T07:21:27Z</time>
   </trkpt>
   <trkpt lat="47.680723" lon="11.576617">
    <ele>683.778</ele>
    <time>2026-04-18T07:21:32Z</time>
   </trkpt>
   <trkpt lat="47.680539" lon="11.577081">
    <ele>684.127</ele>
    <time>2026-04-18T07:21:39Z</time>
   </trkpt>
   <trkpt lat="47.679539" lon="11.577785">
    <ele>682.035</ele>
    <time>2026-04-18T07:21:58Z</time>
   </trkpt>
   <trkpt lat="47.678630" lon="11.577684">
    <ele>680.502</ele>
    <time>2026-04-18T07:22:15Z</time>
   </trkpt>
   <trkpt lat="47.678206" lon="11.577673">
    <ele>679.769</ele>
    <time>2026-04-18T07:22:23Z</time>
   </trkpt>
   <trkpt lat="47.678003" lon="11.577725">
    <ele>679.963</ele>
    <time>2026-04-18T07:22:27Z</time>
   </trkpt>
   <trkpt lat="47.677007" lon="11.578132">
    <ele>679.826</ele>
    <time>2026-04-18T07:22:47Z</time>
   </trkpt>
   <trkpt lat="47.676739" lon="11.578311">
    <ele>679.675</ele>
    <time>2026-04-18T07:22:56Z</time>
   </trkpt>
   <trkpt lat="47.676658" lon="11.578354">
    <ele>679.477</ele>
    <time>2026-04-18T07:22:58Z</time>
   </trkpt>
   <trkpt lat="47.676258" lon="11.578682">
    <ele>679.229</ele>
    <time>2026-04-18T07:23:07Z</time>
   </trkpt>
   <trkpt lat="47.675862" lon="11.579020">
    <ele>679.219</ele>
    <time>2026-04-18T07:23:16Z</time>
   </trkpt>
   <trkpt lat="47.675679" lon="11.579281">
    <ele>678.954</ele>
    <time>2026-04-18T07:23:21Z</time>
   </trkpt>
   <trkpt lat="47.674467" lon="11.580385">
    <ele>677.160</ele>
    <time>2026-04-18T07:23:49Z</time>
   </trkpt>
   <trkpt lat="47.673462" lon="11.581318">
    <ele>680.956</ele>
    <time>2026-04-18T07:24:14Z</time>
   </trkpt>
   <trkpt lat="47.673129" lon="11.581647">
    <ele>682.710</ele>
    <time>2026-04-18T07:24:25Z</time>
   </trkpt>
   <trkpt lat="47.673073" lon="11.581722">
    <ele>682.434</ele>
    <time>2026-04-18T07:24:28Z</time>
   </trkpt>
   <trkpt lat="47.672665" lon="11.582046">
    <ele>689.491</ele>
    <time>2026-04-18T07:24:48Z</time>
   </trkpt>
   <trkpt lat="47.672657" lon="11.582053">
    <ele>689.525</ele>
    <time>2026-04-18T07:24:49Z</time>
   </trkpt>
   <trkpt lat="47.672585" lon="11.582083">
    <ele>690.042</ele>
    <time>2026-04-18T07:24:52Z</time>
   </trkpt>
   <trkpt lat="47.672539" lon="11.582243">
    <ele>689.928</ele>
    <time>2026-04-18T07:24:56Z</time>
   </trkpt>
   <trkpt lat="47.672517" lon="11.583152">
    <ele>692.727</ele>
    <time>2026-04-18T07:25:12Z</time>
   </trkpt>
   <trkpt lat="47.672528" lon="11.583469">
    <ele>694.650</ele>
    <time>2026-04-18T07:25:17Z</time>
   </trkpt>
   <trkpt lat="47.672495" lon="11.583704">
    <ele>695.802</ele>
    <time>2026-04-18T07:25:21Z</time>
   </trkpt>
   <trkpt lat="47.672475" lon="11.583908">
    <ele>694.411</ele>
    <time>2026-04-18T07:25:24Z</time>
   </trkpt>
   <trkpt lat="47.672297" lon="11.585044">
    <ele>697.722</ele>
    <time>2026-04-18T07:25:43Z</time>
   </trkpt>
   <trkpt lat="47.672091" lon="11.585745">
    <ele>700.631</ele>
    <time>2026-04-18T07:25:59Z</time>
   </trkpt>
   <trkpt lat="47.671936" lon="11.586469">
    <ele>705.545</ele>
    <time>2026-04-18T07:26:14Z</time>
   </trkpt>
   <trkpt lat="47.671887" lon="11.586608">
    <ele>707.299</ele>
    <time>2026-04-18T07:26:17Z</time>
   </trkpt>
   <trkpt lat="47.671811" lon="11.587267">
    <ele>708.750</ele>
    <time>2026-04-18T07:26:32Z</time>
   </trkpt>
   <trkpt lat="47.671680" lon="11.588182">
    <ele>709.409</ele>
    <time>2026-04-18T07:26:48Z</time>
   </trkpt>
   <trkpt lat="47.671479" lon="11.588546">
    <ele>710.203</ele>
    <time>2026-04-18T07:26:57Z</time>
   </trkpt>
   <trkpt lat="47.671385" lon="11.588872">
    <ele>709.856</ele>
    <time>2026-04-18T07:27:02Z</time>
   </trkpt>
   <trkpt lat="47.671321" lon="11.589294">
    <ele>709.346</ele>
    <time>2026-04-18T07:27:08Z</time>
   </trkpt>
   <trkpt lat="47.671175" lon="11.590086">
    <ele>713.468</ele>
    <time>2026-04-18T07:27:25Z</time>
   </trkpt>
   <trkpt lat="47.671220" lon="11.590529">
    <ele>715.758</ele>
    <time>2026-04-18T07:27:33Z</time>
   </trkpt>
   <trkpt lat="47.671299" lon="11.591173">
    <ele>717.325</ele>
    <time>2026-04-18T07:27:42Z</time>
   </trkpt>
   <trkpt lat="47.671375" lon="11.592257">
    <ele>715.271</ele>
    <time>2026-04-18T07:27:57Z</time>
   </trkpt>
   <trkpt lat="47.671358" lon="11.592358">
    <ele>714.333</ele>
    <time>2026-04-18T07:28:00Z</time>
   </trkpt>
   <trkpt lat="47.671396" lon="11.592518">
    <ele>713.523</ele>
    <time>2026-04-18T07:28:05Z</time>
   </trkpt>
   <trkpt lat="47.671263" lon="11.593412">
    <ele>711.712</ele>
    <time>2026-04-18T07:28:23Z</time>
   </trkpt>
   <trkpt lat="47.671249" lon="11.594099">
    <ele>713.870</ele>
    <time>2026-04-18T07:28:39Z</time>
   </trkpt>
   <trkpt lat="47.671302" lon="11.594850">
    <ele>716.083</ele>
    <time>2026-04-18T07:28:57Z</time>
   </trkpt>
   <trkpt lat="47.671228" lon="11.595645">
    <ele>718.624</ele>
    <time>2026-04-18T07:29:16Z</time>
   </trkpt>
   <trkpt lat="47.671166" lon="11.596215">
    <ele>720.216</ele>
    <time>2026-04-18T07:29:30Z</time>
   </trkpt>
   <trkpt lat="47.671102" lon="11.597005">
    <ele>722.703</ele>
    <time>2026-04-18T07:29:51Z</time>
   </trkpt>
   <trkpt lat="47.671109" lon="11.597007">
    <ele>722.671</ele>
    <time>2026-04-18T07:30:43Z</time>
   </trkpt>
   <trkpt lat="47.671106" lon="11.597053">
    <ele>722.926</ele>
    <time>2026-04-18T07:32:17Z</time>
   </trkpt>
   <trkpt lat="47.671066" lon="11.597563">
    <ele>723.369</ele>
    <time>2026-04-18T07:32:29Z</time>
   </trkpt>
   <trkpt lat="47.670939" lon="11.598407">
    <ele>723.976</ele>
    <time>2026-04-18T07:32:46Z</time>
   </trkpt>
   <trkpt lat="47.670767" lon="11.599570">
    <ele>726.403</ele>
    <time>2026-04-18T07:33:09Z</time>
   </trkpt>
   <trkpt lat="47.670447" lon="11.600738">
    <ele>729.561</ele>
    <time>2026-04-18T07:33:34Z</time>
   </trkpt>
   <trkpt lat="47.670080" lon="11.601667">
    <ele>731.805</ele>
    <time>2026-04-18T07:33:56Z</time>
   </trkpt>
   <trkpt lat="47.669781" lon="11.602683">
    <ele>734.516</ele>
    <time>2026-04-18T07:34:20Z</time>
   </trkpt>
   <trkpt lat="47.669482" lon="11.603703">
    <ele>737.512</ele>
    <time>2026-04-18T07:34:44Z</time>
   </trkpt>
   <trkpt lat="47.669165" lon="11.604473">
    <ele>739.553</ele>
    <time>2026-04-18T07:35:02Z</time>
   </trkpt>
   <trkpt lat="47.668860" lon="11.605295">
    <ele>744.827</ele>
    <time>2026-04-18T07:35:21Z</time>
   </trkpt>
   <trkpt lat="47.668457" lon="11.606198">
    <ele>747.691</ele>
    <time>2026-04-18T07:35:44Z</time>
   </trkpt>
   <trkpt lat="47.668044" lon="11.606935">
    <ele>752.697</ele>
    <time>2026-04-18T07:36:07Z</time>
   </trkpt>
   <trkpt lat="47.667620" lon="11.607777">
    <ele>758.380</ele>
    <time>2026-04-18T07:36:33Z</time>
   </trkpt>
   <trkpt lat="47.667445" lon="11.608469">
    <ele>764.901</ele>
    <time>2026-04-18T07:36:53Z</time>
   </trkpt>
   <trkpt lat="47.667194" lon="11.609101">
    <ele>771.642</ele>
    <time>2026-04-18T07:37:13Z</time>
   </trkpt>
   <trkpt lat="47.666975" lon="11.609697">
    <ele>776.193</ele>
    <time>2026-04-18T07:37:28Z</time>
   </trkpt>
   <trkpt lat="47.666669" lon="11.610236">
    <ele>785.116</ele>
    <time>2026-04-18T07:37:47Z</time>
   </trkpt>
   <trkpt lat="47.666441" lon="11.610702">
    <ele>788.035</ele>
    <time>2026-04-18T07:38:03Z</time>
   </trkpt>
   <trkpt lat="47.666301" lon="11.610999">
    <ele>790.977</ele>
    <time>2026-04-18T07:38:11Z</time>
   </trkpt>
   <trkpt lat="47.666258" lon="11.611676">
    <ele>797.036</ele>
    <time>2026-04-18T07:38:25Z</time>
   </trkpt>
   <trkpt lat="47.666284" lon="11.612167">
    <ele>802.141</ele>
    <time>2026-04-18T07:38:36Z</time>
   </trkpt>
   <trkpt lat="47.666317" lon="11.612406">
    <ele>806.348</ele>
    <time>2026-04-18T07:38:43Z</time>
   </trkpt>
   <trkpt lat="47.666270" lon="11.612706">
    <ele>812.749</ele>
    <time>2026-04-18T07:38:54Z</time>
   </trkpt>
   <trkpt lat="47.666280" lon="11.612792">
    <ele>814.739</ele>
    <time>2026-04-18T07:38:57Z</time>
   </trkpt>
   <trkpt lat="47.666151" lon="11.613348">
    <ele>822.095</ele>
    <time>2026-04-18T07:39:10Z</time>
   </trkpt>
   <trkpt lat="47.666106" lon="11.613871">
    <ele>820.973</ele>
    <time>2026-04-18T07:39:26Z</time>
   </trkpt>
   <trkpt lat="47.666115" lon="11.614601">
    <ele>822.340</ele>
    <time>2026-04-18T07:39:46Z</time>
   </trkpt>
   <trkpt lat="47.666147" lon="11.614774">
    <ele>822.380</ele>
    <time>2026-04-18T07:39:51Z</time>
   </trkpt>
   <trkpt lat="47.666173" lon="11.615034">
    <ele>823.160</ele>
    <time>2026-04-18T07:40:00Z</time>
   </trkpt>
   <trkpt lat="47.666399" lon="11.615493">
    <ele>817.504</ele>
    <time>2026-04-18T07:40:11Z</time>
   </trkpt>
   <trkpt lat="47.666518" lon="11.615918">
    <ele>818.417</ele>
    <time>2026-04-18T07:40:21Z</time>
   </trkpt>
   <trkpt lat="47.666503" lon="11.616313">
    <ele>822.444</ele>
    <time>2026-04-18T07:40:32Z</time>
   </trkpt>
   <trkpt lat="47.666566" lon="11.616866">
    <ele>828.835</ele>
    <time>2026-04-18T07:40:44Z</time>
   </trkpt>
   <trkpt lat="47.666508" lon="11.617172">
    <ele>834.718</ele>
    <time>2026-04-18T07:40:54Z</time>
   </trkpt>
   <trkpt lat="47.666466" lon="11.617602">
    <ele>843.415</ele>
    <time>2026-04-18T07:41:07Z</time>
   </trkpt>
   <trkpt lat="47.666371" lon="11.618263">
    <ele>853.050</ele>
    <time>2026-04-18T07:41:26Z</time>
   </trkpt>
   <trkpt lat="47.666223" lon="11.618744">
    <ele>857.306</ele>
    <time>2026-04-18T07:41:41Z</time>
   </trkpt>
   <trkpt lat="47.666103" lon="11.619357">
    <ele>855.477</ele>
    <time>2026-04-18T07:41:58Z</time>
   </trkpt>
   <trkpt lat="47.665957" lon="11.619927">
    <ele>858.758</ele>
    <time>2026-04-18T07:42:16Z</time>
   </trkpt>
   <trkpt lat="47.665930" lon="11.619983">
    <ele>859.430</ele>
    <time>2026-04-18T07:42:18Z</time>
   </trkpt>
   <trkpt lat="47.665848" lon="11.620080">
    <ele>860.754</ele>
    <time>2026-04-18T07:42:23Z</time>
   </trkpt>
   <trkpt lat="47.665836" lon="11.620193">
    <ele>862.521</ele>
    <time>2026-04-18T07:42:29Z</time>
   </trkpt>
   <trkpt lat="47.665653" lon="11.620519">
    <ele>861.625</ele>
    <time>2026-04-18T07:42:47Z</time>
   </trkpt>
   <trkpt lat="47.665544" lon="11.620689">
    <ele>858.663</ele>
    <time>2026-04-18T07:44:21Z</time>
   </trkpt>
   <trkpt lat="47.665166" lon="11.620863">
    <ele>859.344</ele>
    <time>2026-04-18T07:44:38Z</time>
   </trkpt>
   <trkpt lat="47.664895" lon="11.621085">
    <ele>860.083</ele>
    <time>2026-04-18T07:44:54Z</time>
   </trkpt>
   <trkpt lat="47.664641" lon="11.621475">
    <ele>862.231</ele>
    <time>2026-04-18T07:45:18Z</time>
   </trkpt>
   <trkpt lat="47.664622" lon="11.621630">
    <ele>862.136</ele>
    <time>2026-04-18T07:45:26Z</time>
   </trkpt>
   <trkpt lat="47.664727" lon="11.622054">
    <ele>866.234</ele>
    <time>2026-04-18T07:45:44Z</time>
   </trkpt>
   <trkpt lat="47.664732" lon="11.622149">
    <ele>867.614</ele>
    <time>2026-04-18T07:45:49Z</time>
   </trkpt>
   <trkpt lat="47.664723" lon="11.622530">
    <ele>873.477</ele>
    <time>2026-04-18T07:46:07Z</time>
   </trkpt>
   <trkpt lat="47.664695" lon="11.623087">
    <ele>880.416</ele>
    <time>2026-04-18T07:46:28Z</time>
   </trkpt>
   <trkpt lat="47.664598" lon="11.623722">
    <ele>883.893</ele>
    <time>2026-04-18T07:46:53Z</time>
   </trkpt>
   <trkpt lat="47.664551" lon="11.624216">
    <ele>886.984</ele>
    <time>2026-04-18T07:47:13Z</time>
   </trkpt>
   <trkpt lat="47.664627" lon="11.624632">
    <ele>890.348</ele>
    <time>2026-04-18T07:47:31Z</time>
   </trkpt>
   <trkpt lat="47.664688" lon="11.625085">
    <ele>892.316</ele>
    <time>2026-04-18T07:47:49Z</time>
   </trkpt>
   <trkpt lat="47.664664" lon="11.625484">
    <ele>898.966</ele>
    <time>2026-04-18T07:48:06Z</time>
   </trkpt>
   <trkpt lat="47.664669" lon="11.625504">
    <ele>899.271</ele>
    <time>2026-04-18T07:48:07Z</time>
   </trkpt>
   <trkpt lat="47.664728" lon="11.625616">
    <ele>902.377</ele>
    <time>2026-04-18T07:48:14Z</time>
   </trkpt>
   <trkpt lat="47.664959" lon="11.625860">
    <ele>912.881</ele>
    <time>2026-04-18T07:48:33Z</time>
   </trkpt>
   <trkpt lat="47.664975" lon="11.625933">
    <ele>915.513</ele>
    <time>2026-04-18T07:48:37Z</time>
   </trkpt>
   <trkpt lat="47.664971" lon="11.626285">
    <ele>925.155</ele>
    <time>2026-04-18T07:48:54Z</time>
   </trkpt>
   <trkpt lat="47.664874" lon="11.626674">
    <ele>935.733</ele>
    <time>2026-04-18T07:49:11Z</time>
   </trkpt>
   <trkpt lat="47.664762" lon="11.626920">
    <ele>936.864</ele>
    <time>2026-04-18T07:49:28Z</time>
   </trkpt>
   <trkpt lat="47.664738" lon="11.626946">
    <ele>930.477</ele>
    <time>2026-04-18T07:49:33Z</time>
   </trkpt>
   <trkpt lat="47.664649" lon="11.627183">
    <ele>932.106</ele>
    <time>2026-04-18T07:49:48Z</time>
   </trkpt>
   <trkpt lat="47.664687" lon="11.627315">
    <ele>933.688</ele>
    <time>2026-04-18T07:49:55Z</time>
   </trkpt>
   <trkpt lat="47.664735" lon="11.627471">
    <ele>933.912</ele>
    <time>2026-04-18T07:50:01Z</time>
   </trkpt>
   <trkpt lat="47.665082" lon="11.627884">
    <ele>936.276</ele>
    <time>2026-04-18T07:50:21Z</time>
   </trkpt>
   <trkpt lat="47.665362" lon="11.628329">
    <ele>930.752</ele>
    <time>2026-04-18T07:50:38Z</time>
   </trkpt>
   <trkpt lat="47.665600" lon="11.628655">
    <ele>933.417</ele>
    <time>2026-04-18T07:50:54Z</time>
   </trkpt>
   <trkpt lat="47.665678" lon="11.628935">
    <ele>933.920</ele>
    <time>2026-04-18T07:51:05Z</time>
   </trkpt>
   <trkpt lat="47.665674" lon="11.629548">
    <ele>936.560</ele>
    <time>2026-04-18T07:51:25Z</time>
   </trkpt>
   <trkpt lat="47.665678" lon="11.629996">
    <ele>939.974</ele>
    <time>2026-04-18T07:51:41Z</time>
   </trkpt>
   <trkpt lat="47.665806" lon="11.630290">
    <ele>942.700</ele>
    <time>2026-04-18T07:51:54Z</time>
   </trkpt>
   <trkpt lat="47.665997" lon="11.630463">
    <ele>947.866</ele>
    <time>2026-04-18T07:52:07Z</time>
   </trkpt>
   <trkpt lat="47.666057" lon="11.630514">
    <ele>950.562</ele>
    <time>2026-04-18T07:52:12Z</time>
   </trkpt>
   <trkpt lat="47.666111" lon="11.630586">
    <ele>954.186</ele>
    <time>2026-04-18T07:52:18Z</time>
   </trkpt>
   <trkpt lat="47.666323" lon="11.630811">
    <ele>958.770</ele>
    <time>2026-04-18T07:52:33Z</time>
   </trkpt>
   <trkpt lat="47.666509" lon="11.631092">
    <ele>964.067</ele>
    <time>2026-04-18T07:52:50Z</time>
   </trkpt>
   <trkpt lat="47.666553" lon="11.631330">
    <ele>960.652</ele>
    <time>2026-04-18T07:53:01Z</time>
   </trkpt>
   <trkpt lat="47.666604" lon="11.631479">
    <ele>960.505</ele>
    <time>2026-04-18T07:53:08Z</time>
   </trkpt>
   <trkpt lat="47.666675" lon="11.631742">
    <ele>960.726</ele>
    <time>2026-04-18T07:53:22Z</time>
   </trkpt>
   <trkpt lat="47.666696" lon="11.631810">
    <ele>958.572</ele>
    <time>2026-04-18T07:53:26Z</time>
   </trkpt>
   <trkpt lat="47.666730" lon="11.631861">
    <ele>958.154</ele>
    <time>2026-04-18T07:53:29Z</time>
   </trkpt>
   <trkpt lat="47.666843" lon="11.632198">
    <ele>959.110</ele>
    <time>2026-04-18T07:53:44Z</time>
   </trkpt>
   <trkpt lat="47.666805" lon="11.632613">
    <ele>961.059</ele>
    <time>2026-04-18T07:54:02Z</time>
   </trkpt>
   <trkpt lat="47.666809" lon="11.632825">
    <ele>965.906</ele>
    <time>2026-04-18T07:54:13Z</time>
   </trkpt>
   <trkpt lat="47.666831" lon="11.632900">
    <ele>966.418</ele>
    <time>2026-04-18T07:54:16Z</time>
   </trkpt>
   <trkpt lat="47.666904" lon="11.633241">
    <ele>972.663</ele>
    <time>2026-04-18T07:54:34Z</time>
   </trkpt>
   <trkpt lat="47.666943" lon="11.633357">
    <ele>975.361</ele>
    <time>2026-04-18T07:54:40Z</time>
   </trkpt>
   <trkpt lat="47.666997" lon="11.633528">
    <ele>979.155</ele>
    <time>2026-04-18T07:54:48Z</time>
   </trkpt>
   <trkpt lat="47.667031" lon="11.633568">
    <ele>980.470</ele>
    <time>2026-04-18T07:54:51Z</time>
   </trkpt>
   <trkpt lat="47.667071" lon="11.633643">
    <ele>981.483</ele>
    <time>2026-04-18T07:54:55Z</time>
   </trkpt>
   <trkpt lat="47.667126" lon="11.633788">
    <ele>983.458</ele>
    <time>2026-04-18T07:55:02Z</time>
   </trkpt>
   <trkpt lat="47.667233" lon="11.634068">
    <ele>986.612</ele>
    <time>2026-04-18T07:55:14Z</time>
   </trkpt>
   <trkpt lat="47.667457" lon="11.634282">
    <ele>988.916</ele>
    <time>2026-04-18T07:55:27Z</time>
   </trkpt>
   <trkpt lat="47.667540" lon="11.634391">
    <ele>989.627</ele>
    <time>2026-04-18T07:55:33Z</time>
   </trkpt>
   <trkpt lat="47.667706" lon="11.634626">
    <ele>993.869</ele>
    <time>2026-04-18T07:55:46Z</time>
   </trkpt>
   <trkpt lat="47.667881" lon="11.634921">
    <ele>999.127</ele>
    <time>2026-04-18T07:56:02Z</time>
   </trkpt>
   <trkpt lat="47.667911" lon="11.634952">
    <ele>999.823</ele>
    <time>2026-04-18T07:56:04Z</time>
   </trkpt>
   <trkpt lat="47.668023" lon="11.635166">
    <ele>1000.018</ele>
    <time>2026-04-18T07:56:15Z</time>
   </trkpt>
   <trkpt lat="47.668125" lon="11.635400">
    <ele>999.036</ele>
    <time>2026-04-18T07:56:28Z</time>
   </trkpt>
   <trkpt lat="47.668146" lon="11.635442">
    <ele>998.913</ele>
    <time>2026-04-18T07:56:30Z</time>
   </trkpt>
   <trkpt lat="47.668170" lon="11.635594">
    <ele>997.813</ele>
    <time>2026-04-18T07:56:35Z</time>
   </trkpt>
   <trkpt lat="47.668226" lon="11.635884">
    <ele>994.999</ele>
    <time>2026-04-18T07:56:46Z</time>
   </trkpt>
   <trkpt lat="47.668302" lon="11.636279">
    <ele>1000.698</ele>
    <time>2026-04-18T07:57:03Z</time>
   </trkpt>
   <trkpt lat="47.668331" lon="11.636458">
    <ele>1003.331</ele>
    <time>2026-04-18T07:57:11Z</time>
   </trkpt>
   <trkpt lat="47.668345" lon="11.636633">
    <ele>1003.986</ele>
    <time>2026-04-18T07:57:19Z</time>
   </trkpt>
   <trkpt lat="47.668423" lon="11.637028">
    <ele>1005.425</ele>
    <time>2026-04-18T07:57:36Z</time>
   </trkpt>
   <trkpt lat="47.668477" lon="11.637329">
    <ele>1010.842</ele>
    <time>2026-04-18T07:57:51Z</time>
   </trkpt>
   <trkpt lat="47.668484" lon="11.637466">
    <ele>1014.798</ele>
    <time>2026-04-18T07:57:58Z</time>
   </trkpt>
   <trkpt lat="47.668514" lon="11.637554">
    <ele>1016.267</ele>
    <time>2026-04-18T07:58:02Z</time>
   </trkpt>
   <trkpt lat="47.668543" lon="11.637716">
    <ele>1018.991</ele>
    <time>2026-04-18T07:58:09Z</time>
   </trkpt>
   <trkpt lat="47.668541" lon="11.637818">
    <ele>1020.760</ele>
    <time>2026-04-18T07:58:13Z</time>
   </trkpt>
   <trkpt lat="47.668568" lon="11.637913">
    <ele>1022.106</ele>
    <time>2026-04-18T07:58:17Z</time>
   </trkpt>
   <trkpt lat="47.668570" lon="11.638039">
    <ele>1025.200</ele>
    <time>2026-04-18T07:58:23Z</time>
   </trkpt>
   <trkpt lat="47.668599" lon="11.638446">
    <ele>1031.979</ele>
    <time>2026-04-18T07:58:39Z</time>
   </trkpt>
   <trkpt lat="47.668614" lon="11.638578">
    <ele>1033.637</ele>
    <time>2026-04-18T07:58:46Z</time>
   </trkpt>
   <trkpt lat="47.668729" lon="11.638833">
    <ele>1037.354</ele>
    <time>2026-04-18T07:58:58Z</time>
   </trkpt>
   <trkpt lat="47.668934" lon="11.639224">
    <ele>1042.954</ele>
    <time>2026-04-18T07:59:15Z</time>
   </trkpt>
   <trkpt lat="47.668944" lon="11.639337">
    <ele>1045.276</ele>
    <time>2026-04-18T07:59:21Z</time>
   </trkpt>
   <trkpt lat="47.669057" lon="11.639704">
    <ele>1052.546</ele>
    <time>2026-04-18T07:59:39Z</time>
   </trkpt>
   <trkpt lat="47.669111" lon="11.639804">
    <ele>1054.728</ele>
    <time>2026-04-18T07:59:44Z</time>
   </trkpt>
   <trkpt lat="47.669149" lon="11.639894">
    <ele>1056.810</ele>
    <time>2026-04-18T07:59:48Z</time>
   </trkpt>
   <trkpt lat="47.669201" lon="11.640073">
    <ele>1060.227</ele>
    <time>2026-04-18T07:59:56Z</time>
   </trkpt>
   <trkpt lat="47.669313" lon="11.640373">
    <ele>1061.339</ele>
    <time>2026-04-18T08:00:10Z</time>
   </trkpt>
   <trkpt lat="47.669325" lon="11.640379">
    <ele>1064.045</ele>
    <time>2026-04-18T08:00:11Z</time>
   </trkpt>
   <trkpt lat="47.669328" lon="11.640420">
    <ele>1064.456</ele>
    <time>2026-04-18T08:00:13Z</time>
   </trkpt>
   <trkpt lat="47.669433" lon="11.640690">
    <ele>1065.418</ele>
    <time>2026-04-18T08:00:27Z</time>
   </trkpt>
   <trkpt lat="47.669432" lon="11.640854">
    <ele>1067.275</ele>
    <time>2026-04-18T08:00:37Z</time>
   </trkpt>
   <trkpt lat="47.669488" lon="11.640962">
    <ele>1068.551</ele>
    <time>2026-04-18T08:00:42Z</time>
   </trkpt>
   <trkpt lat="47.669504" lon="11.641057">
    <ele>1070.559</ele>
    <time>2026-04-18T08:00:48Z</time>
   </trkpt>
   <trkpt lat="47.669538" lon="11.641133">
    <ele>1071.532</ele>
    <time>2026-04-18T08:00:52Z</time>
   </trkpt>
   <trkpt lat="47.669547" lon="11.641188">
    <ele>1072.354</ele>
    <time>2026-04-18T08:00:55Z</time>
   </trkpt>
   <trkpt lat="47.669604" lon="11.641431">
    <ele>1076.212</ele>
    <time>2026-04-18T08:01:05Z</time>
   </trkpt>
   <trkpt lat="47.669691" lon="11.641609">
    <ele>1080.490</ele>
    <time>2026-04-18T08:01:16Z</time>
   </trkpt>
   <trkpt lat="47.669851" lon="11.641883">
    <ele>1086.126</ele>
    <time>2026-04-18T08:01:31Z</time>
   </trkpt>
   <trkpt lat="47.669959" lon="11.642325">
    <ele>1080.635</ele>
    <time>2026-04-18T08:01:50Z</time>
   </trkpt>
   <trkpt lat="47.670077" lon="11.642779">
    <ele>1078.656</ele>
    <time>2026-04-18T08:02:10Z</time>
   </trkpt>
   <trkpt lat="47.670260" lon="11.643138">
    <ele>1075.548</ele>
    <time>2026-04-18T08:02:30Z</time>
   </trkpt>
   <trkpt lat="47.670357" lon="11.643476">
    <ele>1077.778</ele>
    <time>2026-04-18T08:02:45Z</time>
   </trkpt>
   <trkpt lat="47.670404" lon="11.643662">
    <ele>1077.393</ele>
    <time>2026-04-18T08:02:53Z</time>
   </trkpt>
   <trkpt lat="47.670437" lon="11.643775">
    <ele>1078.935</ele>
    <time>2026-04-18T08:03:01Z</time>
   </trkpt>
   <trkpt lat="47.670446" lon="11.643837">
    <ele>1080.577</ele>
    <time>2026-04-18T08:03:06Z</time>
   </trkpt>
   <trkpt lat="47.670573" lon="11.643973">
    <ele>1082.124</ele>
    <time>2026-04-18T08:03:20Z</time>
   </trkpt>
   <trkpt lat="47.670678" lon="11.644247">
    <ele>1086.784</ele>
    <time>2026-04-18T08:03:34Z</time>
   </trkpt>
   <trkpt lat="47.670921" lon="11.644572">
    <ele>1092.216</ele>
    <time>2026-04-18T08:03:52Z</time>
   </trkpt>
   <trkpt lat="47.670926" lon="11.644589">
    <ele>1092.063</ele>
    <time>2026-04-18T08:03:53Z</time>
   </trkpt>
   <trkpt lat="47.670978" lon="11.644860">
    <ele>1092.351</ele>
    <time>2026-04-18T08:04:08Z</time>
   </trkpt>
   <trkpt lat="47.671007" lon="11.645144">
    <ele>1094.461</ele>
    <time>2026-04-18T08:04:23Z</time>
   </trkpt>
   <trkpt lat="47.671035" lon="11.645244">
    <ele>1094.545</ele>
    <time>2026-04-18T08:04:29Z</time>
   </trkpt>
   <trkpt lat="47.671042" lon="11.645278">
    <ele>1094.566</ele>
    <time>2026-04-18T08:04:31Z</time>
   </trkpt>
   <trkpt lat="47.671089" lon="11.645349">
    <ele>1094.254</ele>
    <time>2026-04-18T08:04:37Z</time>
   </trkpt>
   <trkpt lat="47.671150" lon="11.645450">
    <ele>1094.246</ele>
    <time>2026-04-18T08:04:44Z</time>
   </trkpt>
   <trkpt lat="47.671193" lon="11.645565">
    <ele>1093.315</ele>
    <time>2026-04-18T08:04:51Z</time>
   </trkpt>
   <trkpt lat="47.671262" lon="11.645717">
    <ele>1093.443</ele>
    <time>2026-04-18T08:05:02Z</time>
   </trkpt>
   <trkpt lat="47.671298" lon="11.645772">
    <ele>1093.294</ele>
    <time>2026-04-18T08:05:06Z</time>
   </trkpt>
   <trkpt lat="47.671317" lon="11.645833">
    <ele>1093.613</ele>
    <time>2026-04-18T08:05:10Z</time>
   </trkpt>
   <trkpt lat="47.671309" lon="11.645865">
    <ele>1093.766</ele>
    <time>2026-04-18T08:05:12Z</time>
   </trkpt>
   <trkpt lat="47.671329" lon="11.645888">
    <ele>1093.760</ele>
    <time>2026-04-18T08:05:14Z</time>
   </trkpt>
   <trkpt lat="47.671336" lon="11.645936">
    <ele>1093.844</ele>
    <time>2026-04-18T08:05:17Z</time>
   </trkpt>
   <trkpt lat="47.671342" lon="11.645972">
    <ele>1093.997</ele>
    <time>2026-04-18T08:05:19Z</time>
   </trkpt>
   <trkpt lat="47.671368" lon="11.646008">
    <ele>1098.087</ele>
    <time>2026-04-18T08:05:22Z</time>
   </trkpt>
   <trkpt lat="47.671401" lon="11.646088">
    <ele>1098.957</ele>
    <time>2026-04-18T08:05:27Z</time>
   </trkpt>
   <trkpt lat="47.671433" lon="11.646218">
    <ele>1100.664</ele>
    <time>2026-04-18T08:05:35Z</time>
   </trkpt>
   <trkpt lat="47.671465" lon="11.646314">
    <ele>1102.035</ele>
    <time>2026-04-18T08:05:41Z</time>
   </trkpt>
   <trkpt lat="47.671532" lon="11.646498">
    <ele>1105.053</ele>
    <time>2026-04-18T08:05:54Z</time>
   </trkpt>
   <trkpt lat="47.671557" lon="11.646565">
    <ele>1105.738</ele>
    <time>2026-04-18T08:05:59Z</time>
   </trkpt>
   <trkpt lat="47.671588" lon="11.646620">
    <ele>1106.806</ele>
    <time>2026-04-18T08:06:03Z</time>
   </trkpt>
   <trkpt lat="47.671703" lon="11.646928">
    <ele>1111.275</ele>
    <time>2026-04-18T08:06:21Z</time>
   </trkpt>
   <trkpt lat="47.671737" lon="11.647152">
    <ele>1108.546</ele>
    <time>2026-04-18T08:06:35Z</time>
   </trkpt>
   <trkpt lat="47.671703" lon="11.647500">
    <ele>1105.261</ele>
    <time>2026-04-18T08:06:52Z</time>
   </trkpt>
   <trkpt lat="47.671668" lon="11.647625">
    <ele>1103.020</ele>
    <time>2026-04-18T08:07:01Z</time>
   </trkpt>
   <trkpt lat="47.671631" lon="11.647689">
    <ele>1103.367</ele>
    <time>2026-04-18T08:07:07Z</time>
   </trkpt>
   <trkpt lat="47.671528" lon="11.647958">
    <ele>1101.416</ele>
    <time>2026-04-18T08:07:27Z</time>
   </trkpt>
   <trkpt lat="47.671458" lon="11.648154">
    <ele>1102.032</ele>
    <time>2026-04-18T08:07:43Z</time>
   </trkpt>
   <trkpt lat="47.671428" lon="11.648426">
    <ele>1102.182</ele>
    <time>2026-04-18T08:08:00Z</time>
   </trkpt>
   <trkpt lat="47.671425" lon="11.648533">
    <ele>1100.653</ele>
    <time>2026-04-18T08:08:07Z</time>
   </trkpt>
   <trkpt lat="47.671434" lon="11.648803">
    <ele>1100.763</ele>
    <time>2026-04-18T08:08:24Z</time>
   </trkpt>
   <trkpt lat="47.671441" lon="11.648898">
    <ele>1102.153</ele>
    <time>2026-04-18T08:08:31Z</time>
   </trkpt>
   <trkpt lat="47.671456" lon="11.648973">
    <ele>1101.418</ele>
    <time>2026-04-18T08:08:35Z</time>
   </trkpt>
   <trkpt lat="47.671451" lon="11.649004">
    <ele>1101.931</ele>
    <time>2026-04-18T08:08:37Z</time>
   </trkpt>
   <trkpt lat="47.671451" lon="11.649046">
    <ele>1102.950</ele>
    <time>2026-04-18T08:08:40Z</time>
   </trkpt>
   <trkpt lat="47.671519" lon="11.649331">
    <ele>1111.641</ele>
    <time>2026-04-18T08:09:02Z</time>
   </trkpt>
   <trkpt lat="47.671548" lon="11.649372">
    <ele>1111.686</ele>
    <time>2026-04-18T08:09:06Z</time>
   </trkpt>
   <trkpt lat="47.671597" lon="11.649446">
    <ele>1113.188</ele>
    <time>2026-04-18T08:09:14Z</time>
   </trkpt>
   <trkpt lat="47.671640" lon="11.649524">
    <ele>1113.255</ele>
    <time>2026-04-18T08:09:20Z</time>
   </trkpt>
   <trkpt lat="47.671753" lon="11.649787">
    <ele>1107.412</ele>
    <time>2026-04-18T08:09:35Z</time>
   </trkpt>
   <trkpt lat="47.671824" lon="11.649960">
    <ele>1103.501</ele>
    <time>2026-04-18T08:09:44Z</time>
   </trkpt>
   <trkpt lat="47.671827" lon="11.650009">
    <ele>1104.048</ele>
    <time>2026-04-18T08:09:47Z</time>
   </trkpt>
   <trkpt lat="47.671865" lon="11.650097">
    <ele>1105.236</ele>
    <time>2026-04-18T08:09:55Z</time>
   </trkpt>
   <trkpt lat="47.671904" lon="11.650422">
    <ele>1107.140</ele>
    <time>2026-04-18T08:10:17Z</time>
   </trkpt>
   <trkpt lat="47.671915" lon="11.650608">
    <ele>1109.858</ele>
    <time>2026-04-18T08:10:30Z</time>
   </trkpt>
   <trkpt lat="47.671942" lon="11.650709">
    <ele>1109.424</ele>
    <time>2026-04-18T08:10:39Z</time>
   </trkpt>
   <trkpt lat="47.671942" lon="11.650785">
    <ele>1110.397</ele>
    <time>2026-04-18T08:10:44Z</time>
   </trkpt>
   <trkpt lat="47.671949" lon="11.650830">
    <ele>1110.404</ele>
    <time>2026-04-18T08:10:47Z</time>
   </trkpt>
   <trkpt lat="47.671991" lon="11.650999">
    <ele>1112.325</ele>
    <time>2026-04-18T08:10:59Z</time>
   </trkpt>
   <trkpt lat="47.672048" lon="11.651187">
    <ele>1113.146</ele>
    <time>2026-04-18T08:11:11Z</time>
   </trkpt>
   <trkpt lat="47.672138" lon="11.651368">
    <ele>1113.850</ele>
    <time>2026-04-18T08:11:27Z</time>
   </trkpt>
   <trkpt lat="47.672165" lon="11.651442">
    <ele>1114.960</ele>
    <time>2026-04-18T08:11:34Z</time>
   </trkpt>
   <trkpt lat="47.672181" lon="11.651465">
    <ele>1115.112</ele>
    <time>2026-04-18T08:11:36Z</time>
   </trkpt>
   <trkpt lat="47.672199" lon="11.651722">
    <ele>1118.568</ele>
    <time>2026-04-18T08:11:51Z</time>
   </trkpt>
   <trkpt lat="47.672195" lon="11.651855">
    <ele>1120.277</ele>
    <time>2026-04-18T08:11:59Z</time>
   </trkpt>
   <trkpt lat="47.672198" lon="11.651957">
    <ele>1121.861</ele>
    <time>2026-04-18T08:12:07Z</time>
   </trkpt>
   <trkpt lat="47.672249" lon="11.652230">
    <ele>1125.797</ele>
    <time>2026-04-18T08:12:26Z</time>
   </trkpt>
   <trkpt lat="47.672249" lon="11.652371">
    <ele>1128.433</ele>
    <time>2026-04-18T08:12:34Z</time>
   </trkpt>
   <trkpt lat="47.672247" lon="11.652431">
    <ele>1130.217</ele>
    <time>2026-04-18T08:12:38Z</time>
   </trkpt>
   <trkpt lat="47.672245" lon="11.652458">
    <ele>1130.540</ele>
    <time>2026-04-18T08:12:40Z</time>
   </trkpt>
   <trkpt lat="47.672259" lon="11.652485">
    <ele>1132.506</ele>
    <time>2026-04-18T08:12:43Z</time>
   </trkpt>
   <trkpt lat="47.672274" lon="11.652575">
    <ele>1133.151</ele>
    <time>2026-04-18T08:12:48Z</time>
   </trkpt>
   <trkpt lat="47.672280" lon="11.652713">
    <ele>1134.472</ele>
    <time>2026-04-18T08:12:56Z</time>
   </trkpt>
   <trkpt lat="47.672315" lon="11.652776">
    <ele>1133.826</ele>
    <time>2026-04-18T08:13:00Z</time>
   </trkpt>
   <trkpt lat="47.672337" lon="11.652839">
    <ele>1133.951</ele>
    <time>2026-04-18T08:13:04Z</time>
   </trkpt>
   <trkpt lat="47.672368" lon="11.652887">
    <ele>1134.382</ele>
    <time>2026-04-18T08:13:08Z</time>
   </trkpt>
   <trkpt lat="47.672412" lon="11.653102">
    <ele>1134.772</ele>
    <time>2026-04-18T08:13:22Z</time>
   </trkpt>
   <trkpt lat="47.672440" lon="11.653354">
    <ele>1136.523</ele>
    <time>2026-04-18T08:13:38Z</time>
   </trkpt>
   <trkpt lat="47.672457" lon="11.653451">
    <ele>1137.438</ele>
    <time>2026-04-18T08:13:43Z</time>
   </trkpt>
   <trkpt lat="47.672448" lon="11.653476">
    <ele>1137.694</ele>
    <time>2026-04-18T08:13:45Z</time>
   </trkpt>
   <trkpt lat="47.672434" lon="11.653631">
    <ele>1139.892</ele>
    <time>2026-04-18T08:13:53Z</time>
   </trkpt>
   <trkpt lat="47.672447" lon="11.653682">
    <ele>1139.689</ele>
    <time>2026-04-18T08:13:56Z</time>
   </trkpt>
   <trkpt lat="47.672491" lon="11.653863">
    <ele>1139.702</ele>
    <time>2026-04-18T08:14:06Z</time>
   </trkpt>
   <trkpt lat="47.672507" lon="11.653967">
    <ele>1140.483</ele>
    <time>2026-04-18T08:14:11Z</time>
   </trkpt>
   <trkpt lat="47.672576" lon="11.654261">
    <ele>1142.397</ele>
    <time>2026-04-18T08:14:26Z</time>
   </trkpt>
   <trkpt lat="47.672614" lon="11.654589">
    <ele>1143.655</ele>
    <time>2026-04-18T08:14:43Z</time>
   </trkpt>
   <trkpt lat="47.672635" lon="11.654952">
    <ele>1146.452</ele>
    <time>2026-04-18T08:15:03Z</time>
   </trkpt>
   <trkpt lat="47.672654" lon="11.655278">
    <ele>1148.849</ele>
    <time>2026-04-18T08:15:22Z</time>
   </trkpt>
   <trkpt lat="47.672494" lon="11.655581">
    <ele>1152.294</ele>
    <time>2026-04-18T08:15:40Z</time>
   </trkpt>
   <trkpt lat="47.672317" lon="11.655862">
    <ele>1151.783</ele>
    <time>2026-04-18T08:15:59Z</time>
   </trkpt>
   <trkpt lat="47.672152" lon="11.656035">
    <ele>1155.848</ele>
    <time>2026-04-18T08:16:14Z</time>
   </trkpt>
   <trkpt lat="47.671975" lon="11.656359">
    <ele>1163.407</ele>
    <time>2026-04-18T08:16:34Z</time>
   </trkpt>
   <trkpt lat="47.671899" lon="11.656555">
    <ele>1168.238</ele>
    <time>2026-04-18T08:16:45Z</time>
   </trkpt>
   <trkpt lat="47.671875" lon="11.656593">
    <ele>1170.449</ele>
    <time>2026-04-18T08:17:03Z</time>
   </trkpt>
   <trkpt lat="47.671893" lon="11.656637">
    <ele>1171.713</ele>
    <time>2026-04-18T08:18:14Z</time>
   </trkpt>
   <trkpt lat="47.671991" lon="11.656735">
    <ele>1173.118</ele>
    <time>2026-04-18T08:18:22Z</time>
   </trkpt>
   <trkpt lat="47.672080" lon="11.656676">
    <ele>1175.151</ele>
    <time>2026-04-18T08:18:28Z</time>
   </trkpt>
   <trkpt lat="47.672230" lon="11.656540">
    <ele>1173.490</ele>
    <time>2026-04-18T08:18:44Z</time>
   </trkpt>
   <trkpt lat="47.672370" lon="11.656426">
    <ele>1173.651</ele>
    <time>2026-04-18T08:18:58Z</time>
   </trkpt>
   <trkpt lat="47.672405" lon="11.656401">
    <ele>1173.971</ele>
    <time>2026-04-18T08:19:01Z</time>
   </trkpt>
   <trkpt lat="47.672561" lon="11.656427">
    <ele>1182.180</ele>
    <time>2026-04-18T08:19:19Z</time>
   </trkpt>
   <trkpt lat="47.672594" lon="11.656488">
    <ele>1184.764</ele>
    <time>2026-04-18T08:19:24Z</time>
   </trkpt>
   <trkpt lat="47.672589" lon="11.656660">
    <ele>1188.968</ele>
    <time>2026-04-18T08:19:35Z</time>
   </trkpt>
   <trkpt lat="47.672530" lon="11.656828">
    <ele>1194.043</ele>
    <time>2026-04-18T08:19:47Z</time>
   </trkpt>
   <trkpt lat="47.672475" lon="11.657010">
    <ele>1200.066</ele>
    <time>2026-04-18T08:19:59Z</time>
   </trkpt>
   <trkpt lat="47.672469" lon="11.657076">
    <ele>1200.071</ele>
    <time>2026-04-18T08:20:03Z</time>
   </trkpt>
   <trkpt lat="47.672457" lon="11.657110">
    <ele>1200.892</ele>
    <time>2026-04-18T08:20:05Z</time>
   </trkpt>
   <trkpt lat="47.672422" lon="11.657212">
    <ele>1201.373</ele>
    <time>2026-04-18T08:20:11Z</time>
   </trkpt>
   <trkpt lat="47.672394" lon="11.657611">
    <ele>1205.127</ele>
    <time>2026-04-18T08:20:32Z</time>
   </trkpt>
   <trkpt lat="47.672393" lon="11.657638">
    <ele>1205.711</ele>
    <time>2026-04-18T08:20:33Z</time>
   </trkpt>
   <trkpt lat="47.672405" lon="11.657716">
    <ele>1208.741</ele>
    <time>2026-04-18T08:20:37Z</time>
   </trkpt>
   <trkpt lat="47.672402" lon="11.657877">
    <ele>1211.462</ele>
    <time>2026-04-18T08:20:46Z</time>
   </trkpt>
   <trkpt lat="47.672386" lon="11.657976">
    <ele>1213.074</ele>
    <time>2026-04-18T08:20:52Z</time>
   </trkpt>
   <trkpt lat="47.672344" lon="11.658330">
    <ele>1220.008</ele>
    <time>2026-04-18T08:21:10Z</time>
   </trkpt>
   <trkpt lat="47.672340" lon="11.658352">
    <ele>1220.339</ele>
    <time>2026-04-18T08:21:11Z</time>
   </trkpt>
   <trkpt lat="47.672330" lon="11.658445">
    <ele>1219.568</ele>
    <time>2026-04-18T08:21:17Z</time>
   </trkpt>
   <trkpt lat="47.672315" lon="11.658627">
    <ele>1217.059</ele>
    <time>2026-04-18T08:21:29Z</time>
   </trkpt>
   <trkpt lat="47.672328" lon="11.658681">
    <ele>1217.890</ele>
    <time>2026-04-18T08:21:32Z</time>
   </trkpt>
   <trkpt lat="47.672328" lon="11.658752">
    <ele>1218.687</ele>
    <time>2026-04-18T08:21:37Z</time>
   </trkpt>
   <trkpt lat="47.672284" lon="11.658974">
    <ele>1214.701</ele>
    <time>2026-04-18T08:21:52Z</time>
   </trkpt>
   <trkpt lat="47.672190" lon="11.659289">
    <ele>1216.527</ele>
    <time>2026-04-18T08:22:10Z</time>
   </trkpt>
   <trkpt lat="47.672086" lon="11.659611">
    <ele>1221.428</ele>
    <time>2026-04-18T08:22:29Z</time>
   </trkpt>
   <trkpt lat="47.671998" lon="11.660017">
    <ele>1222.669</ele>
    <time>2026-04-18T08:22:51Z</time>
   </trkpt>
   <trkpt lat="47.671921" lon="11.660482">
    <ele>1223.810</ele>
    <time>2026-04-18T08:23:12Z</time>
   </trkpt>
   <trkpt lat="47.671882" lon="11.660725">
    <ele>1225.902</ele>
    <time>2026-04-18T08:23:24Z</time>
   </trkpt>
   <trkpt lat="47.671855" lon="11.660815">
    <ele>1226.021</ele>
    <time>2026-04-18T08:23:29Z</time>
   </trkpt>
   <trkpt lat="47.671844" lon="11.660896">
    <ele>1225.816</ele>
    <time>2026-04-18T08:23:33Z</time>
   </trkpt>
   <trkpt lat="47.671802" lon="11.660937">
    <ele>1226.453</ele>
    <time>2026-04-18T08:23:37Z</time>
   </trkpt>
   <trkpt lat="47.671644" lon="11.661026">
    <ele>1227.260</ele>
    <time>2026-04-18T08:23:51Z</time>
   </trkpt>
   <trkpt lat="47.671626" lon="11.661018">
    <ele>1226.894</ele>
    <time>2026-04-18T08:23:57Z</time>
   </trkpt>
  </trkseg>
 </trk>
 <trk>
  <name>ACTIVE LOG014417</name>
  <trkseg>
   <trkpt lat="47.671687" lon="11.661098">
    <ele>1223.950</ele>
    <time>2026-04-18T08:44:17Z</time>
   </trkpt>
   <trkpt lat="47.671687" lon="11.661118">
    <ele>1226.438</ele>
    <time>2026-04-18T08:44:20Z</time>
   </trkpt>
   <trkpt lat="47.671633" lon="11.661146">
    <ele>1222.449</ele>
    <time>2026-04-18T08:44:26Z</time>
   </trkpt>
   <trkpt lat="47.671344" lon="11.661321">
    <ele>1221.768</ele>
    <time>2026-04-18T08:44:50Z</time>
   </trkpt>
   <trkpt lat="47.671164" lon="11.661355">
    <ele>1225.769</ele>
    <time>2026-04-18T08:45:12Z</time>
   </trkpt>
   <trkpt lat="47.670971" lon="11.661385">
    <ele>1230.692</ele>
    <time>2026-04-18T08:45:36Z</time>
   </trkpt>
   <trkpt lat="47.670952" lon="11.661402">
    <ele>1230.917</ele>
    <time>2026-04-18T08:45:41Z</time>
   </trkpt>
   <trkpt lat="47.670900" lon="11.661460">
    <ele>1232.908</ele>
    <time>2026-04-18T08:45:54Z</time>
   </trkpt>
   <trkpt lat="47.670833" lon="11.661451">
    <ele>1236.842</ele>
    <time>2026-04-18T08:46:10Z</time>
   </trkpt>
   <trkpt lat="47.670755" lon="11.661578">
    <ele>1241.482</ele>
    <time>2026-04-18T08:46:28Z</time>
   </trkpt>
   <trkpt lat="47.670679" lon="11.661631">
    <ele>1243.973</ele>
    <time>2026-04-18T08:46:44Z</time>
   </trkpt>
   <trkpt lat="47.670613" lon="11.661710">
    <ele>1246.634</ele>
    <time>2026-04-18T08:46:59Z</time>
   </trkpt>
   <trkpt lat="47.670563" lon="11.661757">
    <ele>1253.605</ele>
    <time>2026-04-18T08:47:11Z</time>
   </trkpt>
   <trkpt lat="47.670478" lon="11.661760">
    <ele>1257.940</ele>
    <time>2026-04-18T08:47:28Z</time>
   </trkpt>
   <trkpt lat="47.670427" lon="11.661796">
    <ele>1260.414</ele>
    <time>2026-04-18T08:47:41Z</time>
   </trkpt>
   <trkpt lat="47.670381" lon="11.661872">
    <ele>1263.947</ele>
    <time>2026-04-18T08:47:54Z</time>
   </trkpt>
   <trkpt lat="47.670323" lon="11.661895">
    <ele>1267.236</ele>
    <time>2026-04-18T08:48:08Z</time>
   </trkpt>
   <trkpt lat="47.670268" lon="11.661901">
    <ele>1268.622</ele>
    <time>2026-04-18T08:48:22Z</time>
   </trkpt>
   <trkpt lat="47.670208" lon="11.661941">
    <ele>1272.406</ele>
    <time>2026-04-18T08:48:36Z</time>
   </trkpt>
   <trkpt lat="47.670158" lon="11.661935">
    <ele>1274.426</ele>
    <time>2026-04-18T08:48:48Z</time>
   </trkpt>
   <trkpt lat="47.670105" lon="11.661929">
    <ele>1276.545</ele>
    <time>2026-04-18T08:49:03Z</time>
   </trkpt>
   <trkpt lat="47.670036" lon="11.662035">
    <ele>1282.016</ele>
    <time>2026-04-18T08:49:18Z</time>
   </trkpt>
   <trkpt lat="47.669978" lon="11.662099">
    <ele>1284.274</ele>
    <time>2026-04-18T08:49:33Z</time>
   </trkpt>
   <trkpt lat="47.669930" lon="11.662035">
    <ele>1287.112</ele>
    <time>2026-04-18T08:49:48Z</time>
   </trkpt>
   <trkpt lat="47.669883" lon="11.662067">
    <ele>1290.702</ele>
    <time>2026-04-18T08:49:59Z</time>
   </trkpt>
   <trkpt lat="47.669822" lon="11.662058">
    <ele>1293.929</ele>
    <time>2026-04-18T08:50:12Z</time>
   </trkpt>
   <trkpt lat="47.669765" lon="11.662035">
    <ele>1295.779</ele>
    <time>2026-04-18T08:50:25Z</time>
   </trkpt>
   <trkpt lat="47.669715" lon="11.662071">
    <ele>1297.709</ele>
    <time>2026-04-18T08:50:39Z</time>
   </trkpt>
   <trkpt lat="47.669666" lon="11.662069">
    <ele>1299.580</ele>
    <time>2026-04-18T08:50:53Z</time>
   </trkpt>
   <trkpt lat="47.669621" lon="11.662130">
    <ele>1304.223</ele>
    <time>2026-04-18T08:51:08Z</time>
   </trkpt>
   <trkpt lat="47.669582" lon="11.662192">
    <ele>1306.200</ele>
    <time>2026-04-18T08:51:23Z</time>
   </trkpt>
   <trkpt lat="47.669564" lon="11.662274">
    <ele>1308.916</ele>
    <time>2026-04-18T08:51:37Z</time>
   </trkpt>
   <trkpt lat="47.669503" lon="11.662266">
    <ele>1310.346</ele>
    <time>2026-04-18T08:51:53Z</time>
   </trkpt>
   <trkpt lat="47.669436" lon="11.662306">
    <ele>1313.661</ele>
    <time>2026-04-18T08:52:08Z</time>
   </trkpt>
   <trkpt lat="47.669390" lon="11.662360">
    <ele>1317.197</ele>
    <time>2026-04-18T08:52:23Z</time>
   </trkpt>
   <trkpt lat="47.669384" lon="11.662453">
    <ele>1321.047</ele>
    <time>2026-04-18T08:52:37Z</time>
   </trkpt>
   <trkpt lat="47.669342" lon="11.662590">
    <ele>1327.304</ele>
    <time>2026-04-18T08:52:54Z</time>
   </trkpt>
   <trkpt lat="47.669308" lon="11.662504">
    <ele>1331.418</ele>
    <time>2026-04-18T08:53:08Z</time>
   </trkpt>
   <trkpt lat="47.669277" lon="11.662524">
    <ele>1335.324</ele>
    <time>2026-04-18T08:53:21Z</time>
   </trkpt>
   <trkpt lat="47.669238" lon="11.662571">
    <ele>1338.531</ele>
    <time>2026-04-18T08:53:35Z</time>
   </trkpt>
   <trkpt lat="47.669193" lon="11.662542">
    <ele>1340.875</ele>
    <time>2026-04-18T08:53:48Z</time>
   </trkpt>
   <trkpt lat="47.669163" lon="11.662494">
    <ele>1343.746</ele>
    <time>2026-04-18T08:54:00Z</time>
   </trkpt>
   <trkpt lat="47.669106" lon="11.662433">
    <ele>1346.267</ele>
    <time>2026-04-18T08:54:15Z</time>
   </trkpt>
   <trkpt lat="47.669040" lon="11.662348">
    <ele>1351.191</ele>
    <time>2026-04-18T08:54:36Z</time>
   </trkpt>
   <trkpt lat="47.668957" lon="11.662275">
    <ele>1357.588</ele>
    <time>2026-04-18T08:54:57Z</time>
   </trkpt>
   <trkpt lat="47.668885" lon="11.662251">
    <ele>1360.933</ele>
    <time>2026-04-18T08:55:14Z</time>
   </trkpt>
   <trkpt lat="47.668816" lon="11.662181">
    <ele>1364.115</ele>
    <time>2026-04-18T08:55:28Z</time>
   </trkpt>
   <trkpt lat="47.668724" lon="11.662113">
    <ele>1366.970</ele>
    <time>2026-04-18T08:55:45Z</time>
   </trkpt>
   <trkpt lat="47.668670" lon="11.662099">
    <ele>1369.057</ele>
    <time>2026-04-18T08:55:59Z</time>
   </trkpt>
   <trkpt lat="47.668622" lon="11.662088">
    <ele>1371.709</ele>
    <time>2026-04-18T08:56:14Z</time>
   </trkpt>
   <trkpt lat="47.668558" lon="11.662056">
    <ele>1375.282</ele>
    <time>2026-04-18T08:56:31Z</time>
   </trkpt>
   <trkpt lat="47.668534" lon="11.662138">
    <ele>1379.514</ele>
    <time>2026-04-18T08:56:43Z</time>
   </trkpt>
   <trkpt lat="47.668546" lon="11.662223">
    <ele>1382.758</ele>
    <time>2026-04-18T08:56:55Z</time>
   </trkpt>
   <trkpt lat="47.668540" lon="11.662290">
    <ele>1385.253</ele>
    <time>2026-04-18T08:57:06Z</time>
   </trkpt>
   <trkpt lat="47.668545" lon="11.662391">
    <ele>1389.492</ele>
    <time>2026-04-18T08:57:19Z</time>
   </trkpt>
   <trkpt lat="47.668524" lon="11.662410">
    <ele>1390.698</ele>
    <time>2026-04-18T08:57:32Z</time>
   </trkpt>
   <trkpt lat="47.668471" lon="11.662390">
    <ele>1392.281</ele>
    <time>2026-04-18T08:57:45Z</time>
   </trkpt>
   <trkpt lat="47.668452" lon="11.662418">
    <ele>1395.284</ele>
    <time>2026-04-18T08:57:57Z</time>
   </trkpt>
   <trkpt lat="47.668415" lon="11.662469">
    <ele>1398.626</ele>
    <time>2026-04-18T08:58:13Z</time>
   </trkpt>
   <trkpt lat="47.668366" lon="11.662469">
    <ele>1399.845</ele>
    <time>2026-04-18T08:58:26Z</time>
   </trkpt>
   <trkpt lat="47.668323" lon="11.662473">
    <ele>1401.685</ele>
    <time>2026-04-18T08:58:37Z</time>
   </trkpt>
   <trkpt lat="47.668278" lon="11.662500">
    <ele>1406.722</ele>
    <time>2026-04-18T08:58:54Z</time>
   </trkpt>
   <trkpt lat="47.668236" lon="11.662514">
    <ele>1409.517</ele>
    <time>2026-04-18T08:59:07Z</time>
   </trkpt>
   <trkpt lat="47.668228" lon="11.662579">
    <ele>1412.563</ele>
    <time>2026-04-18T08:59:20Z</time>
   </trkpt>
   <trkpt lat="47.668215" lon="11.662671">
    <ele>1416.136</ele>
    <time>2026-04-18T08:59:35Z</time>
   </trkpt>
   <trkpt lat="47.668170" lon="11.662725">
    <ele>1420.454</ele>
    <time>2026-04-18T08:59:53Z</time>
   </trkpt>
   <trkpt lat="47.668141" lon="11.662806">
    <ele>1425.985</ele>
    <time>2026-04-18T09:00:14Z</time>
   </trkpt>
   <trkpt lat="47.668122" lon="11.662922">
    <ele>1428.498</ele>
    <time>2026-04-18T09:00:34Z</time>
   </trkpt>
   <trkpt lat="47.668075" lon="11.662975">
    <ele>1429.033</ele>
    <time>2026-04-18T09:00:54Z</time>
   </trkpt>
   <trkpt lat="47.667980" lon="11.662982">
    <ele>1432.174</ele>
    <time>2026-04-18T09:01:15Z</time>
   </trkpt>
   <trkpt lat="47.667939" lon="11.662856">
    <ele>1434.022</ele>
    <time>2026-04-18T09:01:35Z</time>
   </trkpt>
   <trkpt lat="47.667796" lon="11.662848">
    <ele>1438.784</ele>
    <time>2026-04-18T09:01:59Z</time>
   </trkpt>
   <trkpt lat="47.667681" lon="11.662884">
    <ele>1443.309</ele>
    <time>2026-04-18T09:02:20Z</time>
   </trkpt>
   <trkpt lat="47.667593" lon="11.662905">
    <ele>1446.578</ele>
    <time>2026-04-18T09:02:36Z</time>
   </trkpt>
   <trkpt lat="47.667532" lon="11.662991">
    <ele>1450.918</ele>
    <time>2026-04-18T09:02:53Z</time>
   </trkpt>
   <trkpt lat="47.667516" lon="11.663081">
    <ele>1455.466</ele>
    <time>2026-04-18T09:03:10Z</time>
   </trkpt>
   <trkpt lat="47.667471" lon="11.663117">
    <ele>1457.786</ele>
    <time>2026-04-18T09:03:25Z</time>
   </trkpt>
   <trkpt lat="47.667388" lon="11.663175">
    <ele>1460.728</ele>
    <time>2026-04-18T09:03:44Z</time>
   </trkpt>
   <trkpt lat="47.667371" lon="11.663227">
    <ele>1463.601</ele>
    <time>2026-04-18T09:03:56Z</time>
   </trkpt>
   <trkpt lat="47.667338" lon="11.663277">
    <ele>1465.505</ele>
    <time>2026-04-18T09:04:10Z</time>
   </trkpt>
   <trkpt lat="47.667316" lon="11.663300">
    <ele>1467.481</ele>
    <time>2026-04-18T09:04:24Z</time>
   </trkpt>
   <trkpt lat="47.667278" lon="11.663334">
    <ele>1469.623</ele>
    <time>2026-04-18T09:04:38Z</time>
   </trkpt>
   <trkpt lat="47.667224" lon="11.663355">
    <ele>1470.876</ele>
    <time>2026-04-18T09:04:52Z</time>
   </trkpt>
   <trkpt lat="47.667176" lon="11.663395">
    <ele>1473.475</ele>
    <time>2026-04-18T09:05:11Z</time>
   </trkpt>
   <trkpt lat="47.667107" lon="11.663460">
    <ele>1478.183</ele>
    <time>2026-04-18T09:05:33Z</time>
   </trkpt>
   <trkpt lat="47.667070" lon="11.663509">
    <ele>1483.411</ele>
    <time>2026-04-18T09:05:49Z</time>
   </trkpt>
   <trkpt lat="47.667001" lon="11.663552">
    <ele>1485.597</ele>
    <time>2026-04-18T09:06:06Z</time>
   </trkpt>
   <trkpt lat="47.666965" lon="11.663592">
    <ele>1487.707</ele>
    <time>2026-04-18T09:06:21Z</time>
   </trkpt>
   <trkpt lat="47.666958" lon="11.663635">
    <ele>1489.086</ele>
    <time>2026-04-18T09:06:35Z</time>
   </trkpt>
   <trkpt lat="47.666936" lon="11.663678">
    <ele>1490.883</ele>
    <time>2026-04-18T09:06:50Z</time>
   </trkpt>
   <trkpt lat="47.666949" lon="11.663781">
    <ele>1495.036</ele>
    <time>2026-04-18T09:07:05Z</time>
   </trkpt>
   <trkpt lat="47.666880" lon="11.663760">
    <ele>1496.571</ele>
    <time>2026-04-18T09:07:20Z</time>
   </trkpt>
   <trkpt lat="47.666847" lon="11.663835">
    <ele>1500.158</ele>
    <time>2026-04-18T09:07:36Z</time>
   </trkpt>
   <trkpt lat="47.666773" lon="11.663847">
    <ele>1504.168</ele>
    <time>2026-04-18T09:07:56Z</time>
   </trkpt>
   <trkpt lat="47.666738" lon="11.663904">
    <ele>1508.030</ele>
    <time>2026-04-18T09:08:15Z</time>
   </trkpt>
   <trkpt lat="47.666698" lon="11.663928">
    <ele>1509.639</ele>
    <time>2026-04-18T09:08:26Z</time>
   </trkpt>
   <trkpt lat="47.666660" lon="11.663971">
    <ele>1513.017</ele>
    <time>2026-04-18T09:08:40Z</time>
   </trkpt>
   <trkpt lat="47.666611" lon="11.664038">
    <ele>1517.358</ele>
    <time>2026-04-18T09:09:01Z</time>
   </trkpt>
   <trkpt lat="47.666571" lon="11.664121">
    <ele>1521.438</ele>
    <time>2026-04-18T09:09:20Z</time>
   </trkpt>
   <trkpt lat="47.666527" lon="11.664132">
    <ele>1523.653</ele>
    <time>2026-04-18T09:09:34Z</time>
   </trkpt>
   <trkpt lat="47.666469" lon="11.664152">
    <ele>1527.807</ele>
    <time>2026-04-18T09:09:49Z</time>
   </trkpt>
   <trkpt lat="47.666399" lon="11.664160">
    <ele>1529.308</ele>
    <time>2026-04-18T09:10:03Z</time>
   </trkpt>
   <trkpt lat="47.666331" lon="11.664220">
    <ele>1532.690</ele>
    <time>2026-04-18T09:10:18Z</time>
   </trkpt>
   <trkpt lat="47.666302" lon="11.664301">
    <ele>1536.260</ele>
    <time>2026-04-18T09:10:36Z</time>
   </trkpt>
   <trkpt lat="47.666273" lon="11.664300">
    <ele>1538.939</ele>
    <time>2026-04-18T09:10:48Z</time>
   </trkpt>
   <trkpt lat="47.666200" lon="11.664255">
    <ele>1540.521</ele>
    <time>2026-04-18T09:11:07Z</time>
   </trkpt>
   <trkpt lat="47.666154" lon="11.664238">
    <ele>1542.934</ele>
    <time>2026-04-18T09:11:24Z</time>
   </trkpt>
   <trkpt lat="47.666090" lon="11.664239">
    <ele>1544.810</ele>
    <time>2026-04-18T09:11:41Z</time>
   </trkpt>
   <trkpt lat="47.666012" lon="11.664268">
    <ele>1547.761</ele>
    <time>2026-04-18T09:11:59Z</time>
   </trkpt>
   <trkpt lat="47.665948" lon="11.664347">
    <ele>1550.257</ele>
    <time>2026-04-18T09:12:15Z</time>
   </trkpt>
   <trkpt lat="47.665858" lon="11.664354">
    <ele>1551.640</ele>
    <time>2026-04-18T09:12:31Z</time>
   </trkpt>
   <trkpt lat="47.665758" lon="11.664398">
    <ele>1555.352</ele>
    <time>2026-04-18T09:12:48Z</time>
   </trkpt>
   <trkpt lat="47.665647" lon="11.664382">
    <ele>1556.427</ele>
    <time>2026-04-18T09:13:05Z</time>
   </trkpt>
   <trkpt lat="47.665584" lon="11.664400">
    <ele>1558.191</ele>
    <time>2026-04-18T09:13:20Z</time>
   </trkpt>
   <trkpt lat="47.665509" lon="11.664440">
    <ele>1559.057</ele>
    <time>2026-04-18T09:13:28Z</time>
   </trkpt>
   <trkpt lat="47.665489" lon="11.664448">
    <ele>1559.461</ele>
    <time>2026-04-18T09:13:30Z</time>
   </trkpt>
   <trkpt lat="47.665454" lon="11.664452">
    <ele>1559.646</ele>
    <time>2026-04-18T09:13:32Z</time>
   </trkpt>
   <trkpt lat="47.665344" lon="11.664525">
    <ele>1563.648</ele>
    <time>2026-04-18T09:13:47Z</time>
   </trkpt>
   <trkpt lat="47.665406" lon="11.664559">
    <ele>1564.631</ele>
    <time>2026-04-18T09:13:55Z</time>
   </trkpt>
   <trkpt lat="47.665428" lon="11.664591">
    <ele>1565.491</ele>
    <time>2026-04-18T09:13:59Z</time>
   </trkpt>
   <trkpt lat="47.665456" lon="11.664755">
    <ele>1570.185</ele>
    <time>2026-04-18T09:14:14Z</time>
   </trkpt>
   <trkpt lat="47.665490" lon="11.664887">
    <ele>1573.982</ele>
    <time>2026-04-18T09:14:28Z</time>
   </trkpt>
   <trkpt lat="47.665549" lon="11.664981">
    <ele>1576.442</ele>
    <time>2026-04-18T09:14:42Z</time>
   </trkpt>
   <trkpt lat="47.665583" lon="11.665133">
    <ele>1580.593</ele>
    <time>2026-04-18T09:14:58Z</time>
   </trkpt>
   <trkpt lat="47.665663" lon="11.665263">
    <ele>1584.218</ele>
    <time>2026-04-18T09:15:14Z</time>
   </trkpt>
   <trkpt lat="47.665768" lon="11.665373">
    <ele>1586.938</ele>
    <time>2026-04-18T09:15:29Z</time>
   </trkpt>
   <trkpt lat="47.665913" lon="11.665580">
    <ele>1592.004</ele>
    <time>2026-04-18T09:15:50Z</time>
   </trkpt>
   <trkpt lat="47.666028" lon="11.665801">
    <ele>1594.769</ele>
    <time>2026-04-18T09:16:09Z</time>
   </trkpt>
   <trkpt lat="47.666032" lon="11.665817">
    <ele>1595.635</ele>
    <time>2026-04-18T09:16:11Z</time>
   </trkpt>
   <trkpt lat="47.666118" lon="11.666011">
    <ele>1598.330</ele>
    <time>2026-04-18T09:16:28Z</time>
   </trkpt>
   <trkpt lat="47.666161" lon="11.666036">
    <ele>1598.083</ele>
    <time>2026-04-18T09:16:48Z</time>
   </trkpt>
   <trkpt lat="47.666158" lon="11.666043">
    <ele>1597.476</ele>
    <time>2026-04-18T09:17:26Z</time>
   </trkpt>
   <trkpt lat="47.666158" lon="11.666044">
    <ele>1597.220</ele>
    <time>2026-04-18T09:18:56Z</time>
   </trkpt>
   <trkpt lat="47.666136" lon="11.665998">
    <ele>1594.843</ele>
    <time>2026-04-18T09:19:12Z</time>
   </trkpt>
   <trkpt lat="47.666124" lon="11.665968">
    <ele>1594.777</ele>
    <time>2026-04-18T09:20:08Z</time>
   </trkpt>
   <trkpt lat="47.666119" lon="11.665945">
    <ele>1593.561</ele>
    <time>2026-04-18T09:20:20Z</time>
   </trkpt>
   <trkpt lat="47.666116" lon="11.665932">
    <ele>1594.370</ele>
    <time>2026-04-18T09:30:20Z</time>
   </trkpt>
   <trkpt lat="47.666075" lon="11.665872">
    <ele>1593.840</ele>
    <time>2026-04-18T09:30:32Z</time>
   </trkpt>
   <trkpt lat="47.665999" lon="11.665700">
    <ele>1591.110</ele>
    <time>2026-04-18T09:30:48Z</time>
   </trkpt>
   <trkpt lat="47.665898" lon="11.665533">
    <ele>1588.125</ele>
    <time>2026-04-18T09:31:02Z</time>
   </trkpt>
   <trkpt lat="47.665837" lon="11.665455">
    <ele>1587.014</ele>
    <time>2026-04-18T09:31:09Z</time>
   </trkpt>
   <trkpt lat="47.665808" lon="11.665413">
    <ele>1585.929</ele>
    <time>2026-04-18T09:31:12Z</time>
   </trkpt>
   <trkpt lat="47.665715" lon="11.665346">
    <ele>1583.187</ele>
    <time>2026-04-18T09:31:20Z</time>
   </trkpt>
   <trkpt lat="47.665631" lon="11.665208">
    <ele>1581.008</ele>
    <time>2026-04-18T09:31:30Z</time>
   </trkpt>
   <trkpt lat="47.665623" lon="11.665181">
    <ele>1580.420</ele>
    <time>2026-04-18T09:31:32Z</time>
   </trkpt>
   <trkpt lat="47.665588" lon="11.665066">
    <ele>1578.744</ele>
    <time>2026-04-18T09:31:38Z</time>
   </trkpt>
   <trkpt lat="47.665516" lon="11.664949">
    <ele>1575.750</ele>
    <time>2026-04-18T09:31:46Z</time>
   </trkpt>
   <trkpt lat="47.665517" lon="11.664896">
    <ele>1574.051</ele>
    <time>2026-04-18T09:31:49Z</time>
   </trkpt>
   <trkpt lat="47.665514" lon="11.664848">
    <ele>1573.262</ele>
    <time>2026-04-18T09:31:52Z</time>
   </trkpt>
   <trkpt lat="47.665485" lon="11.664791">
    <ele>1572.010</ele>
    <time>2026-04-18T09:31:56Z</time>
   </trkpt>
   <trkpt lat="47.665478" lon="11.664754">
    <ele>1571.762</ele>
    <time>2026-04-18T09:31:59Z</time>
   </trkpt>
   <trkpt lat="47.665480" lon="11.664702">
    <ele>1570.478</ele>
    <time>2026-04-18T09:32:03Z</time>
   </trkpt>
   <trkpt lat="47.665461" lon="11.664653">
    <ele>1569.801</ele>
    <time>2026-04-18T09:32:06Z</time>
   </trkpt>
   <trkpt lat="47.665448" lon="11.664615">
    <ele>1569.180</ele>
    <time>2026-04-18T09:32:09Z</time>
   </trkpt>
   <trkpt lat="47.665393" lon="11.664605">
    <ele>1568.379</ele>
    <time>2026-04-18T09:32:13Z</time>
   </trkpt>
   <trkpt lat="47.665170" lon="11.664430">
    <ele>1568.669</ele>
    <time>2026-04-18T09:32:31Z</time>
   </trkpt>
   <trkpt lat="47.665163" lon="11.664412">
    <ele>1568.560</ele>
    <time>2026-04-18T09:32:32Z</time>
   </trkpt>
   <trkpt lat="47.665085" lon="11.664281">
    <ele>1565.004</ele>
    <time>2026-04-18T09:32:46Z</time>
   </trkpt>
   <trkpt lat="47.665017" lon="11.664331">
    <ele>1565.074</ele>
    <time>2026-04-18T09:32:57Z</time>
   </trkpt>
   <trkpt lat="47.664948" lon="11.664295">
    <ele>1566.765</ele>
    <time>2026-04-18T09:33:05Z</time>
   </trkpt>
   <trkpt lat="47.664929" lon="11.664230">
    <ele>1565.836</ele>
    <time>2026-04-18T09:33:09Z</time>
   </trkpt>
   <trkpt lat="47.664875" lon="11.664182">
    <ele>1565.167</ele>
    <time>2026-04-18T09:33:15Z</time>
   </trkpt>
   <trkpt lat="47.664792" lon="11.664120">
    <ele>1564.708</ele>
    <time>2026-04-18T09:33:27Z</time>
   </trkpt>
   <trkpt lat="47.664723" lon="11.664060">
    <ele>1563.748</ele>
    <time>2026-04-18T09:33:40Z</time>
   </trkpt>
   <trkpt lat="47.664631" lon="11.663924">
    <ele>1563.266</ele>
    <time>2026-04-18T09:33:54Z</time>
   </trkpt>
   <trkpt lat="47.664597" lon="11.663878">
    <ele>1563.105</ele>
    <time>2026-04-18T09:34:00Z</time>
   </trkpt>
   <trkpt lat="47.664587" lon="11.663853">
    <ele>1562.434</ele>
    <time>2026-04-18T09:34:03Z</time>
   </trkpt>
   <trkpt lat="47.664507" lon="11.663704">
    <ele>1559.108</ele>
    <time>2026-04-18T09:34:19Z</time>
   </trkpt>
   <trkpt lat="47.664445" lon="11.663606">
    <ele>1558.640</ele>
    <time>2026-04-18T09:34:31Z</time>
   </trkpt>
   <trkpt lat="47.664387" lon="11.663496">
    <ele>1558.169</ele>
    <time>2026-04-18T09:34:43Z</time>
   </trkpt>
   <trkpt lat="47.664318" lon="11.663392">
    <ele>1558.948</ele>
    <time>2026-04-18T09:34:58Z</time>
   </trkpt>
   <trkpt lat="47.664292" lon="11.663309">
    <ele>1557.035</ele>
    <time>2026-04-18T09:35:11Z</time>
   </trkpt>
   <trkpt lat="47.664267" lon="11.663225">
    <ele>1555.969</ele>
    <time>2026-04-18T09:35:23Z</time>
   </trkpt>
   <trkpt lat="47.664237" lon="11.663081">
    <ele>1556.410</ele>
    <time>2026-04-18T09:35:43Z</time>
   </trkpt>
   <trkpt lat="47.664230" lon="11.662952">
    <ele>1554.908</ele>
    <time>2026-04-18T09:35:59Z</time>
   </trkpt>
   <trkpt lat="47.664245" lon="11.662888">
    <ele>1553.587</ele>
    <time>2026-04-18T09:36:13Z</time>
   </trkpt>
   <trkpt lat="47.664250" lon="11.662748">
    <ele>1552.446</ele>
    <time>2026-04-18T09:36:31Z</time>
   </trkpt>
   <trkpt lat="47.664262" lon="11.662573">
    <ele>1549.468</ele>
    <time>2026-04-18T09:36:52Z</time>
   </trkpt>
   <trkpt lat="47.664202" lon="11.662428">
    <ele>1550.125</ele>
    <time>2026-04-18T09:37:09Z</time>
   </trkpt>
   <trkpt lat="47.664152" lon="11.662298">
    <ele>1549.871</ele>
    <time>2026-04-18T09:37:24Z</time>
   </trkpt>
   <trkpt lat="47.664088" lon="11.662181">
    <ele>1551.361</ele>
    <time>2026-04-18T09:37:41Z</time>
   </trkpt>
   <trkpt lat="47.664065" lon="11.662146">
    <ele>1551.449</ele>
    <time>2026-04-18T09:37:45Z</time>
   </trkpt>
   <trkpt lat="47.663983" lon="11.662065">
    <ele>1553.351</ele>
    <time>2026-04-18T09:38:01Z</time>
   </trkpt>
   <trkpt lat="47.663894" lon="11.662002">
    <ele>1555.238</ele>
    <time>2026-04-18T09:38:20Z</time>
   </trkpt>
   <trkpt lat="47.663836" lon="11.661940">
    <ele>1557.705</ele>
    <time>2026-04-18T09:38:35Z</time>
   </trkpt>
   <trkpt lat="47.663741" lon="11.661919">
    <ele>1561.220</ele>
    <time>2026-04-18T09:38:57Z</time>
   </trkpt>
   <trkpt lat="47.663685" lon="11.661857">
    <ele>1563.597</ele>
    <time>2026-04-18T09:39:19Z</time>
   </trkpt>
   <trkpt lat="47.663637" lon="11.661834">
    <ele>1565.416</ele>
    <time>2026-04-18T09:39:33Z</time>
   </trkpt>
   <trkpt lat="47.663584" lon="11.661792">
    <ele>1568.724</ele>
    <time>2026-04-18T09:39:49Z</time>
   </trkpt>
   <trkpt lat="47.663501" lon="11.661725">
    <ele>1571.810</ele>
    <time>2026-04-18T09:40:09Z</time>
   </trkpt>
   <trkpt lat="47.663414" lon="11.661662">
    <ele>1574.669</ele>
    <time>2026-04-18T09:40:25Z</time>
   </trkpt>
   <trkpt lat="47.663350" lon="11.661570">
    <ele>1577.603</ele>
    <time>2026-04-18T09:40:47Z</time>
   </trkpt>
   <trkpt lat="47.663289" lon="11.661563">
    <ele>1580.542</ele>
    <time>2026-04-18T09:41:01Z</time>
   </trkpt>
   <trkpt lat="47.663196" lon="11.661553">
    <ele>1585.872</ele>
    <time>2026-04-18T09:41:21Z</time>
   </trkpt>
   <trkpt lat="47.663127" lon="11.661492">
    <ele>1587.182</ele>
    <time>2026-04-18T09:41:35Z</time>
   </trkpt>
   <trkpt lat="47.663041" lon="11.661393">
    <ele>1590.369</ele>
    <time>2026-04-18T09:41:52Z</time>
   </trkpt>
   <trkpt lat="47.662960" lon="11.661301">
    <ele>1589.872</ele>
    <time>2026-04-18T09:42:07Z</time>
   </trkpt>
   <trkpt lat="47.662891" lon="11.661220">
    <ele>1590.048</ele>
    <time>2026-04-18T09:42:21Z</time>
   </trkpt>
   <trkpt lat="47.662879" lon="11.661209">
    <ele>1590.261</ele>
    <time>2026-04-18T09:42:24Z</time>
   </trkpt>
   <trkpt lat="47.662782" lon="11.661096">
    <ele>1591.255</ele>
    <time>2026-04-18T09:42:38Z</time>
   </trkpt>
   <trkpt lat="47.662696" lon="11.661019">
    <ele>1592.047</ele>
    <time>2026-04-18T09:42:55Z</time>
   </trkpt>
   <trkpt lat="47.662630" lon="11.660973">
    <ele>1595.442</ele>
    <time>2026-04-18T09:43:11Z</time>
   </trkpt>
   <trkpt lat="47.662591" lon="11.660979">
    <ele>1597.542</ele>
    <time>2026-04-18T09:43:21Z</time>
   </trkpt>
   <trkpt lat="47.662483" lon="11.660949">
    <ele>1599.333</ele>
    <time>2026-04-18T09:43:35Z</time>
   </trkpt>
   <trkpt lat="47.662404" lon="11.660888">
    <ele>1600.670</ele>
    <time>2026-04-18T09:43:50Z</time>
   </trkpt>
   <trkpt lat="47.662336" lon="11.660850">
    <ele>1602.927</ele>
    <time>2026-04-18T09:44:06Z</time>
   </trkpt>
   <trkpt lat="47.662318" lon="11.660792">
    <ele>1603.672</ele>
    <time>2026-04-18T09:44:20Z</time>
   </trkpt>
   <trkpt lat="47.662289" lon="11.660735">
    <ele>1602.880</ele>
    <time>2026-04-18T09:44:36Z</time>
   </trkpt>
   <trkpt lat="47.662244" lon="11.660721">
    <ele>1601.863</ele>
    <time>2026-04-18T09:45:02Z</time>
   </trkpt>
   <trkpt lat="47.662220" lon="11.660568">
    <ele>1597.682</ele>
    <time>2026-04-18T09:45:14Z</time>
   </trkpt>
   <trkpt lat="47.662100" lon="11.660436">
    <ele>1598.306</ele>
    <time>2026-04-18T09:45:32Z</time>
   </trkpt>
   <trkpt lat="47.662010" lon="11.660356">
    <ele>1597.634</ele>
    <time>2026-04-18T09:45:47Z</time>
   </trkpt>
   <trkpt lat="47.661875" lon="11.660277">
    <ele>1601.187</ele>
    <time>2026-04-18T09:46:08Z</time>
   </trkpt>
   <trkpt lat="47.661797" lon="11.660195">
    <ele>1599.813</ele>
    <time>2026-04-18T09:46:24Z</time>
   </trkpt>
   <trkpt lat="47.661749" lon="11.660129">
    <ele>1598.505</ele>
    <time>2026-04-18T09:46:39Z</time>
   </trkpt>
   <trkpt lat="47.661704" lon="11.660081">
    <ele>1597.664</ele>
    <time>2026-04-18T09:46:50Z</time>
   </trkpt>
   <trkpt lat="47.661619" lon="11.660005">
    <ele>1597.230</ele>
    <time>2026-04-18T09:47:02Z</time>
   </trkpt>
   <trkpt lat="47.661564" lon="11.659948">
    <ele>1597.050</ele>
    <time>2026-04-18T09:47:14Z</time>
   </trkpt>
   <trkpt lat="47.661491" lon="11.659896">
    <ele>1596.989</ele>
    <time>2026-04-18T09:47:27Z</time>
   </trkpt>
   <trkpt lat="47.661421" lon="11.659917">
    <ele>1598.538</ele>
    <time>2026-04-18T09:47:37Z</time>
   </trkpt>
   <trkpt lat="47.661344" lon="11.659904">
    <ele>1599.341</ele>
    <time>2026-04-18T09:47:45Z</time>
   </trkpt>
   <trkpt lat="47.661265" lon="11.659867">
    <ele>1599.158</ele>
    <time>2026-04-18T09:47:52Z</time>
   </trkpt>
   <trkpt lat="47.661175" lon="11.659874">
    <ele>1600.556</ele>
    <time>2026-04-18T09:48:03Z</time>
   </trkpt>
   <trkpt lat="47.661131" lon="11.659783">
    <ele>1601.850</ele>
    <time>2026-04-18T09:48:15Z</time>
   </trkpt>
   <trkpt lat="47.661093" lon="11.659677">
    <ele>1604.522</ele>
    <time>2026-04-18T09:48:29Z</time>
   </trkpt>
   <trkpt lat="47.661085" lon="11.659659">
    <ele>1604.286</ele>
    <time>2026-04-18T09:48:49Z</time>
   </trkpt>
   <trkpt lat="47.661086" lon="11.659659">
    <ele>1604.789</ele>
    <time>2026-04-18T09:49:08Z</time>
   </trkpt>
   <trkpt lat="47.661084" lon="11.659656">
    <ele>1604.918</ele>
    <time>2026-04-18T09:49:53Z</time>
   </trkpt>
   <trkpt lat="47.661081" lon="11.659650">
    <ele>1603.888</ele>
    <time>2026-04-18T09:50:30Z</time>
   </trkpt>
   <trkpt lat="47.661091" lon="11.659641">
    <ele>1604.280</ele>
    <time>2026-04-18T09:53:23Z</time>
   </trkpt>
   <trkpt lat="47.661090" lon="11.659634">
    <ele>1604.382</ele>
    <time>2026-04-18T09:53:51Z</time>
   </trkpt>
   <trkpt lat="47.661100" lon="11.659649">
    <ele>1603.972</ele>
    <time>2026-04-18T09:54:18Z</time>
   </trkpt>
   <trkpt lat="47.661124" lon="11.659714">
    <ele>1602.253</ele>
    <time>2026-04-18T09:54:44Z</time>
   </trkpt>
   <trkpt lat="47.661166" lon="11.659788">
    <ele>1600.301</ele>
    <time>2026-04-18T09:54:57Z</time>
   </trkpt>
   <trkpt lat="47.661224" lon="11.659856">
    <ele>1599.502</ele>
    <time>2026-04-18T09:55:07Z</time>
   </trkpt>
   <trkpt lat="47.661317" lon="11.659857">
    <ele>1598.843</ele>
    <time>2026-04-18T09:55:22Z</time>
   </trkpt>
   <trkpt lat="47.661345" lon="11.659879">
    <ele>1598.686</ele>
    <time>2026-04-18T09:55:27Z</time>
   </trkpt>
   <trkpt lat="47.661377" lon="11.659884">
    <ele>1598.146</ele>
    <time>2026-04-18T09:55:30Z</time>
   </trkpt>
   <trkpt lat="47.661496" lon="11.659845">
    <ele>1597.004</ele>
    <time>2026-04-18T09:55:46Z</time>
   </trkpt>
   <trkpt lat="47.661527" lon="11.659866">
    <ele>1597.210</ele>
    <time>2026-04-18T09:56:00Z</time>
   </trkpt>
   <trkpt lat="47.661600" lon="11.659949">
    <ele>1597.747</ele>
    <time>2026-04-18T09:56:13Z</time>
   </trkpt>
   <trkpt lat="47.661640" lon="11.660008">
    <ele>1597.972</ele>
    <time>2026-04-18T09:56:27Z</time>
   </trkpt>
   <trkpt lat="47.661707" lon="11.660074">
    <ele>1597.992</ele>
    <time>2026-04-18T09:56:52Z</time>
   </trkpt>
   <trkpt lat="47.661775" lon="11.660186">
    <ele>1599.111</ele>
    <time>2026-04-18T09:57:11Z</time>
   </trkpt>
   <trkpt lat="47.661852" lon="11.660272">
    <ele>1599.286</ele>
    <time>2026-04-18T09:57:29Z</time>
   </trkpt>
   <trkpt lat="47.661943" lon="11.660350">
    <ele>1598.310</ele>
    <time>2026-04-18T09:57:43Z</time>
   </trkpt>
   <trkpt lat="47.661971" lon="11.660344">
    <ele>1596.302</ele>
    <time>2026-04-18T09:57:54Z</time>
   </trkpt>
   <trkpt lat="47.662068" lon="11.660411">
    <ele>1594.298</ele>
    <time>2026-04-18T09:58:10Z</time>
   </trkpt>
   <trkpt lat="47.662195" lon="11.660543">
    <ele>1592.705</ele>
    <time>2026-04-18T09:58:29Z</time>
   </trkpt>
   <trkpt lat="47.662260" lon="11.660744">
    <ele>1598.555</ele>
    <time>2026-04-18T09:58:49Z</time>
   </trkpt>
   <trkpt lat="47.662310" lon="11.660774">
    <ele>1599.820</ele>
    <time>2026-04-18T09:58:59Z</time>
   </trkpt>
   <trkpt lat="47.662339" lon="11.660849">
    <ele>1599.947</ele>
    <time>2026-04-18T09:59:17Z</time>
   </trkpt>
   <trkpt lat="47.662388" lon="11.660862">
    <ele>1597.914</ele>
    <time>2026-04-18T09:59:32Z</time>
   </trkpt>
   <trkpt lat="47.662509" lon="11.660927">
    <ele>1594.784</ele>
    <time>2026-04-18T09:59:47Z</time>
   </trkpt>
   <trkpt lat="47.662626" lon="11.660947">
    <ele>1592.588</ele>
    <time>2026-04-18T10:00:00Z</time>
   </trkpt>
   <trkpt lat="47.662770" lon="11.661063">
    <ele>1587.582</ele>
    <time>2026-04-18T10:00:11Z</time>
   </trkpt>
   <trkpt lat="47.662861" lon="11.661136">
    <ele>1587.932</ele>
    <time>2026-04-18T10:00:24Z</time>
   </trkpt>
   <trkpt lat="47.662910" lon="11.661240">
    <ele>1587.472</ele>
    <time>2026-04-18T10:00:36Z</time>
   </trkpt>
   <trkpt lat="47.663019" lon="11.661303">
    <ele>1590.100</ele>
    <time>2026-04-18T10:00:51Z</time>
   </trkpt>
   <trkpt lat="47.663107" lon="11.661437">
    <ele>1586.489</ele>
    <time>2026-04-18T10:01:06Z</time>
   </trkpt>
   <trkpt lat="47.663176" lon="11.661506">
    <ele>1584.421</ele>
    <time>2026-04-18T10:01:17Z</time>
   </trkpt>
   <trkpt lat="47.663198" lon="11.661505">
    <ele>1584.277</ele>
    <time>2026-04-18T10:01:19Z</time>
   </trkpt>
   <trkpt lat="47.663256" lon="11.661489">
    <ele>1581.630</ele>
    <time>2026-04-18T10:01:25Z</time>
   </trkpt>
   <trkpt lat="47.663360" lon="11.661533">
    <ele>1577.659</ele>
    <time>2026-04-18T10:01:39Z</time>
   </trkpt>
   <trkpt lat="47.663379" lon="11.661579">
    <ele>1576.293</ele>
    <time>2026-04-18T10:01:44Z</time>
   </trkpt>
   <trkpt lat="47.663441" lon="11.661650">
    <ele>1573.703</ele>
    <time>2026-04-18T10:01:50Z</time>
   </trkpt>
   <trkpt lat="47.663557" lon="11.661754">
    <ele>1567.955</ele>
    <time>2026-04-18T10:02:04Z</time>
   </trkpt>
   <trkpt lat="47.663628" lon="11.661787">
    <ele>1565.581</ele>
    <time>2026-04-18T10:02:16Z</time>
   </trkpt>
   <trkpt lat="47.663710" lon="11.661859">
    <ele>1561.737</ele>
    <time>2026-04-18T10:02:25Z</time>
   </trkpt>
   <trkpt lat="47.663749" lon="11.661907">
    <ele>1559.899</ele>
    <time>2026-04-18T10:02:29Z</time>
   </trkpt>
   <trkpt lat="47.663851" lon="11.661928">
    <ele>1555.349</ele>
    <time>2026-04-18T10:02:35Z</time>
   </trkpt>
   <trkpt lat="47.663907" lon="11.661946">
    <ele>1552.591</ele>
    <time>2026-04-18T10:02:38Z</time>
   </trkpt>
   <trkpt lat="47.663976" lon="11.661991">
    <ele>1550.698</ele>
    <time>2026-04-18T10:02:42Z</time>
   </trkpt>
   <trkpt lat="47.664055" lon="11.662065">
    <ele>1549.274</ele>
    <time>2026-04-18T10:02:52Z</time>
   </trkpt>
   <trkpt lat="47.664153" lon="11.662287">
    <ele>1546.441</ele>
    <time>2026-04-18T10:03:09Z</time>
   </trkpt>
   <trkpt lat="47.664188" lon="11.662376">
    <ele>1545.509</ele>
    <time>2026-04-18T10:03:21Z</time>
   </trkpt>
   <trkpt lat="47.664237" lon="11.662477">
    <ele>1545.330</ele>
    <time>2026-04-18T10:03:36Z</time>
   </trkpt>
   <trkpt lat="47.664267" lon="11.662617">
    <ele>1545.902</ele>
    <time>2026-04-18T10:03:51Z</time>
   </trkpt>
   <trkpt lat="47.664282" lon="11.662807">
    <ele>1549.419</ele>
    <time>2026-04-18T10:04:10Z</time>
   </trkpt>
   <trkpt lat="47.664277" lon="11.662931">
    <ele>1552.473</ele>
    <time>2026-04-18T10:04:23Z</time>
   </trkpt>
   <trkpt lat="47.664293" lon="11.663074">
    <ele>1555.192</ele>
    <time>2026-04-18T10:04:39Z</time>
   </trkpt>
   <trkpt lat="47.664325" lon="11.663227">
    <ele>1556.608</ele>
    <time>2026-04-18T10:04:54Z</time>
   </trkpt>
   <trkpt lat="47.664338" lon="11.663346">
    <ele>1557.589</ele>
    <time>2026-04-18T10:05:08Z</time>
   </trkpt>
   <trkpt lat="47.664392" lon="11.663481">
    <ele>1556.824</ele>
    <time>2026-04-18T10:05:23Z</time>
   </trkpt>
   <trkpt lat="47.664466" lon="11.663605">
    <ele>1555.774</ele>
    <time>2026-04-18T10:05:40Z</time>
   </trkpt>
   <trkpt lat="47.664488" lon="11.663676">
    <ele>1557.042</ele>
    <time>2026-04-18T10:05:52Z</time>
   </trkpt>
   <trkpt lat="47.664551" lon="11.663763">
    <ele>1555.740</ele>
    <time>2026-04-18T10:06:03Z</time>
   </trkpt>
   <trkpt lat="47.664646" lon="11.663934">
    <ele>1556.260</ele>
    <time>2026-04-18T10:06:21Z</time>
   </trkpt>
   <trkpt lat="47.664672" lon="11.663992">
    <ele>1557.083</ele>
    <time>2026-04-18T10:06:27Z</time>
   </trkpt>
   <trkpt lat="47.664737" lon="11.664066">
    <ele>1556.295</ele>
    <time>2026-04-18T10:06:36Z</time>
   </trkpt>
   <trkpt lat="47.664839" lon="11.664139">
    <ele>1555.052</ele>
    <time>2026-04-18T10:06:50Z</time>
   </trkpt>
   <trkpt lat="47.664869" lon="11.664190">
    <ele>1556.566</ele>
    <time>2026-04-18T10:06:56Z</time>
   </trkpt>
   <trkpt lat="47.664908" lon="11.664214">
    <ele>1557.280</ele>
    <time>2026-04-18T10:07:00Z</time>
   </trkpt>
   <trkpt lat="47.664950" lon="11.664297">
    <ele>1557.630</ele>
    <time>2026-04-18T10:07:09Z</time>
   </trkpt>
   <trkpt lat="47.664973" lon="11.664306">
    <ele>1557.317</ele>
    <time>2026-04-18T10:07:11Z</time>
   </trkpt>
   <trkpt lat="47.665003" lon="11.664302">
    <ele>1557.436</ele>
    <time>2026-04-18T10:07:14Z</time>
   </trkpt>
   <trkpt lat="47.665031" lon="11.664260">
    <ele>1556.941</ele>
    <time>2026-04-18T10:07:18Z</time>
   </trkpt>
   <trkpt lat="47.665074" lon="11.664230">
    <ele>1556.204</ele>
    <time>2026-04-18T10:07:22Z</time>
   </trkpt>
   <trkpt lat="47.665153" lon="11.664312">
    <ele>1557.515</ele>
    <time>2026-04-18T10:07:34Z</time>
   </trkpt>
   <trkpt lat="47.665191" lon="11.664400">
    <ele>1558.861</ele>
    <time>2026-04-18T10:07:41Z</time>
   </trkpt>
   <trkpt lat="47.665295" lon="11.664479">
    <ele>1559.236</ele>
    <time>2026-04-18T10:07:57Z</time>
   </trkpt>
   <trkpt lat="47.665380" lon="11.664530">
    <ele>1559.604</ele>
    <time>2026-04-18T10:08:12Z</time>
   </trkpt>
   <trkpt lat="47.665390" lon="11.664513">
    <ele>1559.355</ele>
    <time>2026-04-18T10:08:14Z</time>
   </trkpt>
   <trkpt lat="47.665490" lon="11.664418">
    <ele>1558.279</ele>
    <time>2026-04-18T10:08:24Z</time>
   </trkpt>
   <trkpt lat="47.665529" lon="11.664388">
    <ele>1558.166</ele>
    <time>2026-04-18T10:08:28Z</time>
   </trkpt>
   <trkpt lat="47.665580" lon="11.664391">
    <ele>1557.112</ele>
    <time>2026-04-18T10:08:33Z</time>
   </trkpt>
   <trkpt lat="47.665632" lon="11.664375">
    <ele>1556.875</ele>
    <time>2026-04-18T10:08:37Z</time>
   </trkpt>
   <trkpt lat="47.665659" lon="11.664357">
    <ele>1559.854</ele>
    <time>2026-04-18T10:08:41Z</time>
   </trkpt>
   <trkpt lat="47.665762" lon="11.664317">
    <ele>1559.519</ele>
    <time>2026-04-18T10:08:53Z</time>
   </trkpt>
   <trkpt lat="47.665803" lon="11.664308">
    <ele>1558.706</ele>
    <time>2026-04-18T10:08:57Z</time>
   </trkpt>
   <trkpt lat="47.665887" lon="11.664279">
    <ele>1556.193</ele>
    <time>2026-04-18T10:09:06Z</time>
   </trkpt>
   <trkpt lat="47.665987" lon="11.664262">
    <ele>1552.409</ele>
    <time>2026-04-18T10:09:18Z</time>
   </trkpt>
   <trkpt lat="47.666001" lon="11.664248">
    <ele>1551.522</ele>
    <time>2026-04-18T10:09:21Z</time>
   </trkpt>
   <trkpt lat="47.666113" lon="11.664205">
    <ele>1547.082</ele>
    <time>2026-04-18T10:09:35Z</time>
   </trkpt>
   <trkpt lat="47.666226" lon="11.664245">
    <ele>1542.368</ele>
    <time>2026-04-18T10:09:53Z</time>
   </trkpt>
   <trkpt lat="47.666325" lon="11.664252">
    <ele>1539.151</ele>
    <time>2026-04-18T10:10:07Z</time>
   </trkpt>
   <trkpt lat="47.666379" lon="11.664186">
    <ele>1533.383</ele>
    <time>2026-04-18T10:10:19Z</time>
   </trkpt>
   <trkpt lat="47.666458" lon="11.664135">
    <ele>1529.430</ele>
    <time>2026-04-18T10:10:30Z</time>
   </trkpt>
   <trkpt lat="47.666536" lon="11.664094">
    <ele>1525.252</ele>
    <time>2026-04-18T10:10:42Z</time>
   </trkpt>
   <trkpt lat="47.666544" lon="11.664092">
    <ele>1524.834</ele>
    <time>2026-04-18T10:10:43Z</time>
   </trkpt>
   <trkpt lat="47.666582" lon="11.664089">
    <ele>1521.096</ele>
    <time>2026-04-18T10:10:50Z</time>
   </trkpt>
   <trkpt lat="47.666649" lon="11.664042">
    <ele>1517.169</ele>
    <time>2026-04-18T10:10:58Z</time>
   </trkpt>
   <trkpt lat="47.666641" lon="11.664027">
    <ele>1515.973</ele>
    <time>2026-04-18T10:11:00Z</time>
   </trkpt>
   <trkpt lat="47.666672" lon="11.663991">
    <ele>1512.583</ele>
    <time>2026-04-18T10:11:15Z</time>
   </trkpt>
   <trkpt lat="47.666752" lon="11.663907">
    <ele>1507.206</ele>
    <time>2026-04-18T10:11:32Z</time>
   </trkpt>
   <trkpt lat="47.666782" lon="11.663894">
    <ele>1505.007</ele>
    <time>2026-04-18T10:11:36Z</time>
   </trkpt>
   <trkpt lat="47.666851" lon="11.663809">
    <ele>1502.015</ele>
    <time>2026-04-18T10:11:53Z</time>
   </trkpt>
   <trkpt lat="47.666896" lon="11.663787">
    <ele>1499.030</ele>
    <time>2026-04-18T10:12:03Z</time>
   </trkpt>
   <trkpt lat="47.666913" lon="11.663758">
    <ele>1496.685</ele>
    <time>2026-04-18T10:12:08Z</time>
   </trkpt>
   <trkpt lat="47.666962" lon="11.663790">
    <ele>1494.372</ele>
    <time>2026-04-18T10:12:14Z</time>
   </trkpt>
   <trkpt lat="47.666977" lon="11.663746">
    <ele>1492.244</ele>
    <time>2026-04-18T10:12:27Z</time>
   </trkpt>
   <trkpt lat="47.666981" lon="11.663621">
    <ele>1488.351</ele>
    <time>2026-04-18T10:12:45Z</time>
   </trkpt>
   <trkpt lat="47.667031" lon="11.663555">
    <ele>1484.719</ele>
    <time>2026-04-18T10:12:56Z</time>
   </trkpt>
   <trkpt lat="47.667112" lon="11.663523">
    <ele>1482.112</ele>
    <time>2026-04-18T10:13:08Z</time>
   </trkpt>
   <trkpt lat="47.667121" lon="11.663505">
    <ele>1481.692</ele>
    <time>2026-04-18T10:13:19Z</time>
   </trkpt>
   <trkpt lat="47.667208" lon="11.663429">
    <ele>1478.085</ele>
    <time>2026-04-18T10:13:34Z</time>
   </trkpt>
   <trkpt lat="47.667254" lon="11.663379">
    <ele>1474.637</ele>
    <time>2026-04-18T10:13:46Z</time>
   </trkpt>
   <trkpt lat="47.667273" lon="11.663385">
    <ele>1473.955</ele>
    <time>2026-04-18T10:13:48Z</time>
   </trkpt>
   <trkpt lat="47.667295" lon="11.663390">
    <ele>1473.450</ele>
    <time>2026-04-18T10:13:50Z</time>
   </trkpt>
   <trkpt lat="47.667352" lon="11.663317">
    <ele>1470.500</ele>
    <time>2026-04-18T10:14:01Z</time>
   </trkpt>
   <trkpt lat="47.667384" lon="11.663265">
    <ele>1466.357</ele>
    <time>2026-04-18T10:14:14Z</time>
   </trkpt>
   <trkpt lat="47.667428" lon="11.663169">
    <ele>1462.242</ele>
    <time>2026-04-18T10:14:23Z</time>
   </trkpt>
   <trkpt lat="47.667460" lon="11.663155">
    <ele>1461.403</ele>
    <time>2026-04-18T10:14:26Z</time>
   </trkpt>
   <trkpt lat="47.667479" lon="11.663139">
    <ele>1461.472</ele>
    <time>2026-04-18T10:14:28Z</time>
   </trkpt>
   <trkpt lat="47.667561" lon="11.663115">
    <ele>1460.839</ele>
    <time>2026-04-18T10:14:36Z</time>
   </trkpt>
   <trkpt lat="47.667559" lon="11.663016">
    <ele>1456.181</ele>
    <time>2026-04-18T10:14:45Z</time>
   </trkpt>
   <trkpt lat="47.667568" lon="11.662960">
    <ele>1455.028</ele>
    <time>2026-04-18T10:14:49Z</time>
   </trkpt>
   <trkpt lat="47.667589" lon="11.662948">
    <ele>1453.897</ele>
    <time>2026-04-18T10:14:51Z</time>
   </trkpt>
   <trkpt lat="47.667627" lon="11.662901">
    <ele>1451.328</ele>
    <time>2026-04-18T10:14:54Z</time>
   </trkpt>
   <trkpt lat="47.667650" lon="11.662902">
    <ele>1450.842</ele>
    <time>2026-04-18T10:14:56Z</time>
   </trkpt>
   <trkpt lat="47.667695" lon="11.662890">
    <ele>1449.923</ele>
    <time>2026-04-18T10:15:00Z</time>
   </trkpt>
   <trkpt lat="47.667789" lon="11.662847">
    <ele>1446.206</ele>
    <time>2026-04-18T10:15:10Z</time>
   </trkpt>
   <trkpt lat="47.667799" lon="11.662854">
    <ele>1445.691</ele>
    <time>2026-04-18T10:15:11Z</time>
   </trkpt>
   <trkpt lat="47.667845" lon="11.662843">
    <ele>1443.211</ele>
    <time>2026-04-18T10:15:15Z</time>
   </trkpt>
   <trkpt lat="47.667966" lon="11.662849">
    <ele>1438.026</ele>
    <time>2026-04-18T10:15:26Z</time>
   </trkpt>
   <trkpt lat="47.667984" lon="11.662874">
    <ele>1437.742</ele>
    <time>2026-04-18T10:15:29Z</time>
   </trkpt>
   <trkpt lat="47.668037" lon="11.662982">
    <ele>1435.146</ele>
    <time>2026-04-18T10:15:38Z</time>
   </trkpt>
   <trkpt lat="47.668065" lon="11.663003">
    <ele>1434.938</ele>
    <time>2026-04-18T10:15:41Z</time>
   </trkpt>
   <trkpt lat="47.668086" lon="11.662994">
    <ele>1433.901</ele>
    <time>2026-04-18T10:15:44Z</time>
   </trkpt>
   <trkpt lat="47.668114" lon="11.662996">
    <ele>1433.024</ele>
    <time>2026-04-18T10:15:46Z</time>
   </trkpt>
   <trkpt lat="47.668165" lon="11.662961">
    <ele>1430.859</ele>
    <time>2026-04-18T10:15:50Z</time>
   </trkpt>
   <trkpt lat="47.668185" lon="11.662909">
    <ele>1429.596</ele>
    <time>2026-04-18T10:15:56Z</time>
   </trkpt>
   <trkpt lat="47.668175" lon="11.662843">
    <ele>1427.098</ele>
    <time>2026-04-18T10:16:02Z</time>
   </trkpt>
   <trkpt lat="47.668187" lon="11.662804">
    <ele>1426.005</ele>
    <time>2026-04-18T10:16:05Z</time>
   </trkpt>
   <trkpt lat="47.668196" lon="11.662756">
    <ele>1425.253</ele>
    <time>2026-04-18T10:16:09Z</time>
   </trkpt>
   <trkpt lat="47.668264" lon="11.662701">
    <ele>1423.667</ele>
    <time>2026-04-18T10:16:22Z</time>
   </trkpt>
   <trkpt lat="47.668308" lon="11.662654">
    <ele>1420.816</ele>
    <time>2026-04-18T10:16:33Z</time>
   </trkpt>
   <trkpt lat="47.668319" lon="11.662533">
    <ele>1416.888</ele>
    <time>2026-04-18T10:16:48Z</time>
   </trkpt>
   <trkpt lat="47.668378" lon="11.662488">
    <ele>1415.012</ele>
    <time>2026-04-18T10:17:02Z</time>
   </trkpt>
   <trkpt lat="47.668405" lon="11.662440">
    <ele>1412.914</ele>
    <time>2026-04-18T10:17:15Z</time>
   </trkpt>
   <trkpt lat="47.668492" lon="11.662452">
    <ele>1409.990</ele>
    <time>2026-04-18T10:17:32Z</time>
   </trkpt>
   <trkpt lat="47.668503" lon="11.662424">
    <ele>1409.573</ele>
    <time>2026-04-18T10:17:44Z</time>
   </trkpt>
   <trkpt lat="47.668542" lon="11.662379">
    <ele>1404.811</ele>
    <time>2026-04-18T10:17:56Z</time>
   </trkpt>
   <trkpt lat="47.668578" lon="11.662346">
    <ele>1402.191</ele>
    <time>2026-04-18T10:18:05Z</time>
   </trkpt>
   <trkpt lat="47.668643" lon="11.662382">
    <ele>1401.001</ele>
    <time>2026-04-18T10:18:16Z</time>
   </trkpt>
   <trkpt lat="47.668629" lon="11.662310">
    <ele>1398.604</ele>
    <time>2026-04-18T10:18:30Z</time>
   </trkpt>
   <trkpt lat="47.668639" lon="11.662250">
    <ele>1398.819</ele>
    <time>2026-04-18T10:18:38Z</time>
   </trkpt>
   <trkpt lat="47.668619" lon="11.662186">
    <ele>1395.606</ele>
    <time>2026-04-18T10:18:56Z</time>
   </trkpt>
   <trkpt lat="47.668645" lon="11.662073">
    <ele>1388.104</ele>
    <time>2026-04-18T10:19:14Z</time>
   </trkpt>
   <trkpt lat="47.668691" lon="11.662080">
    <ele>1384.648</ele>
    <time>2026-04-18T10:19:36Z</time>
   </trkpt>
   <trkpt lat="47.668739" lon="11.662093">
    <ele>1381.693</ele>
    <time>2026-04-18T10:19:45Z</time>
   </trkpt>
   <trkpt lat="47.668874" lon="11.662123">
    <ele>1375.875</ele>
    <time>2026-04-18T10:20:05Z</time>
   </trkpt>
   <trkpt lat="47.668883" lon="11.662159">
    <ele>1374.258</ele>
    <time>2026-04-18T10:20:19Z</time>
   </trkpt>
   <trkpt lat="47.668932" lon="11.662212">
    <ele>1372.682</ele>
    <time>2026-04-18T10:20:24Z</time>
   </trkpt>
   <trkpt lat="47.669014" lon="11.662244">
    <ele>1370.384</ele>
    <time>2026-04-18T10:20:36Z</time>
   </trkpt>
   <trkpt lat="47.669092" lon="11.662259">
    <ele>1364.691</ele>
    <time>2026-04-18T10:20:51Z</time>
   </trkpt>
   <trkpt lat="47.669137" lon="11.662330">
    <ele>1362.589</ele>
    <time>2026-04-18T10:21:02Z</time>
   </trkpt>
   <trkpt lat="47.669184" lon="11.662367">
    <ele>1358.593</ele>
    <time>2026-04-18T10:21:13Z</time>
   </trkpt>
   <trkpt lat="47.669258" lon="11.662438">
    <ele>1354.610</ele>
    <time>2026-04-18T10:21:26Z</time>
   </trkpt>
   <trkpt lat="47.669334" lon="11.662521">
    <ele>1349.890</ele>
    <time>2026-04-18T10:21:42Z</time>
   </trkpt>
   <trkpt lat="47.669387" lon="11.662497">
    <ele>1342.297</ele>
    <time>2026-04-18T10:22:00Z</time>
   </trkpt>
   <trkpt lat="47.669412" lon="11.662526">
    <ele>1341.593</ele>
    <time>2026-04-18T10:22:04Z</time>
   </trkpt>
   <trkpt lat="47.669430" lon="11.662590">
    <ele>1339.041</ele>
    <time>2026-04-18T10:22:08Z</time>
   </trkpt>
   <trkpt lat="47.669465" lon="11.662544">
    <ele>1334.953</ele>
    <time>2026-04-18T10:22:21Z</time>
   </trkpt>
   <trkpt lat="47.669457" lon="11.662455">
    <ele>1332.062</ele>
    <time>2026-04-18T10:22:30Z</time>
   </trkpt>
   <trkpt lat="47.669475" lon="11.662383">
    <ele>1328.969</ele>
    <time>2026-04-18T10:22:37Z</time>
   </trkpt>
   <trkpt lat="47.669571" lon="11.662332">
    <ele>1323.370</ele>
    <time>2026-04-18T10:22:52Z</time>
   </trkpt>
   <trkpt lat="47.669622" lon="11.662332">
    <ele>1321.264</ele>
    <time>2026-04-18T10:23:18Z</time>
   </trkpt>
   <trkpt lat="47.669615" lon="11.662272">
    <ele>1317.770</ele>
    <time>2026-04-18T10:23:28Z</time>
   </trkpt>
   <trkpt lat="47.669642" lon="11.662243">
    <ele>1315.567</ele>
    <time>2026-04-18T10:23:35Z</time>
   </trkpt>
   <trkpt lat="47.669672" lon="11.662240">
    <ele>1314.916</ele>
    <time>2026-04-18T10:23:38Z</time>
   </trkpt>
   <trkpt lat="47.669702" lon="11.662132">
    <ele>1311.477</ele>
    <time>2026-04-18T10:23:51Z</time>
   </trkpt>
   <trkpt lat="47.669758" lon="11.662137">
    <ele>1309.517</ele>
    <time>2026-04-18T10:24:04Z</time>
   </trkpt>
   <trkpt lat="47.669813" lon="11.662070">
    <ele>1308.100</ele>
    <time>2026-04-18T10:24:14Z</time>
   </trkpt>
   <trkpt lat="47.669884" lon="11.662077">
    <ele>1305.780</ele>
    <time>2026-04-18T10:24:24Z</time>
   </trkpt>
   <trkpt lat="47.669937" lon="11.662073">
    <ele>1300.730</ele>
    <time>2026-04-18T10:24:32Z</time>
   </trkpt>
   <trkpt lat="47.669993" lon="11.662058">
    <ele>1298.334</ele>
    <time>2026-04-18T10:24:42Z</time>
   </trkpt>
   <trkpt lat="47.670067" lon="11.662128">
    <ele>1296.880</ele>
    <time>2026-04-18T10:24:53Z</time>
   </trkpt>
   <trkpt lat="47.670094" lon="11.662079">
    <ele>1294.223</ele>
    <time>2026-04-18T10:25:00Z</time>
   </trkpt>
   <trkpt lat="47.670140" lon="11.661983">
    <ele>1291.203</ele>
    <time>2026-04-18T10:25:14Z</time>
   </trkpt>
   <trkpt lat="47.670204" lon="11.661987">
    <ele>1288.151</ele>
    <time>2026-04-18T10:25:27Z</time>
   </trkpt>
   <trkpt lat="47.670230" lon="11.661963">
    <ele>1286.487</ele>
    <time>2026-04-18T10:25:33Z</time>
   </trkpt>
   <trkpt lat="47.670279" lon="11.661970">
    <ele>1284.751</ele>
    <time>2026-04-18T10:25:42Z</time>
   </trkpt>
   <trkpt lat="47.670334" lon="11.661963">
    <ele>1282.273</ele>
    <time>2026-04-18T10:25:52Z</time>
   </trkpt>
   <trkpt lat="47.670396" lon="11.661940">
    <ele>1281.860</ele>
    <time>2026-04-18T10:26:06Z</time>
   </trkpt>
   <trkpt lat="47.670437" lon="11.661913">
    <ele>1279.692</ele>
    <time>2026-04-18T10:26:19Z</time>
   </trkpt>
   <trkpt lat="47.670474" lon="11.661865">
    <ele>1275.754</ele>
    <time>2026-04-18T10:26:30Z</time>
   </trkpt>
   <trkpt lat="47.670531" lon="11.661837">
    <ele>1271.875</ele>
    <time>2026-04-18T10:26:41Z</time>
   </trkpt>
   <trkpt lat="47.670559" lon="11.661823">
    <ele>1271.649</ele>
    <time>2026-04-18T10:26:51Z</time>
   </trkpt>
   <trkpt lat="47.670637" lon="11.661805">
    <ele>1268.832</ele>
    <time>2026-04-18T10:27:06Z</time>
   </trkpt>
   <trkpt lat="47.670659" lon="11.661799">
    <ele>1269.016</ele>
    <time>2026-04-18T10:27:10Z</time>
   </trkpt>
   <trkpt lat="47.670696" lon="11.661777">
    <ele>1269.662</ele>
    <time>2026-04-18T10:27:15Z</time>
   </trkpt>
   <trkpt lat="47.670758" lon="11.661713">
    <ele>1271.830</ele>
    <time>2026-04-18T10:27:28Z</time>
   </trkpt>
   <trkpt lat="47.670808" lon="11.661657">
    <ele>1268.083</ele>
    <time>2026-04-18T10:27:36Z</time>
   </trkpt>
   <trkpt lat="47.670868" lon="11.661587">
    <ele>1264.209</ele>
    <time>2026-04-18T10:27:44Z</time>
   </trkpt>
   <trkpt lat="47.670931" lon="11.661531">
    <ele>1262.003</ele>
    <time>2026-04-18T10:27:52Z</time>
   </trkpt>
   <trkpt lat="47.670942" lon="11.661488">
    <ele>1259.647</ele>
    <time>2026-04-18T10:27:54Z</time>
   </trkpt>
   <trkpt lat="47.671051" lon="11.661520">
    <ele>1253.966</ele>
    <time>2026-04-18T10:28:04Z</time>
   </trkpt>
   <trkpt lat="47.671073" lon="11.661428">
    <ele>1249.716</ele>
    <time>2026-04-18T10:28:12Z</time>
   </trkpt>
   <trkpt lat="47.671091" lon="11.661425">
    <ele>1248.847</ele>
    <time>2026-04-18T10:28:14Z</time>
   </trkpt>
   <trkpt lat="47.671179" lon="11.661403">
    <ele>1244.536</ele>
    <time>2026-04-18T10:28:23Z</time>
   </trkpt>
   <trkpt lat="47.671346" lon="11.661367">
    <ele>1235.402</ele>
    <time>2026-04-18T10:28:35Z</time>
   </trkpt>
   <trkpt lat="47.671541" lon="11.661339">
    <ele>1237.941</ele>
    <time>2026-04-18T10:28:49Z</time>
   </trkpt>
   <trkpt lat="47.671662" lon="11.661269">
    <ele>1238.153</ele>
    <time>2026-04-18T10:29:00Z</time>
   </trkpt>
   <trkpt lat="47.671594" lon="11.661130">
    <ele>1235.836</ele>
    <time>2026-04-18T10:29:12Z</time>
   </trkpt>
   <trkpt lat="47.671589" lon="11.661109">
    <ele>1234.828</ele>
    <time>2026-04-18T10:29:38Z</time>
   </trkpt>
  </trkseg>
 </trk>
 <trk>
  <name>ACTIVE LOG034155</name>
  <trkseg>
   <trkpt lat="47.671604" lon="11.661144">
    <ele>1245.547</ele>
    <time>2026-04-18T10:41:54Z</time>
   </trkpt>
   <trkpt lat="47.671627" lon="11.661073">
    <ele>1227.486</ele>
    <time>2026-04-18T10:42:07Z</time>
   </trkpt>
   <trkpt lat="47.671551" lon="11.660965">
    <ele>1228.751</ele>
    <time>2026-04-18T10:42:12Z</time>
   </trkpt>
   <trkpt lat="47.671422" lon="11.660852">
    <ele>1229.687</ele>
    <time>2026-04-18T10:42:16Z</time>
   </trkpt>
   <trkpt lat="47.671204" lon="11.660689">
    <ele>1229.569</ele>
    <time>2026-04-18T10:42:21Z</time>
   </trkpt>
   <trkpt lat="47.670972" lon="11.660321">
    <ele>1231.444</ele>
    <time>2026-04-18T10:42:31Z</time>
   </trkpt>
   <trkpt lat="47.670972" lon="11.660330">
    <ele>1231.328</ele>
    <time>2026-04-18T10:42:32Z</time>
   </trkpt>
   <trkpt lat="47.671084" lon="11.660522">
    <ele>1229.103</ele>
    <time>2026-04-18T10:42:43Z</time>
   </trkpt>
   <trkpt lat="47.671074" lon="11.660508">
    <ele>1229.287</ele>
    <time>2026-04-18T10:43:09Z</time>
   </trkpt>
   <trkpt lat="47.670851" lon="11.660086">
    <ele>1233.045</ele>
    <time>2026-04-18T10:43:22Z</time>
   </trkpt>
   <trkpt lat="47.670726" lon="11.659838">
    <ele>1237.367</ele>
    <time>2026-04-18T10:43:31Z</time>
   </trkpt>
   <trkpt lat="47.670576" lon="11.659557">
    <ele>1239.436</ele>
    <time>2026-04-18T10:43:44Z</time>
   </trkpt>
   <trkpt lat="47.670459" lon="11.659248">
    <ele>1244.762</ele>
    <time>2026-04-18T10:43:57Z</time>
   </trkpt>
   <trkpt lat="47.670310" lon="11.658911">
    <ele>1248.948</ele>
    <time>2026-04-18T10:44:10Z</time>
   </trkpt>
   <trkpt lat="47.670195" lon="11.658670">
    <ele>1250.947</ele>
    <time>2026-04-18T10:44:17Z</time>
   </trkpt>
   <trkpt lat="47.669982" lon="11.658340">
    <ele>1249.277</ele>
    <time>2026-04-18T10:44:28Z</time>
   </trkpt>
   <trkpt lat="47.669754" lon="11.657864">
    <ele>1250.056</ele>
    <time>2026-04-18T10:44:42Z</time>
   </trkpt>
   <trkpt lat="47.669451" lon="11.657370">
    <ele>1248.940</ele>
    <time>2026-04-18T10:44:58Z</time>
   </trkpt>
   <trkpt lat="47.669168" lon="11.657040">
    <ele>1254.977</ele>
    <time>2026-04-18T10:45:19Z</time>
   </trkpt>
   <trkpt lat="47.668820" lon="11.656817">
    <ele>1257.752</ele>
    <time>2026-04-18T10:45:37Z</time>
   </trkpt>
   <trkpt lat="47.668448" lon="11.656614">
    <ele>1258.383</ele>
    <time>2026-04-18T10:45:53Z</time>
   </trkpt>
   <trkpt lat="47.668383" lon="11.656470">
    <ele>1260.616</ele>
    <time>2026-04-18T10:45:58Z</time>
   </trkpt>
   <trkpt lat="47.668358" lon="11.656385">
    <ele>1260.475</ele>
    <time>2026-04-18T10:46:01Z</time>
   </trkpt>
   <trkpt lat="47.667986" lon="11.656075">
    <ele>1258.990</ele>
    <time>2026-04-18T10:46:13Z</time>
   </trkpt>
   <trkpt lat="47.667627" lon="11.655982">
    <ele>1261.477</ele>
    <time>2026-04-18T10:46:24Z</time>
   </trkpt>
   <trkpt lat="47.667216" lon="11.655817">
    <ele>1264.725</ele>
    <time>2026-04-18T10:46:39Z</time>
   </trkpt>
   <trkpt lat="47.666864" lon="11.655645">
    <ele>1265.466</ele>
    <time>2026-04-18T10:46:53Z</time>
   </trkpt>
   <trkpt lat="47.666482" lon="11.655475">
    <ele>1266.205</ele>
    <time>2026-04-18T10:47:09Z</time>
   </trkpt>
   <trkpt lat="47.666215" lon="11.655266">
    <ele>1266.379</ele>
    <time>2026-04-18T10:47:19Z</time>
   </trkpt>
   <trkpt lat="47.665995" lon="11.655119">
    <ele>1269.546</ele>
    <time>2026-04-18T10:47:29Z</time>
   </trkpt>
   <trkpt lat="47.665710" lon="11.654864">
    <ele>1275.345</ele>
    <time>2026-04-18T10:47:45Z</time>
   </trkpt>
   <trkpt lat="47.665459" lon="11.654626">
    <ele>1280.780</ele>
    <time>2026-04-18T10:48:00Z</time>
   </trkpt>
   <trkpt lat="47.665282" lon="11.654487">
    <ele>1280.332</ele>
    <time>2026-04-18T10:48:09Z</time>
   </trkpt>
   <trkpt lat="47.664965" lon="11.654315">
    <ele>1283.226</ele>
    <time>2026-04-18T10:48:24Z</time>
   </trkpt>
   <trkpt lat="47.664667" lon="11.654150">
    <ele>1287.023</ele>
    <time>2026-04-18T10:48:38Z</time>
   </trkpt>
   <trkpt lat="47.664427" lon="11.654014">
    <ele>1286.959</ele>
    <time>2026-04-18T10:48:48Z</time>
   </trkpt>
   <trkpt lat="47.664218" lon="11.653899">
    <ele>1288.226</ele>
    <time>2026-04-18T10:49:01Z</time>
   </trkpt>
   <trkpt lat="47.664084" lon="11.653608">
    <ele>1292.633</ele>
    <time>2026-04-18T10:49:15Z</time>
   </trkpt>
   <trkpt lat="47.663939" lon="11.653231">
    <ele>1299.469</ele>
    <time>2026-04-18T10:49:30Z</time>
   </trkpt>
   <trkpt lat="47.663868" lon="11.652950">
    <ele>1305.503</ele>
    <time>2026-04-18T10:49:44Z</time>
   </trkpt>
   <trkpt lat="47.663863" lon="11.652865">
    <ele>1308.907</ele>
    <time>2026-04-18T10:49:49Z</time>
   </trkpt>
   <trkpt lat="47.663881" lon="11.652818">
    <ele>1310.503</ele>
    <time>2026-04-18T10:49:52Z</time>
   </trkpt>
   <trkpt lat="47.663888" lon="11.652611">
    <ele>1311.541</ele>
    <time>2026-04-18T10:49:58Z</time>
   </trkpt>
   <trkpt lat="47.663966" lon="11.652456">
    <ele>1312.554</ele>
    <time>2026-04-18T10:50:05Z</time>
   </trkpt>
   <trkpt lat="47.664097" lon="11.652248">
    <ele>1314.018</ele>
    <time>2026-04-18T10:50:15Z</time>
   </trkpt>
   <trkpt lat="47.664281" lon="11.652035">
    <ele>1314.717</ele>
    <time>2026-04-18T10:50:27Z</time>
   </trkpt>
   <trkpt lat="47.664564" lon="11.651887">
    <ele>1315.982</ele>
    <time>2026-04-18T10:50:39Z</time>
   </trkpt>
   <trkpt lat="47.664760" lon="11.651748">
    <ele>1318.202</ele>
    <time>2026-04-18T10:50:51Z</time>
   </trkpt>
   <trkpt lat="47.664991" lon="11.651661">
    <ele>1321.404</ele>
    <time>2026-04-18T10:51:00Z</time>
   </trkpt>
   <trkpt lat="47.665376" lon="11.651545">
    <ele>1322.973</ele>
    <time>2026-04-18T10:51:14Z</time>
   </trkpt>
   <trkpt lat="47.665418" lon="11.651522">
    <ele>1322.122</ele>
    <time>2026-04-18T10:51:16Z</time>
   </trkpt>
   <trkpt lat="47.665564" lon="11.651466">
    <ele>1320.036</ele>
    <time>2026-04-18T10:51:23Z</time>
   </trkpt>
   <trkpt lat="47.665607" lon="11.651450">
    <ele>1321.134</ele>
    <time>2026-04-18T10:51:26Z</time>
   </trkpt>
   <trkpt lat="47.665857" lon="11.651428">
    <ele>1327.584</ele>
    <time>2026-04-18T10:51:38Z</time>
   </trkpt>
   <trkpt lat="47.665912" lon="11.651374">
    <ele>1327.446</ele>
    <time>2026-04-18T10:51:42Z</time>
   </trkpt>
   <trkpt lat="47.665916" lon="11.651290">
    <ele>1328.431</ele>
    <time>2026-04-18T10:51:45Z</time>
   </trkpt>
   <trkpt lat="47.665894" lon="11.651170">
    <ele>1328.606</ele>
    <time>2026-04-18T10:51:51Z</time>
   </trkpt>
   <trkpt lat="47.665772" lon="11.651069">
    <ele>1329.014</ele>
    <time>2026-04-18T10:52:01Z</time>
   </trkpt>
   <trkpt lat="47.665730" lon="11.651036">
    <ele>1331.811</ele>
    <time>2026-04-18T10:52:11Z</time>
   </trkpt>
   <trkpt lat="47.665792" lon="11.651012">
    <ele>1329.064</ele>
    <time>2026-04-18T10:52:24Z</time>
   </trkpt>
   <trkpt lat="47.665805" lon="11.651043">
    <ele>1331.665</ele>
    <time>2026-04-18T10:52:35Z</time>
   </trkpt>
   <trkpt lat="47.665795" lon="11.651045">
    <ele>1332.618</ele>
    <time>2026-04-18T10:52:40Z</time>
   </trkpt>
   <trkpt lat="47.665588" lon="11.650865">
    <ele>1332.407</ele>
    <time>2026-04-18T10:52:52Z</time>
   </trkpt>
   <trkpt lat="47.665484" lon="11.650693">
    <ele>1336.933</ele>
    <time>2026-04-18T10:53:02Z</time>
   </trkpt>
   <trkpt lat="47.665386" lon="11.650478">
    <ele>1341.079</ele>
    <time>2026-04-18T10:53:13Z</time>
   </trkpt>
   <trkpt lat="47.665364" lon="11.650420">
    <ele>1341.768</ele>
    <time>2026-04-18T10:53:16Z</time>
   </trkpt>
   <trkpt lat="47.665315" lon="11.650329">
    <ele>1344.193</ele>
    <time>2026-04-18T10:53:22Z</time>
   </trkpt>
   <trkpt lat="47.665232" lon="11.650142">
    <ele>1344.641</ele>
    <time>2026-04-18T10:53:33Z</time>
   </trkpt>
   <trkpt lat="47.665091" lon="11.649826">
    <ele>1345.520</ele>
    <time>2026-04-18T10:53:48Z</time>
   </trkpt>
   <trkpt lat="47.664878" lon="11.649734">
    <ele>1346.578</ele>
    <time>2026-04-18T10:54:06Z</time>
   </trkpt>
   <trkpt lat="47.664855" lon="11.649736">
    <ele>1346.339</ele>
    <time>2026-04-18T10:54:08Z</time>
   </trkpt>
   <trkpt lat="47.664827" lon="11.649747">
    <ele>1346.513</ele>
    <time>2026-04-18T10:54:11Z</time>
   </trkpt>
   <trkpt lat="47.664804" lon="11.649752">
    <ele>1346.245</ele>
    <time>2026-04-18T10:54:13Z</time>
   </trkpt>
   <trkpt lat="47.664775" lon="11.649761">
    <ele>1346.780</ele>
    <time>2026-04-18T10:54:28Z</time>
   </trkpt>
   <trkpt lat="47.664816" lon="11.649728">
    <ele>1346.786</ele>
    <time>2026-04-18T10:54:50Z</time>
   </trkpt>
   <trkpt lat="47.664874" lon="11.649691">
    <ele>1346.005</ele>
    <time>2026-04-18T10:54:54Z</time>
   </trkpt>
   <trkpt lat="47.665065" lon="11.649832">
    <ele>1345.301</ele>
    <time>2026-04-18T10:55:00Z</time>
   </trkpt>
   <trkpt lat="47.665362" lon="11.650396">
    <ele>1346.153</ele>
    <time>2026-04-18T10:55:08Z</time>
   </trkpt>
   <trkpt lat="47.665581" lon="11.650787">
    <ele>1341.926</ele>
    <time>2026-04-18T10:55:14Z</time>
   </trkpt>
   <trkpt lat="47.665800" lon="11.651025">
    <ele>1336.009</ele>
    <time>2026-04-18T10:55:23Z</time>
   </trkpt>
   <trkpt lat="47.665806" lon="11.651014">
    <ele>1336.065</ele>
    <time>2026-04-18T10:55:24Z</time>
   </trkpt>
   <trkpt lat="47.665725" lon="11.650904">
    <ele>1334.003</ele>
    <time>2026-04-18T10:55:31Z</time>
   </trkpt>
   <trkpt lat="47.665554" lon="11.650537">
    <ele>1335.685</ele>
    <time>2026-04-18T10:55:43Z</time>
   </trkpt>
   <trkpt lat="47.665444" lon="11.650105">
    <ele>1338.694</ele>
    <time>2026-04-18T10:55:55Z</time>
   </trkpt>
   <trkpt lat="47.665379" lon="11.649795">
    <ele>1338.280</ele>
    <time>2026-04-18T10:56:02Z</time>
   </trkpt>
   <trkpt lat="47.665219" lon="11.649472">
    <ele>1338.471</ele>
    <time>2026-04-18T10:56:08Z</time>
   </trkpt>
   <trkpt lat="47.665063" lon="11.649380">
    <ele>1337.998</ele>
    <time>2026-04-18T10:56:12Z</time>
   </trkpt>
   <trkpt lat="47.664659" lon="11.649331">
    <ele>1334.103</ele>
    <time>2026-04-18T10:56:22Z</time>
   </trkpt>
   <trkpt lat="47.664034" lon="11.649334">
    <ele>1337.533</ele>
    <time>2026-04-18T10:56:39Z</time>
   </trkpt>
   <trkpt lat="47.663497" lon="11.649269">
    <ele>1336.493</ele>
    <time>2026-04-18T10:56:53Z</time>
   </trkpt>
   <trkpt lat="47.663378" lon="11.649253">
    <ele>1335.740</ele>
    <time>2026-04-18T10:56:56Z</time>
   </trkpt>
   <trkpt lat="47.663287" lon="11.649219">
    <ele>1335.746</ele>
    <time>2026-04-18T10:56:58Z</time>
   </trkpt>
   <trkpt lat="47.663157" lon="11.649209">
    <ele>1335.587</ele>
    <time>2026-04-18T10:57:01Z</time>
   </trkpt>
   <trkpt lat="47.663031" lon="11.649166">
    <ele>1334.657</ele>
    <time>2026-04-18T10:57:04Z</time>
   </trkpt>
   <trkpt lat="47.662894" lon="11.649111">
    <ele>1335.157</ele>
    <time>2026-04-18T10:57:07Z</time>
   </trkpt>
   <trkpt lat="47.662575" lon="11.649017">
    <ele>1334.764</ele>
    <time>2026-04-18T10:57:14Z</time>
   </trkpt>
   <trkpt lat="47.662025" lon="11.648667">
    <ele>1336.542</ele>
    <time>2026-04-18T10:57:28Z</time>
   </trkpt>
   <trkpt lat="47.661990" lon="11.648620">
    <ele>1336.227</ele>
    <time>2026-04-18T10:57:29Z</time>
   </trkpt>
   <trkpt lat="47.661753" lon="11.648283">
    <ele>1336.667</ele>
    <time>2026-04-18T10:57:36Z</time>
   </trkpt>
   <trkpt lat="47.661693" lon="11.648008">
    <ele>1335.482</ele>
    <time>2026-04-18T10:57:40Z</time>
   </trkpt>
   <trkpt lat="47.661668" lon="11.647585">
    <ele>1333.442</ele>
    <time>2026-04-18T10:57:45Z</time>
   </trkpt>
   <trkpt lat="47.661812" lon="11.647227">
    <ele>1331.372</ele>
    <time>2026-04-18T10:57:50Z</time>
   </trkpt>
   <trkpt lat="47.661858" lon="11.646962">
    <ele>1329.387</ele>
    <time>2026-04-18T10:57:54Z</time>
   </trkpt>
   <trkpt lat="47.661758" lon="11.646600">
    <ele>1329.193</ele>
    <time>2026-04-18T10:58:00Z</time>
   </trkpt>
   <trkpt lat="47.661699" lon="11.646208">
    <ele>1329.337</ele>
    <time>2026-04-18T10:58:06Z</time>
   </trkpt>
   <trkpt lat="47.661614" lon="11.645980">
    <ele>1330.073</ele>
    <time>2026-04-18T10:58:09Z</time>
   </trkpt>
   <trkpt lat="47.661441" lon="11.645496">
    <ele>1330.478</ele>
    <time>2026-04-18T10:58:15Z</time>
   </trkpt>
   <trkpt lat="47.661141" lon="11.644780">
    <ele>1330.764</ele>
    <time>2026-04-18T10:58:25Z</time>
   </trkpt>
   <trkpt lat="47.660883" lon="11.644317">
    <ele>1330.972</ele>
    <time>2026-04-18T10:58:32Z</time>
   </trkpt>
   <trkpt lat="47.660837" lon="11.644154">
    <ele>1332.366</ele>
    <time>2026-04-18T10:58:34Z</time>
   </trkpt>
   <trkpt lat="47.660601" lon="11.644053">
    <ele>1330.600</ele>
    <time>2026-04-18T10:58:41Z</time>
   </trkpt>
   <trkpt lat="47.660497" lon="11.644073">
    <ele>1329.866</ele>
    <time>2026-04-18T10:58:43Z</time>
   </trkpt>
   <trkpt lat="47.660299" lon="11.643989">
    <ele>1329.529</ele>
    <time>2026-04-18T10:58:47Z</time>
   </trkpt>
   <trkpt lat="47.660073" lon="11.643970">
    <ele>1328.651</ele>
    <time>2026-04-18T10:58:51Z</time>
   </trkpt>
   <trkpt lat="47.659857" lon="11.644108">
    <ele>1329.031</ele>
    <time>2026-04-18T10:58:55Z</time>
   </trkpt>
   <trkpt lat="47.659641" lon="11.644224">
    <ele>1328.481</ele>
    <time>2026-04-18T10:58:59Z</time>
   </trkpt>
   <trkpt lat="47.659532" lon="11.644305">
    <ele>1328.208</ele>
    <time>2026-04-18T10:59:01Z</time>
   </trkpt>
   <trkpt lat="47.659265" lon="11.644505">
    <ele>1326.974</ele>
    <time>2026-04-18T10:59:05Z</time>
   </trkpt>
   <trkpt lat="47.658905" lon="11.644552">
    <ele>1324.587</ele>
    <time>2026-04-18T10:59:10Z</time>
   </trkpt>
   <trkpt lat="47.658520" lon="11.644216">
    <ele>1319.035</ele>
    <time>2026-04-18T10:59:17Z</time>
   </trkpt>
   <trkpt lat="47.658381" lon="11.644121">
    <ele>1317.487</ele>
    <time>2026-04-18T10:59:19Z</time>
   </trkpt>
   <trkpt lat="47.658016" lon="11.643642">
    <ele>1315.288</ele>
    <time>2026-04-18T10:59:25Z</time>
   </trkpt>
   <trkpt lat="47.657839" lon="11.643352">
    <ele>1315.007</ele>
    <time>2026-04-18T10:59:28Z</time>
   </trkpt>
   <trkpt lat="47.657700" lon="11.642902">
    <ele>1314.348</ele>
    <time>2026-04-18T10:59:32Z</time>
   </trkpt>
   <trkpt lat="47.657731" lon="11.642544">
    <ele>1314.419</ele>
    <time>2026-04-18T10:59:36Z</time>
   </trkpt>
   <trkpt lat="47.657845" lon="11.642278">
    <ele>1314.203</ele>
    <time>2026-04-18T10:59:40Z</time>
   </trkpt>
   <trkpt lat="47.657904" lon="11.641906">
    <ele>1314.328</ele>
    <time>2026-04-18T10:59:45Z</time>
   </trkpt>
   <trkpt lat="47.657839" lon="11.641610">
    <ele>1315.557</ele>
    <time>2026-04-18T10:59:49Z</time>
   </trkpt>
   <trkpt lat="47.657757" lon="11.641368">
    <ele>1315.810</ele>
    <time>2026-04-18T10:59:52Z</time>
   </trkpt>
   <trkpt lat="47.657511" lon="11.641225">
    <ele>1316.040</ele>
    <time>2026-04-18T10:59:57Z</time>
   </trkpt>
   <trkpt lat="47.657435" lon="11.640644">
    <ele>1315.307</ele>
    <time>2026-04-18T11:00:05Z</time>
   </trkpt>
   <trkpt lat="47.657366" lon="11.640017">
    <ele>1311.581</ele>
    <time>2026-04-18T11:00:10Z</time>
   </trkpt>
   <trkpt lat="47.657295" lon="11.639605">
    <ele>1310.289</ele>
    <time>2026-04-18T11:00:14Z</time>
   </trkpt>
   <trkpt lat="47.657211" lon="11.639060">
    <ele>1311.608</ele>
    <time>2026-04-18T11:00:18Z</time>
   </trkpt>
   <trkpt lat="47.657130" lon="11.638771">
    <ele>1310.911</ele>
    <time>2026-04-18T11:00:21Z</time>
   </trkpt>
   <trkpt lat="47.656859" lon="11.638326">
    <ele>1310.503</ele>
    <time>2026-04-18T11:00:31Z</time>
   </trkpt>
   <trkpt lat="47.656640" lon="11.637958">
    <ele>1314.047</ele>
    <time>2026-04-18T11:00:44Z</time>
   </trkpt>
   <trkpt lat="47.656270" lon="11.637744">
    <ele>1313.781</ele>
    <time>2026-04-18T11:00:56Z</time>
   </trkpt>
   <trkpt lat="47.655786" lon="11.637409">
    <ele>1315.634</ele>
    <time>2026-04-18T11:01:11Z</time>
   </trkpt>
   <trkpt lat="47.655588" lon="11.637161">
    <ele>1319.955</ele>
    <time>2026-04-18T11:01:20Z</time>
   </trkpt>
   <trkpt lat="47.655391" lon="11.636759">
    <ele>1327.649</ele>
    <time>2026-04-18T11:01:35Z</time>
   </trkpt>
   <trkpt lat="47.655249" lon="11.636359">
    <ele>1330.249</ele>
    <time>2026-04-18T11:01:49Z</time>
   </trkpt>
   <trkpt lat="47.655019" lon="11.635752">
    <ele>1329.614</ele>
    <time>2026-04-18T11:02:06Z</time>
   </trkpt>
   <trkpt lat="47.654889" lon="11.635132">
    <ele>1328.741</ele>
    <time>2026-04-18T11:02:25Z</time>
   </trkpt>
   <trkpt lat="47.654716" lon="11.634510">
    <ele>1331.148</ele>
    <time>2026-04-18T11:02:45Z</time>
   </trkpt>
   <trkpt lat="47.654574" lon="11.633889">
    <ele>1332.045</ele>
    <time>2026-04-18T11:03:04Z</time>
   </trkpt>
   <trkpt lat="47.654251" lon="11.633605">
    <ele>1333.821</ele>
    <time>2026-04-18T11:03:16Z</time>
   </trkpt>
   <trkpt lat="47.653964" lon="11.633380">
    <ele>1337.171</ele>
    <time>2026-04-18T11:03:33Z</time>
   </trkpt>
   <trkpt lat="47.653845" lon="11.632965">
    <ele>1340.480</ele>
    <time>2026-04-18T11:03:50Z</time>
   </trkpt>
   <trkpt lat="47.653712" lon="11.632535">
    <ele>1343.569</ele>
    <time>2026-04-18T11:04:09Z</time>
   </trkpt>
   <trkpt lat="47.653756" lon="11.632055">
    <ele>1345.805</ele>
    <time>2026-04-18T11:04:28Z</time>
   </trkpt>
   <trkpt lat="47.653732" lon="11.631977">
    <ele>1346.674</ele>
    <time>2026-04-18T11:04:31Z</time>
   </trkpt>
   <trkpt lat="47.653318" lon="11.631790">
    <ele>1346.532</ele>
    <time>2026-04-18T11:04:46Z</time>
   </trkpt>
   <trkpt lat="47.652660" lon="11.631575">
    <ele>1341.902</ele>
    <time>2026-04-18T11:05:00Z</time>
   </trkpt>
   <trkpt lat="47.651931" lon="11.631438">
    <ele>1343.292</ele>
    <time>2026-04-18T11:05:13Z</time>
   </trkpt>
   <trkpt lat="47.651725" lon="11.631192">
    <ele>1341.510</ele>
    <time>2026-04-18T11:05:24Z</time>
   </trkpt>
  </trkseg>
 </trk>
 <trk>
  <name>ACTIVE LOG050501</name>
  <trkseg>
   <trkpt lat="47.651668" lon="11.631119">
    <ele>1323.593</ele>
    <time>2026-04-18T12:05:01Z</time>
   </trkpt>
   <trkpt lat="47.651684" lon="11.631158">
    <ele>1331.534</ele>
    <time>2026-04-18T12:06:16Z</time>
   </trkpt>
   <trkpt lat="47.651688" lon="11.631155">
    <ele>1331.624</ele>
    <time>2026-04-18T12:06:47Z</time>
   </trkpt>
   <trkpt lat="47.651702" lon="11.631194">
    <ele>1331.597</ele>
    <time>2026-04-18T12:06:49Z</time>
   </trkpt>
   <trkpt lat="47.651836" lon="11.631398">
    <ele>1330.769</ele>
    <time>2026-04-18T12:07:02Z</time>
   </trkpt>
   <trkpt lat="47.651888" lon="11.631411">
    <ele>1330.815</ele>
    <time>2026-04-18T12:07:06Z</time>
   </trkpt>
   <trkpt lat="47.652315" lon="11.631486">
    <ele>1328.014</ele>
    <time>2026-04-18T12:07:19Z</time>
   </trkpt>
   <trkpt lat="47.652811" lon="11.631609">
    <ele>1329.646</ele>
    <time>2026-04-18T12:07:33Z</time>
   </trkpt>
   <trkpt lat="47.653066" lon="11.631695">
    <ele>1333.393</ele>
    <time>2026-04-18T12:07:46Z</time>
   </trkpt>
   <trkpt lat="47.653464" lon="11.631829">
    <ele>1334.479</ele>
    <time>2026-04-18T12:08:04Z</time>
   </trkpt>
   <trkpt lat="47.653753" lon="11.632121">
    <ele>1335.382</ele>
    <time>2026-04-18T12:08:19Z</time>
   </trkpt>
   <trkpt lat="47.653721" lon="11.632707">
    <ele>1332.629</ele>
    <time>2026-04-18T12:08:29Z</time>
   </trkpt>
   <trkpt lat="47.653821" lon="11.632967">
    <ele>1330.226</ele>
    <time>2026-04-18T12:08:34Z</time>
   </trkpt>
   <trkpt lat="47.653927" lon="11.633189">
    <ele>1327.874</ele>
    <time>2026-04-18T12:08:39Z</time>
   </trkpt>
   <trkpt lat="47.653954" lon="11.633423">
    <ele>1325.831</ele>
    <time>2026-04-18T12:08:43Z</time>
   </trkpt>
   <trkpt lat="47.654172" lon="11.633564">
    <ele>1322.170</ele>
    <time>2026-04-18T12:08:48Z</time>
   </trkpt>
   <trkpt lat="47.654370" lon="11.633650">
    <ele>1319.987</ele>
    <time>2026-04-18T12:08:51Z</time>
   </trkpt>
   <trkpt lat="47.654652" lon="11.634107">
    <ele>1318.262</ele>
    <time>2026-04-18T12:08:57Z</time>
   </trkpt>
   <trkpt lat="47.654988" lon="11.635601">
    <ele>1311.523</ele>
    <time>2026-04-18T12:09:10Z</time>
   </trkpt>
   <trkpt lat="47.655057" lon="11.635861">
    <ele>1310.638</ele>
    <time>2026-04-18T12:09:12Z</time>
   </trkpt>
   <trkpt lat="47.655241" lon="11.636327">
    <ele>1308.097</ele>
    <time>2026-04-18T12:09:16Z</time>
   </trkpt>
   <trkpt lat="47.655395" lon="11.636736">
    <ele>1305.195</ele>
    <time>2026-04-18T12:09:20Z</time>
   </trkpt>
   <trkpt lat="47.655644" lon="11.637218">
    <ele>1303.170</ele>
    <time>2026-04-18T12:09:25Z</time>
   </trkpt>
   <trkpt lat="47.656018" lon="11.637596">
    <ele>1302.474</ele>
    <time>2026-04-18T12:09:32Z</time>
   </trkpt>
   <trkpt lat="47.656511" lon="11.637840">
    <ele>1303.385</ele>
    <time>2026-04-18T12:09:40Z</time>
   </trkpt>
   <trkpt lat="47.656701" lon="11.638087">
    <ele>1302.906</ele>
    <time>2026-04-18T12:09:45Z</time>
   </trkpt>
   <trkpt lat="47.657069" lon="11.638636">
    <ele>1299.622</ele>
    <time>2026-04-18T12:09:52Z</time>
   </trkpt>
   <trkpt lat="47.657235" lon="11.639264">
    <ele>1299.465</ele>
    <time>2026-04-18T12:09:58Z</time>
   </trkpt>
   <trkpt lat="47.657310" lon="11.639976">
    <ele>1300.712</ele>
    <time>2026-04-18T12:10:05Z</time>
   </trkpt>
   <trkpt lat="47.657328" lon="11.640292">
    <ele>1300.869</ele>
    <time>2026-04-18T12:10:11Z</time>
   </trkpt>
   <trkpt lat="47.657325" lon="11.640407">
    <ele>1302.388</ele>
    <time>2026-04-18T12:10:16Z</time>
   </trkpt>
   <trkpt lat="47.657350" lon="11.640583">
    <ele>1304.619</ele>
    <time>2026-04-18T12:10:21Z</time>
   </trkpt>
   <trkpt lat="47.657380" lon="11.640660">
    <ele>1305.578</ele>
    <time>2026-04-18T12:10:23Z</time>
   </trkpt>
   <trkpt lat="47.657404" lon="11.641053">
    <ele>1307.879</ele>
    <time>2026-04-18T12:10:32Z</time>
   </trkpt>
   <trkpt lat="47.657496" lon="11.641119">
    <ele>1307.773</ele>
    <time>2026-04-18T12:10:36Z</time>
   </trkpt>
   <trkpt lat="47.657651" lon="11.641180">
    <ele>1303.739</ele>
    <time>2026-04-18T12:10:42Z</time>
   </trkpt>
   <trkpt lat="47.657907" lon="11.641650">
    <ele>1298.142</ele>
    <time>2026-04-18T12:10:53Z</time>
   </trkpt>
   <trkpt lat="47.657920" lon="11.641927">
    <ele>1298.267</ele>
    <time>2026-04-18T12:10:59Z</time>
   </trkpt>
   <trkpt lat="47.657661" lon="11.642564">
    <ele>1299.026</ele>
    <time>2026-04-18T12:11:12Z</time>
   </trkpt>
   <trkpt lat="47.657635" lon="11.642810">
    <ele>1299.670</ele>
    <time>2026-04-18T12:11:16Z</time>
   </trkpt>
   <trkpt lat="47.657727" lon="11.643161">
    <ele>1300.195</ele>
    <time>2026-04-18T12:11:22Z</time>
   </trkpt>
   <trkpt lat="47.657853" lon="11.643428">
    <ele>1299.846</ele>
    <time>2026-04-18T12:11:27Z</time>
   </trkpt>
   <trkpt lat="47.658028" lon="11.643672">
    <ele>1299.387</ele>
    <time>2026-04-18T12:11:32Z</time>
   </trkpt>
   <trkpt lat="47.658372" lon="11.644144">
    <ele>1299.346</ele>
    <time>2026-04-18T12:11:43Z</time>
   </trkpt>
   <trkpt lat="47.658469" lon="11.644259">
    <ele>1299.859</ele>
    <time>2026-04-18T12:11:47Z</time>
   </trkpt>
   <trkpt lat="47.658626" lon="11.644291">
    <ele>1303.190</ele>
    <time>2026-04-18T12:11:59Z</time>
   </trkpt>
   <trkpt lat="47.658814" lon="11.644547">
    <ele>1303.781</ele>
    <time>2026-04-18T12:12:14Z</time>
   </trkpt>
   <trkpt lat="47.658841" lon="11.644551">
    <ele>1304.405</ele>
    <time>2026-04-18T12:12:16Z</time>
   </trkpt>
   <trkpt lat="47.658880" lon="11.644477">
    <ele>1304.462</ele>
    <time>2026-04-18T12:12:21Z</time>
   </trkpt>
   <trkpt lat="47.658920" lon="11.644469">
    <ele>1305.031</ele>
    <time>2026-04-18T12:12:23Z</time>
   </trkpt>
   <trkpt lat="47.658982" lon="11.644441">
    <ele>1305.416</ele>
    <time>2026-04-18T12:12:28Z</time>
   </trkpt>
   <trkpt lat="47.659202" lon="11.644430">
    <ele>1306.726</ele>
    <time>2026-04-18T12:12:39Z</time>
   </trkpt>
   <trkpt lat="47.659314" lon="11.644357">
    <ele>1307.817</ele>
    <time>2026-04-18T12:12:46Z</time>
   </trkpt>
   <trkpt lat="47.659420" lon="11.644273">
    <ele>1310.103</ele>
    <time>2026-04-18T12:12:53Z</time>
   </trkpt>
   <trkpt lat="47.659588" lon="11.644172">
    <ele>1311.099</ele>
    <time>2026-04-18T12:13:03Z</time>
   </trkpt>
   <trkpt lat="47.659702" lon="11.644087">
    <ele>1309.538</ele>
    <time>2026-04-18T12:13:10Z</time>
   </trkpt>
   <trkpt lat="47.660105" lon="11.643940">
    <ele>1305.722</ele>
    <time>2026-04-18T12:13:24Z</time>
   </trkpt>
   <trkpt lat="47.660135" lon="11.643945">
    <ele>1305.280</ele>
    <time>2026-04-18T12:13:25Z</time>
   </trkpt>
   <trkpt lat="47.660391" lon="11.644001">
    <ele>1306.476</ele>
    <time>2026-04-18T12:13:34Z</time>
   </trkpt>
   <trkpt lat="47.660537" lon="11.643932">
    <ele>1307.580</ele>
    <time>2026-04-18T12:13:39Z</time>
   </trkpt>
   <trkpt lat="47.660771" lon="11.644025">
    <ele>1307.946</ele>
    <time>2026-04-18T12:13:52Z</time>
   </trkpt>
   <trkpt lat="47.660799" lon="11.644018">
    <ele>1308.871</ele>
    <time>2026-04-18T12:15:09Z</time>
   </trkpt>
   <trkpt lat="47.661015" lon="11.644081">
    <ele>1304.699</ele>
    <time>2026-04-18T12:15:17Z</time>
   </trkpt>
   <trkpt lat="47.661077" lon="11.644107">
    <ele>1303.308</ele>
    <time>2026-04-18T12:15:18Z</time>
   </trkpt>
   <trkpt lat="47.661506" lon="11.644426">
    <ele>1295.691</ele>
    <time>2026-04-18T12:15:25Z</time>
   </trkpt>
   <trkpt lat="47.661782" lon="11.644546">
    <ele>1291.629</ele>
    <time>2026-04-18T12:15:29Z</time>
   </trkpt>
   <trkpt lat="47.662260" lon="11.644629">
    <ele>1281.394</ele>
    <time>2026-04-18T12:15:35Z</time>
   </trkpt>
   <trkpt lat="47.663058" lon="11.644833">
    <ele>1269.073</ele>
    <time>2026-04-18T12:15:45Z</time>
   </trkpt>
   <trkpt lat="47.663322" lon="11.645012">
    <ele>1264.633</ele>
    <time>2026-04-18T12:15:50Z</time>
   </trkpt>
   <trkpt lat="47.663416" lon="11.645159">
    <ele>1263.253</ele>
    <time>2026-04-18T12:15:52Z</time>
   </trkpt>
   <trkpt lat="47.663614" lon="11.645540">
    <ele>1259.771</ele>
    <time>2026-04-18T12:15:56Z</time>
   </trkpt>
   <trkpt lat="47.663812" lon="11.646146">
    <ele>1256.355</ele>
    <time>2026-04-18T12:16:02Z</time>
   </trkpt>
   <trkpt lat="47.663963" lon="11.646171">
    <ele>1253.850</ele>
    <time>2026-04-18T12:16:08Z</time>
   </trkpt>
   <trkpt lat="47.663976" lon="11.646081">
    <ele>1252.608</ele>
    <time>2026-04-18T12:16:10Z</time>
   </trkpt>
   <trkpt lat="47.663951" lon="11.645398">
    <ele>1246.125</ele>
    <time>2026-04-18T12:16:17Z</time>
   </trkpt>
   <trkpt lat="47.663968" lon="11.643709">
    <ele>1228.502</ele>
    <time>2026-04-18T12:16:28Z</time>
   </trkpt>
   <trkpt lat="47.663972" lon="11.643573">
    <ele>1228.181</ele>
    <time>2026-04-18T12:16:29Z</time>
   </trkpt>
   <trkpt lat="47.663912" lon="11.642853">
    <ele>1221.089</ele>
    <time>2026-04-18T12:16:38Z</time>
   </trkpt>
   <trkpt lat="47.663914" lon="11.642790">
    <ele>1218.623</ele>
    <time>2026-04-18T12:16:39Z</time>
   </trkpt>
   <trkpt lat="47.664112" lon="11.642733">
    <ele>1213.728</ele>
    <time>2026-04-18T12:16:45Z</time>
   </trkpt>
   <trkpt lat="47.664202" lon="11.642922">
    <ele>1211.953</ele>
    <time>2026-04-18T12:16:48Z</time>
   </trkpt>
   <trkpt lat="47.664794" lon="11.644029">
    <ele>1207.380</ele>
    <time>2026-04-18T12:17:01Z</time>
   </trkpt>
   <trkpt lat="47.665041" lon="11.644643">
    <ele>1205.161</ele>
    <time>2026-04-18T12:17:07Z</time>
   </trkpt>
   <trkpt lat="47.665209" lon="11.644592">
    <ele>1198.001</ele>
    <time>2026-04-18T12:17:13Z</time>
   </trkpt>
   <trkpt lat="47.665194" lon="11.644288">
    <ele>1195.007</ele>
    <time>2026-04-18T12:17:16Z</time>
   </trkpt>
   <trkpt lat="47.665109" lon="11.643488">
    <ele>1191.788</ele>
    <time>2026-04-18T12:17:23Z</time>
   </trkpt>
   <trkpt lat="47.664763" lon="11.642180">
    <ele>1189.741</ele>
    <time>2026-04-18T12:17:36Z</time>
   </trkpt>
   <trkpt lat="47.664902" lon="11.641939">
    <ele>1187.590</ele>
    <time>2026-04-18T12:17:43Z</time>
   </trkpt>
   <trkpt lat="47.664956" lon="11.641976">
    <ele>1186.550</ele>
    <time>2026-04-18T12:17:44Z</time>
   </trkpt>
   <trkpt lat="47.665099" lon="11.642062">
    <ele>1183.930</ele>
    <time>2026-04-18T12:17:46Z</time>
   </trkpt>
   <trkpt lat="47.665344" lon="11.642109">
    <ele>1179.622</ele>
    <time>2026-04-18T12:17:49Z</time>
   </trkpt>
   <trkpt lat="47.665671" lon="11.642271">
    <ele>1175.389</ele>
    <time>2026-04-18T12:17:53Z</time>
   </trkpt>
   <trkpt lat="47.666224" lon="11.642922">
    <ele>1166.270</ele>
    <time>2026-04-18T12:18:02Z</time>
   </trkpt>
   <trkpt lat="47.666359" lon="11.643191">
    <ele>1162.612</ele>
    <time>2026-04-18T12:18:06Z</time>
   </trkpt>
   <trkpt lat="47.666403" lon="11.643571">
    <ele>1160.328</ele>
    <time>2026-04-18T12:18:10Z</time>
   </trkpt>
   <trkpt lat="47.666665" lon="11.643837">
    <ele>1156.683</ele>
    <time>2026-04-18T12:18:15Z</time>
   </trkpt>
   <trkpt lat="47.666825" lon="11.643877">
    <ele>1154.543</ele>
    <time>2026-04-18T12:18:17Z</time>
   </trkpt>
   <trkpt lat="47.667023" lon="11.643973">
    <ele>1150.640</ele>
    <time>2026-04-18T12:18:20Z</time>
   </trkpt>
   <trkpt lat="47.667305" lon="11.644253">
    <ele>1144.248</ele>
    <time>2026-04-18T12:18:25Z</time>
   </trkpt>
   <trkpt lat="47.667558" lon="11.644597">
    <ele>1139.092</ele>
    <time>2026-04-18T12:18:29Z</time>
   </trkpt>
   <trkpt lat="47.667786" lon="11.645131">
    <ele>1135.920</ele>
    <time>2026-04-18T12:18:33Z</time>
   </trkpt>
   <trkpt lat="47.668148" lon="11.645951">
    <ele>1132.585</ele>
    <time>2026-04-18T12:18:40Z</time>
   </trkpt>
   <trkpt lat="47.668308" lon="11.646314">
    <ele>1131.510</ele>
    <time>2026-04-18T12:18:43Z</time>
   </trkpt>
   <trkpt lat="47.668409" lon="11.646641">
    <ele>1130.056</ele>
    <time>2026-04-18T12:18:46Z</time>
   </trkpt>
   <trkpt lat="47.668484" lon="11.646945">
    <ele>1129.102</ele>
    <time>2026-04-18T12:18:49Z</time>
   </trkpt>
   <trkpt lat="47.668677" lon="11.647182">
    <ele>1127.225</ele>
    <time>2026-04-18T12:18:53Z</time>
   </trkpt>
   <trkpt lat="47.669189" lon="11.647528">
    <ele>1124.485</ele>
    <time>2026-04-18T12:18:59Z</time>
   </trkpt>
   <trkpt lat="47.669301" lon="11.647395">
    <ele>1115.416</ele>
    <time>2026-04-18T12:19:02Z</time>
   </trkpt>
   <trkpt lat="47.669888" lon="11.647002">
    <ele>1107.279</ele>
    <time>2026-04-18T12:19:11Z</time>
   </trkpt>
   <trkpt lat="47.669891" lon="11.646424">
    <ele>1097.922</ele>
    <time>2026-04-18T12:19:18Z</time>
   </trkpt>
   <trkpt lat="47.669744" lon="11.645842">
    <ele>1096.982</ele>
    <time>2026-04-18T12:19:25Z</time>
   </trkpt>
   <trkpt lat="47.669394" lon="11.644448">
    <ele>1090.141</ele>
    <time>2026-04-18T12:19:39Z</time>
   </trkpt>
   <trkpt lat="47.669208" lon="11.644017">
    <ele>1088.239</ele>
    <time>2026-04-18T12:19:44Z</time>
   </trkpt>
   <trkpt lat="47.668719" lon="11.643152">
    <ele>1086.682</ele>
    <time>2026-04-18T12:19:54Z</time>
   </trkpt>
   <trkpt lat="47.668583" lon="11.642889">
    <ele>1085.439</ele>
    <time>2026-04-18T12:19:57Z</time>
   </trkpt>
   <trkpt lat="47.668264" lon="11.642624">
    <ele>1081.870</ele>
    <time>2026-04-18T12:20:02Z</time>
   </trkpt>
   <trkpt lat="47.668134" lon="11.642558">
    <ele>1079.362</ele>
    <time>2026-04-18T12:20:04Z</time>
   </trkpt>
   <trkpt lat="47.668085" lon="11.642096">
    <ele>1077.215</ele>
    <time>2026-04-18T12:20:10Z</time>
   </trkpt>
   <trkpt lat="47.668149" lon="11.641936">
    <ele>1076.600</ele>
    <time>2026-04-18T12:20:12Z</time>
   </trkpt>
   <trkpt lat="47.668119" lon="11.641446">
    <ele>1073.194</ele>
    <time>2026-04-18T12:20:18Z</time>
   </trkpt>
   <trkpt lat="47.667766" lon="11.640682">
    <ele>1067.848</ele>
    <time>2026-04-18T12:20:26Z</time>
   </trkpt>
   <trkpt lat="47.667571" lon="11.640407">
    <ele>1066.345</ele>
    <time>2026-04-18T12:20:30Z</time>
   </trkpt>
   <trkpt lat="47.667311" lon="11.639789">
    <ele>1061.077</ele>
    <time>2026-04-18T12:20:36Z</time>
   </trkpt>
   <trkpt lat="47.667118" lon="11.638355">
    <ele>1048.249</ele>
    <time>2026-04-18T12:20:47Z</time>
   </trkpt>
   <trkpt lat="47.667099" lon="11.637948">
    <ele>1046.083</ele>
    <time>2026-04-18T12:20:51Z</time>
   </trkpt>
   <trkpt lat="47.667037" lon="11.637460">
    <ele>1042.789</ele>
    <time>2026-04-18T12:20:56Z</time>
   </trkpt>
   <trkpt lat="47.666738" lon="11.636533">
    <ele>1034.712</ele>
    <time>2026-04-18T12:21:05Z</time>
   </trkpt>
   <trkpt lat="47.666411" lon="11.636422">
    <ele>1029.820</ele>
    <time>2026-04-18T12:21:12Z</time>
   </trkpt>
   <trkpt lat="47.666371" lon="11.636484">
    <ele>1029.283</ele>
    <time>2026-04-18T12:21:13Z</time>
   </trkpt>
   <trkpt lat="47.666286" lon="11.636636">
    <ele>1027.887</ele>
    <time>2026-04-18T12:21:15Z</time>
   </trkpt>
   <trkpt lat="47.665897" lon="11.636724">
    <ele>1025.524</ele>
    <time>2026-04-18T12:21:21Z</time>
   </trkpt>
   <trkpt lat="47.665861" lon="11.636661">
    <ele>1026.317</ele>
    <time>2026-04-18T12:21:22Z</time>
   </trkpt>
   <trkpt lat="47.665716" lon="11.636371">
    <ele>1026.686</ele>
    <time>2026-04-18T12:21:27Z</time>
   </trkpt>
   <trkpt lat="47.665619" lon="11.636115">
    <ele>1025.306</ele>
    <time>2026-04-18T12:21:31Z</time>
   </trkpt>
   <trkpt lat="47.665654" lon="11.635816">
    <ele>1020.985</ele>
    <time>2026-04-18T12:21:35Z</time>
   </trkpt>
   <trkpt lat="47.665573" lon="11.635466">
    <ele>1015.447</ele>
    <time>2026-04-18T12:21:43Z</time>
   </trkpt>
   <trkpt lat="47.665532" lon="11.635472">
    <ele>1014.828</ele>
    <time>2026-04-18T12:21:44Z</time>
   </trkpt>
   <trkpt lat="47.665446" lon="11.635456">
    <ele>1013.852</ele>
    <time>2026-04-18T12:21:46Z</time>
   </trkpt>
   <trkpt lat="47.665412" lon="11.634922">
    <ele>1010.472</ele>
    <time>2026-04-18T12:21:53Z</time>
   </trkpt>
   <trkpt lat="47.665468" lon="11.634760">
    <ele>1009.385</ele>
    <time>2026-04-18T12:21:55Z</time>
   </trkpt>
   <trkpt lat="47.665502" lon="11.634220">
    <ele>1006.200</ele>
    <time>2026-04-18T12:22:00Z</time>
   </trkpt>
   <trkpt lat="47.665413" lon="11.633541">
    <ele>1000.693</ele>
    <time>2026-04-18T12:22:06Z</time>
   </trkpt>
   <trkpt lat="47.665413" lon="11.633161">
    <ele>995.005</ele>
    <time>2026-04-18T12:22:10Z</time>
   </trkpt>
   <trkpt lat="47.665231" lon="11.631988">
    <ele>983.371</ele>
    <time>2026-04-18T12:22:20Z</time>
   </trkpt>
   <trkpt lat="47.664856" lon="11.630878">
    <ele>975.558</ele>
    <time>2026-04-18T12:22:30Z</time>
   </trkpt>
   <trkpt lat="47.664617" lon="11.630505">
    <ele>972.004</ele>
    <time>2026-04-18T12:22:36Z</time>
   </trkpt>
   <trkpt lat="47.664504" lon="11.630377">
    <ele>969.972</ele>
    <time>2026-04-18T12:22:39Z</time>
   </trkpt>
   <trkpt lat="47.664304" lon="11.630073">
    <ele>964.711</ele>
    <time>2026-04-18T12:22:46Z</time>
   </trkpt>
   <trkpt lat="47.664268" lon="11.630114">
    <ele>964.002</ele>
    <time>2026-04-18T12:22:47Z</time>
   </trkpt>
   <trkpt lat="47.664112" lon="11.630290">
    <ele>962.107</ele>
    <time>2026-04-18T12:22:50Z</time>
   </trkpt>
   <trkpt lat="47.663757" lon="11.630212">
    <ele>957.865</ele>
    <time>2026-04-18T12:22:56Z</time>
   </trkpt>
   <trkpt lat="47.663722" lon="11.630116">
    <ele>956.986</ele>
    <time>2026-04-18T12:22:57Z</time>
   </trkpt>
   <trkpt lat="47.663530" lon="11.629867">
    <ele>954.935</ele>
    <time>2026-04-18T12:23:02Z</time>
   </trkpt>
   <trkpt lat="47.663310" lon="11.630041">
    <ele>950.639</ele>
    <time>2026-04-18T12:23:06Z</time>
   </trkpt>
   <trkpt lat="47.663098" lon="11.630068">
    <ele>948.183</ele>
    <time>2026-04-18T12:23:13Z</time>
   </trkpt>
   <trkpt lat="47.663149" lon="11.629892">
    <ele>945.807</ele>
    <time>2026-04-18T12:23:18Z</time>
   </trkpt>
   <trkpt lat="47.663562" lon="11.629415">
    <ele>942.648</ele>
    <time>2026-04-18T12:23:26Z</time>
   </trkpt>
   <trkpt lat="47.663739" lon="11.628895">
    <ele>938.675</ele>
    <time>2026-04-18T12:23:34Z</time>
   </trkpt>
   <trkpt lat="47.664234" lon="11.628439">
    <ele>935.029</ele>
    <time>2026-04-18T12:23:45Z</time>
   </trkpt>
   <trkpt lat="47.664288" lon="11.628373">
    <ele>934.149</ele>
    <time>2026-04-18T12:23:46Z</time>
   </trkpt>
   <trkpt lat="47.664589" lon="11.627951">
    <ele>931.814</ele>
    <time>2026-04-18T12:23:52Z</time>
   </trkpt>
   <trkpt lat="47.664672" lon="11.627495">
    <ele>928.912</ele>
    <time>2026-04-18T12:24:00Z</time>
   </trkpt>
   <trkpt lat="47.664881" lon="11.627420">
    <ele>926.183</ele>
    <time>2026-04-18T12:24:05Z</time>
   </trkpt>
   <trkpt lat="47.664989" lon="11.627170">
    <ele>922.689</ele>
    <time>2026-04-18T12:24:09Z</time>
   </trkpt>
   <trkpt lat="47.665044" lon="11.626878">
    <ele>913.227</ele>
    <time>2026-04-18T12:24:13Z</time>
   </trkpt>
   <trkpt lat="47.665088" lon="11.626671">
    <ele>910.349</ele>
    <time>2026-04-18T12:24:15Z</time>
   </trkpt>
   <trkpt lat="47.665115" lon="11.626425">
    <ele>908.903</ele>
    <time>2026-04-18T12:24:17Z</time>
   </trkpt>
   <trkpt lat="47.665118" lon="11.626015">
    <ele>905.201</ele>
    <time>2026-04-18T12:24:23Z</time>
   </trkpt>
   <trkpt lat="47.664953" lon="11.625590">
    <ele>901.290</ele>
    <time>2026-04-18T12:24:28Z</time>
   </trkpt>
   <trkpt lat="47.664907" lon="11.625133">
    <ele>895.811</ele>
    <time>2026-04-18T12:24:31Z</time>
   </trkpt>
   <trkpt lat="47.664512" lon="11.624220">
    <ele>887.626</ele>
    <time>2026-04-18T12:24:38Z</time>
   </trkpt>
   <trkpt lat="47.664564" lon="11.623573">
    <ele>880.861</ele>
    <time>2026-04-18T12:24:43Z</time>
   </trkpt>
   <trkpt lat="47.664655" lon="11.622998">
    <ele>876.226</ele>
    <time>2026-04-18T12:24:47Z</time>
   </trkpt>
   <trkpt lat="47.664701" lon="11.622685">
    <ele>873.485</ele>
    <time>2026-04-18T12:24:49Z</time>
   </trkpt>
   <trkpt lat="47.664673" lon="11.622043">
    <ele>868.565</ele>
    <time>2026-04-18T12:24:53Z</time>
   </trkpt>
   <trkpt lat="47.664520" lon="11.621587">
    <ele>865.164</ele>
    <time>2026-04-18T12:24:57Z</time>
   </trkpt>
   <trkpt lat="47.664698" lon="11.621128">
    <ele>860.966</ele>
    <time>2026-04-18T12:25:02Z</time>
   </trkpt>
   <trkpt lat="47.664912" lon="11.620898">
    <ele>859.945</ele>
    <time>2026-04-18T12:25:05Z</time>
   </trkpt>
   <trkpt lat="47.665246" lon="11.620709">
    <ele>857.043</ele>
    <time>2026-04-18T12:25:09Z</time>
   </trkpt>
   <trkpt lat="47.665479" lon="11.620487">
    <ele>855.757</ele>
    <time>2026-04-18T12:25:12Z</time>
   </trkpt>
   <trkpt lat="47.665823" lon="11.619959">
    <ele>852.510</ele>
    <time>2026-04-18T12:25:17Z</time>
   </trkpt>
   <trkpt lat="47.666129" lon="11.618928">
    <ele>846.650</ele>
    <time>2026-04-18T12:25:25Z</time>
   </trkpt>
   <trkpt lat="47.666318" lon="11.618314">
    <ele>843.391</ele>
    <time>2026-04-18T12:25:30Z</time>
   </trkpt>
   <trkpt lat="47.666487" lon="11.616921">
    <ele>836.136</ele>
    <time>2026-04-18T12:25:40Z</time>
   </trkpt>
   <trkpt lat="47.666463" lon="11.616442">
    <ele>834.506</ele>
    <time>2026-04-18T12:25:43Z</time>
   </trkpt>
   <trkpt lat="47.666369" lon="11.615587">
    <ele>827.478</ele>
    <time>2026-04-18T12:25:50Z</time>
   </trkpt>
   <trkpt lat="47.666296" lon="11.615277">
    <ele>823.844</ele>
    <time>2026-04-18T12:25:55Z</time>
   </trkpt>
   <trkpt lat="47.666173" lon="11.615034">
    <ele>822.008</ele>
    <time>2026-04-18T12:26:00Z</time>
   </trkpt>
   <trkpt lat="47.666128" lon="11.614841">
    <ele>820.024</ele>
    <time>2026-04-18T12:26:03Z</time>
   </trkpt>
   <trkpt lat="47.666118" lon="11.614574">
    <ele>817.945</ele>
    <time>2026-04-18T12:26:06Z</time>
   </trkpt>
   <trkpt lat="47.666074" lon="11.614093">
    <ele>813.568</ele>
    <time>2026-04-18T12:26:13Z</time>
   </trkpt>
   <trkpt lat="47.666183" lon="11.612952">
    <ele>804.894</ele>
    <time>2026-04-18T12:26:23Z</time>
   </trkpt>
   <trkpt lat="47.666258" lon="11.611173">
    <ele>796.844</ele>
    <time>2026-04-18T12:26:35Z</time>
   </trkpt>
   <trkpt lat="47.666331" lon="11.610790">
    <ele>796.285</ele>
    <time>2026-04-18T12:26:38Z</time>
   </trkpt>
   <trkpt lat="47.666701" lon="11.610077">
    <ele>792.246</ele>
    <time>2026-04-18T12:26:45Z</time>
   </trkpt>
   <trkpt lat="47.667329" lon="11.608606">
    <ele>778.835</ele>
    <time>2026-04-18T12:26:58Z</time>
   </trkpt>
   <trkpt lat="47.667580" lon="11.607766">
    <ele>765.794</ele>
    <time>2026-04-18T12:27:05Z</time>
   </trkpt>
   <trkpt lat="47.668329" lon="11.606343">
    <ele>753.888</ele>
    <time>2026-04-18T12:27:18Z</time>
   </trkpt>
   <trkpt lat="47.668453" lon="11.606112">
    <ele>752.154</ele>
    <time>2026-04-18T12:27:21Z</time>
   </trkpt>
   <trkpt lat="47.668586" lon="11.605893">
    <ele>749.728</ele>
    <time>2026-04-18T12:27:24Z</time>
   </trkpt>
   <trkpt lat="47.668894" lon="11.605014">
    <ele>745.562</ele>
    <time>2026-04-18T12:27:33Z</time>
   </trkpt>
   <trkpt lat="47.669437" lon="11.603697">
    <ele>741.615</ele>
    <time>2026-04-18T12:27:47Z</time>
   </trkpt>
   <trkpt lat="47.669940" lon="11.602100">
    <ele>733.506</ele>
    <time>2026-04-18T12:28:03Z</time>
   </trkpt>
   <trkpt lat="47.670281" lon="11.601029">
    <ele>728.682</ele>
    <time>2026-04-18T12:28:13Z</time>
   </trkpt>
   <trkpt lat="47.670506" lon="11.600662">
    <ele>726.180</ele>
    <time>2026-04-18T12:28:17Z</time>
   </trkpt>
   <trkpt lat="47.670661" lon="11.600221">
    <ele>724.564</ele>
    <time>2026-04-18T12:28:21Z</time>
   </trkpt>
   <trkpt lat="47.670949" lon="11.598221">
    <ele>717.604</ele>
    <time>2026-04-18T12:28:39Z</time>
   </trkpt>
   <trkpt lat="47.670967" lon="11.598065">
    <ele>717.233</ele>
    <time>2026-04-18T12:28:41Z</time>
   </trkpt>
   <trkpt lat="47.671150" lon="11.596591">
    <ele>712.861</ele>
    <time>2026-04-18T12:28:57Z</time>
   </trkpt>
   <trkpt lat="47.671273" lon="11.594928">
    <ele>707.890</ele>
    <time>2026-04-18T12:29:12Z</time>
   </trkpt>
   <trkpt lat="47.671294" lon="11.594716">
    <ele>707.156</ele>
    <time>2026-04-18T12:29:14Z</time>
   </trkpt>
   <trkpt lat="47.671255" lon="11.594294">
    <ele>705.858</ele>
    <time>2026-04-18T12:29:18Z</time>
   </trkpt>
   <trkpt lat="47.671205" lon="11.593815">
    <ele>703.284</ele>
    <time>2026-04-18T12:29:22Z</time>
   </trkpt>
   <trkpt lat="47.671223" lon="11.593563">
    <ele>702.014</ele>
    <time>2026-04-18T12:29:24Z</time>
   </trkpt>
   <trkpt lat="47.671339" lon="11.592906">
    <ele>702.287</ele>
    <time>2026-04-18T12:29:29Z</time>
   </trkpt>
   <trkpt lat="47.671386" lon="11.592400">
    <ele>702.440</ele>
    <time>2026-04-18T12:29:33Z</time>
   </trkpt>
   <trkpt lat="47.671363" lon="11.591769">
    <ele>701.692</ele>
    <time>2026-04-18T12:29:38Z</time>
   </trkpt>
   <trkpt lat="47.671375" lon="11.591254">
    <ele>701.291</ele>
    <time>2026-04-18T12:29:42Z</time>
   </trkpt>
   <trkpt lat="47.671272" lon="11.590215">
    <ele>699.961</ele>
    <time>2026-04-18T12:29:51Z</time>
   </trkpt>
   <trkpt lat="47.671446" lon="11.588965">
    <ele>696.225</ele>
    <time>2026-04-18T12:30:01Z</time>
   </trkpt>
   <trkpt lat="47.671496" lon="11.588769">
    <ele>695.759</ele>
    <time>2026-04-18T12:30:03Z</time>
   </trkpt>
   <trkpt lat="47.671665" lon="11.588353">
    <ele>693.891</ele>
    <time>2026-04-18T12:30:07Z</time>
   </trkpt>
   <trkpt lat="47.671897" lon="11.587096">
    <ele>691.119</ele>
    <time>2026-04-18T12:30:18Z</time>
   </trkpt>
   <trkpt lat="47.672054" lon="11.586051">
    <ele>687.880</ele>
    <time>2026-04-18T12:30:27Z</time>
   </trkpt>
   <trkpt lat="47.672171" lon="11.585406">
    <ele>685.731</ele>
    <time>2026-04-18T12:30:32Z</time>
   </trkpt>
   <trkpt lat="47.672397" lon="11.584639">
    <ele>681.769</ele>
    <time>2026-04-18T12:30:38Z</time>
   </trkpt>
   <trkpt lat="47.672526" lon="11.583679">
    <ele>679.105</ele>
    <time>2026-04-18T12:30:45Z</time>
   </trkpt>
   <trkpt lat="47.672558" lon="11.582456">
    <ele>676.326</ele>
    <time>2026-04-18T12:30:55Z</time>
   </trkpt>
   <trkpt lat="47.672616" lon="11.582186">
    <ele>676.623</ele>
    <time>2026-04-18T12:30:58Z</time>
   </trkpt>
   <trkpt lat="47.672867" lon="11.581902">
    <ele>677.789</ele>
    <time>2026-04-18T12:31:03Z</time>
   </trkpt>
   <trkpt lat="47.673650" lon="11.581174">
    <ele>677.925</ele>
    <time>2026-04-18T12:31:15Z</time>
   </trkpt>
   <trkpt lat="47.675028" lon="11.579893">
    <ele>672.540</ele>
    <time>2026-04-18T12:31:36Z</time>
   </trkpt>
   <trkpt lat="47.675775" lon="11.579180">
    <ele>669.402</ele>
    <time>2026-04-18T12:31:51Z</time>
   </trkpt>
   <trkpt lat="47.676650" lon="11.578435">
    <ele>668.503</ele>
    <time>2026-04-18T12:32:07Z</time>
   </trkpt>
   <trkpt lat="47.677535" lon="11.578007">
    <ele>667.237</ele>
    <time>2026-04-18T12:32:22Z</time>
   </trkpt>
   <trkpt lat="47.678228" lon="11.577792">
    <ele>664.894</ele>
    <time>2026-04-18T12:32:34Z</time>
   </trkpt>
   <trkpt lat="47.679351" lon="11.577843">
    <ele>664.515</ele>
    <time>2026-04-18T12:32:52Z</time>
   </trkpt>
   <trkpt lat="47.679471" lon="11.577846">
    <ele>665.065</ele>
    <time>2026-04-18T12:32:54Z</time>
   </trkpt>
   <trkpt lat="47.680137" lon="11.577401">
    <ele>663.379</ele>
    <time>2026-04-18T12:33:06Z</time>
   </trkpt>
   <trkpt lat="47.680566" lon="11.577109">
    <ele>662.127</ele>
    <time>2026-04-18T12:33:14Z</time>
   </trkpt>
   <trkpt lat="47.680758" lon="11.576630">
    <ele>662.825</ele>
    <time>2026-04-18T12:33:21Z</time>
   </trkpt>
   <trkpt lat="47.680300" lon="11.575223">
    <ele>660.896</ele>
    <time>2026-04-18T12:33:37Z</time>
   </trkpt>
   <trkpt lat="47.680029" lon="11.574440">
    <ele>659.610</ele>
    <time>2026-04-18T12:33:46Z</time>
   </trkpt>
   <trkpt lat="47.680166" lon="11.574100">
    <ele>659.166</ele>
    <time>2026-04-18T12:33:52Z</time>
   </trkpt>
   <trkpt lat="47.680374" lon="11.574085">
    <ele>658.426</ele>
    <time>2026-04-18T12:33:57Z</time>
   </trkpt>
   <trkpt lat="47.680457" lon="11.573791">
    <ele>660.438</ele>
    <time>2026-04-18T12:34:04Z</time>
   </trkpt>
   <trkpt lat="47.680444" lon="11.573751">
    <ele>660.970</ele>
    <time>2026-04-18T12:34:05Z</time>
   </trkpt>
  </trkseg>
 </trk>
</gpx>
