<?xml version="1.0" encoding="UTF-8" standalone="no" ?>
<gpx xmlns="http://www.topografix.com/GPX/1/1" creator="" version="1.1" xmlns:xsi="http://www.w3.org/2001/XMLSchema-instance" xsi:schemaLocation="http://www.topografix.com/GPX/1/1 http://www.topografix.com/GPX/1/1/gpx.xsd">
 <trk>
  <name>ACTIVE LOG231938</name>
  <trkseg>
   <trkpt lat="47.097046" lon="13.634056">
    <ele>1057.193</ele>
    <time>2026-06-22T06:19:38Z</time>
   </trkpt>
   <trkpt lat="47.097100" lon="13.634028">
    <ele>1066.651</ele>
    <time>2026-06-22T06:20:28Z</time>
   </trkpt>
   <trkpt lat="47.097178" lon="13.634185">
    <ele>1070.995</ele>
    <time>2026-06-22T06:20:32Z</time>
   </trkpt>
   <trkpt lat="47.097223" lon="13.634415">
    <ele>1073.795</ele>
    <time>2026-06-22T06:20:37Z</time>
   </trkpt>
   <trkpt lat="47.096895" lon="13.634438">
    <ele>1068.191</ele>
    <time>2026-06-22T06:20:44Z</time>
   </trkpt>
   <trkpt lat="47.096720" lon="13.634406">
    <ele>1066.394</ele>
    <time>2026-06-22T06:20:47Z</time>
   </trkpt>
   <trkpt lat="47.096542" lon="13.634294">
    <ele>1064.597</ele>
    <time>2026-06-22T06:20:51Z</time>
   </trkpt>
   <trkpt lat="47.096407" lon="13.634279">
    <ele>1065.167</ele>
    <time>2026-06-22T06:20:54Z</time>
   </trkpt>
   <trkpt lat="47.096211" lon="13.634846">
    <ele>1065.927</ele>
    <time>2026-06-22T06:21:04Z</time>
   </trkpt>
   <trkpt lat="47.096097" lon="13.635413">
    <ele>1065.441</ele>
    <time>2026-06-22T06:21:14Z</time>
   </trkpt>
   <trkpt lat="47.096074" lon="13.635671">
    <ele>1064.780</ele>
    <time>2026-06-22T06:21:18Z</time>
   </trkpt>
   <trkpt lat="47.095940" lon="13.635948">
    <ele>1063.582</ele>
    <time>2026-06-22T06:21:29Z</time>
   </trkpt>
   <trkpt lat="47.095939" lon="13.635947">
    <ele>1063.604</ele>
    <time>2026-06-22T06:21:38Z</time>
   </trkpt>
   <trkpt lat="47.095816" lon="13.636133">
    <ele>1064.001</ele>
    <time>2026-06-22T06:21:44Z</time>
   </trkpt>
   <trkpt lat="47.095691" lon="13.636676">
    <ele>1063.407</ele>
    <time>2026-06-22T06:21:51Z</time>
   </trkpt>
   <trkpt lat="47.095364" lon="13.636852">
    <ele>1061.737</ele>
    <time>2026-06-22T06:21:58Z</time>
   </trkpt>
   <trkpt lat="47.095317" lon="13.636799">
    <ele>1061.743</ele>
    <time>2026-06-22T06:21:59Z</time>
   </trkpt>
   <trkpt lat="47.095018" lon="13.636512">
    <ele>1062.820</ele>
    <time>2026-06-22T06:22:05Z</time>
   </trkpt>
   <trkpt lat="47.094683" lon="13.636315">
    <ele>1062.795</ele>
    <time>2026-06-22T06:22:11Z</time>
   </trkpt>
   <trkpt lat="47.094390" lon="13.636338">
    <ele>1063.107</ele>
    <time>2026-06-22T06:22:16Z</time>
   </trkpt>
   <trkpt lat="47.093292" lon="13.636917">
    <ele>1063.961</ele>
    <time>2026-06-22T06:22:37Z</time>
   </trkpt>
   <trkpt lat="47.093021" lon="13.637199">
    <ele>1062.668</ele>
    <time>2026-06-22T06:22:43Z</time>
   </trkpt>
   <trkpt lat="47.092142" lon="13.638036">
    <ele>1063.028</ele>
    <time>2026-06-22T06:23:04Z</time>
   </trkpt>
   <trkpt lat="47.091985" lon="13.638111">
    <ele>1063.088</ele>
    <time>2026-06-22T06:23:08Z</time>
   </trkpt>
   <trkpt lat="47.091529" lon="13.637995">
    <ele>1065.868</ele>
    <time>2026-06-22T06:23:23Z</time>
   </trkpt>
   <trkpt lat="47.090976" lon="13.638075">
    <ele>1068.905</ele>
    <time>2026-06-22T06:23:42Z</time>
   </trkpt>
   <trkpt lat="47.090547" lon="13.638049">
    <ele>1071.913</ele>
    <time>2026-06-22T06:24:00Z</time>
   </trkpt>
   <trkpt lat="47.090311" lon="13.638047">
    <ele>1074.290</ele>
    <time>2026-06-22T06:24:11Z</time>
   </trkpt>
   <trkpt lat="47.090016" lon="13.638127">
    <ele>1075.036</ele>
    <time>2026-06-22T06:24:26Z</time>
   </trkpt>
   <trkpt lat="47.090057" lon="13.638191">
    <ele>1074.404</ele>
    <time>2026-06-22T06:24:30Z</time>
   </trkpt>
   <trkpt lat="47.090177" lon="13.638896">
    <ele>1072.328</ele>
    <time>2026-06-22T06:24:45Z</time>
   </trkpt>
   <trkpt lat="47.090219" lon="13.639120">
    <ele>1072.016</ele>
    <time>2026-06-22T06:24:50Z</time>
   </trkpt>
   <trkpt lat="47.090213" lon="13.639549">
    <ele>1072.282</ele>
    <time>2026-06-22T06:24:56Z</time>
   </trkpt>
   <trkpt lat="47.090134" lon="13.639983">
    <ele>1071.976</ele>
    <time>2026-06-22T06:25:02Z</time>
   </trkpt>
   <trkpt lat="47.090089" lon="13.640142">
    <ele>1072.221</ele>
    <time>2026-06-22T06:25:09Z</time>
   </trkpt>
   <trkpt lat="47.090122" lon="13.640220">
    <ele>1071.563</ele>
    <time>2026-06-22T06:25:13Z</time>
   </trkpt>
   <trkpt lat="47.090063" lon="13.640458">
    <ele>1070.600</ele>
    <time>2026-06-22T06:25:17Z</time>
   </trkpt>
   <trkpt lat="47.089925" lon="13.640737">
    <ele>1068.235</ele>
    <time>2026-06-22T06:25:21Z</time>
   </trkpt>
   <trkpt lat="47.089941" lon="13.641037">
    <ele>1066.515</ele>
    <time>2026-06-22T06:25:25Z</time>
   </trkpt>
   <trkpt lat="47.090556" lon="13.641962">
    <ele>1061.325</ele>
    <time>2026-06-22T06:25:37Z</time>
   </trkpt>
   <trkpt lat="47.090759" lon="13.642175">
    <ele>1059.632</ele>
    <time>2026-06-22T06:25:40Z</time>
   </trkpt>
   <trkpt lat="47.090985" lon="13.642563">
    <ele>1057.357</ele>
    <time>2026-06-22T06:25:44Z</time>
   </trkpt>
   <trkpt lat="47.091074" lon="13.643405">
    <ele>1055.107</ele>
    <time>2026-06-22T06:25:51Z</time>
   </trkpt>
   <trkpt lat="47.091089" lon="13.643774">
    <ele>1054.170</ele>
    <time>2026-06-22T06:25:54Z</time>
   </trkpt>
   <trkpt lat="47.091254" lon="13.644316">
    <ele>1052.865</ele>
    <time>2026-06-22T06:25:59Z</time>
   </trkpt>
   <trkpt lat="47.091766" lon="13.644941">
    <ele>1051.948</ele>
    <time>2026-06-22T06:26:08Z</time>
   </trkpt>
   <trkpt lat="47.091951" lon="13.645244">
    <ele>1051.735</ele>
    <time>2026-06-22T06:26:12Z</time>
   </trkpt>
   <trkpt lat="47.091878" lon="13.645531">
    <ele>1051.951</ele>
    <time>2026-06-22T06:26:17Z</time>
   </trkpt>
   <trkpt lat="47.091799" lon="13.645638">
    <ele>1052.159</ele>
    <time>2026-06-22T06:26:19Z</time>
   </trkpt>
   <trkpt lat="47.091700" lon="13.646690">
    <ele>1051.911</ele>
    <time>2026-06-22T06:26:31Z</time>
   </trkpt>
   <trkpt lat="47.091725" lon="13.646869">
    <ele>1051.690</ele>
    <time>2026-06-22T06:26:33Z</time>
   </trkpt>
   <trkpt lat="47.091868" lon="13.647332">
    <ele>1050.187</ele>
    <time>2026-06-22T06:26:38Z</time>
   </trkpt>
   <trkpt lat="47.091884" lon="13.647895">
    <ele>1051.441</ele>
    <time>2026-06-22T06:26:44Z</time>
   </trkpt>
   <trkpt lat="47.092054" lon="13.648333">
    <ele>1050.751</ele>
    <time>2026-06-22T06:26:50Z</time>
   </trkpt>
   <trkpt lat="47.092308" lon="13.648597">
    <ele>1050.524</ele>
    <time>2026-06-22T06:26:55Z</time>
   </trkpt>
   <trkpt lat="47.092433" lon="13.649531">
    <ele>1050.771</ele>
    <time>2026-06-22T06:27:05Z</time>
   </trkpt>
   <trkpt lat="47.092632" lon="13.651991">
    <ele>1049.328</ele>
    <time>2026-06-22T06:27:31Z</time>
   </trkpt>
   <trkpt lat="47.092776" lon="13.654344">
    <ele>1049.701</ele>
    <time>2026-06-22T06:27:56Z</time>
   </trkpt>
   <trkpt lat="47.092960" lon="13.656502">
    <ele>1048.861</ele>
    <time>2026-06-22T06:28:19Z</time>
   </trkpt>
   <trkpt lat="47.093072" lon="13.657973">
    <ele>1048.816</ele>
    <time>2026-06-22T06:28:35Z</time>
   </trkpt>
   <trkpt lat="47.092969" lon="13.658191">
    <ele>1048.740</ele>
    <time>2026-06-22T06:28:39Z</time>
   </trkpt>
   <trkpt lat="47.092287" lon="13.658392">
    <ele>1048.664</ele>
    <time>2026-06-22T06:28:50Z</time>
   </trkpt>
   <trkpt lat="47.092155" lon="13.658778">
    <ele>1047.883</ele>
    <time>2026-06-22T06:28:55Z</time>
   </trkpt>
   <trkpt lat="47.092228" lon="13.659982">
    <ele>1046.209</ele>
    <time>2026-06-22T06:29:07Z</time>
   </trkpt>
   <trkpt lat="47.092072" lon="13.661230">
    <ele>1046.240</ele>
    <time>2026-06-22T06:29:20Z</time>
   </trkpt>
   <trkpt lat="47.092064" lon="13.662166">
    <ele>1046.848</ele>
    <time>2026-06-22T06:29:30Z</time>
   </trkpt>
   <trkpt lat="47.092299" lon="13.662502">
    <ele>1047.377</ele>
    <time>2026-06-22T06:29:36Z</time>
   </trkpt>
   <trkpt lat="47.092543" lon="13.662495">
    <ele>1047.603</ele>
    <time>2026-06-22T06:29:40Z</time>
   </trkpt>
   <trkpt lat="47.092741" lon="13.662383">
    <ele>1048.536</ele>
    <time>2026-06-22T06:29:48Z</time>
   </trkpt>
   <trkpt lat="47.092848" lon="13.662324">
    <ele>1048.393</ele>
    <time>2026-06-22T06:30:13Z</time>
   </trkpt>
   <trkpt lat="47.093095" lon="13.662573">
    <ele>1047.824</ele>
    <time>2026-06-22T06:30:21Z</time>
   </trkpt>
   <trkpt lat="47.092955" lon="13.664601">
    <ele>1047.420</ele>
    <time>2026-06-22T06:30:43Z</time>
   </trkpt>
   <trkpt lat="47.092637" lon="13.667190">
    <ele>1046.178</ele>
    <time>2026-06-22T06:31:12Z</time>
   </trkpt>
   <trkpt lat="47.092181" lon="13.669364">
    <ele>1045.992</ele>
    <time>2026-06-22T06:31:37Z</time>
   </trkpt>
   <trkpt lat="47.091679" lon="13.671248">
    <ele>1045.790</ele>
    <time>2026-06-22T06:32:00Z</time>
   </trkpt>
   <trkpt lat="47.091489" lon="13.671900">
    <ele>1046.694</ele>
    <time>2026-06-22T06:32:09Z</time>
   </trkpt>
   <trkpt lat="47.091284" lon="13.672193">
    <ele>1047.377</ele>
    <time>2026-06-22T06:32:14Z</time>
   </trkpt>
   <trkpt lat="47.090949" lon="13.672504">
    <ele>1049.724</ele>
    <time>2026-06-22T06:32:22Z</time>
   </trkpt>
   <trkpt lat="47.090198" lon="13.673377">
    <ele>1051.812</ele>
    <time>2026-06-22T06:32:37Z</time>
   </trkpt>
   <trkpt lat="47.090128" lon="13.673520">
    <ele>1051.958</ele>
    <time>2026-06-22T06:32:39Z</time>
   </trkpt>
   <trkpt lat="47.089880" lon="13.674461">
    <ele>1051.685</ele>
    <time>2026-06-22T06:32:50Z</time>
   </trkpt>
   <trkpt lat="47.089634" lon="13.675209">
    <ele>1048.875</ele>
    <time>2026-06-22T06:32:59Z</time>
   </trkpt>
   <trkpt lat="47.089696" lon="13.675607">
    <ele>1047.226</ele>
    <time>2026-06-22T06:33:04Z</time>
   </trkpt>
   <trkpt lat="47.089731" lon="13.675760">
    <ele>1047.836</ele>
    <time>2026-06-22T06:33:10Z</time>
   </trkpt>
   <trkpt lat="47.089714" lon="13.675580">
    <ele>1048.686</ele>
    <time>2026-06-22T06:33:16Z</time>
   </trkpt>
   <trkpt lat="47.089668" lon="13.675400">
    <ele>1049.496</ele>
    <time>2026-06-22T06:33:20Z</time>
   </trkpt>
   <trkpt lat="47.089815" lon="13.675340">
    <ele>1047.878</ele>
    <time>2026-06-22T06:33:26Z</time>
   </trkpt>
   <trkpt lat="47.089871" lon="13.675430">
    <ele>1048.015</ele>
    <time>2026-06-22T06:33:28Z</time>
   </trkpt>
   <trkpt lat="47.089988" lon="13.675580">
    <ele>1047.779</ele>
    <time>2026-06-22T06:33:32Z</time>
   </trkpt>
   <trkpt lat="47.090092" lon="13.675567">
    <ele>1047.282</ele>
    <time>2026-06-22T06:33:35Z</time>
   </trkpt>
   <trkpt lat="47.090318" lon="13.675716">
    <ele>1046.121</ele>
    <time>2026-06-22T06:33:41Z</time>
   </trkpt>
   <trkpt lat="47.090399" lon="13.675929">
    <ele>1047.957</ele>
    <time>2026-06-22T06:33:45Z</time>
   </trkpt>
   <trkpt lat="47.090402" lon="13.676119">
    <ele>1048.545</ele>
    <time>2026-06-22T06:33:48Z</time>
   </trkpt>
   <trkpt lat="47.090345" lon="13.676320">
    <ele>1051.735</ele>
    <time>2026-06-22T06:33:56Z</time>
   </trkpt>
   <trkpt lat="47.090258" lon="13.676840">
    <ele>1055.596</ele>
    <time>2026-06-22T06:34:06Z</time>
   </trkpt>
   <trkpt lat="47.090191" lon="13.677256">
    <ele>1058.521</ele>
    <time>2026-06-22T06:34:11Z</time>
   </trkpt>
   <trkpt lat="47.090125" lon="13.677868">
    <ele>1057.865</ele>
    <time>2026-06-22T06:34:18Z</time>
   </trkpt>
   <trkpt lat="47.090059" lon="13.679423">
    <ele>1057.121</ele>
    <time>2026-06-22T06:34:35Z</time>
   </trkpt>
   <trkpt lat="47.090102" lon="13.681479">
    <ele>1048.106</ele>
    <time>2026-06-22T06:34:58Z</time>
   </trkpt>
   <trkpt lat="47.090063" lon="13.682760">
    <ele>1045.652</ele>
    <time>2026-06-22T06:35:12Z</time>
   </trkpt>
   <trkpt lat="47.089704" lon="13.684212">
    <ele>1045.987</ele>
    <time>2026-06-22T06:35:29Z</time>
   </trkpt>
   <trkpt lat="47.089063" lon="13.685607">
    <ele>1046.339</ele>
    <time>2026-06-22T06:35:48Z</time>
   </trkpt>
   <trkpt lat="47.088277" lon="13.687349">
    <ele>1049.150</ele>
    <time>2026-06-22T06:36:11Z</time>
   </trkpt>
   <trkpt lat="47.087718" lon="13.688653">
    <ele>1042.768</ele>
    <time>2026-06-22T06:36:28Z</time>
   </trkpt>
   <trkpt lat="47.087426" lon="13.689615">
    <ele>1043.166</ele>
    <time>2026-06-22T06:36:40Z</time>
   </trkpt>
   <trkpt lat="47.087196" lon="13.689826">
    <ele>1042.822</ele>
    <time>2026-06-22T06:36:45Z</time>
   </trkpt>
   <trkpt lat="47.086801" lon="13.690492">
    <ele>1044.235</ele>
    <time>2026-06-22T06:36:56Z</time>
   </trkpt>
   <trkpt lat="47.086464" lon="13.690509">
    <ele>1045.191</ele>
    <time>2026-06-22T06:37:05Z</time>
   </trkpt>
   <trkpt lat="47.086485" lon="13.690011">
    <ele>1045.204</ele>
    <time>2026-06-22T06:37:11Z</time>
   </trkpt>
   <trkpt lat="47.086373" lon="13.689622">
    <ele>1045.148</ele>
    <time>2026-06-22T06:37:16Z</time>
   </trkpt>
   <trkpt lat="47.085956" lon="13.689065">
    <ele>1045.455</ele>
    <time>2026-06-22T06:37:26Z</time>
   </trkpt>
   <trkpt lat="47.085757" lon="13.688896">
    <ele>1045.542</ele>
    <time>2026-06-22T06:37:30Z</time>
   </trkpt>
   <trkpt lat="47.085609" lon="13.688596">
    <ele>1046.839</ele>
    <time>2026-06-22T06:37:35Z</time>
   </trkpt>
   <trkpt lat="47.085518" lon="13.688169">
    <ele>1047.147</ele>
    <time>2026-06-22T06:37:41Z</time>
   </trkpt>
   <trkpt lat="47.085226" lon="13.687833">
    <ele>1047.625</ele>
    <time>2026-06-22T06:37:49Z</time>
   </trkpt>
   <trkpt lat="47.085042" lon="13.687862">
    <ele>1048.531</ele>
    <time>2026-06-22T06:37:54Z</time>
   </trkpt>
   <trkpt lat="47.084886" lon="13.688072">
    <ele>1048.297</ele>
    <time>2026-06-22T06:37:59Z</time>
   </trkpt>
   <trkpt lat="47.084151" lon="13.688517">
    <ele>1052.248</ele>
    <time>2026-06-22T06:38:18Z</time>
   </trkpt>
   <trkpt lat="47.083365" lon="13.689002">
    <ele>1055.653</ele>
    <time>2026-06-22T06:38:39Z</time>
   </trkpt>
   <trkpt lat="47.082629" lon="13.689651">
    <ele>1058.683</ele>
    <time>2026-06-22T06:39:03Z</time>
   </trkpt>
   <trkpt lat="47.081849" lon="13.690267">
    <ele>1061.333</ele>
    <time>2026-06-22T06:39:27Z</time>
   </trkpt>
   <trkpt lat="47.081405" lon="13.690630">
    <ele>1063.010</ele>
    <time>2026-06-22T06:39:44Z</time>
   </trkpt>
   <trkpt lat="47.080858" lon="13.691131">
    <ele>1065.382</ele>
    <time>2026-06-22T06:40:04Z</time>
   </trkpt>
   <trkpt lat="47.080436" lon="13.691605">
    <ele>1069.069</ele>
    <time>2026-06-22T06:40:23Z</time>
   </trkpt>
   <trkpt lat="47.080030" lon="13.692174">
    <ele>1070.856</ele>
    <time>2026-06-22T06:40:43Z</time>
   </trkpt>
   <trkpt lat="47.079773" lon="13.693032">
    <ele>1075.225</ele>
    <time>2026-06-22T06:41:06Z</time>
   </trkpt>
   <trkpt lat="47.079768" lon="13.693590">
    <ele>1076.232</ele>
    <time>2026-06-22T06:41:20Z</time>
   </trkpt>
   <trkpt lat="47.079899" lon="13.694272">
    <ele>1076.160</ele>
    <time>2026-06-22T06:41:34Z</time>
   </trkpt>
   <trkpt lat="47.079954" lon="13.694604">
    <ele>1075.410</ele>
    <time>2026-06-22T06:41:40Z</time>
   </trkpt>
   <trkpt lat="47.079938" lon="13.695399">
    <ele>1074.234</ele>
    <time>2026-06-22T06:41:51Z</time>
   </trkpt>
   <trkpt lat="47.079964" lon="13.695712">
    <ele>1073.197</ele>
    <time>2026-06-22T06:41:55Z</time>
   </trkpt>
   <trkpt lat="47.080433" lon="13.696731">
    <ele>1067.818</ele>
    <time>2026-06-22T06:42:07Z</time>
   </trkpt>
   <trkpt lat="47.080563" lon="13.696877">
    <ele>1066.909</ele>
    <time>2026-06-22T06:42:09Z</time>
   </trkpt>
   <trkpt lat="47.081516" lon="13.697532">
    <ele>1062.779</ele>
    <time>2026-06-22T06:42:21Z</time>
   </trkpt>
   <trkpt lat="47.081588" lon="13.697608">
    <ele>1062.314</ele>
    <time>2026-06-22T06:42:22Z</time>
   </trkpt>
   <trkpt lat="47.081834" lon="13.698251">
    <ele>1060.016</ele>
    <time>2026-06-22T06:42:28Z</time>
   </trkpt>
   <trkpt lat="47.082026" lon="13.699546">
    <ele>1060.977</ele>
    <time>2026-06-22T06:42:41Z</time>
   </trkpt>
   <trkpt lat="47.082454" lon="13.700902">
    <ele>1056.025</ele>
    <time>2026-06-22T06:42:56Z</time>
   </trkpt>
   <trkpt lat="47.083050" lon="13.702497">
    <ele>1050.962</ele>
    <time>2026-06-22T06:43:12Z</time>
   </trkpt>
   <trkpt lat="47.083658" lon="13.705322">
    <ele>1045.790</ele>
    <time>2026-06-22T06:43:37Z</time>
   </trkpt>
   <trkpt lat="47.084293" lon="13.707004">
    <ele>1043.330</ele>
    <time>2026-06-22T06:43:54Z</time>
   </trkpt>
   <trkpt lat="47.085086" lon="13.709920">
    <ele>1039.963</ele>
    <time>2026-06-22T06:44:23Z</time>
   </trkpt>
   <trkpt lat="47.085058" lon="13.710941">
    <ele>1041.948</ele>
    <time>2026-06-22T06:44:35Z</time>
   </trkpt>
   <trkpt lat="47.085048" lon="13.711885">
    <ele>1046.582</ele>
    <time>2026-06-22T06:44:53Z</time>
   </trkpt>
   <trkpt lat="47.085100" lon="13.712668">
    <ele>1052.135</ele>
    <time>2026-06-22T06:45:17Z</time>
   </trkpt>
   <trkpt lat="47.085168" lon="13.713383">
    <ele>1055.854</ele>
    <time>2026-06-22T06:45:43Z</time>
   </trkpt>
   <trkpt lat="47.085280" lon="13.713960">
    <ele>1059.699</ele>
    <time>2026-06-22T06:46:05Z</time>
   </trkpt>
   <trkpt lat="47.085469" lon="13.714623">
    <ele>1064.711</ele>
    <time>2026-06-22T06:46:32Z</time>
   </trkpt>
   <trkpt lat="47.085693" lon="13.715113">
    <ele>1069.582</ele>
    <time>2026-06-22T06:46:55Z</time>
   </trkpt>
   <trkpt lat="47.085907" lon="13.715279">
    <ele>1072.605</ele>
    <time>2026-06-22T06:47:11Z</time>
   </trkpt>
   <trkpt lat="47.086177" lon="13.715335">
    <ele>1075.536</ele>
    <time>2026-06-22T06:47:28Z</time>
   </trkpt>
   <trkpt lat="47.086474" lon="13.715440">
    <ele>1078.990</ele>
    <time>2026-06-22T06:47:46Z</time>
   </trkpt>
   <trkpt lat="47.086747" lon="13.715660">
    <ele>1082.691</ele>
    <time>2026-06-22T06:48:07Z</time>
   </trkpt>
   <trkpt lat="47.086950" lon="13.716024">
    <ele>1086.326</ele>
    <time>2026-06-22T06:48:28Z</time>
   </trkpt>
   <trkpt lat="47.087115" lon="13.716423">
    <ele>1090.772</ele>
    <time>2026-06-22T06:48:48Z</time>
   </trkpt>
   <trkpt lat="47.087197" lon="13.716925">
    <ele>1095.722</ele>
    <time>2026-06-22T06:49:11Z</time>
   </trkpt>
   <trkpt lat="47.087176" lon="13.717401">
    <ele>1101.514</ele>
    <time>2026-06-22T06:49:33Z</time>
   </trkpt>
   <trkpt lat="47.087195" lon="13.717486">
    <ele>1101.842</ele>
    <time>2026-06-22T06:49:37Z</time>
   </trkpt>
   <trkpt lat="47.087206" lon="13.717507">
    <ele>1101.105</ele>
    <time>2026-06-22T06:49:54Z</time>
   </trkpt>
   <trkpt lat="47.087204" lon="13.717507">
    <ele>1101.112</ele>
    <time>2026-06-22T06:50:49Z</time>
   </trkpt>
   <trkpt lat="47.087102" lon="13.717498">
    <ele>1101.505</ele>
    <time>2026-06-22T06:50:57Z</time>
   </trkpt>
   <trkpt lat="47.087081" lon="13.717522">
    <ele>1101.808</ele>
    <time>2026-06-22T06:50:58Z</time>
   </trkpt>
   <trkpt lat="47.086604" lon="13.718163">
    <ele>1104.382</ele>
    <time>2026-06-22T06:51:14Z</time>
   </trkpt>
   <trkpt lat="47.086463" lon="13.718447">
    <ele>1104.852</ele>
    <time>2026-06-22T06:51:19Z</time>
   </trkpt>
   <trkpt lat="47.086396" lon="13.718562">
    <ele>1104.791</ele>
    <time>2026-06-22T06:51:21Z</time>
   </trkpt>
   <trkpt lat="47.085704" lon="13.719916">
    <ele>1104.786</ele>
    <time>2026-06-22T06:51:40Z</time>
   </trkpt>
   <trkpt lat="47.085187" lon="13.721144">
    <ele>1107.399</ele>
    <time>2026-06-22T06:51:58Z</time>
   </trkpt>
   <trkpt lat="47.085113" lon="13.721315">
    <ele>1107.795</ele>
    <time>2026-06-22T06:52:01Z</time>
   </trkpt>
   <trkpt lat="47.084822" lon="13.722502">
    <ele>1111.661</ele>
    <time>2026-06-22T06:52:23Z</time>
   </trkpt>
   <trkpt lat="47.084734" lon="13.723114">
    <ele>1118.058</ele>
    <time>2026-06-22T06:52:42Z</time>
   </trkpt>
   <trkpt lat="47.084627" lon="13.723608">
    <ele>1122.368</ele>
    <time>2026-06-22T06:53:01Z</time>
   </trkpt>
   <trkpt lat="47.084313" lon="13.723763">
    <ele>1125.015</ele>
    <time>2026-06-22T06:53:19Z</time>
   </trkpt>
   <trkpt lat="47.083877" lon="13.723779">
    <ele>1127.283</ele>
    <time>2026-06-22T06:53:43Z</time>
   </trkpt>
   <trkpt lat="47.083484" lon="13.723634">
    <ele>1130.768</ele>
    <time>2026-06-22T06:54:06Z</time>
   </trkpt>
   <trkpt lat="47.083213" lon="13.723287">
    <ele>1134.298</ele>
    <time>2026-06-22T06:54:27Z</time>
   </trkpt>
   <trkpt lat="47.082867" lon="13.722826">
    <ele>1138.273</ele>
    <time>2026-06-22T06:54:52Z</time>
   </trkpt>
   <trkpt lat="47.082495" lon="13.722552">
    <ele>1140.646</ele>
    <time>2026-06-22T06:55:10Z</time>
   </trkpt>
   <trkpt lat="47.081942" lon="13.722740">
    <ele>1139.653</ele>
    <time>2026-06-22T06:55:23Z</time>
   </trkpt>
   <trkpt lat="47.081541" lon="13.722883">
    <ele>1138.389</ele>
    <time>2026-06-22T06:55:29Z</time>
   </trkpt>
   <trkpt lat="47.080517" lon="13.723612">
    <ele>1141.412</ele>
    <time>2026-06-22T06:55:47Z</time>
   </trkpt>
   <trkpt lat="47.079759" lon="13.724337">
    <ele>1142.403</ele>
    <time>2026-06-22T06:56:04Z</time>
   </trkpt>
   <trkpt lat="47.078870" lon="13.724886">
    <ele>1143.435</ele>
    <time>2026-06-22T06:56:23Z</time>
   </trkpt>
   <trkpt lat="47.077612" lon="13.724913">
    <ele>1141.881</ele>
    <time>2026-06-22T06:56:46Z</time>
   </trkpt>
   <trkpt lat="47.076727" lon="13.724755">
    <ele>1144.968</ele>
    <time>2026-06-22T06:57:05Z</time>
   </trkpt>
   <trkpt lat="47.075987" lon="13.724826">
    <ele>1148.832</ele>
    <time>2026-06-22T06:57:27Z</time>
   </trkpt>
   <trkpt lat="47.075360" lon="13.725022">
    <ele>1152.315</ele>
    <time>2026-06-22T06:57:48Z</time>
   </trkpt>
   <trkpt lat="47.075020" lon="13.725070">
    <ele>1155.274</ele>
    <time>2026-06-22T06:58:05Z</time>
   </trkpt>
   <trkpt lat="47.074652" lon="13.724786">
    <ele>1158.568</ele>
    <time>2026-06-22T06:58:26Z</time>
   </trkpt>
   <trkpt lat="47.074562" lon="13.724651">
    <ele>1160.723</ele>
    <time>2026-06-22T06:58:43Z</time>
   </trkpt>
   <trkpt lat="47.074546" lon="13.724664">
    <ele>1160.690</ele>
    <time>2026-06-22T06:59:09Z</time>
   </trkpt>
   <trkpt lat="47.074847" lon="13.725018">
    <ele>1156.475</ele>
    <time>2026-06-22T06:59:19Z</time>
   </trkpt>
   <trkpt lat="47.074952" lon="13.725083">
    <ele>1155.352</ele>
    <time>2026-06-22T06:59:21Z</time>
   </trkpt>
   <trkpt lat="47.075226" lon="13.725099">
    <ele>1152.750</ele>
    <time>2026-06-22T06:59:25Z</time>
   </trkpt>
   <trkpt lat="47.075397" lon="13.725065">
    <ele>1150.440</ele>
    <time>2026-06-22T06:59:28Z</time>
   </trkpt>
   <trkpt lat="47.075329" lon="13.725232">
    <ele>1148.456</ele>
    <time>2026-06-22T06:59:34Z</time>
   </trkpt>
   <trkpt lat="47.075209" lon="13.725356">
    <ele>1149.009</ele>
    <time>2026-06-22T06:59:37Z</time>
   </trkpt>
   <trkpt lat="47.075084" lon="13.725452">
    <ele>1148.489</ele>
    <time>2026-06-22T06:59:40Z</time>
   </trkpt>
   <trkpt lat="47.074832" lon="13.725607">
    <ele>1149.584</ele>
    <time>2026-06-22T06:59:47Z</time>
   </trkpt>
   <trkpt lat="47.074626" lon="13.725726">
    <ele>1149.821</ele>
    <time>2026-06-22T06:59:52Z</time>
   </trkpt>
  </trkseg>
 </trk>
 <trk>
  <name>ACTIVE LOG000009</name>
  <trkseg>
   <trkpt lat="47.073884" lon="13.725619">
    <ele>1150.703</ele>
    <time>2026-06-22T07:00:09Z</time>
   </trkpt>
   <trkpt lat="47.073140" lon="13.725577">
    <ele>1154.877</ele>
    <time>2026-06-22T07:00:29Z</time>
   </trkpt>
   <trkpt lat="47.072679" lon="13.725634">
    <ele>1158.395</ele>
    <time>2026-06-22T07:00:50Z</time>
   </trkpt>
   <trkpt lat="47.072566" lon="13.725622">
    <ele>1158.771</ele>
    <time>2026-06-22T07:00:56Z</time>
   </trkpt>
   <trkpt lat="47.072288" lon="13.725399">
    <ele>1158.685</ele>
    <time>2026-06-22T07:01:07Z</time>
   </trkpt>
   <trkpt lat="47.071966" lon="13.725080">
    <ele>1156.483</ele>
    <time>2026-06-22T07:01:18Z</time>
   </trkpt>
   <trkpt lat="47.071714" lon="13.724948">
    <ele>1155.204</ele>
    <time>2026-06-22T07:01:30Z</time>
   </trkpt>
   <trkpt lat="47.071454" lon="13.724806">
    <ele>1156.352</ele>
    <time>2026-06-22T07:01:37Z</time>
   </trkpt>
   <trkpt lat="47.071105" lon="13.724859">
    <ele>1154.805</ele>
    <time>2026-06-22T07:01:47Z</time>
   </trkpt>
   <trkpt lat="47.070634" lon="13.724917">
    <ele>1157.158</ele>
    <time>2026-06-22T07:02:02Z</time>
   </trkpt>
   <trkpt lat="47.070218" lon="13.724812">
    <ele>1156.729</ele>
    <time>2026-06-22T07:02:13Z</time>
   </trkpt>
   <trkpt lat="47.069964" lon="13.724837">
    <ele>1156.643</ele>
    <time>2026-06-22T07:02:19Z</time>
   </trkpt>
   <trkpt lat="47.069759" lon="13.724836">
    <ele>1159.099</ele>
    <time>2026-06-22T07:02:24Z</time>
   </trkpt>
   <trkpt lat="47.069302" lon="13.724856">
    <ele>1160.156</ele>
    <time>2026-06-22T07:02:39Z</time>
   </trkpt>
   <trkpt lat="47.068876" lon="13.724899">
    <ele>1161.947</ele>
    <time>2026-06-22T07:02:54Z</time>
   </trkpt>
   <trkpt lat="47.068790" lon="13.724885">
    <ele>1162.238</ele>
    <time>2026-06-22T07:02:57Z</time>
   </trkpt>
   <trkpt lat="47.068488" lon="13.724839">
    <ele>1162.065</ele>
    <time>2026-06-22T07:03:12Z</time>
   </trkpt>
   <trkpt lat="47.068197" lon="13.724605">
    <ele>1162.741</ele>
    <time>2026-06-22T07:03:26Z</time>
   </trkpt>
   <trkpt lat="47.067880" lon="13.724359">
    <ele>1161.141</ele>
    <time>2026-06-22T07:03:39Z</time>
   </trkpt>
   <trkpt lat="47.067804" lon="13.724349">
    <ele>1159.202</ele>
    <time>2026-06-22T07:03:41Z</time>
   </trkpt>
   <trkpt lat="47.067635" lon="13.724248">
    <ele>1155.930</ele>
    <time>2026-06-22T07:03:45Z</time>
   </trkpt>
   <trkpt lat="47.067199" lon="13.724059">
    <ele>1156.881</ele>
    <time>2026-06-22T07:03:57Z</time>
   </trkpt>
   <trkpt lat="47.067115" lon="13.724046">
    <ele>1155.827</ele>
    <time>2026-06-22T07:04:00Z</time>
   </trkpt>
   <trkpt lat="47.067185" lon="13.724068">
    <ele>1154.769</ele>
    <time>2026-06-22T07:04:14Z</time>
   </trkpt>
   <trkpt lat="47.067175" lon="13.724060">
    <ele>1154.491</ele>
    <time>2026-06-22T07:04:36Z</time>
   </trkpt>
   <trkpt lat="47.067102" lon="13.724071">
    <ele>1154.118</ele>
    <time>2026-06-22T07:04:41Z</time>
   </trkpt>
   <trkpt lat="47.067060" lon="13.724052">
    <ele>1154.283</ele>
    <time>2026-06-22T07:04:56Z</time>
   </trkpt>
   <trkpt lat="47.067060" lon="13.724051">
    <ele>1154.027</ele>
    <time>2026-06-22T07:05:07Z</time>
   </trkpt>
   <trkpt lat="47.066978" lon="13.723981">
    <ele>1156.083</ele>
    <time>2026-06-22T07:05:15Z</time>
   </trkpt>
   <trkpt lat="47.066941" lon="13.723977">
    <ele>1156.410</ele>
    <time>2026-06-22T07:05:17Z</time>
   </trkpt>
   <trkpt lat="47.066754" lon="13.723754">
    <ele>1158.741</ele>
    <time>2026-06-22T07:05:29Z</time>
   </trkpt>
   <trkpt lat="47.066732" lon="13.723737">
    <ele>1159.042</ele>
    <time>2026-06-22T07:05:30Z</time>
   </trkpt>
   <trkpt lat="47.066389" lon="13.723526">
    <ele>1158.014</ele>
    <time>2026-06-22T07:05:45Z</time>
   </trkpt>
   <trkpt lat="47.066093" lon="13.723331">
    <ele>1156.580</ele>
    <time>2026-06-22T07:05:59Z</time>
   </trkpt>
   <trkpt lat="47.065974" lon="13.723169">
    <ele>1158.749</ele>
    <time>2026-06-22T07:06:12Z</time>
   </trkpt>
   <trkpt lat="47.065998" lon="13.723185">
    <ele>1160.754</ele>
    <time>2026-06-22T07:06:34Z</time>
   </trkpt>
   <trkpt lat="47.066098" lon="13.723251">
    <ele>1161.004</ele>
    <time>2026-06-22T07:06:37Z</time>
   </trkpt>
   <trkpt lat="47.066400" lon="13.723433">
    <ele>1161.107</ele>
    <time>2026-06-22T07:06:43Z</time>
   </trkpt>
   <trkpt lat="47.066579" lon="13.723636">
    <ele>1159.745</ele>
    <time>2026-06-22T07:06:47Z</time>
   </trkpt>
   <trkpt lat="47.066860" lon="13.723949">
    <ele>1158.681</ele>
    <time>2026-06-22T07:06:52Z</time>
   </trkpt>
   <trkpt lat="47.067185" lon="13.724110">
    <ele>1153.189</ele>
    <time>2026-06-22T07:06:56Z</time>
   </trkpt>
   <trkpt lat="47.067391" lon="13.724225">
    <ele>1152.011</ele>
    <time>2026-06-22T07:06:59Z</time>
   </trkpt>
   <trkpt lat="47.067708" lon="13.724359">
    <ele>1147.699</ele>
    <time>2026-06-22T07:07:03Z</time>
   </trkpt>
   <trkpt lat="47.067903" lon="13.724467">
    <ele>1147.200</ele>
    <time>2026-06-22T07:07:06Z</time>
   </trkpt>
   <trkpt lat="47.068211" lon="13.724802">
    <ele>1153.074</ele>
    <time>2026-06-22T07:07:12Z</time>
   </trkpt>
   <trkpt lat="47.068343" lon="13.724986">
    <ele>1152.234</ele>
    <time>2026-06-22T07:07:15Z</time>
   </trkpt>
   <trkpt lat="47.068633" lon="13.725092">
    <ele>1153.110</ele>
    <time>2026-06-22T07:07:20Z</time>
   </trkpt>
   <trkpt lat="47.069195" lon="13.725139">
    <ele>1152.081</ele>
    <time>2026-06-22T07:07:32Z</time>
   </trkpt>
   <trkpt lat="47.069350" lon="13.725120">
    <ele>1149.857</ele>
    <time>2026-06-22T07:07:40Z</time>
   </trkpt>
   <trkpt lat="47.069357" lon="13.725120">
    <ele>1149.873</ele>
    <time>2026-06-22T07:07:52Z</time>
   </trkpt>
   <trkpt lat="47.069439" lon="13.725119">
    <ele>1149.385</ele>
    <time>2026-06-22T07:07:56Z</time>
   </trkpt>
   <trkpt lat="47.069508" lon="13.725071">
    <ele>1147.904</ele>
    <time>2026-06-22T07:07:59Z</time>
   </trkpt>
   <trkpt lat="47.069862" lon="13.725008">
    <ele>1143.605</ele>
    <time>2026-06-22T07:08:05Z</time>
   </trkpt>
   <trkpt lat="47.070500" lon="13.725252">
    <ele>1141.580</ele>
    <time>2026-06-22T07:08:13Z</time>
   </trkpt>
   <trkpt lat="47.070655" lon="13.725435">
    <ele>1140.922</ele>
    <time>2026-06-22T07:08:17Z</time>
   </trkpt>
   <trkpt lat="47.070975" lon="13.725462">
    <ele>1137.230</ele>
    <time>2026-06-22T07:08:23Z</time>
   </trkpt>
   <trkpt lat="47.071369" lon="13.725359">
    <ele>1132.082</ele>
    <time>2026-06-22T07:08:32Z</time>
   </trkpt>
   <trkpt lat="47.071768" lon="13.725512">
    <ele>1128.739</ele>
    <time>2026-06-22T07:08:37Z</time>
   </trkpt>
   <trkpt lat="47.072162" lon="13.725991">
    <ele>1128.616</ele>
    <time>2026-06-22T07:08:46Z</time>
   </trkpt>
   <trkpt lat="47.072186" lon="13.726294">
    <ele>1129.550</ele>
    <time>2026-06-22T07:08:51Z</time>
   </trkpt>
   <trkpt lat="47.072111" lon="13.726553">
    <ele>1130.124</ele>
    <time>2026-06-22T07:08:56Z</time>
   </trkpt>
   <trkpt lat="47.072178" lon="13.726879">
    <ele>1128.436</ele>
    <time>2026-06-22T07:09:01Z</time>
   </trkpt>
   <trkpt lat="47.072290" lon="13.727113">
    <ele>1127.199</ele>
    <time>2026-06-22T07:09:05Z</time>
   </trkpt>
   <trkpt lat="47.072348" lon="13.727229">
    <ele>1126.622</ele>
    <time>2026-06-22T07:09:07Z</time>
   </trkpt>
   <trkpt lat="47.072502" lon="13.727425">
    <ele>1125.620</ele>
    <time>2026-06-22T07:09:11Z</time>
   </trkpt>
   <trkpt lat="47.072655" lon="13.727642">
    <ele>1124.780</ele>
    <time>2026-06-22T07:09:15Z</time>
   </trkpt>
   <trkpt lat="47.072628" lon="13.728087">
    <ele>1123.321</ele>
    <time>2026-06-22T07:09:24Z</time>
   </trkpt>
   <trkpt lat="47.072464" lon="13.728395">
    <ele>1122.732</ele>
    <time>2026-06-22T07:09:33Z</time>
   </trkpt>
   <trkpt lat="47.072506" lon="13.728443">
    <ele>1121.747</ele>
    <time>2026-06-22T07:09:54Z</time>
   </trkpt>
   <trkpt lat="47.072550" lon="13.728548">
    <ele>1120.571</ele>
    <time>2026-06-22T07:09:57Z</time>
   </trkpt>
   <trkpt lat="47.072670" lon="13.728686">
    <ele>1119.925</ele>
    <time>2026-06-22T07:10:00Z</time>
   </trkpt>
   <trkpt lat="47.072809" lon="13.728787">
    <ele>1118.450</ele>
    <time>2026-06-22T07:10:03Z</time>
   </trkpt>
   <trkpt lat="47.073065" lon="13.728660">
    <ele>1118.310</ele>
    <time>2026-06-22T07:10:11Z</time>
   </trkpt>
  </trkseg>
 </trk>
 <trk>
  <name>ACTIVE LOG002338</name>
  <trkseg>
   <trkpt lat="47.073133" lon="13.728654">
    <ele>1155.245</ele>
    <time>2026-06-22T07:23:38Z</time>
   </trkpt>
   <trkpt lat="47.073085" lon="13.728821">
    <ele>1161.381</ele>
    <time>2026-06-22T07:23:53Z</time>
   </trkpt>
   <trkpt lat="47.073039" lon="13.728889">
    <ele>1159.737</ele>
    <time>2026-06-22T07:23:58Z</time>
   </trkpt>
   <trkpt lat="47.072863" lon="13.728940">
    <ele>1155.887</ele>
    <time>2026-06-22T07:24:07Z</time>
   </trkpt>
   <trkpt lat="47.072750" lon="13.728809">
    <ele>1144.867</ele>
    <time>2026-06-22T07:24:12Z</time>
   </trkpt>
   <trkpt lat="47.072595" lon="13.728570">
    <ele>1137.479</ele>
    <time>2026-06-22T07:24:25Z</time>
   </trkpt>
   <trkpt lat="47.072455" lon="13.728334">
    <ele>1132.074</ele>
    <time>2026-06-22T07:24:41Z</time>
   </trkpt>
   <trkpt lat="47.072460" lon="13.728221">
    <ele>1129.090</ele>
    <time>2026-06-22T07:24:46Z</time>
   </trkpt>
   <trkpt lat="47.072514" lon="13.728117">
    <ele>1126.418</ele>
    <time>2026-06-22T07:24:49Z</time>
   </trkpt>
   <trkpt lat="47.072677" lon="13.727734">
    <ele>1121.761</ele>
    <time>2026-06-22T07:25:02Z</time>
   </trkpt>
   <trkpt lat="47.072486" lon="13.727410">
    <ele>1121.278</ele>
    <time>2026-06-22T07:25:14Z</time>
   </trkpt>
   <trkpt lat="47.072281" lon="13.727150">
    <ele>1119.740</ele>
    <time>2026-06-22T07:25:26Z</time>
   </trkpt>
   <trkpt lat="47.072060" lon="13.726573">
    <ele>1120.231</ele>
    <time>2026-06-22T07:25:46Z</time>
   </trkpt>
   <trkpt lat="47.072132" lon="13.726184">
    <ele>1121.718</ele>
    <time>2026-06-22T07:26:00Z</time>
   </trkpt>
   <trkpt lat="47.072002" lon="13.725761">
    <ele>1123.677</ele>
    <time>2026-06-22T07:26:13Z</time>
   </trkpt>
   <trkpt lat="47.071704" lon="13.725387">
    <ele>1122.898</ele>
    <time>2026-06-22T07:26:29Z</time>
   </trkpt>
   <trkpt lat="47.071383" lon="13.725370">
    <ele>1119.471</ele>
    <time>2026-06-22T07:26:44Z</time>
   </trkpt>
   <trkpt lat="47.071188" lon="13.725352">
    <ele>1117.675</ele>
    <time>2026-06-22T07:26:56Z</time>
   </trkpt>
   <trkpt lat="47.070984" lon="13.725422">
    <ele>1115.479</ele>
    <time>2026-06-22T07:27:14Z</time>
   </trkpt>
   <trkpt lat="47.070796" lon="13.725441">
    <ele>1118.319</ele>
    <time>2026-06-22T07:27:29Z</time>
   </trkpt>
   <trkpt lat="47.070739" lon="13.725446">
    <ele>1121.798</ele>
    <time>2026-06-22T07:27:34Z</time>
   </trkpt>
   <trkpt lat="47.070446" lon="13.725174">
    <ele>1125.043</ele>
    <time>2026-06-22T07:27:54Z</time>
   </trkpt>
   <trkpt lat="47.070161" lon="13.725015">
    <ele>1127.281</ele>
    <time>2026-06-22T07:28:09Z</time>
   </trkpt>
   <trkpt lat="47.069779" lon="13.725063">
    <ele>1128.723</ele>
    <time>2026-06-22T07:28:24Z</time>
   </trkpt>
   <trkpt lat="47.069562" lon="13.725110">
    <ele>1128.534</ele>
    <time>2026-06-22T07:28:34Z</time>
   </trkpt>
   <trkpt lat="47.069238" lon="13.725123">
    <ele>1129.802</ele>
    <time>2026-06-22T07:28:51Z</time>
   </trkpt>
   <trkpt lat="47.069162" lon="13.725143">
    <ele>1130.670</ele>
    <time>2026-06-22T07:28:55Z</time>
   </trkpt>
   <trkpt lat="47.068806" lon="13.725094">
    <ele>1132.858</ele>
    <time>2026-06-22T07:29:12Z</time>
   </trkpt>
   <trkpt lat="47.068524" lon="13.725020">
    <ele>1133.188</ele>
    <time>2026-06-22T07:29:26Z</time>
   </trkpt>
   <trkpt lat="47.068287" lon="13.724865">
    <ele>1137.346</ele>
    <time>2026-06-22T07:29:38Z</time>
   </trkpt>
   <trkpt lat="47.068231" lon="13.724783">
    <ele>1138.010</ele>
    <time>2026-06-22T07:29:42Z</time>
   </trkpt>
   <trkpt lat="47.068030" lon="13.724508">
    <ele>1140.195</ele>
    <time>2026-06-22T07:29:55Z</time>
   </trkpt>
   <trkpt lat="47.067655" lon="13.724203">
    <ele>1142.428</ele>
    <time>2026-06-22T07:30:12Z</time>
   </trkpt>
   <trkpt lat="47.067526" lon="13.724142">
    <ele>1141.436</ele>
    <time>2026-06-22T07:30:18Z</time>
   </trkpt>
   <trkpt lat="47.067131" lon="13.723948">
    <ele>1140.752</ele>
    <time>2026-06-22T07:30:34Z</time>
   </trkpt>
   <trkpt lat="47.066994" lon="13.723859">
    <ele>1142.781</ele>
    <time>2026-06-22T07:30:40Z</time>
   </trkpt>
   <trkpt lat="47.066922" lon="13.723852">
    <ele>1144.648</ele>
    <time>2026-06-22T07:30:43Z</time>
   </trkpt>
   <trkpt lat="47.066841" lon="13.723762">
    <ele>1144.839</ele>
    <time>2026-06-22T07:30:48Z</time>
   </trkpt>
   <trkpt lat="47.066731" lon="13.723578">
    <ele>1144.650</ele>
    <time>2026-06-22T07:30:55Z</time>
   </trkpt>
   <trkpt lat="47.066474" lon="13.723431">
    <ele>1143.054</ele>
    <time>2026-06-22T07:31:04Z</time>
   </trkpt>
   <trkpt lat="47.066168" lon="13.723322">
    <ele>1142.567</ele>
    <time>2026-06-22T07:31:17Z</time>
   </trkpt>
   <trkpt lat="47.066018" lon="13.723126">
    <ele>1144.254</ele>
    <time>2026-06-22T07:31:29Z</time>
   </trkpt>
   <trkpt lat="47.065880" lon="13.722959">
    <ele>1146.326</ele>
    <time>2026-06-22T07:31:39Z</time>
   </trkpt>
   <trkpt lat="47.065557" lon="13.722712">
    <ele>1153.136</ele>
    <time>2026-06-22T07:31:56Z</time>
   </trkpt>
   <trkpt lat="47.065525" lon="13.722701">
    <ele>1154.229</ele>
    <time>2026-06-22T07:31:58Z</time>
   </trkpt>
   <trkpt lat="47.065243" lon="13.722584">
    <ele>1157.974</ele>
    <time>2026-06-22T07:32:13Z</time>
   </trkpt>
   <trkpt lat="47.065128" lon="13.722547">
    <ele>1159.021</ele>
    <time>2026-06-22T07:32:22Z</time>
   </trkpt>
   <trkpt lat="47.064959" lon="13.722306">
    <ele>1163.210</ele>
    <time>2026-06-22T07:32:33Z</time>
   </trkpt>
   <trkpt lat="47.064639" lon="13.721889">
    <ele>1165.861</ele>
    <time>2026-06-22T07:32:46Z</time>
   </trkpt>
   <trkpt lat="47.064468" lon="13.721676">
    <ele>1168.072</ele>
    <time>2026-06-22T07:32:56Z</time>
   </trkpt>
   <trkpt lat="47.064185" lon="13.721410">
    <ele>1173.405</ele>
    <time>2026-06-22T07:33:14Z</time>
   </trkpt>
   <trkpt lat="47.063892" lon="13.721363">
    <ele>1174.340</ele>
    <time>2026-06-22T07:33:29Z</time>
   </trkpt>
   <trkpt lat="47.063426" lon="13.721176">
    <ele>1176.774</ele>
    <time>2026-06-22T07:33:45Z</time>
   </trkpt>
   <trkpt lat="47.063405" lon="13.721167">
    <ele>1177.350</ele>
    <time>2026-06-22T07:33:46Z</time>
   </trkpt>
   <trkpt lat="47.063072" lon="13.721007">
    <ele>1178.531</ele>
    <time>2026-06-22T07:34:03Z</time>
   </trkpt>
   <trkpt lat="47.062770" lon="13.721010">
    <ele>1175.816</ele>
    <time>2026-06-22T07:34:18Z</time>
   </trkpt>
   <trkpt lat="47.062411" lon="13.720938">
    <ele>1179.502</ele>
    <time>2026-06-22T07:34:37Z</time>
   </trkpt>
   <trkpt lat="47.062177" lon="13.720738">
    <ele>1183.337</ele>
    <time>2026-06-22T07:34:51Z</time>
   </trkpt>
   <trkpt lat="47.061881" lon="13.720416">
    <ele>1188.670</ele>
    <time>2026-06-22T07:35:06Z</time>
   </trkpt>
   <trkpt lat="47.061839" lon="13.720374">
    <ele>1189.407</ele>
    <time>2026-06-22T07:35:08Z</time>
   </trkpt>
   <trkpt lat="47.061753" lon="13.720303">
    <ele>1192.346</ele>
    <time>2026-06-22T07:35:16Z</time>
   </trkpt>
   <trkpt lat="47.061471" lon="13.719987">
    <ele>1193.041</ele>
    <time>2026-06-22T07:35:31Z</time>
   </trkpt>
   <trkpt lat="47.061447" lon="13.719991">
    <ele>1193.058</ele>
    <time>2026-06-22T07:35:33Z</time>
   </trkpt>
   <trkpt lat="47.061097" lon="13.719819">
    <ele>1192.150</ele>
    <time>2026-06-22T07:35:47Z</time>
   </trkpt>
   <trkpt lat="47.060871" lon="13.719595">
    <ele>1190.242</ele>
    <time>2026-06-22T07:36:02Z</time>
   </trkpt>
   <trkpt lat="47.060656" lon="13.719380">
    <ele>1193.329</ele>
    <time>2026-06-22T07:36:18Z</time>
   </trkpt>
   <trkpt lat="47.060405" lon="13.719219">
    <ele>1193.097</ele>
    <time>2026-06-22T07:36:30Z</time>
   </trkpt>
   <trkpt lat="47.060069" lon="13.719024">
    <ele>1195.447</ele>
    <time>2026-06-22T07:36:47Z</time>
   </trkpt>
   <trkpt lat="47.059785" lon="13.718634">
    <ele>1198.840</ele>
    <time>2026-06-22T07:37:06Z</time>
   </trkpt>
   <trkpt lat="47.059580" lon="13.718200">
    <ele>1200.319</ele>
    <time>2026-06-22T07:37:22Z</time>
   </trkpt>
   <trkpt lat="47.059329" lon="13.717775">
    <ele>1203.640</ele>
    <time>2026-06-22T07:37:43Z</time>
   </trkpt>
   <trkpt lat="47.059084" lon="13.717679">
    <ele>1204.601</ele>
    <time>2026-06-22T07:37:58Z</time>
   </trkpt>
   <trkpt lat="47.059039" lon="13.717634">
    <ele>1203.763</ele>
    <time>2026-06-22T07:38:02Z</time>
   </trkpt>
   <trkpt lat="47.058889" lon="13.717480">
    <ele>1203.998</ele>
    <time>2026-06-22T07:38:13Z</time>
   </trkpt>
   <trkpt lat="47.058708" lon="13.717324">
    <ele>1202.551</ele>
    <time>2026-06-22T07:38:26Z</time>
   </trkpt>
   <trkpt lat="47.058571" lon="13.717305">
    <ele>1204.183</ele>
    <time>2026-06-22T07:38:34Z</time>
   </trkpt>
   <trkpt lat="47.058151" lon="13.717297">
    <ele>1208.931</ele>
    <time>2026-06-22T07:38:55Z</time>
   </trkpt>
   <trkpt lat="47.057836" lon="13.717042">
    <ele>1208.585</ele>
    <time>2026-06-22T07:39:13Z</time>
   </trkpt>
   <trkpt lat="47.057470" lon="13.716810">
    <ele>1211.373</ele>
    <time>2026-06-22T07:39:30Z</time>
   </trkpt>
   <trkpt lat="47.056976" lon="13.716783">
    <ele>1214.799</ele>
    <time>2026-06-22T07:39:52Z</time>
   </trkpt>
   <trkpt lat="47.056706" lon="13.716677">
    <ele>1218.832</ele>
    <time>2026-06-22T07:40:08Z</time>
   </trkpt>
   <trkpt lat="47.056646" lon="13.716593">
    <ele>1219.762</ele>
    <time>2026-06-22T07:40:17Z</time>
   </trkpt>
   <trkpt lat="47.056544" lon="13.716468">
    <ele>1220.433</ele>
    <time>2026-06-22T07:40:22Z</time>
   </trkpt>
   <trkpt lat="47.056148" lon="13.716097">
    <ele>1221.935</ele>
    <time>2026-06-22T07:40:38Z</time>
   </trkpt>
   <trkpt lat="47.055800" lon="13.715962">
    <ele>1223.928</ele>
    <time>2026-06-22T07:40:57Z</time>
   </trkpt>
   <trkpt lat="47.055451" lon="13.715996">
    <ele>1227.197</ele>
    <time>2026-06-22T07:41:17Z</time>
   </trkpt>
   <trkpt lat="47.055190" lon="13.715901">
    <ele>1229.141</ele>
    <time>2026-06-22T07:41:33Z</time>
   </trkpt>
   <trkpt lat="47.055186" lon="13.715910">
    <ele>1229.432</ele>
    <time>2026-06-22T07:41:34Z</time>
   </trkpt>
   <trkpt lat="47.055096" lon="13.715857">
    <ele>1230.056</ele>
    <time>2026-06-22T07:41:39Z</time>
   </trkpt>
   <trkpt lat="47.055058" lon="13.715797">
    <ele>1230.848</ele>
    <time>2026-06-22T07:41:43Z</time>
   </trkpt>
   <trkpt lat="47.055048" lon="13.715733">
    <ele>1231.433</ele>
    <time>2026-06-22T07:41:48Z</time>
   </trkpt>
   <trkpt lat="47.054937" lon="13.715572">
    <ele>1232.378</ele>
    <time>2026-06-22T07:41:58Z</time>
   </trkpt>
   <trkpt lat="47.054603" lon="13.715236">
    <ele>1237.239</ele>
    <time>2026-06-22T07:42:10Z</time>
   </trkpt>
   <trkpt lat="47.054251" lon="13.715034">
    <ele>1236.042</ele>
    <time>2026-06-22T07:42:28Z</time>
   </trkpt>
   <trkpt lat="47.053908" lon="13.714741">
    <ele>1234.681</ele>
    <time>2026-06-22T07:42:49Z</time>
   </trkpt>
   <trkpt lat="47.053615" lon="13.714470">
    <ele>1239.554</ele>
    <time>2026-06-22T07:43:08Z</time>
   </trkpt>
   <trkpt lat="47.053316" lon="13.714175">
    <ele>1238.464</ele>
    <time>2026-06-22T07:43:27Z</time>
   </trkpt>
   <trkpt lat="47.053153" lon="13.713988">
    <ele>1241.777</ele>
    <time>2026-06-22T07:43:42Z</time>
   </trkpt>
   <trkpt lat="47.052807" lon="13.713649">
    <ele>1244.843</ele>
    <time>2026-06-22T07:44:02Z</time>
   </trkpt>
   <trkpt lat="47.052358" lon="13.713330">
    <ele>1246.930</ele>
    <time>2026-06-22T07:44:24Z</time>
   </trkpt>
   <trkpt lat="47.051934" lon="13.712851">
    <ele>1250.959</ele>
    <time>2026-06-22T07:44:47Z</time>
   </trkpt>
   <trkpt lat="47.051541" lon="13.712298">
    <ele>1255.378</ele>
    <time>2026-06-22T07:45:11Z</time>
   </trkpt>
   <trkpt lat="47.051165" lon="13.711957">
    <ele>1256.434</ele>
    <time>2026-06-22T07:45:31Z</time>
   </trkpt>
   <trkpt lat="47.050781" lon="13.711777">
    <ele>1254.037</ele>
    <time>2026-06-22T07:45:49Z</time>
   </trkpt>
   <trkpt lat="47.050291" lon="13.711489">
    <ele>1258.616</ele>
    <time>2026-06-22T07:46:12Z</time>
   </trkpt>
   <trkpt lat="47.049878" lon="13.711331">
    <ele>1262.353</ele>
    <time>2026-06-22T07:46:31Z</time>
   </trkpt>
   <trkpt lat="47.049293" lon="13.711082">
    <ele>1268.927</ele>
    <time>2026-06-22T07:46:59Z</time>
   </trkpt>
   <trkpt lat="47.048943" lon="13.710755">
    <ele>1274.436</ele>
    <time>2026-06-22T07:47:19Z</time>
   </trkpt>
   <trkpt lat="47.048598" lon="13.710490">
    <ele>1279.499</ele>
    <time>2026-06-22T07:47:37Z</time>
   </trkpt>
   <trkpt lat="47.048139" lon="13.710395">
    <ele>1281.354</ele>
    <time>2026-06-22T07:47:58Z</time>
   </trkpt>
   <trkpt lat="47.047652" lon="13.710347">
    <ele>1283.436</ele>
    <time>2026-06-22T07:48:18Z</time>
   </trkpt>
   <trkpt lat="47.047238" lon="13.710324">
    <ele>1286.608</ele>
    <time>2026-06-22T07:48:35Z</time>
   </trkpt>
   <trkpt lat="47.047361" lon="13.710424">
    <ele>1284.469</ele>
    <time>2026-06-22T07:48:43Z</time>
   </trkpt>
   <trkpt lat="47.047369" lon="13.710435">
    <ele>1284.105</ele>
    <time>2026-06-22T07:48:59Z</time>
   </trkpt>
   <trkpt lat="47.047371" lon="13.710437">
    <ele>1283.986</ele>
    <time>2026-06-22T07:49:03Z</time>
   </trkpt>
   <trkpt lat="47.047476" lon="13.710393">
    <ele>1283.789</ele>
    <time>2026-06-22T07:49:10Z</time>
   </trkpt>
   <trkpt lat="47.047469" lon="13.710337">
    <ele>1283.328</ele>
    <time>2026-06-22T07:49:18Z</time>
   </trkpt>
   <trkpt lat="47.047247" lon="13.710352">
    <ele>1284.120</ele>
    <time>2026-06-22T07:49:28Z</time>
   </trkpt>
   <trkpt lat="47.046796" lon="13.710490">
    <ele>1289.048</ele>
    <time>2026-06-22T07:49:49Z</time>
   </trkpt>
   <trkpt lat="47.046326" lon="13.710589">
    <ele>1293.938</ele>
    <time>2026-06-22T07:50:12Z</time>
   </trkpt>
   <trkpt lat="47.045844" lon="13.710498">
    <ele>1296.205</ele>
    <time>2026-06-22T07:50:35Z</time>
   </trkpt>
   <trkpt lat="47.045358" lon="13.710579">
    <ele>1298.171</ele>
    <time>2026-06-22T07:50:54Z</time>
   </trkpt>
   <trkpt lat="47.044807" lon="13.710738">
    <ele>1301.463</ele>
    <time>2026-06-22T07:51:14Z</time>
   </trkpt>
   <trkpt lat="47.044164" lon="13.710810">
    <ele>1302.785</ele>
    <time>2026-06-22T07:51:37Z</time>
   </trkpt>
   <trkpt lat="47.043533" lon="13.710968">
    <ele>1306.409</ele>
    <time>2026-06-22T07:52:01Z</time>
   </trkpt>
   <trkpt lat="47.042937" lon="13.711318">
    <ele>1310.155</ele>
    <time>2026-06-22T07:52:24Z</time>
   </trkpt>
   <trkpt lat="47.042363" lon="13.711517">
    <ele>1311.671</ele>
    <time>2026-06-22T07:52:46Z</time>
   </trkpt>
   <trkpt lat="47.041753" lon="13.711683">
    <ele>1315.717</ele>
    <time>2026-06-22T07:53:10Z</time>
   </trkpt>
   <trkpt lat="47.041169" lon="13.711959">
    <ele>1318.222</ele>
    <time>2026-06-22T07:53:35Z</time>
   </trkpt>
   <trkpt lat="47.040836" lon="13.712026">
    <ele>1321.627</ele>
    <time>2026-06-22T07:53:53Z</time>
   </trkpt>
   <trkpt lat="47.040429" lon="13.712184">
    <ele>1321.387</ele>
    <time>2026-06-22T07:54:10Z</time>
   </trkpt>
   <trkpt lat="47.039994" lon="13.712572">
    <ele>1326.345</ele>
    <time>2026-06-22T07:54:34Z</time>
   </trkpt>
   <trkpt lat="47.039520" lon="13.713035">
    <ele>1331.321</ele>
    <time>2026-06-22T07:55:01Z</time>
   </trkpt>
   <trkpt lat="47.039215" lon="13.713413">
    <ele>1333.562</ele>
    <time>2026-06-22T07:55:20Z</time>
   </trkpt>
   <trkpt lat="47.038933" lon="13.713912">
    <ele>1335.771</ele>
    <time>2026-06-22T07:55:40Z</time>
   </trkpt>
   <trkpt lat="47.038832" lon="13.714212">
    <ele>1336.232</ele>
    <time>2026-06-22T07:55:49Z</time>
   </trkpt>
   <trkpt lat="47.038728" lon="13.714329">
    <ele>1335.671</ele>
    <time>2026-06-22T07:55:55Z</time>
   </trkpt>
   <trkpt lat="47.038618" lon="13.714481">
    <ele>1336.349</ele>
    <time>2026-06-22T07:56:05Z</time>
   </trkpt>
   <trkpt lat="47.038531" lon="13.714606">
    <ele>1337.088</ele>
    <time>2026-06-22T07:56:12Z</time>
   </trkpt>
   <trkpt lat="47.038217" lon="13.715127">
    <ele>1342.188</ele>
    <time>2026-06-22T07:56:34Z</time>
   </trkpt>
   <trkpt lat="47.038093" lon="13.715584">
    <ele>1343.436</ele>
    <time>2026-06-22T07:56:48Z</time>
   </trkpt>
   <trkpt lat="47.038015" lon="13.716059">
    <ele>1343.955</ele>
    <time>2026-06-22T07:57:03Z</time>
   </trkpt>
   <trkpt lat="47.037776" lon="13.716532">
    <ele>1347.038</ele>
    <time>2026-06-22T07:57:21Z</time>
   </trkpt>
   <trkpt lat="47.037497" lon="13.716758">
    <ele>1349.930</ele>
    <time>2026-06-22T07:57:39Z</time>
   </trkpt>
   <trkpt lat="47.037363" lon="13.717182">
    <ele>1355.974</ele>
    <time>2026-06-22T07:57:59Z</time>
   </trkpt>
   <trkpt lat="47.037325" lon="13.717441">
    <ele>1357.863</ele>
    <time>2026-06-22T07:58:08Z</time>
   </trkpt>
   <trkpt lat="47.037359" lon="13.717575">
    <ele>1358.978</ele>
    <time>2026-06-22T07:58:12Z</time>
   </trkpt>
   <trkpt lat="47.037298" lon="13.717954">
    <ele>1360.714</ele>
    <time>2026-06-22T07:58:25Z</time>
   </trkpt>
   <trkpt lat="47.037238" lon="13.718218">
    <ele>1361.044</ele>
    <time>2026-06-22T07:58:34Z</time>
   </trkpt>
   <trkpt lat="47.037180" lon="13.718449">
    <ele>1360.264</ele>
    <time>2026-06-22T07:58:42Z</time>
   </trkpt>
   <trkpt lat="47.037142" lon="13.718626">
    <ele>1359.951</ele>
    <time>2026-06-22T07:58:48Z</time>
   </trkpt>
   <trkpt lat="47.037008" lon="13.719241">
    <ele>1364.481</ele>
    <time>2026-06-22T07:59:07Z</time>
   </trkpt>
   <trkpt lat="47.036976" lon="13.719605">
    <ele>1367.535</ele>
    <time>2026-06-22T07:59:18Z</time>
   </trkpt>
   <trkpt lat="47.037007" lon="13.719749">
    <ele>1367.888</ele>
    <time>2026-06-22T07:59:22Z</time>
   </trkpt>
   <trkpt lat="47.037040" lon="13.720265">
    <ele>1370.863</ele>
    <time>2026-06-22T07:59:38Z</time>
   </trkpt>
   <trkpt lat="47.037056" lon="13.720741">
    <ele>1375.007</ele>
    <time>2026-06-22T07:59:54Z</time>
   </trkpt>
   <trkpt lat="47.037090" lon="13.721196">
    <ele>1379.975</ele>
    <time>2026-06-22T08:00:09Z</time>
   </trkpt>
   <trkpt lat="47.037146" lon="13.721785">
    <ele>1382.165</ele>
    <time>2026-06-22T08:00:30Z</time>
   </trkpt>
   <trkpt lat="47.037038" lon="13.722467">
    <ele>1386.447</ele>
    <time>2026-06-22T08:00:54Z</time>
   </trkpt>
   <trkpt lat="47.036865" lon="13.723102">
    <ele>1389.457</ele>
    <time>2026-06-22T08:01:17Z</time>
   </trkpt>
   <trkpt lat="47.036571" lon="13.723549">
    <ele>1389.910</ele>
    <time>2026-06-22T08:01:39Z</time>
   </trkpt>
   <trkpt lat="47.036395" lon="13.723982">
    <ele>1389.533</ele>
    <time>2026-06-22T08:01:57Z</time>
   </trkpt>
   <trkpt lat="47.036322" lon="13.724394">
    <ele>1389.296</ele>
    <time>2026-06-22T08:02:10Z</time>
   </trkpt>
   <trkpt lat="47.036156" lon="13.724903">
    <ele>1388.894</ele>
    <time>2026-06-22T08:02:28Z</time>
   </trkpt>
   <trkpt lat="47.036034" lon="13.725103">
    <ele>1388.579</ele>
    <time>2026-06-22T08:02:37Z</time>
   </trkpt>
   <trkpt lat="47.035971" lon="13.725246">
    <ele>1388.258</ele>
    <time>2026-06-22T08:02:44Z</time>
   </trkpt>
   <trkpt lat="47.035881" lon="13.725414">
    <ele>1386.589</ele>
    <time>2026-06-22T08:02:51Z</time>
   </trkpt>
   <trkpt lat="47.035850" lon="13.725523">
    <ele>1385.947</ele>
    <time>2026-06-22T08:02:55Z</time>
   </trkpt>
   <trkpt lat="47.035731" lon="13.726098">
    <ele>1382.643</ele>
    <time>2026-06-22T08:03:14Z</time>
   </trkpt>
   <trkpt lat="47.035487" lon="13.726968">
    <ele>1379.291</ele>
    <time>2026-06-22T08:03:42Z</time>
   </trkpt>
   <trkpt lat="47.035303" lon="13.727655">
    <ele>1381.366</ele>
    <time>2026-06-22T08:04:04Z</time>
   </trkpt>
   <trkpt lat="47.035055" lon="13.727996">
    <ele>1388.339</ele>
    <time>2026-06-22T08:04:20Z</time>
   </trkpt>
   <trkpt lat="47.034807" lon="13.728301">
    <ele>1397.348</ele>
    <time>2026-06-22T08:04:40Z</time>
   </trkpt>
   <trkpt lat="47.034712" lon="13.728611">
    <ele>1407.254</ele>
    <time>2026-06-22T08:04:56Z</time>
   </trkpt>
   <trkpt lat="47.034680" lon="13.729037">
    <ele>1411.357</ele>
    <time>2026-06-22T08:05:15Z</time>
   </trkpt>
   <trkpt lat="47.034707" lon="13.729252">
    <ele>1411.867</ele>
    <time>2026-06-22T08:05:25Z</time>
   </trkpt>
   <trkpt lat="47.034722" lon="13.729334">
    <ele>1412.957</ele>
    <time>2026-06-22T08:05:29Z</time>
   </trkpt>
   <trkpt lat="47.034755" lon="13.729848">
    <ele>1423.140</ele>
    <time>2026-06-22T08:05:52Z</time>
   </trkpt>
   <trkpt lat="47.034761" lon="13.730386">
    <ele>1428.895</ele>
    <time>2026-06-22T08:06:16Z</time>
   </trkpt>
   <trkpt lat="47.034837" lon="13.730815">
    <ele>1432.231</ele>
    <time>2026-06-22T08:06:35Z</time>
   </trkpt>
   <trkpt lat="47.034852" lon="13.731423">
    <ele>1434.784</ele>
    <time>2026-06-22T08:07:00Z</time>
   </trkpt>
   <trkpt lat="47.034848" lon="13.731927">
    <ele>1436.043</ele>
    <time>2026-06-22T08:07:15Z</time>
   </trkpt>
   <trkpt lat="47.034731" lon="13.732589">
    <ele>1435.687</ele>
    <time>2026-06-22T08:07:31Z</time>
   </trkpt>
   <trkpt lat="47.034507" lon="13.732977">
    <ele>1440.220</ele>
    <time>2026-06-22T08:07:47Z</time>
   </trkpt>
   <trkpt lat="47.034405" lon="13.733492">
    <ele>1449.271</ele>
    <time>2026-06-22T08:08:05Z</time>
   </trkpt>
   <trkpt lat="47.034352" lon="13.733984">
    <ele>1457.191</ele>
    <time>2026-06-22T08:08:24Z</time>
   </trkpt>
   <trkpt lat="47.034307" lon="13.734379">
    <ele>1454.944</ele>
    <time>2026-06-22T08:08:41Z</time>
   </trkpt>
   <trkpt lat="47.034296" lon="13.734496">
    <ele>1456.138</ele>
    <time>2026-06-22T08:09:00Z</time>
   </trkpt>
   <trkpt lat="47.034300" lon="13.734475">
    <ele>1456.006</ele>
    <time>2026-06-22T08:18:52Z</time>
   </trkpt>
   <trkpt lat="47.034301" lon="13.734478">
    <ele>1455.885</ele>
    <time>2026-06-22T08:18:55Z</time>
   </trkpt>
   <trkpt lat="47.034409" lon="13.734926">
    <ele>1455.685</ele>
    <time>2026-06-22T08:19:12Z</time>
   </trkpt>
   <trkpt lat="47.034547" lon="13.735410">
    <ele>1456.321</ele>
    <time>2026-06-22T08:19:26Z</time>
   </trkpt>
   <trkpt lat="47.034645" lon="13.736115">
    <ele>1459.069</ele>
    <time>2026-06-22T08:19:47Z</time>
   </trkpt>
   <trkpt lat="47.034734" lon="13.736597">
    <ele>1462.781</ele>
    <time>2026-06-22T08:20:07Z</time>
   </trkpt>
   <trkpt lat="47.034772" lon="13.737101">
    <ele>1464.124</ele>
    <time>2026-06-22T08:20:27Z</time>
   </trkpt>
   <trkpt lat="47.034862" lon="13.737712">
    <ele>1465.044</ele>
    <time>2026-06-22T08:20:49Z</time>
   </trkpt>
   <trkpt lat="47.034810" lon="13.738285">
    <ele>1463.938</ele>
    <time>2026-06-22T08:21:10Z</time>
   </trkpt>
   <trkpt lat="47.034801" lon="13.738765">
    <ele>1467.651</ele>
    <time>2026-06-22T08:21:31Z</time>
   </trkpt>
   <trkpt lat="47.034782" lon="13.739014">
    <ele>1470.101</ele>
    <time>2026-06-22T08:21:43Z</time>
   </trkpt>
   <trkpt lat="47.034891" lon="13.739444">
    <ele>1470.990</ele>
    <time>2026-06-22T08:22:02Z</time>
   </trkpt>
   <trkpt lat="47.034947" lon="13.739991">
    <ele>1474.072</ele>
    <time>2026-06-22T08:22:22Z</time>
   </trkpt>
   <trkpt lat="47.034865" lon="13.740731">
    <ele>1480.806</ele>
    <time>2026-06-22T08:22:47Z</time>
   </trkpt>
   <trkpt lat="47.034814" lon="13.741416">
    <ele>1491.795</ele>
    <time>2026-06-22T08:23:11Z</time>
   </trkpt>
   <trkpt lat="47.034797" lon="13.742146">
    <ele>1502.205</ele>
    <time>2026-06-22T08:23:32Z</time>
   </trkpt>
   <trkpt lat="47.034648" lon="13.742742">
    <ele>1500.461</ele>
    <time>2026-06-22T08:23:52Z</time>
   </trkpt>
   <trkpt lat="47.034615" lon="13.743512">
    <ele>1503.007</ele>
    <time>2026-06-22T08:24:18Z</time>
   </trkpt>
   <trkpt lat="47.034466" lon="13.744226">
    <ele>1509.087</ele>
    <time>2026-06-22T08:24:43Z</time>
   </trkpt>
   <trkpt lat="47.034335" lon="13.744754">
    <ele>1514.431</ele>
    <time>2026-06-22T08:25:03Z</time>
   </trkpt>
   <trkpt lat="47.034163" lon="13.745287">
    <ele>1517.462</ele>
    <time>2026-06-22T08:25:23Z</time>
   </trkpt>
   <trkpt lat="47.033856" lon="13.745719">
    <ele>1519.630</ele>
    <time>2026-06-22T08:25:41Z</time>
   </trkpt>
   <trkpt lat="47.033705" lon="13.746219">
    <ele>1519.969</ele>
    <time>2026-06-22T08:25:57Z</time>
   </trkpt>
   <trkpt lat="47.033605" lon="13.746789">
    <ele>1518.467</ele>
    <time>2026-06-22T08:26:15Z</time>
   </trkpt>
   <trkpt lat="47.033714" lon="13.747382">
    <ele>1518.062</ele>
    <time>2026-06-22T08:26:36Z</time>
   </trkpt>
   <trkpt lat="47.033655" lon="13.748010">
    <ele>1523.787</ele>
    <time>2026-06-22T08:27:00Z</time>
   </trkpt>
   <trkpt lat="47.033488" lon="13.748606">
    <ele>1527.518</ele>
    <time>2026-06-22T08:27:22Z</time>
   </trkpt>
   <trkpt lat="47.033346" lon="13.749084">
    <ele>1528.342</ele>
    <time>2026-06-22T08:27:39Z</time>
   </trkpt>
   <trkpt lat="47.033270" lon="13.749845">
    <ele>1529.544</ele>
    <time>2026-06-22T08:27:59Z</time>
   </trkpt>
   <trkpt lat="47.032936" lon="13.750515">
    <ele>1532.452</ele>
    <time>2026-06-22T08:28:19Z</time>
   </trkpt>
   <trkpt lat="47.032619" lon="13.751293">
    <ele>1534.104</ele>
    <time>2026-06-22T08:28:40Z</time>
   </trkpt>
   <trkpt lat="47.032309" lon="13.752032">
    <ele>1537.847</ele>
    <time>2026-06-22T08:29:00Z</time>
   </trkpt>
   <trkpt lat="47.032009" lon="13.752675">
    <ele>1541.189</ele>
    <time>2026-06-22T08:29:21Z</time>
   </trkpt>
   <trkpt lat="47.031872" lon="13.753459">
    <ele>1541.165</ele>
    <time>2026-06-22T08:29:43Z</time>
   </trkpt>
   <trkpt lat="47.031678" lon="13.754240">
    <ele>1543.524</ele>
    <time>2026-06-22T08:30:01Z</time>
   </trkpt>
   <trkpt lat="47.031490" lon="13.754793">
    <ele>1548.165</ele>
    <time>2026-06-22T08:30:20Z</time>
   </trkpt>
   <trkpt lat="47.031194" lon="13.755275">
    <ele>1551.572</ele>
    <time>2026-06-22T08:30:41Z</time>
   </trkpt>
   <trkpt lat="47.030985" lon="13.755721">
    <ele>1557.416</ele>
    <time>2026-06-22T08:30:58Z</time>
   </trkpt>
   <trkpt lat="47.030596" lon="13.756257">
    <ele>1557.657</ele>
    <time>2026-06-22T08:31:16Z</time>
   </trkpt>
   <trkpt lat="47.030438" lon="13.756748">
    <ele>1558.157</ele>
    <time>2026-06-22T08:31:29Z</time>
   </trkpt>
   <trkpt lat="47.030143" lon="13.757419">
    <ele>1559.249</ele>
    <time>2026-06-22T08:31:44Z</time>
   </trkpt>
   <trkpt lat="47.029589" lon="13.758210">
    <ele>1564.674</ele>
    <time>2026-06-22T08:32:05Z</time>
   </trkpt>
   <trkpt lat="47.029183" lon="13.758632">
    <ele>1567.235</ele>
    <time>2026-06-22T08:32:21Z</time>
   </trkpt>
   <trkpt lat="47.028841" lon="13.758913">
    <ele>1569.890</ele>
    <time>2026-06-22T08:32:39Z</time>
   </trkpt>
   <trkpt lat="47.028466" lon="13.759354">
    <ele>1572.063</ele>
    <time>2026-06-22T08:33:02Z</time>
   </trkpt>
   <trkpt lat="47.028155" lon="13.759927">
    <ele>1576.188</ele>
    <time>2026-06-22T08:33:27Z</time>
   </trkpt>
   <trkpt lat="47.027866" lon="13.760296">
    <ele>1578.724</ele>
    <time>2026-06-22T08:33:48Z</time>
   </trkpt>
   <trkpt lat="47.027431" lon="13.760613">
    <ele>1582.620</ele>
    <time>2026-06-22T08:34:14Z</time>
   </trkpt>
   <trkpt lat="47.027133" lon="13.761066">
    <ele>1583.371</ele>
    <time>2026-06-22T08:34:31Z</time>
   </trkpt>
   <trkpt lat="47.026914" lon="13.761439">
    <ele>1584.354</ele>
    <time>2026-06-22T08:34:48Z</time>
   </trkpt>
   <trkpt lat="47.026909" lon="13.761437">
    <ele>1584.491</ele>
    <time>2026-06-22T08:35:04Z</time>
   </trkpt>
   <trkpt lat="47.026666" lon="13.761660">
    <ele>1585.578</ele>
    <time>2026-06-22T08:35:15Z</time>
   </trkpt>
   <trkpt lat="47.025988" lon="13.762009">
    <ele>1589.774</ele>
    <time>2026-06-22T08:35:36Z</time>
   </trkpt>
   <trkpt lat="47.025311" lon="13.762283">
    <ele>1591.914</ele>
    <time>2026-06-22T08:35:58Z</time>
   </trkpt>
   <trkpt lat="47.024305" lon="13.762644">
    <ele>1595.171</ele>
    <time>2026-06-22T08:36:28Z</time>
   </trkpt>
   <trkpt lat="47.023408" lon="13.762742">
    <ele>1596.416</ele>
    <time>2026-06-22T08:36:51Z</time>
   </trkpt>
   <trkpt lat="47.022554" lon="13.762932">
    <ele>1598.165</ele>
    <time>2026-06-22T08:37:14Z</time>
   </trkpt>
   <trkpt lat="47.021931" lon="13.763113">
    <ele>1599.975</ele>
    <time>2026-06-22T08:37:32Z</time>
   </trkpt>
   <trkpt lat="47.021239" lon="13.763253">
    <ele>1602.082</ele>
    <time>2026-06-22T08:37:50Z</time>
   </trkpt>
   <trkpt lat="47.020466" lon="13.763100">
    <ele>1604.590</ele>
    <time>2026-06-22T08:38:11Z</time>
   </trkpt>
   <trkpt lat="47.019599" lon="13.763440">
    <ele>1605.491</ele>
    <time>2026-06-22T08:38:32Z</time>
   </trkpt>
   <trkpt lat="47.018843" lon="13.763616">
    <ele>1608.149</ele>
    <time>2026-06-22T08:38:54Z</time>
   </trkpt>
   <trkpt lat="47.018168" lon="13.764216">
    <ele>1609.014</ele>
    <time>2026-06-22T08:39:16Z</time>
   </trkpt>
   <trkpt lat="47.017470" lon="13.764533">
    <ele>1612.042</ele>
    <time>2026-06-22T08:39:37Z</time>
   </trkpt>
   <trkpt lat="47.016670" lon="13.764684">
    <ele>1614.861</ele>
    <time>2026-06-22T08:40:00Z</time>
   </trkpt>
   <trkpt lat="47.016053" lon="13.764684">
    <ele>1616.744</ele>
    <time>2026-06-22T08:40:19Z</time>
   </trkpt>
   <trkpt lat="47.015251" lon="13.764739">
    <ele>1619.722</ele>
    <time>2026-06-22T08:40:44Z</time>
   </trkpt>
   <trkpt lat="47.014570" lon="13.764927">
    <ele>1623.011</ele>
    <time>2026-06-22T08:41:07Z</time>
   </trkpt>
   <trkpt lat="47.013911" lon="13.765051">
    <ele>1626.249</ele>
    <time>2026-06-22T08:41:30Z</time>
   </trkpt>
   <trkpt lat="47.013413" lon="13.765113">
    <ele>1627.430</ele>
    <time>2026-06-22T08:41:46Z</time>
   </trkpt>
   <trkpt lat="47.012539" lon="13.765256">
    <ele>1630.320</ele>
    <time>2026-06-22T08:42:11Z</time>
   </trkpt>
   <trkpt lat="47.011981" lon="13.765453">
    <ele>1632.898</ele>
    <time>2026-06-22T08:42:31Z</time>
   </trkpt>
   <trkpt lat="47.011432" lon="13.765572">
    <ele>1636.367</ele>
    <time>2026-06-22T08:42:51Z</time>
   </trkpt>
   <trkpt lat="47.010968" lon="13.765456">
    <ele>1638.835</ele>
    <time>2026-06-22T08:43:11Z</time>
   </trkpt>
   <trkpt lat="47.010522" lon="13.765377">
    <ele>1642.176</ele>
    <time>2026-06-22T08:43:30Z</time>
   </trkpt>
   <trkpt lat="47.009900" lon="13.765441">
    <ele>1644.937</ele>
    <time>2026-06-22T08:43:54Z</time>
   </trkpt>
   <trkpt lat="47.009394" lon="13.765851">
    <ele>1646.398</ele>
    <time>2026-06-22T08:44:12Z</time>
   </trkpt>
   <trkpt lat="47.008765" lon="13.765973">
    <ele>1647.147</ele>
    <time>2026-06-22T08:44:30Z</time>
   </trkpt>
   <trkpt lat="47.008224" lon="13.765704">
    <ele>1649.117</ele>
    <time>2026-06-22T08:44:49Z</time>
   </trkpt>
   <trkpt lat="47.008031" lon="13.765606">
    <ele>1650.421</ele>
    <time>2026-06-22T08:44:59Z</time>
   </trkpt>
   <trkpt lat="47.007984" lon="13.765660">
    <ele>1650.664</ele>
    <time>2026-06-22T08:45:10Z</time>
   </trkpt>
   <trkpt lat="47.007996" lon="13.765624">
    <ele>1650.891</ele>
    <time>2026-06-22T08:45:52Z</time>
   </trkpt>
   <trkpt lat="47.007996" lon="13.765623">
    <ele>1650.881</ele>
    <time>2026-06-22T08:45:53Z</time>
   </trkpt>
   <trkpt lat="47.007948" lon="13.765572">
    <ele>1651.260</ele>
    <time>2026-06-22T08:45:57Z</time>
   </trkpt>
   <trkpt lat="47.007477" lon="13.765379">
    <ele>1656.078</ele>
    <time>2026-06-22T08:46:19Z</time>
   </trkpt>
   <trkpt lat="47.006998" lon="13.765531">
    <ele>1658.628</ele>
    <time>2026-06-22T08:46:39Z</time>
   </trkpt>
   <trkpt lat="47.006475" lon="13.765659">
    <ele>1661.339</ele>
    <time>2026-06-22T08:47:00Z</time>
   </trkpt>
   <trkpt lat="47.005993" lon="13.765543">
    <ele>1663.809</ele>
    <time>2026-06-22T08:47:18Z</time>
   </trkpt>
   <trkpt lat="47.005327" lon="13.765144">
    <ele>1666.846</ele>
    <time>2026-06-22T08:47:41Z</time>
   </trkpt>
   <trkpt lat="47.004701" lon="13.764883">
    <ele>1670.261</ele>
    <time>2026-06-22T08:48:02Z</time>
   </trkpt>
   <trkpt lat="47.004080" lon="13.764966">
    <ele>1671.858</ele>
    <time>2026-06-22T08:48:22Z</time>
   </trkpt>
   <trkpt lat="47.003432" lon="13.765059">
    <ele>1675.245</ele>
    <time>2026-06-22T08:48:44Z</time>
   </trkpt>
   <trkpt lat="47.002908" lon="13.765102">
    <ele>1680.303</ele>
    <time>2026-06-22T08:49:06Z</time>
   </trkpt>
   <trkpt lat="47.002257" lon="13.765396">
    <ele>1685.285</ele>
    <time>2026-06-22T08:49:37Z</time>
   </trkpt>
   <trkpt lat="47.001851" lon="13.765640">
    <ele>1688.491</ele>
    <time>2026-06-22T08:49:57Z</time>
   </trkpt>
   <trkpt lat="47.001426" lon="13.765863">
    <ele>1692.837</ele>
    <time>2026-06-22T08:50:19Z</time>
   </trkpt>
   <trkpt lat="47.000992" lon="13.765940">
    <ele>1696.975</ele>
    <time>2026-06-22T08:50:41Z</time>
   </trkpt>
   <trkpt lat="47.000506" lon="13.765877">
    <ele>1702.497</ele>
    <time>2026-06-22T08:51:04Z</time>
   </trkpt>
   <trkpt lat="47.000020" lon="13.765766">
    <ele>1706.527</ele>
    <time>2026-06-22T08:51:28Z</time>
   </trkpt>
   <trkpt lat="46.999538" lon="13.765747">
    <ele>1709.969</ele>
    <time>2026-06-22T08:51:52Z</time>
   </trkpt>
   <trkpt lat="46.999092" lon="13.765877">
    <ele>1712.403</ele>
    <time>2026-06-22T08:52:12Z</time>
   </trkpt>
   <trkpt lat="46.998595" lon="13.766121">
    <ele>1715.423</ele>
    <time>2026-06-22T08:52:34Z</time>
   </trkpt>
   <trkpt lat="46.998003" lon="13.766416">
    <ele>1718.404</ele>
    <time>2026-06-22T08:52:59Z</time>
   </trkpt>
   <trkpt lat="46.997303" lon="13.766639">
    <ele>1719.084</ele>
    <time>2026-06-22T08:53:21Z</time>
   </trkpt>
   <trkpt lat="46.996441" lon="13.766787">
    <ele>1720.164</ele>
    <time>2026-06-22T08:53:43Z</time>
   </trkpt>
   <trkpt lat="46.995264" lon="13.767030">
    <ele>1721.539</ele>
    <time>2026-06-22T08:54:10Z</time>
   </trkpt>
   <trkpt lat="46.994550" lon="13.767327">
    <ele>1724.822</ele>
    <time>2026-06-22T08:54:30Z</time>
   </trkpt>
   <trkpt lat="46.993604" lon="13.767758">
    <ele>1726.573</ele>
    <time>2026-06-22T08:54:56Z</time>
   </trkpt>
   <trkpt lat="46.992643" lon="13.768339">
    <ele>1727.168</ele>
    <time>2026-06-22T08:55:20Z</time>
   </trkpt>
   <trkpt lat="46.991870" lon="13.768820">
    <ele>1729.965</ele>
    <time>2026-06-22T08:55:40Z</time>
   </trkpt>
   <trkpt lat="46.991039" lon="13.769580">
    <ele>1733.828</ele>
    <time>2026-06-22T08:56:05Z</time>
   </trkpt>
   <trkpt lat="46.990550" lon="13.770145">
    <ele>1735.895</ele>
    <time>2026-06-22T08:56:22Z</time>
   </trkpt>
   <trkpt lat="46.989829" lon="13.770842">
    <ele>1737.847</ele>
    <time>2026-06-22T08:56:44Z</time>
   </trkpt>
   <trkpt lat="46.989695" lon="13.770951">
    <ele>1738.706</ele>
    <time>2026-06-22T08:56:48Z</time>
   </trkpt>
   <trkpt lat="46.988984" lon="13.771438">
    <ele>1739.288</ele>
    <time>2026-06-22T08:57:07Z</time>
   </trkpt>
   <trkpt lat="46.987977" lon="13.772135">
    <ele>1739.052</ele>
    <time>2026-06-22T08:57:31Z</time>
   </trkpt>
   <trkpt lat="46.987031" lon="13.772525">
    <ele>1739.127</ele>
    <time>2026-06-22T08:57:51Z</time>
   </trkpt>
   <trkpt lat="46.985972" lon="13.772826">
    <ele>1741.068</ele>
    <time>2026-06-22T08:58:14Z</time>
   </trkpt>
   <trkpt lat="46.985011" lon="13.773201">
    <ele>1742.730</ele>
    <time>2026-06-22T08:58:37Z</time>
   </trkpt>
   <trkpt lat="46.984678" lon="13.773354">
    <ele>1744.381</ele>
    <time>2026-06-22T08:58:45Z</time>
   </trkpt>
   <trkpt lat="46.984112" lon="13.774093">
    <ele>1743.580</ele>
    <time>2026-06-22T08:59:01Z</time>
   </trkpt>
   <trkpt lat="46.983545" lon="13.775464">
    <ele>1744.214</ele>
    <time>2026-06-22T08:59:24Z</time>
   </trkpt>
   <trkpt lat="46.983288" lon="13.775820">
    <ele>1743.265</ele>
    <time>2026-06-22T08:59:31Z</time>
   </trkpt>
   <trkpt lat="46.983153" lon="13.775922">
    <ele>1743.376</ele>
    <time>2026-06-22T08:59:34Z</time>
   </trkpt>
   <trkpt lat="46.982858" lon="13.776014">
    <ele>1743.345</ele>
    <time>2026-06-22T08:59:40Z</time>
   </trkpt>
   <trkpt lat="46.981994" lon="13.776031">
    <ele>1743.300</ele>
    <time>2026-06-22T08:59:58Z</time>
   </trkpt>
   <trkpt lat="46.980802" lon="13.776172">
    <ele>1739.374</ele>
    <time>2026-06-22T09:00:16Z</time>
   </trkpt>
   <trkpt lat="46.979566" lon="13.775899">
    <ele>1733.171</ele>
    <time>2026-06-22T09:00:29Z</time>
   </trkpt>
   <trkpt lat="46.978753" lon="13.775630">
    <ele>1729.713</ele>
    <time>2026-06-22T09:00:38Z</time>
   </trkpt>
   <trkpt lat="46.978344" lon="13.775186">
    <ele>1728.789</ele>
    <time>2026-06-22T09:00:45Z</time>
   </trkpt>
   <trkpt lat="46.977626" lon="13.773697">
    <ele>1731.945</ele>
    <time>2026-06-22T09:01:06Z</time>
   </trkpt>
   <trkpt lat="46.977357" lon="13.773131">
    <ele>1735.370</ele>
    <time>2026-06-22T09:01:23Z</time>
   </trkpt>
   <trkpt lat="46.976994" lon="13.772389">
    <ele>1740.446</ele>
    <time>2026-06-22T09:01:48Z</time>
   </trkpt>
   <trkpt lat="46.976661" lon="13.771757">
    <ele>1742.783</ele>
    <time>2026-06-22T09:02:12Z</time>
   </trkpt>
   <trkpt lat="46.976355" lon="13.771169">
    <ele>1746.582</ele>
    <time>2026-06-22T09:02:35Z</time>
   </trkpt>
   <trkpt lat="46.975979" lon="13.770654">
    <ele>1751.271</ele>
    <time>2026-06-22T09:02:58Z</time>
   </trkpt>
   <trkpt lat="46.975589" lon="13.770270">
    <ele>1754.650</ele>
    <time>2026-06-22T09:03:21Z</time>
   </trkpt>
   <trkpt lat="46.975246" lon="13.769991">
    <ele>1757.695</ele>
    <time>2026-06-22T09:03:40Z</time>
   </trkpt>
   <trkpt lat="46.974855" lon="13.769499">
    <ele>1762.265</ele>
    <time>2026-06-22T09:04:05Z</time>
   </trkpt>
   <trkpt lat="46.974586" lon="13.769113">
    <ele>1765.036</ele>
    <time>2026-06-22T09:04:28Z</time>
   </trkpt>
   <trkpt lat="46.974415" lon="13.768952">
    <ele>1766.710</ele>
    <time>2026-06-22T09:06:10Z</time>
   </trkpt>
   <trkpt lat="46.974129" lon="13.768314">
    <ele>1766.773</ele>
    <time>2026-06-22T09:06:27Z</time>
   </trkpt>
   <trkpt lat="46.974042" lon="13.768033">
    <ele>1765.824</ele>
    <time>2026-06-22T09:06:31Z</time>
   </trkpt>
   <trkpt lat="46.973903" lon="13.767805">
    <ele>1764.524</ele>
    <time>2026-06-22T09:06:35Z</time>
   </trkpt>
   <trkpt lat="46.973808" lon="13.767699">
    <ele>1764.016</ele>
    <time>2026-06-22T09:06:37Z</time>
   </trkpt>
   <trkpt lat="46.973694" lon="13.767320">
    <ele>1760.505</ele>
    <time>2026-06-22T09:06:41Z</time>
   </trkpt>
   <trkpt lat="46.973388" lon="13.766381">
    <ele>1752.198</ele>
    <time>2026-06-22T09:06:48Z</time>
   </trkpt>
   <trkpt lat="46.972609" lon="13.765114">
    <ele>1739.884</ele>
    <time>2026-06-22T09:06:58Z</time>
   </trkpt>
   <trkpt lat="46.972327" lon="13.764718">
    <ele>1735.365</ele>
    <time>2026-06-22T09:07:01Z</time>
   </trkpt>
   <trkpt lat="46.971465" lon="13.764249">
    <ele>1724.235</ele>
    <time>2026-06-22T09:07:09Z</time>
   </trkpt>
   <trkpt lat="46.971234" lon="13.764135">
    <ele>1721.059</ele>
    <time>2026-06-22T09:07:11Z</time>
   </trkpt>
   <trkpt lat="46.970910" lon="13.763993">
    <ele>1716.737</ele>
    <time>2026-06-22T09:07:15Z</time>
   </trkpt>
   <trkpt lat="46.971080" lon="13.763735">
    <ele>1712.239</ele>
    <time>2026-06-22T09:07:21Z</time>
   </trkpt>
   <trkpt lat="46.972101" lon="13.763719">
    <ele>1700.126</ele>
    <time>2026-06-22T09:07:31Z</time>
   </trkpt>
   <trkpt lat="46.972201" lon="13.763700">
    <ele>1699.562</ele>
    <time>2026-06-22T09:07:32Z</time>
   </trkpt>
   <trkpt lat="46.972495" lon="13.763781">
    <ele>1696.787</ele>
    <time>2026-06-22T09:07:36Z</time>
   </trkpt>
   <trkpt lat="46.972566" lon="13.763410">
    <ele>1693.155</ele>
    <time>2026-06-22T09:07:41Z</time>
   </trkpt>
   <trkpt lat="46.972516" lon="13.763307">
    <ele>1692.006</ele>
    <time>2026-06-22T09:07:42Z</time>
   </trkpt>
   <trkpt lat="46.972354" lon="13.762971">
    <ele>1689.041</ele>
    <time>2026-06-22T09:07:45Z</time>
   </trkpt>
   <trkpt lat="46.971901" lon="13.762617">
    <ele>1682.009</ele>
    <time>2026-06-22T09:07:50Z</time>
   </trkpt>
   <trkpt lat="46.970986" lon="13.762274">
    <ele>1668.588</ele>
    <time>2026-06-22T09:07:59Z</time>
   </trkpt>
   <trkpt lat="46.970989" lon="13.762004">
    <ele>1664.469</ele>
    <time>2026-06-22T09:08:04Z</time>
   </trkpt>
   <trkpt lat="46.971063" lon="13.761980">
    <ele>1663.232</ele>
    <time>2026-06-22T09:08:05Z</time>
   </trkpt>
   <trkpt lat="46.971204" lon="13.761878">
    <ele>1661.365</ele>
    <time>2026-06-22T09:08:07Z</time>
   </trkpt>
   <trkpt lat="46.971403" lon="13.761595">
    <ele>1657.802</ele>
    <time>2026-06-22T09:08:10Z</time>
   </trkpt>
   <trkpt lat="46.971353" lon="13.761192">
    <ele>1652.223</ele>
    <time>2026-06-22T09:08:16Z</time>
   </trkpt>
   <trkpt lat="46.971202" lon="13.761264">
    <ele>1649.750</ele>
    <time>2026-06-22T09:08:18Z</time>
   </trkpt>
   <trkpt lat="46.971061" lon="13.761356">
    <ele>1647.273</ele>
    <time>2026-06-22T09:08:20Z</time>
   </trkpt>
   <trkpt lat="46.970897" lon="13.761136">
    <ele>1643.274</ele>
    <time>2026-06-22T09:08:24Z</time>
   </trkpt>
   <trkpt lat="46.970650" lon="13.760774">
    <ele>1637.362</ele>
    <time>2026-06-22T09:08:29Z</time>
   </trkpt>
   <trkpt lat="46.970699" lon="13.760547">
    <ele>1632.669</ele>
    <time>2026-06-22T09:08:34Z</time>
   </trkpt>
   <trkpt lat="46.970878" lon="13.760319">
    <ele>1628.348</ele>
    <time>2026-06-22T09:08:39Z</time>
   </trkpt>
   <trkpt lat="46.970850" lon="13.760222">
    <ele>1627.819</ele>
    <time>2026-06-22T09:08:40Z</time>
   </trkpt>
   <trkpt lat="46.970727" lon="13.759858">
    <ele>1623.426</ele>
    <time>2026-06-22T09:08:43Z</time>
   </trkpt>
   <trkpt lat="46.970556" lon="13.759077">
    <ele>1615.352</ele>
    <time>2026-06-22T09:08:48Z</time>
   </trkpt>
   <trkpt lat="46.970237" lon="13.758197">
    <ele>1605.227</ele>
    <time>2026-06-22T09:08:54Z</time>
   </trkpt>
   <trkpt lat="46.970054" lon="13.756704">
    <ele>1590.151</ele>
    <time>2026-06-22T09:09:02Z</time>
   </trkpt>
   <trkpt lat="46.970034" lon="13.755872">
    <ele>1585.315</ele>
    <time>2026-06-22T09:09:07Z</time>
   </trkpt>
   <trkpt lat="46.970268" lon="13.754617">
    <ele>1577.693</ele>
    <time>2026-06-22T09:09:16Z</time>
   </trkpt>
   <trkpt lat="46.970531" lon="13.752815">
    <ele>1567.644</ele>
    <time>2026-06-22T09:09:27Z</time>
   </trkpt>
   <trkpt lat="46.970633" lon="13.751398">
    <ele>1560.316</ele>
    <time>2026-06-22T09:09:38Z</time>
   </trkpt>
   <trkpt lat="46.970619" lon="13.751141">
    <ele>1559.398</ele>
    <time>2026-06-22T09:09:40Z</time>
   </trkpt>
   <trkpt lat="46.970705" lon="13.750578">
    <ele>1555.917</ele>
    <time>2026-06-22T09:09:45Z</time>
   </trkpt>
   <trkpt lat="46.970888" lon="13.750256">
    <ele>1554.085</ele>
    <time>2026-06-22T09:09:48Z</time>
   </trkpt>
   <trkpt lat="46.971098" lon="13.749455">
    <ele>1550.068</ele>
    <time>2026-06-22T09:09:54Z</time>
   </trkpt>
   <trkpt lat="46.971333" lon="13.748831">
    <ele>1548.599</ele>
    <time>2026-06-22T09:09:59Z</time>
   </trkpt>
   <trkpt lat="46.971354" lon="13.748335">
    <ele>1546.249</ele>
    <time>2026-06-22T09:10:03Z</time>
   </trkpt>
   <trkpt lat="46.971220" lon="13.747026">
    <ele>1538.663</ele>
    <time>2026-06-22T09:10:12Z</time>
   </trkpt>
   <trkpt lat="46.971318" lon="13.745907">
    <ele>1532.276</ele>
    <time>2026-06-22T09:10:20Z</time>
   </trkpt>
   <trkpt lat="46.971290" lon="13.745393">
    <ele>1530.702</ele>
    <time>2026-06-22T09:10:24Z</time>
   </trkpt>
   <trkpt lat="46.971174" lon="13.745054">
    <ele>1529.572</ele>
    <time>2026-06-22T09:10:27Z</time>
   </trkpt>
   <trkpt lat="46.971092" lon="13.744427">
    <ele>1525.716</ele>
    <time>2026-06-22T09:10:32Z</time>
   </trkpt>
   <trkpt lat="46.970926" lon="13.743340">
    <ele>1521.586</ele>
    <time>2026-06-22T09:10:39Z</time>
   </trkpt>
   <trkpt lat="46.970923" lon="13.740615">
    <ele>1511.265</ele>
    <time>2026-06-22T09:10:56Z</time>
   </trkpt>
   <trkpt lat="46.970967" lon="13.740298">
    <ele>1510.418</ele>
    <time>2026-06-22T09:10:58Z</time>
   </trkpt>
   <trkpt lat="46.970972" lon="13.739682">
    <ele>1509.072</ele>
    <time>2026-06-22T09:11:02Z</time>
   </trkpt>
   <trkpt lat="46.970902" lon="13.739099">
    <ele>1507.918</ele>
    <time>2026-06-22T09:11:06Z</time>
   </trkpt>
   <trkpt lat="46.970910" lon="13.738539">
    <ele>1505.722</ele>
    <time>2026-06-22T09:11:10Z</time>
   </trkpt>
   <trkpt lat="46.970754" lon="13.738048">
    <ele>1503.809</ele>
    <time>2026-06-22T09:11:14Z</time>
   </trkpt>
   <trkpt lat="46.970637" lon="13.737824">
    <ele>1502.255</ele>
    <time>2026-06-22T09:11:16Z</time>
   </trkpt>
   <trkpt lat="46.970238" lon="13.735959">
    <ele>1495.993</ele>
    <time>2026-06-22T09:11:30Z</time>
   </trkpt>
   <trkpt lat="46.970219" lon="13.735693">
    <ele>1495.156</ele>
    <time>2026-06-22T09:11:32Z</time>
   </trkpt>
   <trkpt lat="46.970261" lon="13.734805">
    <ele>1493.328</ele>
    <time>2026-06-22T09:11:39Z</time>
   </trkpt>
   <trkpt lat="46.970072" lon="13.734208">
    <ele>1493.421</ele>
    <time>2026-06-22T09:11:45Z</time>
   </trkpt>
   <trkpt lat="46.969956" lon="13.734069">
    <ele>1493.485</ele>
    <time>2026-06-22T09:11:47Z</time>
   </trkpt>
   <trkpt lat="46.969793" lon="13.733377">
    <ele>1490.916</ele>
    <time>2026-06-22T09:11:54Z</time>
   </trkpt>
   <trkpt lat="46.969847" lon="13.733023">
    <ele>1489.429</ele>
    <time>2026-06-22T09:11:57Z</time>
   </trkpt>
   <trkpt lat="46.969743" lon="13.731242">
    <ele>1483.633</ele>
    <time>2026-06-22T09:12:11Z</time>
   </trkpt>
   <trkpt lat="46.969445" lon="13.728816">
    <ele>1477.144</ele>
    <time>2026-06-22T09:12:30Z</time>
   </trkpt>
   <trkpt lat="46.969493" lon="13.727344">
    <ele>1473.348</ele>
    <time>2026-06-22T09:12:43Z</time>
   </trkpt>
   <trkpt lat="46.969623" lon="13.726228">
    <ele>1471.516</ele>
    <time>2026-06-22T09:12:54Z</time>
   </trkpt>
   <trkpt lat="46.970052" lon="13.724831">
    <ele>1469.756</ele>
    <time>2026-06-22T09:13:09Z</time>
   </trkpt>
   <trkpt lat="46.970944" lon="13.722278">
    <ele>1463.612</ele>
    <time>2026-06-22T09:13:36Z</time>
   </trkpt>
   <trkpt lat="46.971735" lon="13.720383">
    <ele>1460.706</ele>
    <time>2026-06-22T09:13:56Z</time>
   </trkpt>
   <trkpt lat="46.972008" lon="13.720032">
    <ele>1459.828</ele>
    <time>2026-06-22T09:14:01Z</time>
   </trkpt>
   <trkpt lat="46.972276" lon="13.719484">
    <ele>1457.528</ele>
    <time>2026-06-22T09:14:07Z</time>
   </trkpt>
   <trkpt lat="46.972491" lon="13.718982">
    <ele>1457.121</ele>
    <time>2026-06-22T09:14:12Z</time>
   </trkpt>
   <trkpt lat="46.973110" lon="13.718251">
    <ele>1456.905</ele>
    <time>2026-06-22T09:14:22Z</time>
   </trkpt>
   <trkpt lat="46.973695" lon="13.717798">
    <ele>1453.408</ele>
    <time>2026-06-22T09:14:31Z</time>
   </trkpt>
   <trkpt lat="46.973957" lon="13.717413">
    <ele>1451.696</ele>
    <time>2026-06-22T09:14:36Z</time>
   </trkpt>
   <trkpt lat="46.974226" lon="13.716496">
    <ele>1450.175</ele>
    <time>2026-06-22T09:14:45Z</time>
   </trkpt>
   <trkpt lat="46.974956" lon="13.715215">
    <ele>1450.690</ele>
    <time>2026-06-22T09:15:01Z</time>
   </trkpt>
   <trkpt lat="46.975598" lon="13.714295">
    <ele>1447.002</ele>
    <time>2026-06-22T09:15:13Z</time>
   </trkpt>
   <trkpt lat="46.975856" lon="13.712832">
    <ele>1442.530</ele>
    <time>2026-06-22T09:15:26Z</time>
   </trkpt>
   <trkpt lat="46.975901" lon="13.711078">
    <ele>1436.797</ele>
    <time>2026-06-22T09:15:39Z</time>
   </trkpt>
   <trkpt lat="46.976257" lon="13.709876">
    <ele>1433.168</ele>
    <time>2026-06-22T09:15:48Z</time>
   </trkpt>
   <trkpt lat="46.976344" lon="13.709160">
    <ele>1431.155</ele>
    <time>2026-06-22T09:15:53Z</time>
   </trkpt>
   <trkpt lat="46.976344" lon="13.708713">
    <ele>1430.030</ele>
    <time>2026-06-22T09:15:56Z</time>
   </trkpt>
   <trkpt lat="46.976556" lon="13.708043">
    <ele>1428.771</ele>
    <time>2026-06-22T09:16:01Z</time>
   </trkpt>
   <trkpt lat="46.976693" lon="13.707838">
    <ele>1428.150</ele>
    <time>2026-06-22T09:16:03Z</time>
   </trkpt>
   <trkpt lat="46.976889" lon="13.706887">
    <ele>1426.147</ele>
    <time>2026-06-22T09:16:10Z</time>
   </trkpt>
   <trkpt lat="46.976862" lon="13.706585">
    <ele>1424.675</ele>
    <time>2026-06-22T09:16:12Z</time>
   </trkpt>
   <trkpt lat="46.977090" lon="13.705683">
    <ele>1421.158</ele>
    <time>2026-06-22T09:16:18Z</time>
   </trkpt>
   <trkpt lat="46.977251" lon="13.705453">
    <ele>1419.855</ele>
    <time>2026-06-22T09:16:20Z</time>
   </trkpt>
   <trkpt lat="46.977422" lon="13.704842">
    <ele>1417.766</ele>
    <time>2026-06-22T09:16:24Z</time>
   </trkpt>
   <trkpt lat="46.977517" lon="13.703668">
    <ele>1414.037</ele>
    <time>2026-06-22T09:16:31Z</time>
   </trkpt>
   <trkpt lat="46.977708" lon="13.703152">
    <ele>1412.135</ele>
    <time>2026-06-22T09:16:35Z</time>
   </trkpt>
   <trkpt lat="46.977908" lon="13.702815">
    <ele>1410.260</ele>
    <time>2026-06-22T09:16:38Z</time>
   </trkpt>
   <trkpt lat="46.978243" lon="13.701351">
    <ele>1403.266</ele>
    <time>2026-06-22T09:16:48Z</time>
   </trkpt>
   <trkpt lat="46.977977" lon="13.700036">
    <ele>1395.870</ele>
    <time>2026-06-22T09:16:57Z</time>
   </trkpt>
   <trkpt lat="46.977867" lon="13.699601">
    <ele>1393.530</ele>
    <time>2026-06-22T09:17:00Z</time>
   </trkpt>
   <trkpt lat="46.977841" lon="13.698816">
    <ele>1390.310</ele>
    <time>2026-06-22T09:17:05Z</time>
   </trkpt>
   <trkpt lat="46.978114" lon="13.696505">
    <ele>1375.841</ele>
    <time>2026-06-22T09:17:19Z</time>
   </trkpt>
   <trkpt lat="46.978155" lon="13.696149">
    <ele>1373.713</ele>
    <time>2026-06-22T09:17:21Z</time>
   </trkpt>
   <trkpt lat="46.978520" lon="13.695217">
    <ele>1369.200</ele>
    <time>2026-06-22T09:17:27Z</time>
   </trkpt>
   <trkpt lat="46.978815" lon="13.693598">
    <ele>1359.928</ele>
    <time>2026-06-22T09:17:36Z</time>
   </trkpt>
   <trkpt lat="46.978972" lon="13.692836">
    <ele>1356.037</ele>
    <time>2026-06-22T09:17:40Z</time>
   </trkpt>
   <trkpt lat="46.978939" lon="13.691340">
    <ele>1349.089</ele>
    <time>2026-06-22T09:17:48Z</time>
   </trkpt>
   <trkpt lat="46.979049" lon="13.690718">
    <ele>1346.767</ele>
    <time>2026-06-22T09:17:52Z</time>
   </trkpt>
   <trkpt lat="46.979066" lon="13.690088">
    <ele>1343.678</ele>
    <time>2026-06-22T09:17:56Z</time>
   </trkpt>
   <trkpt lat="46.979031" lon="13.689764">
    <ele>1342.392</ele>
    <time>2026-06-22T09:17:58Z</time>
   </trkpt>
   <trkpt lat="46.979063" lon="13.688768">
    <ele>1339.802</ele>
    <time>2026-06-22T09:18:04Z</time>
   </trkpt>
   <trkpt lat="46.979046" lon="13.688121">
    <ele>1337.577</ele>
    <time>2026-06-22T09:18:08Z</time>
   </trkpt>
   <trkpt lat="46.979192" lon="13.687587">
    <ele>1335.161</ele>
    <time>2026-06-22T09:18:12Z</time>
   </trkpt>
   <trkpt lat="46.979252" lon="13.686794">
    <ele>1331.723</ele>
    <time>2026-06-22T09:18:19Z</time>
   </trkpt>
   <trkpt lat="46.979131" lon="13.685207">
    <ele>1323.243</ele>
    <time>2026-06-22T09:18:30Z</time>
   </trkpt>
   <trkpt lat="46.978863" lon="13.684011">
    <ele>1316.359</ele>
    <time>2026-06-22T09:18:37Z</time>
   </trkpt>
   <trkpt lat="46.978900" lon="13.683312">
    <ele>1312.678</ele>
    <time>2026-06-22T09:18:41Z</time>
   </trkpt>
   <trkpt lat="46.978951" lon="13.682955">
    <ele>1310.463</ele>
    <time>2026-06-22T09:18:43Z</time>
   </trkpt>
   <trkpt lat="46.978909" lon="13.682285">
    <ele>1308.988</ele>
    <time>2026-06-22T09:18:47Z</time>
   </trkpt>
   <trkpt lat="46.978436" lon="13.681402">
    <ele>1305.690</ele>
    <time>2026-06-22T09:18:54Z</time>
   </trkpt>
   <trkpt lat="46.977502" lon="13.680703">
    <ele>1299.793</ele>
    <time>2026-06-22T09:19:03Z</time>
   </trkpt>
   <trkpt lat="46.977187" lon="13.680386">
    <ele>1298.780</ele>
    <time>2026-06-22T09:19:06Z</time>
   </trkpt>
   <trkpt lat="46.976946" lon="13.680255">
    <ele>1297.570</ele>
    <time>2026-06-22T09:19:08Z</time>
   </trkpt>
   <trkpt lat="46.976749" lon="13.680196">
    <ele>1297.593</ele>
    <time>2026-06-22T09:19:10Z</time>
   </trkpt>
   <trkpt lat="46.975682" lon="13.679311">
    <ele>1292.441</ele>
    <time>2026-06-22T09:19:19Z</time>
   </trkpt>
   <trkpt lat="46.974724" lon="13.678337">
    <ele>1281.414</ele>
    <time>2026-06-22T09:19:28Z</time>
   </trkpt>
   <trkpt lat="46.974366" lon="13.677600">
    <ele>1276.173</ele>
    <time>2026-06-22T09:19:34Z</time>
   </trkpt>
   <trkpt lat="46.973806" lon="13.677180">
    <ele>1269.201</ele>
    <time>2026-06-22T09:19:40Z</time>
   </trkpt>
   <trkpt lat="46.973180" lon="13.676205">
    <ele>1260.824</ele>
    <time>2026-06-22T09:19:48Z</time>
   </trkpt>
   <trkpt lat="46.972619" lon="13.674391">
    <ele>1245.252</ele>
    <time>2026-06-22T09:19:59Z</time>
   </trkpt>
   <trkpt lat="46.972262" lon="13.673003">
    <ele>1234.421</ele>
    <time>2026-06-22T09:20:08Z</time>
   </trkpt>
   <trkpt lat="46.971997" lon="13.672616">
    <ele>1231.497</ele>
    <time>2026-06-22T09:20:12Z</time>
   </trkpt>
   <trkpt lat="46.971712" lon="13.672414">
    <ele>1228.876</ele>
    <time>2026-06-22T09:20:15Z</time>
   </trkpt>
   <trkpt lat="46.971313" lon="13.671898">
    <ele>1225.503</ele>
    <time>2026-06-22T09:20:20Z</time>
   </trkpt>
   <trkpt lat="46.970428" lon="13.671092">
    <ele>1217.277</ele>
    <time>2026-06-22T09:20:29Z</time>
   </trkpt>
   <trkpt lat="46.970145" lon="13.670555">
    <ele>1215.818</ele>
    <time>2026-06-22T09:20:33Z</time>
   </trkpt>
   <trkpt lat="46.969350" lon="13.669566">
    <ele>1209.751</ele>
    <time>2026-06-22T09:20:42Z</time>
   </trkpt>
   <trkpt lat="46.968601" lon="13.667792">
    <ele>1198.886</ele>
    <time>2026-06-22T09:20:54Z</time>
   </trkpt>
   <trkpt lat="46.968554" lon="13.667629">
    <ele>1198.198</ele>
    <time>2026-06-22T09:20:55Z</time>
   </trkpt>
   <trkpt lat="46.968297" lon="13.667022">
    <ele>1193.640</ele>
    <time>2026-06-22T09:20:59Z</time>
   </trkpt>
   <trkpt lat="46.967947" lon="13.666012">
    <ele>1187.081</ele>
    <time>2026-06-22T09:21:05Z</time>
   </trkpt>
   <trkpt lat="46.967852" lon="13.665497">
    <ele>1184.498</ele>
    <time>2026-06-22T09:21:08Z</time>
   </trkpt>
   <trkpt lat="46.967359" lon="13.664752">
    <ele>1180.033</ele>
    <time>2026-06-22T09:21:15Z</time>
   </trkpt>
   <trkpt lat="46.967190" lon="13.664724">
    <ele>1179.367</ele>
    <time>2026-06-22T09:21:17Z</time>
   </trkpt>
   <trkpt lat="46.967024" lon="13.664700">
    <ele>1178.031</ele>
    <time>2026-06-22T09:21:19Z</time>
   </trkpt>
   <trkpt lat="46.966754" lon="13.664391">
    <ele>1175.702</ele>
    <time>2026-06-22T09:21:23Z</time>
   </trkpt>
   <trkpt lat="46.966168" lon="13.662901">
    <ele>1166.072</ele>
    <time>2026-06-22T09:21:36Z</time>
   </trkpt>
   <trkpt lat="46.965542" lon="13.661445">
    <ele>1159.724</ele>
    <time>2026-06-22T09:21:50Z</time>
   </trkpt>
   <trkpt lat="46.964923" lon="13.660418">
    <ele>1154.311</ele>
    <time>2026-06-22T09:22:00Z</time>
   </trkpt>
   <trkpt lat="46.964630" lon="13.659810">
    <ele>1149.965</ele>
    <time>2026-06-22T09:22:05Z</time>
   </trkpt>
   <trkpt lat="46.964574" lon="13.659105">
    <ele>1146.971</ele>
    <time>2026-06-22T09:22:10Z</time>
   </trkpt>
   <trkpt lat="46.964637" lon="13.658670">
    <ele>1144.069</ele>
    <time>2026-06-22T09:22:13Z</time>
   </trkpt>
   <trkpt lat="46.964638" lon="13.658211">
    <ele>1141.972</ele>
    <time>2026-06-22T09:22:16Z</time>
   </trkpt>
   <trkpt lat="46.964540" lon="13.657622">
    <ele>1140.479</ele>
    <time>2026-06-22T09:22:20Z</time>
   </trkpt>
   <trkpt lat="46.964576" lon="13.657072">
    <ele>1138.891</ele>
    <time>2026-06-22T09:22:24Z</time>
   </trkpt>
   <trkpt lat="46.964679" lon="13.656694">
    <ele>1137.260</ele>
    <time>2026-06-22T09:22:27Z</time>
   </trkpt>
   <trkpt lat="46.964696" lon="13.656194">
    <ele>1134.610</ele>
    <time>2026-06-22T09:22:31Z</time>
   </trkpt>
   <trkpt lat="46.964549" lon="13.655239">
    <ele>1129.177</ele>
    <time>2026-06-22T09:22:38Z</time>
   </trkpt>
   <trkpt lat="46.964330" lon="13.654749">
    <ele>1125.802</ele>
    <time>2026-06-22T09:22:42Z</time>
   </trkpt>
   <trkpt lat="46.964228" lon="13.654516">
    <ele>1124.121</ele>
    <time>2026-06-22T09:22:44Z</time>
   </trkpt>
   <trkpt lat="46.964211" lon="13.653829">
    <ele>1121.428</ele>
    <time>2026-06-22T09:22:49Z</time>
   </trkpt>
   <trkpt lat="46.963913" lon="13.652409">
    <ele>1113.730</ele>
    <time>2026-06-22T09:22:59Z</time>
   </trkpt>
   <trkpt lat="46.963830" lon="13.651745">
    <ele>1109.438</ele>
    <time>2026-06-22T09:23:03Z</time>
   </trkpt>
   <trkpt lat="46.963839" lon="13.649797">
    <ele>1102.302</ele>
    <time>2026-06-22T09:23:14Z</time>
   </trkpt>
   <trkpt lat="46.963896" lon="13.647650">
    <ele>1093.514</ele>
    <time>2026-06-22T09:23:26Z</time>
   </trkpt>
   <trkpt lat="46.963909" lon="13.647462">
    <ele>1092.702</ele>
    <time>2026-06-22T09:23:27Z</time>
   </trkpt>
   <trkpt lat="46.963646" lon="13.646255">
    <ele>1088.709</ele>
    <time>2026-06-22T09:23:34Z</time>
   </trkpt>
   <trkpt lat="46.963265" lon="13.645565">
    <ele>1085.231</ele>
    <time>2026-06-22T09:23:39Z</time>
   </trkpt>
   <trkpt lat="46.963154" lon="13.644585">
    <ele>1080.614</ele>
    <time>2026-06-22T09:23:45Z</time>
   </trkpt>
   <trkpt lat="46.962942" lon="13.643512">
    <ele>1076.998</ele>
    <time>2026-06-22T09:23:52Z</time>
   </trkpt>
   <trkpt lat="46.962417" lon="13.642387">
    <ele>1072.966</ele>
    <time>2026-06-22T09:24:00Z</time>
   </trkpt>
   <trkpt lat="46.961911" lon="13.641684">
    <ele>1070.318</ele>
    <time>2026-06-22T09:24:06Z</time>
   </trkpt>
   <trkpt lat="46.961215" lon="13.640329">
    <ele>1063.858</ele>
    <time>2026-06-22T09:24:16Z</time>
   </trkpt>
   <trkpt lat="46.961046" lon="13.639363">
    <ele>1060.994</ele>
    <time>2026-06-22T09:24:22Z</time>
   </trkpt>
   <trkpt lat="46.961064" lon="13.638649">
    <ele>1056.951</ele>
    <time>2026-06-22T09:24:26Z</time>
   </trkpt>
   <trkpt lat="46.961033" lon="13.637861">
    <ele>1054.898</ele>
    <time>2026-06-22T09:24:31Z</time>
   </trkpt>
   <trkpt lat="46.961039" lon="13.637401">
    <ele>1054.315</ele>
    <time>2026-06-22T09:24:34Z</time>
   </trkpt>
   <trkpt lat="46.960746" lon="13.636881">
    <ele>1050.497</ele>
    <time>2026-06-22T09:24:39Z</time>
   </trkpt>
   <trkpt lat="46.960692" lon="13.636866">
    <ele>1049.734</ele>
    <time>2026-06-22T09:24:40Z</time>
   </trkpt>
   <trkpt lat="46.960294" lon="13.636435">
    <ele>1047.318</ele>
    <time>2026-06-22T09:24:45Z</time>
   </trkpt>
   <trkpt lat="46.960151" lon="13.635842">
    <ele>1045.309</ele>
    <time>2026-06-22T09:24:49Z</time>
   </trkpt>
   <trkpt lat="46.959733" lon="13.635190">
    <ele>1044.443</ele>
    <time>2026-06-22T09:24:55Z</time>
   </trkpt>
   <trkpt lat="46.959507" lon="13.634860">
    <ele>1043.642</ele>
    <time>2026-06-22T09:24:58Z</time>
   </trkpt>
   <trkpt lat="46.959472" lon="13.634058">
    <ele>1041.806</ele>
    <time>2026-06-22T09:25:03Z</time>
   </trkpt>
   <trkpt lat="46.959549" lon="13.633173">
    <ele>1035.730</ele>
    <time>2026-06-22T09:25:07Z</time>
   </trkpt>
   <trkpt lat="46.959976" lon="13.632161">
    <ele>1029.648</ele>
    <time>2026-06-22T09:25:14Z</time>
   </trkpt>
   <trkpt lat="46.960257" lon="13.630974">
    <ele>1022.954</ele>
    <time>2026-06-22T09:25:21Z</time>
   </trkpt>
   <trkpt lat="46.960306" lon="13.629738">
    <ele>1016.829</ele>
    <time>2026-06-22T09:25:28Z</time>
   </trkpt>
   <trkpt lat="46.960572" lon="13.629059">
    <ele>1013.683</ele>
    <time>2026-06-22T09:25:34Z</time>
   </trkpt>
   <trkpt lat="46.960737" lon="13.628663">
    <ele>1010.660</ele>
    <time>2026-06-22T09:25:37Z</time>
   </trkpt>
   <trkpt lat="46.960893" lon="13.628408">
    <ele>1008.645</ele>
    <time>2026-06-22T09:25:39Z</time>
   </trkpt>
   <trkpt lat="46.961292" lon="13.627276">
    <ele>1001.207</ele>
    <time>2026-06-22T09:25:46Z</time>
   </trkpt>
   <trkpt lat="46.961354" lon="13.626616">
    <ele>995.601</ele>
    <time>2026-06-22T09:25:50Z</time>
   </trkpt>
   <trkpt lat="46.961689" lon="13.625494">
    <ele>992.775</ele>
    <time>2026-06-22T09:25:58Z</time>
   </trkpt>
   <trkpt lat="46.961654" lon="13.624737">
    <ele>989.210</ele>
    <time>2026-06-22T09:26:04Z</time>
   </trkpt>
   <trkpt lat="46.961606" lon="13.624635">
    <ele>988.781</ele>
    <time>2026-06-22T09:26:05Z</time>
   </trkpt>
   <trkpt lat="46.961495" lon="13.624434">
    <ele>987.037</ele>
    <time>2026-06-22T09:26:07Z</time>
   </trkpt>
   <trkpt lat="46.961486" lon="13.623885">
    <ele>983.912</ele>
    <time>2026-06-22T09:26:12Z</time>
   </trkpt>
   <trkpt lat="46.961741" lon="13.623379">
    <ele>981.792</ele>
    <time>2026-06-22T09:26:17Z</time>
   </trkpt>
   <trkpt lat="46.961822" lon="13.622845">
    <ele>978.736</ele>
    <time>2026-06-22T09:26:21Z</time>
   </trkpt>
   <trkpt lat="46.962069" lon="13.621648">
    <ele>974.000</ele>
    <time>2026-06-22T09:26:30Z</time>
   </trkpt>
   <trkpt lat="46.962090" lon="13.621523">
    <ele>972.919</ele>
    <time>2026-06-22T09:26:32Z</time>
   </trkpt>
   <trkpt lat="46.962021" lon="13.621128">
    <ele>970.776</ele>
    <time>2026-06-22T09:26:41Z</time>
   </trkpt>
   <trkpt lat="46.962021" lon="13.621128">
    <ele>970.549</ele>
    <time>2026-06-22T09:27:47Z</time>
   </trkpt>
   <trkpt lat="46.962013" lon="13.621092">
    <ele>970.570</ele>
    <time>2026-06-22T09:27:49Z</time>
   </trkpt>
   <trkpt lat="46.961959" lon="13.620912">
    <ele>968.867</ele>
    <time>2026-06-22T09:27:54Z</time>
   </trkpt>
   <trkpt lat="46.961595" lon="13.619998">
    <ele>964.497</ele>
    <time>2026-06-22T09:28:07Z</time>
   </trkpt>
   <trkpt lat="46.961166" lon="13.619450">
    <ele>962.190</ele>
    <time>2026-06-22T09:28:15Z</time>
   </trkpt>
   <trkpt lat="46.961055" lon="13.619294">
    <ele>960.744</ele>
    <time>2026-06-22T09:28:23Z</time>
   </trkpt>
   <trkpt lat="46.960989" lon="13.619057">
    <ele>961.155</ele>
    <time>2026-06-22T09:28:40Z</time>
   </trkpt>
   <trkpt lat="46.960990" lon="13.618044">
    <ele>960.739</ele>
    <time>2026-06-22T09:28:53Z</time>
   </trkpt>
   <trkpt lat="46.960990" lon="13.618044">
    <ele>960.158</ele>
    <time>2026-06-22T09:28:54Z</time>
   </trkpt>
   <trkpt lat="46.960995" lon="13.617940">
    <ele>960.021</ele>
    <time>2026-06-22T09:28:59Z</time>
   </trkpt>
   <trkpt lat="46.960729" lon="13.617443">
    <ele>958.148</ele>
    <time>2026-06-22T09:29:08Z</time>
   </trkpt>
   <trkpt lat="46.959970" lon="13.616574">
    <ele>955.155</ele>
    <time>2026-06-22T09:29:24Z</time>
   </trkpt>
   <trkpt lat="46.959100" lon="13.615849">
    <ele>954.131</ele>
    <time>2026-06-22T09:29:40Z</time>
   </trkpt>
   <trkpt lat="46.958308" lon="13.615115">
    <ele>949.899</ele>
    <time>2026-06-22T09:29:53Z</time>
   </trkpt>
   <trkpt lat="46.958034" lon="13.614664">
    <ele>948.877</ele>
    <time>2026-06-22T09:29:58Z</time>
   </trkpt>
   <trkpt lat="46.957637" lon="13.614262">
    <ele>947.885</ele>
    <time>2026-06-22T09:30:04Z</time>
   </trkpt>
   <trkpt lat="46.956268" lon="13.613493">
    <ele>945.158</ele>
    <time>2026-06-22T09:30:23Z</time>
   </trkpt>
   <trkpt lat="46.954994" lon="13.613256">
    <ele>939.999</ele>
    <time>2026-06-22T09:30:39Z</time>
   </trkpt>
   <trkpt lat="46.954030" lon="13.612847">
    <ele>936.736</ele>
    <time>2026-06-22T09:30:52Z</time>
   </trkpt>
   <trkpt lat="46.953265" lon="13.612197">
    <ele>938.319</ele>
    <time>2026-06-22T09:31:04Z</time>
   </trkpt>
   <trkpt lat="46.952735" lon="13.612129">
    <ele>936.151</ele>
    <time>2026-06-22T09:31:11Z</time>
   </trkpt>
   <trkpt lat="46.952068" lon="13.612297">
    <ele>933.866</ele>
    <time>2026-06-22T09:31:19Z</time>
   </trkpt>
   <trkpt lat="46.951666" lon="13.612087">
    <ele>932.085</ele>
    <time>2026-06-22T09:31:24Z</time>
   </trkpt>
   <trkpt lat="46.951172" lon="13.611445">
    <ele>930.865</ele>
    <time>2026-06-22T09:31:31Z</time>
   </trkpt>
   <trkpt lat="46.950932" lon="13.611245">
    <ele>929.366</ele>
    <time>2026-06-22T09:31:35Z</time>
   </trkpt>
   <trkpt lat="46.950603" lon="13.611206">
    <ele>927.408</ele>
    <time>2026-06-22T09:31:37Z</time>
   </trkpt>
   <trkpt lat="46.950273" lon="13.611106">
    <ele>924.045</ele>
    <time>2026-06-22T09:31:40Z</time>
   </trkpt>
   <trkpt lat="46.949542" lon="13.610543">
    <ele>918.752</ele>
    <time>2026-06-22T09:31:47Z</time>
   </trkpt>
   <trkpt lat="46.948978" lon="13.610293">
    <ele>913.776</ele>
    <time>2026-06-22T09:31:52Z</time>
   </trkpt>
   <trkpt lat="46.947975" lon="13.610371">
    <ele>906.818</ele>
    <time>2026-06-22T09:32:00Z</time>
   </trkpt>
   <trkpt lat="46.947670" lon="13.610344">
    <ele>903.994</ele>
    <time>2026-06-22T09:32:04Z</time>
   </trkpt>
   <trkpt lat="46.946714" lon="13.609792">
    <ele>900.955</ele>
    <time>2026-06-22T09:32:11Z</time>
   </trkpt>
   <trkpt lat="46.946119" lon="13.608950">
    <ele>898.677</ele>
    <time>2026-06-22T09:32:19Z</time>
   </trkpt>
   <trkpt lat="46.945346" lon="13.608454">
    <ele>894.318</ele>
    <time>2026-06-22T09:32:28Z</time>
   </trkpt>
   <trkpt lat="46.945149" lon="13.608374">
    <ele>893.156</ele>
    <time>2026-06-22T09:32:30Z</time>
   </trkpt>
   <trkpt lat="46.944802" lon="13.608081">
    <ele>892.038</ele>
    <time>2026-06-22T09:32:34Z</time>
   </trkpt>
   <trkpt lat="46.944353" lon="13.607110">
    <ele>889.616</ele>
    <time>2026-06-22T09:32:42Z</time>
   </trkpt>
   <trkpt lat="46.943750" lon="13.606789">
    <ele>887.759</ele>
    <time>2026-06-22T09:32:49Z</time>
   </trkpt>
   <trkpt lat="46.943657" lon="13.606809">
    <ele>888.002</ele>
    <time>2026-06-22T09:32:50Z</time>
   </trkpt>
   <trkpt lat="46.943101" lon="13.606923">
    <ele>884.373</ele>
    <time>2026-06-22T09:32:56Z</time>
   </trkpt>
   <trkpt lat="46.942714" lon="13.606831">
    <ele>883.121</ele>
    <time>2026-06-22T09:33:00Z</time>
   </trkpt>
   <trkpt lat="46.941694" lon="13.606068">
    <ele>878.143</ele>
    <time>2026-06-22T09:33:12Z</time>
   </trkpt>
   <trkpt lat="46.941147" lon="13.605924">
    <ele>875.701</ele>
    <time>2026-06-22T09:33:19Z</time>
   </trkpt>
   <trkpt lat="46.940526" lon="13.605513">
    <ele>873.400</ele>
    <time>2026-06-22T09:33:25Z</time>
   </trkpt>
   <trkpt lat="46.939716" lon="13.604329">
    <ele>871.299</ele>
    <time>2026-06-22T09:33:37Z</time>
   </trkpt>
   <trkpt lat="46.939251" lon="13.603832">
    <ele>869.781</ele>
    <time>2026-06-22T09:33:43Z</time>
   </trkpt>
   <trkpt lat="46.938416" lon="13.603495">
    <ele>867.295</ele>
    <time>2026-06-22T09:33:52Z</time>
   </trkpt>
   <trkpt lat="46.938328" lon="13.603436">
    <ele>866.820</ele>
    <time>2026-06-22T09:33:53Z</time>
   </trkpt>
   <trkpt lat="46.937929" lon="13.603048">
    <ele>865.923</ele>
    <time>2026-06-22T09:33:58Z</time>
   </trkpt>
   <trkpt lat="46.937168" lon="13.601876">
    <ele>863.769</ele>
    <time>2026-06-22T09:34:10Z</time>
   </trkpt>
   <trkpt lat="46.936155" lon="13.601068">
    <ele>864.983</ele>
    <time>2026-06-22T09:34:23Z</time>
   </trkpt>
   <trkpt lat="46.934547" lon="13.599996">
    <ele>864.501</ele>
    <time>2026-06-22T09:34:43Z</time>
   </trkpt>
   <trkpt lat="46.933342" lon="13.598936">
    <ele>862.879</ele>
    <time>2026-06-22T09:35:01Z</time>
   </trkpt>
   <trkpt lat="46.933250" lon="13.598791">
    <ele>863.219</ele>
    <time>2026-06-22T09:35:03Z</time>
   </trkpt>
   <trkpt lat="46.933099" lon="13.598517">
    <ele>863.888</ele>
    <time>2026-06-22T09:35:10Z</time>
   </trkpt>
   <trkpt lat="46.933099" lon="13.598517">
    <ele>864.226</ele>
    <time>2026-06-22T09:35:42Z</time>
   </trkpt>
   <trkpt lat="46.933149" lon="13.598629">
    <ele>864.884</ele>
    <time>2026-06-22T09:35:48Z</time>
   </trkpt>
   <trkpt lat="46.933253" lon="13.598795">
    <ele>865.291</ele>
    <time>2026-06-22T09:35:52Z</time>
   </trkpt>
   <trkpt lat="46.933250" lon="13.599122">
    <ele>865.651</ele>
    <time>2026-06-22T09:35:58Z</time>
   </trkpt>
   <trkpt lat="46.933250" lon="13.599122">
    <ele>866.052</ele>
    <time>2026-06-22T09:36:01Z</time>
   </trkpt>
   <trkpt lat="46.932939" lon="13.599440">
    <ele>867.276</ele>
    <time>2026-06-22T09:36:07Z</time>
   </trkpt>
   <trkpt lat="46.932815" lon="13.599387">
    <ele>868.006</ele>
    <time>2026-06-22T09:36:13Z</time>
   </trkpt>
   <trkpt lat="46.932858" lon="13.599408">
    <ele>868.153</ele>
    <time>2026-06-22T09:36:18Z</time>
   </trkpt>
   <trkpt lat="46.932882" lon="13.599420">
    <ele>868.729</ele>
    <time>2026-06-22T09:36:30Z</time>
   </trkpt>
   <trkpt lat="46.933097" lon="13.599380">
    <ele>869.155</ele>
    <time>2026-06-22T09:36:45Z</time>
   </trkpt>
   <trkpt lat="46.933059" lon="13.599395">
    <ele>869.602</ele>
    <time>2026-06-22T09:36:50Z</time>
   </trkpt>
   <trkpt lat="46.932924" lon="13.599343">
    <ele>870.098</ele>
    <time>2026-06-22T09:36:53Z</time>
   </trkpt>
   <trkpt lat="46.932735" lon="13.599127">
    <ele>870.496</ele>
    <time>2026-06-22T09:37:05Z</time>
   </trkpt>
   <trkpt lat="46.932735" lon="13.599127">
    <ele>870.645</ele>
    <time>2026-06-22T09:37:45Z</time>
   </trkpt>
   <trkpt lat="46.932963" lon="13.599388">
    <ele>870.871</ele>
    <time>2026-06-22T09:37:57Z</time>
   </trkpt>
   <trkpt lat="46.932993" lon="13.599422">
    <ele>870.920</ele>
    <time>2026-06-22T09:38:00Z</time>
   </trkpt>
   <trkpt lat="46.933180" lon="13.599243">
    <ele>870.823</ele>
    <time>2026-06-22T09:38:05Z</time>
   </trkpt>
   <trkpt lat="46.933250" lon="13.599122">
    <ele>871.013</ele>
    <time>2026-06-22T09:38:14Z</time>
   </trkpt>
   <trkpt lat="46.932921" lon="13.598118">
    <ele>870.119</ele>
    <time>2026-06-22T09:38:27Z</time>
   </trkpt>
   <trkpt lat="46.932763" lon="13.597758">
    <ele>870.131</ele>
    <time>2026-06-22T09:38:32Z</time>
   </trkpt>
   <trkpt lat="46.932396" lon="13.596220">
    <ele>867.416</ele>
    <time>2026-06-22T09:38:49Z</time>
   </trkpt>
   <trkpt lat="46.931851" lon="13.594994">
    <ele>865.065</ele>
    <time>2026-06-22T09:39:02Z</time>
   </trkpt>
   <trkpt lat="46.931110" lon="13.594153">
    <ele>862.417</ele>
    <time>2026-06-22T09:39:13Z</time>
   </trkpt>
   <trkpt lat="46.930772" lon="13.593041">
    <ele>859.557</ele>
    <time>2026-06-22T09:39:22Z</time>
   </trkpt>
   <trkpt lat="46.930783" lon="13.592920">
    <ele>858.354</ele>
    <time>2026-06-22T09:39:24Z</time>
   </trkpt>
   <trkpt lat="46.930863" lon="13.592493">
    <ele>857.937</ele>
    <time>2026-06-22T09:39:26Z</time>
   </trkpt>
   <trkpt lat="46.930714" lon="13.591583">
    <ele>856.087</ele>
    <time>2026-06-22T09:39:34Z</time>
   </trkpt>
   <trkpt lat="46.930212" lon="13.591217">
    <ele>853.906</ele>
    <time>2026-06-22T09:39:41Z</time>
   </trkpt>
   <trkpt lat="46.929844" lon="13.591184">
    <ele>853.100</ele>
    <time>2026-06-22T09:39:45Z</time>
   </trkpt>
   <trkpt lat="46.929208" lon="13.590717">
    <ele>851.739</ele>
    <time>2026-06-22T09:39:53Z</time>
   </trkpt>
   <trkpt lat="46.929155" lon="13.590302">
    <ele>850.270</ele>
    <time>2026-06-22T09:39:56Z</time>
   </trkpt>
   <trkpt lat="46.929343" lon="13.588478">
    <ele>845.480</ele>
    <time>2026-06-22T09:40:09Z</time>
   </trkpt>
   <trkpt lat="46.929214" lon="13.586585">
    <ele>841.445</ele>
    <time>2026-06-22T09:40:24Z</time>
   </trkpt>
   <trkpt lat="46.929044" lon="13.586086">
    <ele>840.763</ele>
    <time>2026-06-22T09:40:29Z</time>
   </trkpt>
   <trkpt lat="46.928753" lon="13.585597">
    <ele>839.782</ele>
    <time>2026-06-22T09:40:35Z</time>
   </trkpt>
   <trkpt lat="46.927254" lon="13.584345">
    <ele>837.009</ele>
    <time>2026-06-22T09:40:59Z</time>
   </trkpt>
   <trkpt lat="46.926518" lon="13.583681">
    <ele>835.415</ele>
    <time>2026-06-22T09:41:12Z</time>
   </trkpt>
   <trkpt lat="46.925730" lon="13.582192">
    <ele>832.660</ele>
    <time>2026-06-22T09:41:31Z</time>
   </trkpt>
   <trkpt lat="46.925059" lon="13.580997">
    <ele>829.629</ele>
    <time>2026-06-22T09:41:46Z</time>
   </trkpt>
   <trkpt lat="46.923965" lon="13.580154">
    <ele>823.457</ele>
    <time>2026-06-22T09:42:02Z</time>
   </trkpt>
   <trkpt lat="46.923452" lon="13.579571">
    <ele>821.905</ele>
    <time>2026-06-22T09:42:11Z</time>
   </trkpt>
   <trkpt lat="46.922788" lon="13.578241">
    <ele>819.177</ele>
    <time>2026-06-22T09:42:29Z</time>
   </trkpt>
   <trkpt lat="46.922698" lon="13.578007">
    <ele>817.956</ele>
    <time>2026-06-22T09:42:37Z</time>
   </trkpt>
   <trkpt lat="46.922684" lon="13.577972">
    <ele>818.065</ele>
    <time>2026-06-22T09:43:21Z</time>
   </trkpt>
   <trkpt lat="46.922492" lon="13.577364">
    <ele>817.824</ele>
    <time>2026-06-22T09:43:32Z</time>
   </trkpt>
   <trkpt lat="46.922182" lon="13.575768">
    <ele>814.652</ele>
    <time>2026-06-22T09:43:50Z</time>
   </trkpt>
   <trkpt lat="46.921919" lon="13.574460">
    <ele>813.032</ele>
    <time>2026-06-22T09:44:05Z</time>
   </trkpt>
   <trkpt lat="46.921735" lon="13.572556">
    <ele>811.117</ele>
    <time>2026-06-22T09:44:26Z</time>
   </trkpt>
   <trkpt lat="46.921255" lon="13.570653">
    <ele>808.093</ele>
    <time>2026-06-22T09:44:47Z</time>
   </trkpt>
   <trkpt lat="46.920104" lon="13.568851">
    <ele>805.570</ele>
    <time>2026-06-22T09:45:11Z</time>
   </trkpt>
   <trkpt lat="46.919239" lon="13.567986">
    <ele>802.153</ele>
    <time>2026-06-22T09:45:26Z</time>
   </trkpt>
   <trkpt lat="46.918793" lon="13.566675">
    <ele>801.089</ele>
    <time>2026-06-22T09:45:40Z</time>
   </trkpt>
   <trkpt lat="46.918691" lon="13.566079">
    <ele>800.349</ele>
    <time>2026-06-22T09:45:46Z</time>
   </trkpt>
   <trkpt lat="46.918595" lon="13.564467">
    <ele>796.835</ele>
    <time>2026-06-22T09:46:03Z</time>
   </trkpt>
   <trkpt lat="46.918538" lon="13.563687">
    <ele>795.341</ele>
    <time>2026-06-22T09:46:09Z</time>
   </trkpt>
   <trkpt lat="46.918073" lon="13.562731">
    <ele>793.347</ele>
    <time>2026-06-22T09:46:21Z</time>
   </trkpt>
   <trkpt lat="46.917868" lon="13.562446">
    <ele>792.409</ele>
    <time>2026-06-22T09:46:25Z</time>
   </trkpt>
   <trkpt lat="46.917662" lon="13.562159">
    <ele>791.838</ele>
    <time>2026-06-22T09:46:29Z</time>
   </trkpt>
   <trkpt lat="46.916680" lon="13.561340">
    <ele>788.399</ele>
    <time>2026-06-22T09:46:44Z</time>
   </trkpt>
   <trkpt lat="46.915599" lon="13.560634">
    <ele>786.290</ele>
    <time>2026-06-22T09:46:59Z</time>
   </trkpt>
   <trkpt lat="46.914874" lon="13.559663">
    <ele>786.009</ele>
    <time>2026-06-22T09:47:12Z</time>
   </trkpt>
   <trkpt lat="46.914189" lon="13.558180">
    <ele>784.280</ele>
    <time>2026-06-22T09:47:27Z</time>
   </trkpt>
   <trkpt lat="46.913630" lon="13.556575">
    <ele>785.479</ele>
    <time>2026-06-22T09:47:44Z</time>
   </trkpt>
   <trkpt lat="46.913426" lon="13.555704">
    <ele>788.361</ele>
    <time>2026-06-22T09:47:57Z</time>
   </trkpt>
   <trkpt lat="46.913002" lon="13.554739">
    <ele>789.627</ele>
    <time>2026-06-22T09:48:17Z</time>
   </trkpt>
   <trkpt lat="46.912292" lon="13.553692">
    <ele>789.064</ele>
    <time>2026-06-22T09:48:38Z</time>
   </trkpt>
   <trkpt lat="46.911885" lon="13.552706">
    <ele>785.869</ele>
    <time>2026-06-22T09:48:51Z</time>
   </trkpt>
   <trkpt lat="46.911520" lon="13.551105">
    <ele>778.541</ele>
    <time>2026-06-22T09:49:05Z</time>
   </trkpt>
   <trkpt lat="46.911101" lon="13.548912">
    <ele>769.869</ele>
    <time>2026-06-22T09:49:20Z</time>
   </trkpt>
   <trkpt lat="46.910889" lon="13.547581">
    <ele>768.519</ele>
    <time>2026-06-22T09:49:30Z</time>
   </trkpt>
   <trkpt lat="46.910425" lon="13.546895">
    <ele>767.929</ele>
    <time>2026-06-22T09:49:38Z</time>
   </trkpt>
   <trkpt lat="46.909948" lon="13.546647">
    <ele>768.120</ele>
    <time>2026-06-22T09:49:44Z</time>
   </trkpt>
   <trkpt lat="46.909702" lon="13.545986">
    <ele>769.007</ele>
    <time>2026-06-22T09:49:50Z</time>
   </trkpt>
   <trkpt lat="46.909720" lon="13.545876">
    <ele>769.229</ele>
    <time>2026-06-22T09:49:51Z</time>
   </trkpt>
   <trkpt lat="46.909904" lon="13.545306">
    <ele>767.523</ele>
    <time>2026-06-22T09:49:57Z</time>
   </trkpt>
   <trkpt lat="46.910012" lon="13.544672">
    <ele>765.642</ele>
    <time>2026-06-22T09:50:02Z</time>
   </trkpt>
   <trkpt lat="46.909896" lon="13.544076">
    <ele>763.435</ele>
    <time>2026-06-22T09:50:07Z</time>
   </trkpt>
   <trkpt lat="46.909171" lon="13.542623">
    <ele>758.167</ele>
    <time>2026-06-22T09:50:19Z</time>
   </trkpt>
   <trkpt lat="46.908288" lon="13.540954">
    <ele>756.931</ele>
    <time>2026-06-22T09:50:35Z</time>
   </trkpt>
   <trkpt lat="46.907723" lon="13.539307">
    <ele>756.573</ele>
    <time>2026-06-22T09:50:52Z</time>
   </trkpt>
   <trkpt lat="46.906986" lon="13.537946">
    <ele>752.612</ele>
    <time>2026-06-22T09:51:09Z</time>
   </trkpt>
   <trkpt lat="46.905964" lon="13.536566">
    <ele>750.429</ele>
    <time>2026-06-22T09:51:27Z</time>
   </trkpt>
   <trkpt lat="46.905486" lon="13.535760">
    <ele>750.356</ele>
    <time>2026-06-22T09:51:39Z</time>
   </trkpt>
   <trkpt lat="46.905441" lon="13.535371">
    <ele>749.834</ele>
    <time>2026-06-22T09:51:45Z</time>
   </trkpt>
   <trkpt lat="46.905441" lon="13.535371">
    <ele>746.734</ele>
    <time>2026-06-22T09:51:53Z</time>
   </trkpt>
   <trkpt lat="46.905441" lon="13.535371">
    <ele>746.831</ele>
    <time>2026-06-22T09:51:56Z</time>
   </trkpt>
   <trkpt lat="46.905441" lon="13.535425">
    <ele>747.258</ele>
    <time>2026-06-22T09:51:59Z</time>
   </trkpt>
   <trkpt lat="46.905661" lon="13.535938">
    <ele>749.344</ele>
    <time>2026-06-22T09:52:21Z</time>
   </trkpt>
   <trkpt lat="46.905978" lon="13.536487">
    <ele>751.672</ele>
    <time>2026-06-22T09:52:50Z</time>
   </trkpt>
   <trkpt lat="46.906055" lon="13.536371">
    <ele>752.420</ele>
    <time>2026-06-22T09:52:55Z</time>
   </trkpt>
   <trkpt lat="46.906149" lon="13.536229">
    <ele>753.059</ele>
    <time>2026-06-22T09:53:06Z</time>
   </trkpt>
   <trkpt lat="46.906257" lon="13.536100">
    <ele>754.674</ele>
    <time>2026-06-22T09:53:15Z</time>
   </trkpt>
   <trkpt lat="46.906257" lon="13.536100">
    <ele>756.133</ele>
    <time>2026-06-22T09:53:22Z</time>
   </trkpt>
   <trkpt lat="46.906522" lon="13.535813">
    <ele>757.537</ele>
    <time>2026-06-22T09:53:27Z</time>
   </trkpt>
   <trkpt lat="46.906522" lon="13.535813">
    <ele>757.206</ele>
    <time>2026-06-22T09:53:30Z</time>
   </trkpt>
   <trkpt lat="46.906652" lon="13.536033">
    <ele>757.500</ele>
    <time>2026-06-22T09:53:38Z</time>
   </trkpt>
   <trkpt lat="46.906865" lon="13.536582">
    <ele>759.695</ele>
    <time>2026-06-22T09:53:54Z</time>
   </trkpt>
   <trkpt lat="46.906900" lon="13.536645">
    <ele>760.688</ele>
    <time>2026-06-22T09:54:00Z</time>
   </trkpt>
   <trkpt lat="46.907237" lon="13.536429">
    <ele>760.803</ele>
    <time>2026-06-22T09:54:12Z</time>
   </trkpt>
   <trkpt lat="46.907265" lon="13.536401">
    <ele>760.723</ele>
    <time>2026-06-22T09:54:24Z</time>
   </trkpt>
   <trkpt lat="46.907265" lon="13.536401">
    <ele>760.059</ele>
    <time>2026-06-22T09:54:34Z</time>
   </trkpt>
   <trkpt lat="46.907265" lon="13.536401">
    <ele>759.746</ele>
    <time>2026-06-22T09:55:11Z</time>
   </trkpt>
   <trkpt lat="46.907198" lon="13.535979">
    <ele>758.161</ele>
    <time>2026-06-22T09:55:31Z</time>
   </trkpt>
   <trkpt lat="46.907198" lon="13.535979">
    <ele>757.977</ele>
    <time>2026-06-22T09:55:46Z</time>
   </trkpt>
   <trkpt lat="46.907087" lon="13.535720">
    <ele>757.730</ele>
    <time>2026-06-22T09:55:49Z</time>
   </trkpt>
   <trkpt lat="46.907087" lon="13.535720">
    <ele>757.567</ele>
    <time>2026-06-22T09:55:52Z</time>
   </trkpt>
  </trkseg>
 </trk>
 <trk>
  <name>ACTIVE LOG035532</name>
  <trkseg>
   <trkpt lat="46.907286" lon="13.535987">
    <ele>691.893</ele>
    <time>2026-06-22T10:55:32Z</time>
   </trkpt>
   <trkpt lat="46.907096" lon="13.535773">
    <ele>756.942</ele>
    <time>2026-06-22T10:56:18Z</time>
   </trkpt>
   <trkpt lat="46.907090" lon="13.535776">
    <ele>760.068</ele>
    <time>2026-06-22T10:56:34Z</time>
   </trkpt>
   <trkpt lat="46.907055" lon="13.535827">
    <ele>759.054</ele>
    <time>2026-06-22T10:56:48Z</time>
   </trkpt>
   <trkpt lat="46.907005" lon="13.535739">
    <ele>759.370</ele>
    <time>2026-06-22T10:56:52Z</time>
   </trkpt>
   <trkpt lat="46.906620" lon="13.534979">
    <ele>756.836</ele>
    <time>2026-06-22T10:57:10Z</time>
   </trkpt>
   <trkpt lat="46.906450" lon="13.534577">
    <ele>754.958</ele>
    <time>2026-06-22T10:57:19Z</time>
   </trkpt>
   <trkpt lat="46.906403" lon="13.534391">
    <ele>755.836</ele>
    <time>2026-06-22T10:57:27Z</time>
   </trkpt>
   <trkpt lat="46.906302" lon="13.533835">
    <ele>753.940</ele>
    <time>2026-06-22T10:57:35Z</time>
   </trkpt>
   <trkpt lat="46.906285" lon="13.533762">
    <ele>753.584</ele>
    <time>2026-06-22T10:57:36Z</time>
   </trkpt>
   <trkpt lat="46.906106" lon="13.533032">
    <ele>749.219</ele>
    <time>2026-06-22T10:57:48Z</time>
   </trkpt>
   <trkpt lat="46.906085" lon="13.532903">
    <ele>749.839</ele>
    <time>2026-06-22T10:57:51Z</time>
   </trkpt>
   <trkpt lat="46.905609" lon="13.532926">
    <ele>749.476</ele>
    <time>2026-06-22T10:57:58Z</time>
   </trkpt>
   <trkpt lat="46.905159" lon="13.532625">
    <ele>748.704</ele>
    <time>2026-06-22T10:58:08Z</time>
   </trkpt>
   <trkpt lat="46.904983" lon="13.532358">
    <ele>749.755</ele>
    <time>2026-06-22T10:58:13Z</time>
   </trkpt>
   <trkpt lat="46.904860" lon="13.532058">
    <ele>747.828</ele>
    <time>2026-06-22T10:58:18Z</time>
   </trkpt>
   <trkpt lat="46.904806" lon="13.531918">
    <ele>746.896</ele>
    <time>2026-06-22T10:58:20Z</time>
   </trkpt>
   <trkpt lat="46.904520" lon="13.531305">
    <ele>746.331</ele>
    <time>2026-06-22T10:58:29Z</time>
   </trkpt>
   <trkpt lat="46.904186" lon="13.530607">
    <ele>744.811</ele>
    <time>2026-06-22T10:58:40Z</time>
   </trkpt>
   <trkpt lat="46.903685" lon="13.529894">
    <ele>748.963</ele>
    <time>2026-06-22T10:58:53Z</time>
   </trkpt>
   <trkpt lat="46.903639" lon="13.529835">
    <ele>750.002</ele>
    <time>2026-06-22T10:58:57Z</time>
   </trkpt>
   <trkpt lat="46.903209" lon="13.529681">
    <ele>751.164</ele>
    <time>2026-06-22T10:59:04Z</time>
   </trkpt>
   <trkpt lat="46.902640" lon="13.529547">
    <ele>754.196</ele>
    <time>2026-06-22T10:59:16Z</time>
   </trkpt>
   <trkpt lat="46.902365" lon="13.529511">
    <ele>754.706</ele>
    <time>2026-06-22T10:59:21Z</time>
   </trkpt>
   <trkpt lat="46.902175" lon="13.529480">
    <ele>754.228</ele>
    <time>2026-06-22T10:59:25Z</time>
   </trkpt>
   <trkpt lat="46.901798" lon="13.529399">
    <ele>754.913</ele>
    <time>2026-06-22T10:59:32Z</time>
   </trkpt>
   <trkpt lat="46.901729" lon="13.529384">
    <ele>750.782</ele>
    <time>2026-06-22T10:59:38Z</time>
   </trkpt>
   <trkpt lat="46.901729" lon="13.529384">
    <ele>750.413</ele>
    <time>2026-06-22T10:59:48Z</time>
   </trkpt>
   <trkpt lat="46.901729" lon="13.529384">
    <ele>750.735</ele>
    <time>2026-06-22T11:00:02Z</time>
   </trkpt>
   <trkpt lat="46.901485" lon="13.529445">
    <ele>749.817</ele>
    <time>2026-06-22T11:00:05Z</time>
   </trkpt>
   <trkpt lat="46.901014" lon="13.529256">
    <ele>751.151</ele>
    <time>2026-06-22T11:00:20Z</time>
   </trkpt>
   <trkpt lat="46.900609" lon="13.529130">
    <ele>753.474</ele>
    <time>2026-06-22T11:00:36Z</time>
   </trkpt>
   <trkpt lat="46.900333" lon="13.528825">
    <ele>753.499</ele>
    <time>2026-06-22T11:00:50Z</time>
   </trkpt>
   <trkpt lat="46.900023" lon="13.528607">
    <ele>752.796</ele>
    <time>2026-06-22T11:01:07Z</time>
   </trkpt>
   <trkpt lat="46.899832" lon="13.528523">
    <ele>755.693</ele>
    <time>2026-06-22T11:01:21Z</time>
   </trkpt>
   <trkpt lat="46.899474" lon="13.528467">
    <ele>762.201</ele>
    <time>2026-06-22T11:01:40Z</time>
   </trkpt>
   <trkpt lat="46.899137" lon="13.528329">
    <ele>763.898</ele>
    <time>2026-06-22T11:01:57Z</time>
   </trkpt>
   <trkpt lat="46.898856" lon="13.528203">
    <ele>769.846</ele>
    <time>2026-06-22T11:02:10Z</time>
   </trkpt>
   <trkpt lat="46.898637" lon="13.528105">
    <ele>774.528</ele>
    <time>2026-06-22T11:02:19Z</time>
   </trkpt>
   <trkpt lat="46.898105" lon="13.527840">
    <ele>779.145</ele>
    <time>2026-06-22T11:02:37Z</time>
   </trkpt>
   <trkpt lat="46.897806" lon="13.527681">
    <ele>781.341</ele>
    <time>2026-06-22T11:02:47Z</time>
   </trkpt>
   <trkpt lat="46.897028" lon="13.527177">
    <ele>778.693</ele>
    <time>2026-06-22T11:03:03Z</time>
   </trkpt>
   <trkpt lat="46.896726" lon="13.526896">
    <ele>781.003</ele>
    <time>2026-06-22T11:03:13Z</time>
   </trkpt>
   <trkpt lat="46.896230" lon="13.526434">
    <ele>785.522</ele>
    <time>2026-06-22T11:03:28Z</time>
   </trkpt>
   <trkpt lat="46.895968" lon="13.526190">
    <ele>787.233</ele>
    <time>2026-06-22T11:03:37Z</time>
   </trkpt>
   <trkpt lat="46.895731" lon="13.525970">
    <ele>790.576</ele>
    <time>2026-06-22T11:03:46Z</time>
   </trkpt>
   <trkpt lat="46.895468" lon="13.525711">
    <ele>793.247</ele>
    <time>2026-06-22T11:03:54Z</time>
   </trkpt>
   <trkpt lat="46.895147" lon="13.525376">
    <ele>793.695</ele>
    <time>2026-06-22T11:04:03Z</time>
   </trkpt>
   <trkpt lat="46.895104" lon="13.525338">
    <ele>793.735</ele>
    <time>2026-06-22T11:04:04Z</time>
   </trkpt>
   <trkpt lat="46.894751" lon="13.525123">
    <ele>790.666</ele>
    <time>2026-06-22T11:04:11Z</time>
   </trkpt>
   <trkpt lat="46.894124" lon="13.524529">
    <ele>787.797</ele>
    <time>2026-06-22T11:04:25Z</time>
   </trkpt>
   <trkpt lat="46.894119" lon="13.524523">
    <ele>786.267</ele>
    <time>2026-06-22T11:04:29Z</time>
   </trkpt>
   <trkpt lat="46.894167" lon="13.524573">
    <ele>785.554</ele>
    <time>2026-06-22T11:04:33Z</time>
   </trkpt>
   <trkpt lat="46.894211" lon="13.524620">
    <ele>785.749</ele>
    <time>2026-06-22T11:04:35Z</time>
   </trkpt>
   <trkpt lat="46.894223" lon="13.524632">
    <ele>784.483</ele>
    <time>2026-06-22T11:04:52Z</time>
   </trkpt>
   <trkpt lat="46.894223" lon="13.524632">
    <ele>783.935</ele>
    <time>2026-06-22T11:05:23Z</time>
   </trkpt>
   <trkpt lat="46.894021" lon="13.524385">
    <ele>780.458</ele>
    <time>2026-06-22T11:05:31Z</time>
   </trkpt>
   <trkpt lat="46.893842" lon="13.524022">
    <ele>779.456</ele>
    <time>2026-06-22T11:05:38Z</time>
   </trkpt>
   <trkpt lat="46.893708" lon="13.523749">
    <ele>777.424</ele>
    <time>2026-06-22T11:05:42Z</time>
   </trkpt>
   <trkpt lat="46.893498" lon="13.523520">
    <ele>776.089</ele>
    <time>2026-06-22T11:05:45Z</time>
   </trkpt>
   <trkpt lat="46.893287" lon="13.523327">
    <ele>774.401</ele>
    <time>2026-06-22T11:05:48Z</time>
   </trkpt>
   <trkpt lat="46.892597" lon="13.522302">
    <ele>777.114</ele>
    <time>2026-06-22T11:06:01Z</time>
   </trkpt>
   <trkpt lat="46.892420" lon="13.522092">
    <ele>775.862</ele>
    <time>2026-06-22T11:06:05Z</time>
   </trkpt>
   <trkpt lat="46.892212" lon="13.521776">
    <ele>775.827</ele>
    <time>2026-06-22T11:06:10Z</time>
   </trkpt>
   <trkpt lat="46.891955" lon="13.521269">
    <ele>778.340</ele>
    <time>2026-06-22T11:06:21Z</time>
   </trkpt>
   <trkpt lat="46.891464" lon="13.520788">
    <ele>777.914</ele>
    <time>2026-06-22T11:06:38Z</time>
   </trkpt>
   <trkpt lat="46.891023" lon="13.520595">
    <ele>776.714</ele>
    <time>2026-06-22T11:06:49Z</time>
   </trkpt>
   <trkpt lat="46.890832" lon="13.520357">
    <ele>778.019</ele>
    <time>2026-06-22T11:06:55Z</time>
   </trkpt>
   <trkpt lat="46.890743" lon="13.519878">
    <ele>778.549</ele>
    <time>2026-06-22T11:07:10Z</time>
   </trkpt>
   <trkpt lat="46.890764" lon="13.518977">
    <ele>777.046</ele>
    <time>2026-06-22T11:07:30Z</time>
   </trkpt>
   <trkpt lat="46.890764" lon="13.518977">
    <ele>776.977</ele>
    <time>2026-06-22T11:07:45Z</time>
   </trkpt>
   <trkpt lat="46.890735" lon="13.518578">
    <ele>776.774</ele>
    <time>2026-06-22T11:08:20Z</time>
   </trkpt>
   <trkpt lat="46.890619" lon="13.517927">
    <ele>775.750</ele>
    <time>2026-06-22T11:08:34Z</time>
   </trkpt>
   <trkpt lat="46.890542" lon="13.517712">
    <ele>774.143</ele>
    <time>2026-06-22T11:08:37Z</time>
   </trkpt>
   <trkpt lat="46.890060" lon="13.516728">
    <ele>771.435</ele>
    <time>2026-06-22T11:08:47Z</time>
   </trkpt>
   <trkpt lat="46.890014" lon="13.516060">
    <ele>770.984</ele>
    <time>2026-06-22T11:08:53Z</time>
   </trkpt>
   <trkpt lat="46.890124" lon="13.515668">
    <ele>773.521</ele>
    <time>2026-06-22T11:08:58Z</time>
   </trkpt>
   <trkpt lat="46.890202" lon="13.515127">
    <ele>772.220</ele>
    <time>2026-06-22T11:09:06Z</time>
   </trkpt>
   <trkpt lat="46.890299" lon="13.514814">
    <ele>770.480</ele>
    <time>2026-06-22T11:09:10Z</time>
   </trkpt>
   <trkpt lat="46.890418" lon="13.514555">
    <ele>767.130</ele>
    <time>2026-06-22T11:09:13Z</time>
   </trkpt>
   <trkpt lat="46.890648" lon="13.514167">
    <ele>761.638</ele>
    <time>2026-06-22T11:09:17Z</time>
   </trkpt>
   <trkpt lat="46.890766" lon="13.513759">
    <ele>759.935</ele>
    <time>2026-06-22T11:09:20Z</time>
   </trkpt>
   <trkpt lat="46.890922" lon="13.513448">
    <ele>757.924</ele>
    <time>2026-06-22T11:09:23Z</time>
   </trkpt>
   <trkpt lat="46.890914" lon="13.513184">
    <ele>756.148</ele>
    <time>2026-06-22T11:09:29Z</time>
   </trkpt>
   <trkpt lat="46.890628" lon="13.512919">
    <ele>755.734</ele>
    <time>2026-06-22T11:09:32Z</time>
   </trkpt>
   <trkpt lat="46.890122" lon="13.512887">
    <ele>758.819</ele>
    <time>2026-06-22T11:09:44Z</time>
   </trkpt>
   <trkpt lat="46.889827" lon="13.512862">
    <ele>764.075</ele>
    <time>2026-06-22T11:09:59Z</time>
   </trkpt>
   <trkpt lat="46.889532" lon="13.512798">
    <ele>769.329</ele>
    <time>2026-06-22T11:10:11Z</time>
   </trkpt>
   <trkpt lat="46.889092" lon="13.512891">
    <ele>778.088</ele>
    <time>2026-06-22T11:10:26Z</time>
   </trkpt>
   <trkpt lat="46.888306" lon="13.513257">
    <ele>778.653</ele>
    <time>2026-06-22T11:10:49Z</time>
   </trkpt>
   <trkpt lat="46.887950" lon="13.513167">
    <ele>776.592</ele>
    <time>2026-06-22T11:11:04Z</time>
   </trkpt>
   <trkpt lat="46.887407" lon="13.512643">
    <ele>770.908</ele>
    <time>2026-06-22T11:11:22Z</time>
   </trkpt>
   <trkpt lat="46.886469" lon="13.511799">
    <ele>771.175</ele>
    <time>2026-06-22T11:11:41Z</time>
   </trkpt>
   <trkpt lat="46.885894" lon="13.511395">
    <ele>773.135</ele>
    <time>2026-06-22T11:11:56Z</time>
   </trkpt>
   <trkpt lat="46.885364" lon="13.511023">
    <ele>768.060</ele>
    <time>2026-06-22T11:12:08Z</time>
   </trkpt>
   <trkpt lat="46.884960" lon="13.510799">
    <ele>763.361</ele>
    <time>2026-06-22T11:12:13Z</time>
   </trkpt>
   <trkpt lat="46.884697" lon="13.510847">
    <ele>760.192</ele>
    <time>2026-06-22T11:12:17Z</time>
   </trkpt>
   <trkpt lat="46.884308" lon="13.510676">
    <ele>755.395</ele>
    <time>2026-06-22T11:12:24Z</time>
   </trkpt>
   <trkpt lat="46.884078" lon="13.510446">
    <ele>754.978</ele>
    <time>2026-06-22T11:12:28Z</time>
   </trkpt>
   <trkpt lat="46.883839" lon="13.510282">
    <ele>754.637</ele>
    <time>2026-06-22T11:12:32Z</time>
   </trkpt>
   <trkpt lat="46.883519" lon="13.509930">
    <ele>752.513</ele>
    <time>2026-06-22T11:12:38Z</time>
   </trkpt>
   <trkpt lat="46.883287" lon="13.509903">
    <ele>750.975</ele>
    <time>2026-06-22T11:12:43Z</time>
   </trkpt>
   <trkpt lat="46.882958" lon="13.510378">
    <ele>746.109</ele>
    <time>2026-06-22T11:12:50Z</time>
   </trkpt>
   <trkpt lat="46.882152" lon="13.510971">
    <ele>736.959</ele>
    <time>2026-06-22T11:13:00Z</time>
   </trkpt>
   <trkpt lat="46.881693" lon="13.510933">
    <ele>734.111</ele>
    <time>2026-06-22T11:13:05Z</time>
   </trkpt>
   <trkpt lat="46.880579" lon="13.510383">
    <ele>736.158</ele>
    <time>2026-06-22T11:13:20Z</time>
   </trkpt>
   <trkpt lat="46.879903" lon="13.510033">
    <ele>735.956</ele>
    <time>2026-06-22T11:13:35Z</time>
   </trkpt>
   <trkpt lat="46.879864" lon="13.510013">
    <ele>735.958</ele>
    <time>2026-06-22T11:13:36Z</time>
   </trkpt>
   <trkpt lat="46.879006" lon="13.509485">
    <ele>737.520</ele>
    <time>2026-06-22T11:14:01Z</time>
   </trkpt>
   <trkpt lat="46.878517" lon="13.509227">
    <ele>739.695</ele>
    <time>2026-06-22T11:14:16Z</time>
   </trkpt>
   <trkpt lat="46.878244" lon="13.509091">
    <ele>738.594</ele>
    <time>2026-06-22T11:14:23Z</time>
   </trkpt>
   <trkpt lat="46.878101" lon="13.508989">
    <ele>737.625</ele>
    <time>2026-06-22T11:14:26Z</time>
   </trkpt>
   <trkpt lat="46.877886" lon="13.508573">
    <ele>734.559</ele>
    <time>2026-06-22T11:14:31Z</time>
   </trkpt>
   <trkpt lat="46.877632" lon="13.508098">
    <ele>732.739</ele>
    <time>2026-06-22T11:14:37Z</time>
   </trkpt>
   <trkpt lat="46.877370" lon="13.508015">
    <ele>733.762</ele>
    <time>2026-06-22T11:14:40Z</time>
   </trkpt>
   <trkpt lat="46.877173" lon="13.507930">
    <ele>734.584</ele>
    <time>2026-06-22T11:14:44Z</time>
   </trkpt>
   <trkpt lat="46.877008" lon="13.507715">
    <ele>732.511</ele>
    <time>2026-06-22T11:14:48Z</time>
   </trkpt>
   <trkpt lat="46.876165" lon="13.507144">
    <ele>729.097</ele>
    <time>2026-06-22T11:15:00Z</time>
   </trkpt>
   <trkpt lat="46.875536" lon="13.506526">
    <ele>731.121</ele>
    <time>2026-06-22T11:15:11Z</time>
   </trkpt>
   <trkpt lat="46.875430" lon="13.506349">
    <ele>732.782</ele>
    <time>2026-06-22T11:15:14Z</time>
   </trkpt>
   <trkpt lat="46.875221" lon="13.505922">
    <ele>736.744</ele>
    <time>2026-06-22T11:15:27Z</time>
   </trkpt>
   <trkpt lat="46.875167" lon="13.505831">
    <ele>737.185</ele>
    <time>2026-06-22T11:15:31Z</time>
   </trkpt>
   <trkpt lat="46.874941" lon="13.505483">
    <ele>739.287</ele>
    <time>2026-06-22T11:15:46Z</time>
   </trkpt>
   <trkpt lat="46.874591" lon="13.505095">
    <ele>742.828</ele>
    <time>2026-06-22T11:16:06Z</time>
   </trkpt>
   <trkpt lat="46.874435" lon="13.504987">
    <ele>747.423</ele>
    <time>2026-06-22T11:16:23Z</time>
   </trkpt>
   <trkpt lat="46.873842" lon="13.505008">
    <ele>754.015</ele>
    <time>2026-06-22T11:16:42Z</time>
   </trkpt>
   <trkpt lat="46.873186" lon="13.505191">
    <ele>751.375</ele>
    <time>2026-06-22T11:16:53Z</time>
   </trkpt>
   <trkpt lat="46.872887" lon="13.505161">
    <ele>752.089</ele>
    <time>2026-06-22T11:16:57Z</time>
   </trkpt>
   <trkpt lat="46.872500" lon="13.505045">
    <ele>750.300</ele>
    <time>2026-06-22T11:17:02Z</time>
   </trkpt>
   <trkpt lat="46.871860" lon="13.505008">
    <ele>748.394</ele>
    <time>2026-06-22T11:17:10Z</time>
   </trkpt>
   <trkpt lat="46.870968" lon="13.505103">
    <ele>747.172</ele>
    <time>2026-06-22T11:17:23Z</time>
   </trkpt>
   <trkpt lat="46.870846" lon="13.505133">
    <ele>746.987</ele>
    <time>2026-06-22T11:17:25Z</time>
   </trkpt>
   <trkpt lat="46.870583" lon="13.505165">
    <ele>747.783</ele>
    <time>2026-06-22T11:17:34Z</time>
   </trkpt>
   <trkpt lat="46.870264" lon="13.505101">
    <ele>750.143</ele>
    <time>2026-06-22T11:17:49Z</time>
   </trkpt>
   <trkpt lat="46.869968" lon="13.504984">
    <ele>749.492</ele>
    <time>2026-06-22T11:18:05Z</time>
   </trkpt>
   <trkpt lat="46.869397" lon="13.504728">
    <ele>750.609</ele>
    <time>2026-06-22T11:18:27Z</time>
   </trkpt>
   <trkpt lat="46.869172" lon="13.504587">
    <ele>751.349</ele>
    <time>2026-06-22T11:18:40Z</time>
   </trkpt>
   <trkpt lat="46.868907" lon="13.504377">
    <ele>753.570</ele>
    <time>2026-06-22T11:18:53Z</time>
   </trkpt>
   <trkpt lat="46.868510" lon="13.504155">
    <ele>758.792</ele>
    <time>2026-06-22T11:19:08Z</time>
   </trkpt>
   <trkpt lat="46.868068" lon="13.504062">
    <ele>760.255</ele>
    <time>2026-06-22T11:19:22Z</time>
   </trkpt>
   <trkpt lat="46.867637" lon="13.504000">
    <ele>765.578</ele>
    <time>2026-06-22T11:19:40Z</time>
   </trkpt>
   <trkpt lat="46.867234" lon="13.503943">
    <ele>769.869</ele>
    <time>2026-06-22T11:19:59Z</time>
   </trkpt>
   <trkpt lat="46.866936" lon="13.503853">
    <ele>768.340</ele>
    <time>2026-06-22T11:20:12Z</time>
   </trkpt>
   <trkpt lat="46.866540" lon="13.503693">
    <ele>770.142</ele>
    <time>2026-06-22T11:20:30Z</time>
   </trkpt>
   <trkpt lat="46.866262" lon="13.503559">
    <ele>770.972</ele>
    <time>2026-06-22T11:20:41Z</time>
   </trkpt>
   <trkpt lat="46.865912" lon="13.503460">
    <ele>772.301</ele>
    <time>2026-06-22T11:20:51Z</time>
   </trkpt>
   <trkpt lat="46.865428" lon="13.503347">
    <ele>771.413</ele>
    <time>2026-06-22T11:21:01Z</time>
   </trkpt>
   <trkpt lat="46.864589" lon="13.502856">
    <ele>769.941</ele>
    <time>2026-06-22T11:21:16Z</time>
   </trkpt>
   <trkpt lat="46.864297" lon="13.502617">
    <ele>771.602</ele>
    <time>2026-06-22T11:21:22Z</time>
   </trkpt>
   <trkpt lat="46.863885" lon="13.502205">
    <ele>772.406</ele>
    <time>2026-06-22T11:21:29Z</time>
   </trkpt>
   <trkpt lat="46.863518" lon="13.502046">
    <ele>772.758</ele>
    <time>2026-06-22T11:21:34Z</time>
   </trkpt>
   <trkpt lat="46.862814" lon="13.501874">
    <ele>770.574</ele>
    <time>2026-06-22T11:21:44Z</time>
   </trkpt>
   <trkpt lat="46.862057" lon="13.501768">
    <ele>770.775</ele>
    <time>2026-06-22T11:21:56Z</time>
   </trkpt>
   <trkpt lat="46.861688" lon="13.501649">
    <ele>770.012</ele>
    <time>2026-06-22T11:22:03Z</time>
   </trkpt>
   <trkpt lat="46.861601" lon="13.501560">
    <ele>769.606</ele>
    <time>2026-06-22T11:22:05Z</time>
   </trkpt>
   <trkpt lat="46.861333" lon="13.501040">
    <ele>767.931</ele>
    <time>2026-06-22T11:22:11Z</time>
   </trkpt>
   <trkpt lat="46.861260" lon="13.500888">
    <ele>767.169</ele>
    <time>2026-06-22T11:22:14Z</time>
   </trkpt>
   <trkpt lat="46.861014" lon="13.500686">
    <ele>766.672</ele>
    <time>2026-06-22T11:22:16Z</time>
   </trkpt>
   <trkpt lat="46.860695" lon="13.500495">
    <ele>765.053</ele>
    <time>2026-06-22T11:22:21Z</time>
   </trkpt>
   <trkpt lat="46.860507" lon="13.500292">
    <ele>764.877</ele>
    <time>2026-06-22T11:22:25Z</time>
   </trkpt>
   <trkpt lat="46.860280" lon="13.500004">
    <ele>763.800</ele>
    <time>2026-06-22T11:22:30Z</time>
   </trkpt>
   <trkpt lat="46.859675" lon="13.499439">
    <ele>769.341</ele>
    <time>2026-06-22T11:22:44Z</time>
   </trkpt>
   <trkpt lat="46.859223" lon="13.499168">
    <ele>775.820</ele>
    <time>2026-06-22T11:23:01Z</time>
   </trkpt>
   <trkpt lat="46.858795" lon="13.498901">
    <ele>773.774</ele>
    <time>2026-06-22T11:23:18Z</time>
   </trkpt>
   <trkpt lat="46.858156" lon="13.498379">
    <ele>772.422</ele>
    <time>2026-06-22T11:23:34Z</time>
   </trkpt>
   <trkpt lat="46.857398" lon="13.497970">
    <ele>772.418</ele>
    <time>2026-06-22T11:23:50Z</time>
   </trkpt>
   <trkpt lat="46.857170" lon="13.497856">
    <ele>772.829</ele>
    <time>2026-06-22T11:23:52Z</time>
   </trkpt>
   <trkpt lat="46.856594" lon="13.497604">
    <ele>773.513</ele>
    <time>2026-06-22T11:24:05Z</time>
   </trkpt>
   <trkpt lat="46.855851" lon="13.497533">
    <ele>770.372</ele>
    <time>2026-06-22T11:24:18Z</time>
   </trkpt>
   <trkpt lat="46.855019" lon="13.497516">
    <ele>770.690</ele>
    <time>2026-06-22T11:24:31Z</time>
   </trkpt>
   <trkpt lat="46.854969" lon="13.497496">
    <ele>771.317</ele>
    <time>2026-06-22T11:24:32Z</time>
   </trkpt>
   <trkpt lat="46.854538" lon="13.497257">
    <ele>771.044</ele>
    <time>2026-06-22T11:24:46Z</time>
   </trkpt>
   <trkpt lat="46.854415" lon="13.497133">
    <ele>772.738</ele>
    <time>2026-06-22T11:24:50Z</time>
   </trkpt>
   <trkpt lat="46.854268" lon="13.496967">
    <ele>772.468</ele>
    <time>2026-06-22T11:24:54Z</time>
   </trkpt>
   <trkpt lat="46.854058" lon="13.496788">
    <ele>771.899</ele>
    <time>2026-06-22T11:24:59Z</time>
   </trkpt>
   <trkpt lat="46.853486" lon="13.496523">
    <ele>772.946</ele>
    <time>2026-06-22T11:25:12Z</time>
   </trkpt>
   <trkpt lat="46.853090" lon="13.496426">
    <ele>775.361</ele>
    <time>2026-06-22T11:25:25Z</time>
   </trkpt>
   <trkpt lat="46.852849" lon="13.496248">
    <ele>775.103</ele>
    <time>2026-06-22T11:25:32Z</time>
   </trkpt>
   <trkpt lat="46.852809" lon="13.496214">
    <ele>774.557</ele>
    <time>2026-06-22T11:25:33Z</time>
   </trkpt>
   <trkpt lat="46.852481" lon="13.496142">
    <ele>773.378</ele>
    <time>2026-06-22T11:25:37Z</time>
   </trkpt>
   <trkpt lat="46.852363" lon="13.496298">
    <ele>772.675</ele>
    <time>2026-06-22T11:25:39Z</time>
   </trkpt>
   <trkpt lat="46.852000" lon="13.496744">
    <ele>770.440</ele>
    <time>2026-06-22T11:25:45Z</time>
   </trkpt>
   <trkpt lat="46.851361" lon="13.497047">
    <ele>771.342</ele>
    <time>2026-06-22T11:25:52Z</time>
   </trkpt>
   <trkpt lat="46.850986" lon="13.497038">
    <ele>769.527</ele>
    <time>2026-06-22T11:25:56Z</time>
   </trkpt>
   <trkpt lat="46.850529" lon="13.496591">
    <ele>766.535</ele>
    <time>2026-06-22T11:26:04Z</time>
   </trkpt>
   <trkpt lat="46.850498" lon="13.496497">
    <ele>765.026</ele>
    <time>2026-06-22T11:26:06Z</time>
   </trkpt>
   <trkpt lat="46.850497" lon="13.496188">
    <ele>762.562</ele>
    <time>2026-06-22T11:26:10Z</time>
   </trkpt>
   <trkpt lat="46.850674" lon="13.495460">
    <ele>746.558</ele>
    <time>2026-06-22T11:26:20Z</time>
   </trkpt>
   <trkpt lat="46.850868" lon="13.494833">
    <ele>740.375</ele>
    <time>2026-06-22T11:26:25Z</time>
   </trkpt>
   <trkpt lat="46.851230" lon="13.494023">
    <ele>735.251</ele>
    <time>2026-06-22T11:26:31Z</time>
   </trkpt>
   <trkpt lat="46.851378" lon="13.493120">
    <ele>732.234</ele>
    <time>2026-06-22T11:26:38Z</time>
   </trkpt>
   <trkpt lat="46.851389" lon="13.492867">
    <ele>732.438</ele>
    <time>2026-06-22T11:26:40Z</time>
   </trkpt>
   <trkpt lat="46.851227" lon="13.492498">
    <ele>732.569</ele>
    <time>2026-06-22T11:26:46Z</time>
   </trkpt>
   <trkpt lat="46.851086" lon="13.492797">
    <ele>731.723</ele>
    <time>2026-06-22T11:26:50Z</time>
   </trkpt>
   <trkpt lat="46.850992" lon="13.493239">
    <ele>731.834</ele>
    <time>2026-06-22T11:26:55Z</time>
   </trkpt>
   <trkpt lat="46.850849" lon="13.493531">
    <ele>732.794</ele>
    <time>2026-06-22T11:27:01Z</time>
   </trkpt>
   <trkpt lat="46.850522" lon="13.493659">
    <ele>735.001</ele>
    <time>2026-06-22T11:27:19Z</time>
   </trkpt>
   <trkpt lat="46.850261" lon="13.493877">
    <ele>737.774</ele>
    <time>2026-06-22T11:27:34Z</time>
   </trkpt>
   <trkpt lat="46.849961" lon="13.494432">
    <ele>738.771</ele>
    <time>2026-06-22T11:27:52Z</time>
   </trkpt>
   <trkpt lat="46.849713" lon="13.494738">
    <ele>738.848</ele>
    <time>2026-06-22T11:28:06Z</time>
   </trkpt>
   <trkpt lat="46.849326" lon="13.494882">
    <ele>740.553</ele>
    <time>2026-06-22T11:28:23Z</time>
   </trkpt>
   <trkpt lat="46.849044" lon="13.494994">
    <ele>742.039</ele>
    <time>2026-06-22T11:28:37Z</time>
   </trkpt>
   <trkpt lat="46.848709" lon="13.494997">
    <ele>745.096</ele>
    <time>2026-06-22T11:28:52Z</time>
   </trkpt>
   <trkpt lat="46.848349" lon="13.495002">
    <ele>743.393</ele>
    <time>2026-06-22T11:29:04Z</time>
   </trkpt>
   <trkpt lat="46.848011" lon="13.495212">
    <ele>744.179</ele>
    <time>2026-06-22T11:29:11Z</time>
   </trkpt>
   <trkpt lat="46.847849" lon="13.495374">
    <ele>745.599</ele>
    <time>2026-06-22T11:29:15Z</time>
   </trkpt>
   <trkpt lat="46.847255" lon="13.495492">
    <ele>747.607</ele>
    <time>2026-06-22T11:29:29Z</time>
   </trkpt>
   <trkpt lat="46.847057" lon="13.495500">
    <ele>747.595</ele>
    <time>2026-06-22T11:29:34Z</time>
   </trkpt>
   <trkpt lat="46.846539" lon="13.495962">
    <ele>747.337</ele>
    <time>2026-06-22T11:29:49Z</time>
   </trkpt>
   <trkpt lat="46.846472" lon="13.496037">
    <ele>746.928</ele>
    <time>2026-06-22T11:29:51Z</time>
   </trkpt>
   <trkpt lat="46.846320" lon="13.496160">
    <ele>745.141</ele>
    <time>2026-06-22T11:29:54Z</time>
   </trkpt>
   <trkpt lat="46.846047" lon="13.496162">
    <ele>743.930</ele>
    <time>2026-06-22T11:29:58Z</time>
   </trkpt>
   <trkpt lat="46.845296" lon="13.496156">
    <ele>747.509</ele>
    <time>2026-06-22T11:30:10Z</time>
   </trkpt>
   <trkpt lat="46.844537" lon="13.496081">
    <ele>748.258</ele>
    <time>2026-06-22T11:30:31Z</time>
   </trkpt>
   <trkpt lat="46.844079" lon="13.495903">
    <ele>753.244</ele>
    <time>2026-06-22T11:30:49Z</time>
   </trkpt>
   <trkpt lat="46.843712" lon="13.495622">
    <ele>757.718</ele>
    <time>2026-06-22T11:31:07Z</time>
   </trkpt>
   <trkpt lat="46.843519" lon="13.495415">
    <ele>761.906</ele>
    <time>2026-06-22T11:31:22Z</time>
   </trkpt>
   <trkpt lat="46.843356" lon="13.495198">
    <ele>762.474</ele>
    <time>2026-06-22T11:31:34Z</time>
   </trkpt>
   <trkpt lat="46.843126" lon="13.494674">
    <ele>760.384</ele>
    <time>2026-06-22T11:31:49Z</time>
   </trkpt>
   <trkpt lat="46.843113" lon="13.494611">
    <ele>760.006</ele>
    <time>2026-06-22T11:31:50Z</time>
   </trkpt>
   <trkpt lat="46.842932" lon="13.493430">
    <ele>754.853</ele>
    <time>2026-06-22T11:32:03Z</time>
   </trkpt>
   <trkpt lat="46.842921" lon="13.493326">
    <ele>754.572</ele>
    <time>2026-06-22T11:32:04Z</time>
   </trkpt>
   <trkpt lat="46.842704" lon="13.492874">
    <ele>756.572</ele>
    <time>2026-06-22T11:32:10Z</time>
   </trkpt>
   <trkpt lat="46.842115" lon="13.492444">
    <ele>759.353</ele>
    <time>2026-06-22T11:32:23Z</time>
   </trkpt>
   <trkpt lat="46.841303" lon="13.491722">
    <ele>753.793</ele>
    <time>2026-06-22T11:32:38Z</time>
   </trkpt>
   <trkpt lat="46.840504" lon="13.490558">
    <ele>742.001</ele>
    <time>2026-06-22T11:32:51Z</time>
   </trkpt>
   <trkpt lat="46.840249" lon="13.490027">
    <ele>736.973</ele>
    <time>2026-06-22T11:32:56Z</time>
   </trkpt>
   <trkpt lat="46.839919" lon="13.489554">
    <ele>734.757</ele>
    <time>2026-06-22T11:33:01Z</time>
   </trkpt>
   <trkpt lat="46.839149" lon="13.489230">
    <ele>728.347</ele>
    <time>2026-06-22T11:33:09Z</time>
   </trkpt>
   <trkpt lat="46.838595" lon="13.488857">
    <ele>720.039</ele>
    <time>2026-06-22T11:33:14Z</time>
   </trkpt>
   <trkpt lat="46.838076" lon="13.488590">
    <ele>717.253</ele>
    <time>2026-06-22T11:33:18Z</time>
   </trkpt>
   <trkpt lat="46.837594" lon="13.488544">
    <ele>710.968</ele>
    <time>2026-06-22T11:33:22Z</time>
   </trkpt>
   <trkpt lat="46.837097" lon="13.488227">
    <ele>707.301</ele>
    <time>2026-06-22T11:33:28Z</time>
   </trkpt>
   <trkpt lat="46.836759" lon="13.487796">
    <ele>702.779</ele>
    <time>2026-06-22T11:33:33Z</time>
   </trkpt>
   <trkpt lat="46.836506" lon="13.487295">
    <ele>703.406</ele>
    <time>2026-06-22T11:33:38Z</time>
   </trkpt>
   <trkpt lat="46.836317" lon="13.486745">
    <ele>700.722</ele>
    <time>2026-06-22T11:33:43Z</time>
   </trkpt>
   <trkpt lat="46.836025" lon="13.486284">
    <ele>698.620</ele>
    <time>2026-06-22T11:33:49Z</time>
   </trkpt>
   <trkpt lat="46.835852" lon="13.486152">
    <ele>699.236</ele>
    <time>2026-06-22T11:33:52Z</time>
   </trkpt>
   <trkpt lat="46.835139" lon="13.485503">
    <ele>690.362</ele>
    <time>2026-06-22T11:34:03Z</time>
   </trkpt>
   <trkpt lat="46.834374" lon="13.484140">
    <ele>681.317</ele>
    <time>2026-06-22T11:34:17Z</time>
   </trkpt>
   <trkpt lat="46.833850" lon="13.483349">
    <ele>674.682</ele>
    <time>2026-06-22T11:34:25Z</time>
   </trkpt>
   <trkpt lat="46.833665" lon="13.483186">
    <ele>672.667</ele>
    <time>2026-06-22T11:34:28Z</time>
   </trkpt>
   <trkpt lat="46.833077" lon="13.481914">
    <ele>664.437</ele>
    <time>2026-06-22T11:34:41Z</time>
   </trkpt>
   <trkpt lat="46.832352" lon="13.479338">
    <ele>651.202</ele>
    <time>2026-06-22T11:35:00Z</time>
   </trkpt>
   <trkpt lat="46.831506" lon="13.476840">
    <ele>641.227</ele>
    <time>2026-06-22T11:35:17Z</time>
   </trkpt>
   <trkpt lat="46.831287" lon="13.476164">
    <ele>640.027</ele>
    <time>2026-06-22T11:35:22Z</time>
   </trkpt>
   <trkpt lat="46.831168" lon="13.475900">
    <ele>639.591</ele>
    <time>2026-06-22T11:35:27Z</time>
   </trkpt>
   <trkpt lat="46.831132" lon="13.475853">
    <ele>639.065</ele>
    <time>2026-06-22T11:35:33Z</time>
   </trkpt>
   <trkpt lat="46.831147" lon="13.475616">
    <ele>638.567</ele>
    <time>2026-06-22T11:35:37Z</time>
   </trkpt>
   <trkpt lat="46.830975" lon="13.474364">
    <ele>636.905</ele>
    <time>2026-06-22T11:35:55Z</time>
   </trkpt>
   <trkpt lat="46.830876" lon="13.472970">
    <ele>630.822</ele>
    <time>2026-06-22T11:36:09Z</time>
   </trkpt>
   <trkpt lat="46.830767" lon="13.471503">
    <ele>622.059</ele>
    <time>2026-06-22T11:36:19Z</time>
   </trkpt>
   <trkpt lat="46.830703" lon="13.469776">
    <ele>615.120</ele>
    <time>2026-06-22T11:36:28Z</time>
   </trkpt>
   <trkpt lat="46.830606" lon="13.469072">
    <ele>612.157</ele>
    <time>2026-06-22T11:36:32Z</time>
   </trkpt>
   <trkpt lat="46.830439" lon="13.467953">
    <ele>607.319</ele>
    <time>2026-06-22T11:36:38Z</time>
   </trkpt>
   <trkpt lat="46.830532" lon="13.465997">
    <ele>605.606</ele>
    <time>2026-06-22T11:36:50Z</time>
   </trkpt>
   <trkpt lat="46.830631" lon="13.463955">
    <ele>603.759</ele>
    <time>2026-06-22T11:37:06Z</time>
   </trkpt>
   <trkpt lat="46.830736" lon="13.461021">
    <ele>601.108</ele>
    <time>2026-06-22T11:37:29Z</time>
   </trkpt>
   <trkpt lat="46.830746" lon="13.460217">
    <ele>601.661</ele>
    <time>2026-06-22T11:37:37Z</time>
   </trkpt>
   <trkpt lat="46.830503" lon="13.457822">
    <ele>602.667</ele>
    <time>2026-06-22T11:38:03Z</time>
   </trkpt>
   <trkpt lat="46.830377" lon="13.455876">
    <ele>601.293</ele>
    <time>2026-06-22T11:38:24Z</time>
   </trkpt>
   <trkpt lat="46.830337" lon="13.453338">
    <ele>596.585</ele>
    <time>2026-06-22T11:38:44Z</time>
   </trkpt>
   <trkpt lat="46.830365" lon="13.450424">
    <ele>597.915</ele>
    <time>2026-06-22T11:39:06Z</time>
   </trkpt>
   <trkpt lat="46.830651" lon="13.448895">
    <ele>598.007</ele>
    <time>2026-06-22T11:39:21Z</time>
   </trkpt>
   <trkpt lat="46.830752" lon="13.448716">
    <ele>597.412</ele>
    <time>2026-06-22T11:39:23Z</time>
   </trkpt>
   <trkpt lat="46.831007" lon="13.448482">
    <ele>596.594</ele>
    <time>2026-06-22T11:39:27Z</time>
   </trkpt>
   <trkpt lat="46.831152" lon="13.448373">
    <ele>595.227</ele>
    <time>2026-06-22T11:39:29Z</time>
   </trkpt>
   <trkpt lat="46.831412" lon="13.447669">
    <ele>591.536</ele>
    <time>2026-06-22T11:39:36Z</time>
   </trkpt>
   <trkpt lat="46.831265" lon="13.447143">
    <ele>589.192</ele>
    <time>2026-06-22T11:39:41Z</time>
   </trkpt>
   <trkpt lat="46.831156" lon="13.446921">
    <ele>588.770</ele>
    <time>2026-06-22T11:39:43Z</time>
   </trkpt>
   <trkpt lat="46.830958" lon="13.445984">
    <ele>587.966</ele>
    <time>2026-06-22T11:39:50Z</time>
   </trkpt>
   <trkpt lat="46.831007" lon="13.443423">
    <ele>584.593</ele>
    <time>2026-06-22T11:40:10Z</time>
   </trkpt>
   <trkpt lat="46.831301" lon="13.441562">
    <ele>583.560</ele>
    <time>2026-06-22T11:40:26Z</time>
   </trkpt>
   <trkpt lat="46.831458" lon="13.440720">
    <ele>583.505</ele>
    <time>2026-06-22T11:40:34Z</time>
   </trkpt>
   <trkpt lat="46.831300" lon="13.439438">
    <ele>583.130</ele>
    <time>2026-06-22T11:40:47Z</time>
   </trkpt>
   <trkpt lat="46.830995" lon="13.437175">
    <ele>579.771</ele>
    <time>2026-06-22T11:41:07Z</time>
   </trkpt>
   <trkpt lat="46.830729" lon="13.435181">
    <ele>576.624</ele>
    <time>2026-06-22T11:41:25Z</time>
   </trkpt>
   <trkpt lat="46.830275" lon="13.433075">
    <ele>574.702</ele>
    <time>2026-06-22T11:41:43Z</time>
   </trkpt>
   <trkpt lat="46.830062" lon="13.430863">
    <ele>571.344</ele>
    <time>2026-06-22T11:42:02Z</time>
   </trkpt>
   <trkpt lat="46.830362" lon="13.428504">
    <ele>568.819</ele>
    <time>2026-06-22T11:42:22Z</time>
   </trkpt>
   <trkpt lat="46.830382" lon="13.428385">
    <ele>568.576</ele>
    <time>2026-06-22T11:42:23Z</time>
   </trkpt>
   <trkpt lat="46.830404" lon="13.427815">
    <ele>568.802</ele>
    <time>2026-06-22T11:42:28Z</time>
   </trkpt>
   <trkpt lat="46.830447" lon="13.427362">
    <ele>568.425</ele>
    <time>2026-06-22T11:42:32Z</time>
   </trkpt>
   <trkpt lat="46.830404" lon="13.427267">
    <ele>567.446</ele>
    <time>2026-06-22T11:42:35Z</time>
   </trkpt>
   <trkpt lat="46.830684" lon="13.425718">
    <ele>566.050</ele>
    <time>2026-06-22T11:42:48Z</time>
   </trkpt>
   <trkpt lat="46.830786" lon="13.425147">
    <ele>564.930</ele>
    <time>2026-06-22T11:42:54Z</time>
   </trkpt>
   <trkpt lat="46.830902" lon="13.424003">
    <ele>562.839</ele>
    <time>2026-06-22T11:43:08Z</time>
   </trkpt>
   <trkpt lat="46.830911" lon="13.423959">
    <ele>562.617</ele>
    <time>2026-06-22T11:43:09Z</time>
   </trkpt>
   <trkpt lat="46.831151" lon="13.424247">
    <ele>562.618</ele>
    <time>2026-06-22T11:43:18Z</time>
   </trkpt>
   <trkpt lat="46.831240" lon="13.424412">
    <ele>562.764</ele>
    <time>2026-06-22T11:43:22Z</time>
   </trkpt>
   <trkpt lat="46.831083" lon="13.424515">
    <ele>563.391</ele>
    <time>2026-06-22T11:43:29Z</time>
   </trkpt>
   <trkpt lat="46.830897" lon="13.424385">
    <ele>562.043</ele>
    <time>2026-06-22T11:43:33Z</time>
   </trkpt>
   <trkpt lat="46.830662" lon="13.424190">
    <ele>560.097</ele>
    <time>2026-06-22T11:43:37Z</time>
   </trkpt>
   <trkpt lat="46.830487" lon="13.424094">
    <ele>559.917</ele>
    <time>2026-06-22T11:43:40Z</time>
   </trkpt>
   <trkpt lat="46.829900" lon="13.424007">
    <ele>559.231</ele>
    <time>2026-06-22T11:43:49Z</time>
   </trkpt>
   <trkpt lat="46.829747" lon="13.423548">
    <ele>560.147</ele>
    <time>2026-06-22T11:43:55Z</time>
   </trkpt>
   <trkpt lat="46.829665" lon="13.423126">
    <ele>559.766</ele>
    <time>2026-06-22T11:44:02Z</time>
   </trkpt>
   <trkpt lat="46.829550" lon="13.423064">
    <ele>559.129</ele>
    <time>2026-06-22T11:44:04Z</time>
   </trkpt>
   <trkpt lat="46.828654" lon="13.422277">
    <ele>556.325</ele>
    <time>2026-06-22T11:44:20Z</time>
   </trkpt>
   <trkpt lat="46.828177" lon="13.421636">
    <ele>553.755</ele>
    <time>2026-06-22T11:44:29Z</time>
   </trkpt>
   <trkpt lat="46.827627" lon="13.421155">
    <ele>549.704</ele>
    <time>2026-06-22T11:44:37Z</time>
   </trkpt>
   <trkpt lat="46.826671" lon="13.420923">
    <ele>549.077</ele>
    <time>2026-06-22T11:44:49Z</time>
   </trkpt>
   <trkpt lat="46.826079" lon="13.420813">
    <ele>549.979</ele>
    <time>2026-06-22T11:44:59Z</time>
   </trkpt>
   <trkpt lat="46.825930" lon="13.420568">
    <ele>549.907</ele>
    <time>2026-06-22T11:45:03Z</time>
   </trkpt>
   <trkpt lat="46.825139" lon="13.420214">
    <ele>549.239</ele>
    <time>2026-06-22T11:45:17Z</time>
   </trkpt>
   <trkpt lat="46.824274" lon="13.419668">
    <ele>549.414</ele>
    <time>2026-06-22T11:45:33Z</time>
   </trkpt>
   <trkpt lat="46.824087" lon="13.419539">
    <ele>550.037</ele>
    <time>2026-06-22T11:45:40Z</time>
   </trkpt>
   <trkpt lat="46.824032" lon="13.419422">
    <ele>550.124</ele>
    <time>2026-06-22T11:45:45Z</time>
   </trkpt>
   <trkpt lat="46.824374" lon="13.418401">
    <ele>549.117</ele>
    <time>2026-06-22T11:45:59Z</time>
   </trkpt>
   <trkpt lat="46.825139" lon="13.416420">
    <ele>549.157</ele>
    <time>2026-06-22T11:46:24Z</time>
   </trkpt>
   <trkpt lat="46.825485" lon="13.415754">
    <ele>549.723</ele>
    <time>2026-06-22T11:46:33Z</time>
   </trkpt>
   <trkpt lat="46.825785" lon="13.414308">
    <ele>550.606</ele>
    <time>2026-06-22T11:46:50Z</time>
   </trkpt>
   <trkpt lat="46.826258" lon="13.411843">
    <ele>550.748</ele>
    <time>2026-06-22T11:47:18Z</time>
   </trkpt>
   <trkpt lat="46.826434" lon="13.410833">
    <ele>550.740</ele>
    <time>2026-06-22T11:47:29Z</time>
   </trkpt>
   <trkpt lat="46.826330" lon="13.410543">
    <ele>550.901</ele>
    <time>2026-06-22T11:47:34Z</time>
   </trkpt>
   <trkpt lat="46.824903" lon="13.409842">
    <ele>551.064</ele>
    <time>2026-06-22T11:48:00Z</time>
   </trkpt>
   <trkpt lat="46.823258" lon="13.409035">
    <ele>550.965</ele>
    <time>2026-06-22T11:48:31Z</time>
   </trkpt>
   <trkpt lat="46.822996" lon="13.408907">
    <ele>550.518</ele>
    <time>2026-06-22T11:48:36Z</time>
   </trkpt>
   <trkpt lat="46.822879" lon="13.408674">
    <ele>551.209</ele>
    <time>2026-06-22T11:48:40Z</time>
   </trkpt>
   <trkpt lat="46.823286" lon="13.407002">
    <ele>550.456</ele>
    <time>2026-06-22T11:49:00Z</time>
   </trkpt>
   <trkpt lat="46.823729" lon="13.404711">
    <ele>549.924</ele>
    <time>2026-06-22T11:49:25Z</time>
   </trkpt>
   <trkpt lat="46.823767" lon="13.404512">
    <ele>549.853</ele>
    <time>2026-06-22T11:49:27Z</time>
   </trkpt>
   <trkpt lat="46.824028" lon="13.404306">
    <ele>550.949</ele>
    <time>2026-06-22T11:49:32Z</time>
   </trkpt>
   <trkpt lat="46.824365" lon="13.404414">
    <ele>551.261</ele>
    <time>2026-06-22T11:49:38Z</time>
   </trkpt>
   <trkpt lat="46.824563" lon="13.404219">
    <ele>550.826</ele>
    <time>2026-06-22T11:49:43Z</time>
   </trkpt>
   <trkpt lat="46.824962" lon="13.402617">
    <ele>552.643</ele>
    <time>2026-06-22T11:50:03Z</time>
   </trkpt>
   <trkpt lat="46.825412" lon="13.400807">
    <ele>553.369</ele>
    <time>2026-06-22T11:50:26Z</time>
   </trkpt>
   <trkpt lat="46.825458" lon="13.400622">
    <ele>553.467</ele>
    <time>2026-06-22T11:50:33Z</time>
   </trkpt>
   <trkpt lat="46.825536" lon="13.400309">
    <ele>553.527</ele>
    <time>2026-06-22T11:51:01Z</time>
   </trkpt>
   <trkpt lat="46.825893" lon="13.398902">
    <ele>553.201</ele>
    <time>2026-06-22T11:51:20Z</time>
   </trkpt>
   <trkpt lat="46.826376" lon="13.397041">
    <ele>553.589</ele>
    <time>2026-06-22T11:51:43Z</time>
   </trkpt>
   <trkpt lat="46.826911" lon="13.394955">
    <ele>553.892</ele>
    <time>2026-06-22T11:52:08Z</time>
   </trkpt>
   <trkpt lat="46.827424" lon="13.392482">
    <ele>554.797</ele>
    <time>2026-06-22T11:52:37Z</time>
   </trkpt>
   <trkpt lat="46.827582" lon="13.390657">
    <ele>555.842</ele>
    <time>2026-06-22T11:53:00Z</time>
   </trkpt>
   <trkpt lat="46.827555" lon="13.388835">
    <ele>555.038</ele>
    <time>2026-06-22T11:53:21Z</time>
   </trkpt>
   <trkpt lat="46.827649" lon="13.388058">
    <ele>555.283</ele>
    <time>2026-06-22T11:53:31Z</time>
   </trkpt>
   <trkpt lat="46.828138" lon="13.385968">
    <ele>555.978</ele>
    <time>2026-06-22T11:53:56Z</time>
   </trkpt>
   <trkpt lat="46.828652" lon="13.384292">
    <ele>555.890</ele>
    <time>2026-06-22T11:54:17Z</time>
   </trkpt>
   <trkpt lat="46.828963" lon="13.383767">
    <ele>555.518</ele>
    <time>2026-06-22T11:54:25Z</time>
   </trkpt>
   <trkpt lat="46.829688" lon="13.382811">
    <ele>556.935</ele>
    <time>2026-06-22T11:54:42Z</time>
   </trkpt>
   <trkpt lat="46.830385" lon="13.381743">
    <ele>557.977</ele>
    <time>2026-06-22T11:54:59Z</time>
   </trkpt>
   <trkpt lat="46.830476" lon="13.381469">
    <ele>558.336</ele>
    <time>2026-06-22T11:55:03Z</time>
   </trkpt>
   <trkpt lat="46.830522" lon="13.381118">
    <ele>558.869</ele>
    <time>2026-06-22T11:55:07Z</time>
   </trkpt>
   <trkpt lat="46.830575" lon="13.381004">
    <ele>560.231</ele>
    <time>2026-06-22T11:55:11Z</time>
   </trkpt>
   <trkpt lat="46.830710" lon="13.380944">
    <ele>560.402</ele>
    <time>2026-06-22T11:55:13Z</time>
   </trkpt>
   <trkpt lat="46.830735" lon="13.380761">
    <ele>558.523</ele>
    <time>2026-06-22T11:55:17Z</time>
   </trkpt>
   <trkpt lat="46.831165" lon="13.380472">
    <ele>558.712</ele>
    <time>2026-06-22T11:55:27Z</time>
   </trkpt>
   <trkpt lat="46.831275" lon="13.380348">
    <ele>558.478</ele>
    <time>2026-06-22T11:55:30Z</time>
   </trkpt>
   <trkpt lat="46.831597" lon="13.379828">
    <ele>558.342</ele>
    <time>2026-06-22T11:55:40Z</time>
   </trkpt>
   <trkpt lat="46.831820" lon="13.379905">
    <ele>558.414</ele>
    <time>2026-06-22T11:55:48Z</time>
   </trkpt>
   <trkpt lat="46.831836" lon="13.380216">
    <ele>558.196</ele>
    <time>2026-06-22T11:55:54Z</time>
   </trkpt>
   <trkpt lat="46.831962" lon="13.380060">
    <ele>557.900</ele>
    <time>2026-06-22T11:56:01Z</time>
   </trkpt>
   <trkpt lat="46.831952" lon="13.380013">
    <ele>557.884</ele>
    <time>2026-06-22T11:56:02Z</time>
   </trkpt>
   <trkpt lat="46.831926" lon="13.379591">
    <ele>558.152</ele>
    <time>2026-06-22T11:56:10Z</time>
   </trkpt>
   <trkpt lat="46.831670" lon="13.378665">
    <ele>559.370</ele>
    <time>2026-06-22T11:56:26Z</time>
   </trkpt>
   <trkpt lat="46.831221" lon="13.376666">
    <ele>559.672</ele>
    <time>2026-06-22T11:56:49Z</time>
   </trkpt>
   <trkpt lat="46.830821" lon="13.374493">
    <ele>557.931</ele>
    <time>2026-06-22T11:57:12Z</time>
   </trkpt>
   <trkpt lat="46.830684" lon="13.372156">
    <ele>558.288</ele>
    <time>2026-06-22T11:57:35Z</time>
   </trkpt>
   <trkpt lat="46.830883" lon="13.370056">
    <ele>560.023</ele>
    <time>2026-06-22T11:57:57Z</time>
   </trkpt>
   <trkpt lat="46.831257" lon="13.368110">
    <ele>560.381</ele>
    <time>2026-06-22T11:58:18Z</time>
   </trkpt>
   <trkpt lat="46.831941" lon="13.365463">
    <ele>560.763</ele>
    <time>2026-06-22T11:58:47Z</time>
   </trkpt>
   <trkpt lat="46.832515" lon="13.363333">
    <ele>561.317</ele>
    <time>2026-06-22T11:59:11Z</time>
   </trkpt>
   <trkpt lat="46.832604" lon="13.363001">
    <ele>561.475</ele>
    <time>2026-06-22T11:59:15Z</time>
   </trkpt>
   <trkpt lat="46.832758" lon="13.362395">
    <ele>560.937</ele>
    <time>2026-06-22T11:59:22Z</time>
   </trkpt>
   <trkpt lat="46.832850" lon="13.362009">
    <ele>560.363</ele>
    <time>2026-06-22T11:59:27Z</time>
   </trkpt>
   <trkpt lat="46.832695" lon="13.361475">
    <ele>560.100</ele>
    <time>2026-06-22T11:59:35Z</time>
   </trkpt>
   <trkpt lat="46.832634" lon="13.361443">
    <ele>560.120</ele>
    <time>2026-06-22T11:59:36Z</time>
   </trkpt>
   <trkpt lat="46.831563" lon="13.360856">
    <ele>561.775</ele>
    <time>2026-06-22T11:59:56Z</time>
   </trkpt>
   <trkpt lat="46.831563" lon="13.360856">
    <ele>561.644</ele>
    <time>2026-06-22T11:59:58Z</time>
   </trkpt>
   <trkpt lat="46.831171" lon="13.360670">
    <ele>561.127</ele>
    <time>2026-06-22T12:00:03Z</time>
   </trkpt>
   <trkpt lat="46.830975" lon="13.360308">
    <ele>560.377</ele>
    <time>2026-06-22T12:00:08Z</time>
   </trkpt>
   <trkpt lat="46.830787" lon="13.359635">
    <ele>560.311</ele>
    <time>2026-06-22T12:00:15Z</time>
   </trkpt>
   <trkpt lat="46.830732" lon="13.357852">
    <ele>560.350</ele>
    <time>2026-06-22T12:00:33Z</time>
   </trkpt>
   <trkpt lat="46.830734" lon="13.356189">
    <ele>561.977</ele>
    <time>2026-06-22T12:00:51Z</time>
   </trkpt>
   <trkpt lat="46.830652" lon="13.355839">
    <ele>563.387</ele>
    <time>2026-06-22T12:00:56Z</time>
   </trkpt>
   <trkpt lat="46.829997" lon="13.354578">
    <ele>565.026</ele>
    <time>2026-06-22T12:01:14Z</time>
   </trkpt>
   <trkpt lat="46.829125" lon="13.352829">
    <ele>566.841</ele>
    <time>2026-06-22T12:01:38Z</time>
   </trkpt>
   <trkpt lat="46.829089" lon="13.352760">
    <ele>566.724</ele>
    <time>2026-06-22T12:01:39Z</time>
   </trkpt>
   <trkpt lat="46.828528" lon="13.351715">
    <ele>566.228</ele>
    <time>2026-06-22T12:01:53Z</time>
   </trkpt>
   <trkpt lat="46.828159" lon="13.350915">
    <ele>567.879</ele>
    <time>2026-06-22T12:02:04Z</time>
   </trkpt>
   <trkpt lat="46.827779" lon="13.349600">
    <ele>569.190</ele>
    <time>2026-06-22T12:02:23Z</time>
   </trkpt>
   <trkpt lat="46.827743" lon="13.349462">
    <ele>568.490</ele>
    <time>2026-06-22T12:02:25Z</time>
   </trkpt>
   <trkpt lat="46.827571" lon="13.349183">
    <ele>567.467</ele>
    <time>2026-06-22T12:02:30Z</time>
   </trkpt>
   <trkpt lat="46.827339" lon="13.349062">
    <ele>567.208</ele>
    <time>2026-06-22T12:02:34Z</time>
   </trkpt>
   <trkpt lat="46.826978" lon="13.349089">
    <ele>566.367</ele>
    <time>2026-06-22T12:02:40Z</time>
   </trkpt>
   <trkpt lat="46.826043" lon="13.349455">
    <ele>567.207</ele>
    <time>2026-06-22T12:02:57Z</time>
   </trkpt>
   <trkpt lat="46.826026" lon="13.349462">
    <ele>567.232</ele>
    <time>2026-06-22T12:02:58Z</time>
   </trkpt>
   <trkpt lat="46.825334" lon="13.349808">
    <ele>563.342</ele>
    <time>2026-06-22T12:03:11Z</time>
   </trkpt>
   <trkpt lat="46.825280" lon="13.349835">
    <ele>563.297</ele>
    <time>2026-06-22T12:03:12Z</time>
   </trkpt>
   <trkpt lat="46.825104" lon="13.349923">
    <ele>563.255</ele>
    <time>2026-06-22T12:03:15Z</time>
   </trkpt>
   <trkpt lat="46.824636" lon="13.350395">
    <ele>562.717</ele>
    <time>2026-06-22T12:03:24Z</time>
   </trkpt>
   <trkpt lat="46.823651" lon="13.351168">
    <ele>563.359</ele>
    <time>2026-06-22T12:03:44Z</time>
   </trkpt>
   <trkpt lat="46.822968" lon="13.351834">
    <ele>560.882</ele>
    <time>2026-06-22T12:03:59Z</time>
   </trkpt>
   <trkpt lat="46.822154" lon="13.352628">
    <ele>560.564</ele>
    <time>2026-06-22T12:04:16Z</time>
   </trkpt>
   <trkpt lat="46.821978" lon="13.352772">
    <ele>559.820</ele>
    <time>2026-06-22T12:04:20Z</time>
   </trkpt>
   <trkpt lat="46.821606" lon="13.353002">
    <ele>560.880</ele>
    <time>2026-06-22T12:04:29Z</time>
   </trkpt>
   <trkpt lat="46.820941" lon="13.353217">
    <ele>560.709</ele>
    <time>2026-06-22T12:04:45Z</time>
   </trkpt>
   <trkpt lat="46.820144" lon="13.353332">
    <ele>560.028</ele>
    <time>2026-06-22T12:05:00Z</time>
   </trkpt>
   <trkpt lat="46.819282" lon="13.353825">
    <ele>559.130</ele>
    <time>2026-06-22T12:05:16Z</time>
   </trkpt>
   <trkpt lat="46.819217" lon="13.353854">
    <ele>559.160</ele>
    <time>2026-06-22T12:05:17Z</time>
   </trkpt>
   <trkpt lat="46.818097" lon="13.354827">
    <ele>558.613</ele>
    <time>2026-06-22T12:05:37Z</time>
   </trkpt>
   <trkpt lat="46.817526" lon="13.355502">
    <ele>561.221</ele>
    <time>2026-06-22T12:05:52Z</time>
   </trkpt>
   <trkpt lat="46.816907" lon="13.356286">
    <ele>561.578</ele>
    <time>2026-06-22T12:06:11Z</time>
   </trkpt>
   <trkpt lat="46.816677" lon="13.356487">
    <ele>561.048</ele>
    <time>2026-06-22T12:06:16Z</time>
   </trkpt>
   <trkpt lat="46.815849" lon="13.357213">
    <ele>563.466</ele>
    <time>2026-06-22T12:06:36Z</time>
   </trkpt>
   <trkpt lat="46.815447" lon="13.357519">
    <ele>563.602</ele>
    <time>2026-06-22T12:06:45Z</time>
   </trkpt>
   <trkpt lat="46.815204" lon="13.357683">
    <ele>563.451</ele>
    <time>2026-06-22T12:06:50Z</time>
   </trkpt>
   <trkpt lat="46.814754" lon="13.357989">
    <ele>564.090</ele>
    <time>2026-06-22T12:06:59Z</time>
   </trkpt>
   <trkpt lat="46.813981" lon="13.358513">
    <ele>559.394</ele>
    <time>2026-06-22T12:07:14Z</time>
   </trkpt>
   <trkpt lat="46.813495" lon="13.358842">
    <ele>556.769</ele>
    <time>2026-06-22T12:07:23Z</time>
   </trkpt>
   <trkpt lat="46.812546" lon="13.359275">
    <ele>560.138</ele>
    <time>2026-06-22T12:07:40Z</time>
   </trkpt>
   <trkpt lat="46.812042" lon="13.359591">
    <ele>559.134</ele>
    <time>2026-06-22T12:07:49Z</time>
   </trkpt>
   <trkpt lat="46.811087" lon="13.360242">
    <ele>560.048</ele>
    <time>2026-06-22T12:08:09Z</time>
   </trkpt>
   <trkpt lat="46.810511" lon="13.360674">
    <ele>560.682</ele>
    <time>2026-06-22T12:08:19Z</time>
   </trkpt>
   <trkpt lat="46.810197" lon="13.360829">
    <ele>560.014</ele>
    <time>2026-06-22T12:08:24Z</time>
   </trkpt>
   <trkpt lat="46.809376" lon="13.361506">
    <ele>558.230</ele>
    <time>2026-06-22T12:08:39Z</time>
   </trkpt>
   <trkpt lat="46.809243" lon="13.361652">
    <ele>558.105</ele>
    <time>2026-06-22T12:08:42Z</time>
   </trkpt>
   <trkpt lat="46.809050" lon="13.361863">
    <ele>557.441</ele>
    <time>2026-06-22T12:08:47Z</time>
   </trkpt>
   <trkpt lat="46.808783" lon="13.362154">
    <ele>558.058</ele>
    <time>2026-06-22T12:08:54Z</time>
   </trkpt>
   <trkpt lat="46.808604" lon="13.362350">
    <ele>558.701</ele>
    <time>2026-06-22T12:08:59Z</time>
   </trkpt>
   <trkpt lat="46.808347" lon="13.362632">
    <ele>558.909</ele>
    <time>2026-06-22T12:09:06Z</time>
   </trkpt>
   <trkpt lat="46.808206" lon="13.362786">
    <ele>559.669</ele>
    <time>2026-06-22T12:09:10Z</time>
   </trkpt>
   <trkpt lat="46.807934" lon="13.363084">
    <ele>559.990</ele>
    <time>2026-06-22T12:09:17Z</time>
   </trkpt>
   <trkpt lat="46.807211" lon="13.363704">
    <ele>561.435</ele>
    <time>2026-06-22T12:09:33Z</time>
   </trkpt>
   <trkpt lat="46.806978" lon="13.363814">
    <ele>559.457</ele>
    <time>2026-06-22T12:09:38Z</time>
   </trkpt>
   <trkpt lat="46.806508" lon="13.363900">
    <ele>560.274</ele>
    <time>2026-06-22T12:09:47Z</time>
   </trkpt>
   <trkpt lat="46.806343" lon="13.363930">
    <ele>559.093</ele>
    <time>2026-06-22T12:09:51Z</time>
   </trkpt>
   <trkpt lat="46.805793" lon="13.364158">
    <ele>556.387</ele>
    <time>2026-06-22T12:10:00Z</time>
   </trkpt>
   <trkpt lat="46.805594" lon="13.364339">
    <ele>554.159</ele>
    <time>2026-06-22T12:10:03Z</time>
   </trkpt>
   <trkpt lat="46.805269" lon="13.364834">
    <ele>553.416</ele>
    <time>2026-06-22T12:10:10Z</time>
   </trkpt>
   <trkpt lat="46.805185" lon="13.364962">
    <ele>553.121</ele>
    <time>2026-06-22T12:10:12Z</time>
   </trkpt>
   <trkpt lat="46.805028" lon="13.365118">
    <ele>555.357</ele>
    <time>2026-06-22T12:10:16Z</time>
   </trkpt>
   <trkpt lat="46.804502" lon="13.365363">
    <ele>556.372</ele>
    <time>2026-06-22T12:10:25Z</time>
   </trkpt>
   <trkpt lat="46.803961" lon="13.365755">
    <ele>555.660</ele>
    <time>2026-06-22T12:10:37Z</time>
   </trkpt>
   <trkpt lat="46.803659" lon="13.365828">
    <ele>559.626</ele>
    <time>2026-06-22T12:10:48Z</time>
   </trkpt>
   <trkpt lat="46.803186" lon="13.365942">
    <ele>562.694</ele>
    <time>2026-06-22T12:11:03Z</time>
   </trkpt>
   <trkpt lat="46.802357" lon="13.366032">
    <ele>563.706</ele>
    <time>2026-06-22T12:11:21Z</time>
   </trkpt>
   <trkpt lat="46.802311" lon="13.366037">
    <ele>564.139</ele>
    <time>2026-06-22T12:11:22Z</time>
   </trkpt>
   <trkpt lat="46.802160" lon="13.366054">
    <ele>564.111</ele>
    <time>2026-06-22T12:11:25Z</time>
   </trkpt>
   <trkpt lat="46.801958" lon="13.366135">
    <ele>562.230</ele>
    <time>2026-06-22T12:11:29Z</time>
   </trkpt>
   <trkpt lat="46.801715" lon="13.366415">
    <ele>558.945</ele>
    <time>2026-06-22T12:11:34Z</time>
   </trkpt>
   <trkpt lat="46.801378" lon="13.366699">
    <ele>559.373</ele>
    <time>2026-06-22T12:11:39Z</time>
   </trkpt>
   <trkpt lat="46.801210" lon="13.366907">
    <ele>558.778</ele>
    <time>2026-06-22T12:11:42Z</time>
   </trkpt>
   <trkpt lat="46.800901" lon="13.367097">
    <ele>558.516</ele>
    <time>2026-06-22T12:11:47Z</time>
   </trkpt>
   <trkpt lat="46.800441" lon="13.367108">
    <ele>558.416</ele>
    <time>2026-06-22T12:11:54Z</time>
   </trkpt>
   <trkpt lat="46.799683" lon="13.366997">
    <ele>562.163</ele>
    <time>2026-06-22T12:12:07Z</time>
   </trkpt>
   <trkpt lat="46.799244" lon="13.366861">
    <ele>565.563</ele>
    <time>2026-06-22T12:12:24Z</time>
   </trkpt>
   <trkpt lat="46.799021" lon="13.366759">
    <ele>567.102</ele>
    <time>2026-06-22T12:12:32Z</time>
   </trkpt>
   <trkpt lat="46.798870" lon="13.366663">
    <ele>567.130</ele>
    <time>2026-06-22T12:12:36Z</time>
   </trkpt>
   <trkpt lat="46.798229" lon="13.366247">
    <ele>568.526</ele>
    <time>2026-06-22T12:12:53Z</time>
   </trkpt>
   <trkpt lat="46.798062" lon="13.366195">
    <ele>567.214</ele>
    <time>2026-06-22T12:12:57Z</time>
   </trkpt>
   <trkpt lat="46.797393" lon="13.365769">
    <ele>566.263</ele>
    <time>2026-06-22T12:13:11Z</time>
   </trkpt>
   <trkpt lat="46.796386" lon="13.365294">
    <ele>564.530</ele>
    <time>2026-06-22T12:13:27Z</time>
   </trkpt>
   <trkpt lat="46.795363" lon="13.365044">
    <ele>567.743</ele>
    <time>2026-06-22T12:13:43Z</time>
   </trkpt>
   <trkpt lat="46.794570" lon="13.364809">
    <ele>567.601</ele>
    <time>2026-06-22T12:13:57Z</time>
   </trkpt>
   <trkpt lat="46.794131" lon="13.364750">
    <ele>565.802</ele>
    <time>2026-06-22T12:14:04Z</time>
   </trkpt>
   <trkpt lat="46.793833" lon="13.364517">
    <ele>566.313</ele>
    <time>2026-06-22T12:14:09Z</time>
   </trkpt>
   <trkpt lat="46.793557" lon="13.364068">
    <ele>566.178</ele>
    <time>2026-06-22T12:14:15Z</time>
   </trkpt>
   <trkpt lat="46.792790" lon="13.363406">
    <ele>565.973</ele>
    <time>2026-06-22T12:14:29Z</time>
   </trkpt>
   <trkpt lat="46.792516" lon="13.363269">
    <ele>565.786</ele>
    <time>2026-06-22T12:14:33Z</time>
   </trkpt>
   <trkpt lat="46.792381" lon="13.363250">
    <ele>565.450</ele>
    <time>2026-06-22T12:14:35Z</time>
   </trkpt>
   <trkpt lat="46.791983" lon="13.363324">
    <ele>564.936</ele>
    <time>2026-06-22T12:14:41Z</time>
   </trkpt>
   <trkpt lat="46.791505" lon="13.363578">
    <ele>564.558</ele>
    <time>2026-06-22T12:14:49Z</time>
   </trkpt>
   <trkpt lat="46.791090" lon="13.363757">
    <ele>565.024</ele>
    <time>2026-06-22T12:14:56Z</time>
   </trkpt>
   <trkpt lat="46.790713" lon="13.363907">
    <ele>565.282</ele>
    <time>2026-06-22T12:15:03Z</time>
   </trkpt>
   <trkpt lat="46.789901" lon="13.363699">
    <ele>566.087</ele>
    <time>2026-06-22T12:15:16Z</time>
   </trkpt>
   <trkpt lat="46.788576" lon="13.362975">
    <ele>567.796</ele>
    <time>2026-06-22T12:15:40Z</time>
   </trkpt>
   <trkpt lat="46.787652" lon="13.362452">
    <ele>570.224</ele>
    <time>2026-06-22T12:16:00Z</time>
   </trkpt>
   <trkpt lat="46.786585" lon="13.361769">
    <ele>570.877</ele>
    <time>2026-06-22T12:16:25Z</time>
   </trkpt>
   <trkpt lat="46.786127" lon="13.361477">
    <ele>571.586</ele>
    <time>2026-06-22T12:16:39Z</time>
   </trkpt>
   <trkpt lat="46.785618" lon="13.361152">
    <ele>574.332</ele>
    <time>2026-06-22T12:16:56Z</time>
   </trkpt>
   <trkpt lat="46.784874" lon="13.360699">
    <ele>577.696</ele>
    <time>2026-06-22T12:17:18Z</time>
   </trkpt>
   <trkpt lat="46.783993" lon="13.360178">
    <ele>579.082</ele>
    <time>2026-06-22T12:17:44Z</time>
   </trkpt>
   <trkpt lat="46.783432" lon="13.359847">
    <ele>581.093</ele>
    <time>2026-06-22T12:18:05Z</time>
   </trkpt>
   <trkpt lat="46.783416" lon="13.359841">
    <ele>580.988</ele>
    <time>2026-06-22T12:18:06Z</time>
   </trkpt>
   <trkpt lat="46.783410" lon="13.359840">
    <ele>580.931</ele>
    <time>2026-06-22T12:18:16Z</time>
   </trkpt>
   <trkpt lat="46.783410" lon="13.359840">
    <ele>580.886</ele>
    <time>2026-06-22T12:18:19Z</time>
   </trkpt>
  </trkseg>
 </trk>
 <trk>
  <name>ACTIVE LOG054837</name>
  <trkseg>
   <trkpt lat="46.783503" lon="13.359875">
    <ele>571.130</ele>
    <time>2026-06-22T12:48:37Z</time>
   </trkpt>
   <trkpt lat="46.783384" lon="13.359791">
    <ele>589.739</ele>
    <time>2026-06-22T12:48:50Z</time>
   </trkpt>
   <trkpt lat="46.783272" lon="13.359791">
    <ele>586.447</ele>
    <time>2026-06-22T12:48:54Z</time>
   </trkpt>
   <trkpt lat="46.783003" lon="13.359683">
    <ele>584.322</ele>
    <time>2026-06-22T12:49:05Z</time>
   </trkpt>
   <trkpt lat="46.782730" lon="13.359397">
    <ele>584.189</ele>
    <time>2026-06-22T12:49:17Z</time>
   </trkpt>
   <trkpt lat="46.781928" lon="13.359055">
    <ele>584.321</ele>
    <time>2026-06-22T12:49:36Z</time>
   </trkpt>
   <trkpt lat="46.781410" lon="13.359082">
    <ele>585.184</ele>
    <time>2026-06-22T12:49:51Z</time>
   </trkpt>
   <trkpt lat="46.780842" lon="13.359107">
    <ele>585.908</ele>
    <time>2026-06-22T12:50:06Z</time>
   </trkpt>
   <trkpt lat="46.780088" lon="13.358926">
    <ele>586.749</ele>
    <time>2026-06-22T12:50:24Z</time>
   </trkpt>
   <trkpt lat="46.779416" lon="13.358706">
    <ele>588.584</ele>
    <time>2026-06-22T12:50:43Z</time>
   </trkpt>
   <trkpt lat="46.778704" lon="13.358479">
    <ele>589.548</ele>
    <time>2026-06-22T12:51:00Z</time>
   </trkpt>
   <trkpt lat="46.777852" lon="13.358063">
    <ele>590.605</ele>
    <time>2026-06-22T12:51:19Z</time>
   </trkpt>
   <trkpt lat="46.777757" lon="13.358027">
    <ele>590.698</ele>
    <time>2026-06-22T12:51:21Z</time>
   </trkpt>
   <trkpt lat="46.776761" lon="13.357815">
    <ele>590.961</ele>
    <time>2026-06-22T12:51:40Z</time>
   </trkpt>
   <trkpt lat="46.775637" lon="13.357708">
    <ele>591.466</ele>
    <time>2026-06-22T12:52:01Z</time>
   </trkpt>
   <trkpt lat="46.774287" lon="13.357687">
    <ele>588.480</ele>
    <time>2026-06-22T12:52:22Z</time>
   </trkpt>
   <trkpt lat="46.772841" lon="13.357570">
    <ele>585.740</ele>
    <time>2026-06-22T12:52:45Z</time>
   </trkpt>
   <trkpt lat="46.771653" lon="13.357315">
    <ele>581.230</ele>
    <time>2026-06-22T12:53:03Z</time>
   </trkpt>
   <trkpt lat="46.771017" lon="13.357033">
    <ele>580.385</ele>
    <time>2026-06-22T12:53:10Z</time>
   </trkpt>
   <trkpt lat="46.770860" lon="13.356968">
    <ele>580.960</ele>
    <time>2026-06-22T12:53:12Z</time>
   </trkpt>
   <trkpt lat="46.770300" lon="13.356998">
    <ele>579.891</ele>
    <time>2026-06-22T12:53:19Z</time>
   </trkpt>
   <trkpt lat="46.769466" lon="13.356769">
    <ele>579.103</ele>
    <time>2026-06-22T12:53:32Z</time>
   </trkpt>
   <trkpt lat="46.769203" lon="13.356666">
    <ele>578.920</ele>
    <time>2026-06-22T12:53:37Z</time>
   </trkpt>
   <trkpt lat="46.768857" lon="13.356556">
    <ele>578.770</ele>
    <time>2026-06-22T12:53:46Z</time>
   </trkpt>
   <trkpt lat="46.768649" lon="13.356414">
    <ele>576.920</ele>
    <time>2026-06-22T12:53:54Z</time>
   </trkpt>
   <trkpt lat="46.768555" lon="13.356058">
    <ele>576.530</ele>
    <time>2026-06-22T12:53:59Z</time>
   </trkpt>
   <trkpt lat="46.768191" lon="13.355186">
    <ele>576.322</ele>
    <time>2026-06-22T12:54:12Z</time>
   </trkpt>
   <trkpt lat="46.768134" lon="13.354729">
    <ele>575.793</ele>
    <time>2026-06-22T12:54:18Z</time>
   </trkpt>
   <trkpt lat="46.768202" lon="13.354331">
    <ele>575.172</ele>
    <time>2026-06-22T12:54:23Z</time>
   </trkpt>
   <trkpt lat="46.768215" lon="13.354125">
    <ele>575.483</ele>
    <time>2026-06-22T12:54:26Z</time>
   </trkpt>
   <trkpt lat="46.767999" lon="13.353960">
    <ele>575.159</ele>
    <time>2026-06-22T12:54:34Z</time>
   </trkpt>
   <trkpt lat="46.767551" lon="13.354028">
    <ele>575.433</ele>
    <time>2026-06-22T12:54:44Z</time>
   </trkpt>
   <trkpt lat="46.766859" lon="13.353638">
    <ele>576.457</ele>
    <time>2026-06-22T12:55:01Z</time>
   </trkpt>
   <trkpt lat="46.766200" lon="13.352691">
    <ele>579.520</ele>
    <time>2026-06-22T12:55:23Z</time>
   </trkpt>
   <trkpt lat="46.765522" lon="13.351556">
    <ele>582.105</ele>
    <time>2026-06-22T12:55:47Z</time>
   </trkpt>
   <trkpt lat="46.764740" lon="13.350093">
    <ele>581.528</ele>
    <time>2026-06-22T12:56:13Z</time>
   </trkpt>
   <trkpt lat="46.764102" lon="13.348864">
    <ele>581.701</ele>
    <time>2026-06-22T12:56:32Z</time>
   </trkpt>
   <trkpt lat="46.763595" lon="13.348396">
    <ele>581.034</ele>
    <time>2026-06-22T12:56:43Z</time>
   </trkpt>
   <trkpt lat="46.763195" lon="13.347560">
    <ele>582.790</ele>
    <time>2026-06-22T12:56:58Z</time>
   </trkpt>
   <trkpt lat="46.762791" lon="13.346668">
    <ele>584.181</ele>
    <time>2026-06-22T12:57:16Z</time>
   </trkpt>
   <trkpt lat="46.762593" lon="13.346469">
    <ele>584.636</ele>
    <time>2026-06-22T12:57:22Z</time>
   </trkpt>
   <trkpt lat="46.762081" lon="13.345989">
    <ele>587.292</ele>
    <time>2026-06-22T12:57:39Z</time>
   </trkpt>
   <trkpt lat="46.761718" lon="13.345278">
    <ele>589.340</ele>
    <time>2026-06-22T12:57:58Z</time>
   </trkpt>
   <trkpt lat="46.761176" lon="13.344815">
    <ele>592.569</ele>
    <time>2026-06-22T12:58:20Z</time>
   </trkpt>
   <trkpt lat="46.760623" lon="13.344419">
    <ele>595.995</ele>
    <time>2026-06-22T12:58:45Z</time>
   </trkpt>
   <trkpt lat="46.760623" lon="13.344419">
    <ele>595.727</ele>
    <time>2026-06-22T12:58:50Z</time>
   </trkpt>
   <trkpt lat="46.760317" lon="13.343860">
    <ele>594.403</ele>
    <time>2026-06-22T12:58:56Z</time>
   </trkpt>
   <trkpt lat="46.760256" lon="13.343484">
    <ele>592.981</ele>
    <time>2026-06-22T12:59:00Z</time>
   </trkpt>
   <trkpt lat="46.760173" lon="13.342424">
    <ele>589.763</ele>
    <time>2026-06-22T12:59:10Z</time>
   </trkpt>
   <trkpt lat="46.760211" lon="13.342062">
    <ele>588.249</ele>
    <time>2026-06-22T12:59:13Z</time>
   </trkpt>
   <trkpt lat="46.760151" lon="13.341438">
    <ele>585.406</ele>
    <time>2026-06-22T12:59:18Z</time>
   </trkpt>
   <trkpt lat="46.760172" lon="13.341165">
    <ele>584.041</ele>
    <time>2026-06-22T12:59:20Z</time>
   </trkpt>
   <trkpt lat="46.759847" lon="13.340686">
    <ele>581.718</ele>
    <time>2026-06-22T12:59:26Z</time>
   </trkpt>
   <trkpt lat="46.758771" lon="13.339835">
    <ele>579.196</ele>
    <time>2026-06-22T12:59:41Z</time>
   </trkpt>
   <trkpt lat="46.757935" lon="13.338851">
    <ele>571.680</ele>
    <time>2026-06-22T12:59:52Z</time>
   </trkpt>
   <trkpt lat="46.757089" lon="13.338022">
    <ele>570.429</ele>
    <time>2026-06-22T13:00:03Z</time>
   </trkpt>
   <trkpt lat="46.756673" lon="13.337684">
    <ele>569.861</ele>
    <time>2026-06-22T13:00:09Z</time>
   </trkpt>
   <trkpt lat="46.756457" lon="13.337261">
    <ele>570.184</ele>
    <time>2026-06-22T13:00:14Z</time>
   </trkpt>
   <trkpt lat="46.755889" lon="13.335743">
    <ele>571.668</ele>
    <time>2026-06-22T13:00:32Z</time>
   </trkpt>
   <trkpt lat="46.755396" lon="13.335090">
    <ele>574.153</ele>
    <time>2026-06-22T13:00:46Z</time>
   </trkpt>
   <trkpt lat="46.754859" lon="13.334535">
    <ele>575.621</ele>
    <time>2026-06-22T13:01:04Z</time>
   </trkpt>
   <trkpt lat="46.754521" lon="13.333961">
    <ele>573.948</ele>
    <time>2026-06-22T13:01:13Z</time>
   </trkpt>
   <trkpt lat="46.754429" lon="13.333439">
    <ele>572.317</ele>
    <time>2026-06-22T13:01:19Z</time>
   </trkpt>
   <trkpt lat="46.754473" lon="13.332818">
    <ele>569.567</ele>
    <time>2026-06-22T13:01:27Z</time>
   </trkpt>
   <trkpt lat="46.754550" lon="13.332062">
    <ele>570.464</ele>
    <time>2026-06-22T13:01:38Z</time>
   </trkpt>
   <trkpt lat="46.754594" lon="13.331633">
    <ele>570.478</ele>
    <time>2026-06-22T13:01:44Z</time>
   </trkpt>
   <trkpt lat="46.754946" lon="13.330547">
    <ele>575.344</ele>
    <time>2026-06-22T13:02:02Z</time>
   </trkpt>
   <trkpt lat="46.755024" lon="13.330289">
    <ele>575.648</ele>
    <time>2026-06-22T13:02:07Z</time>
   </trkpt>
   <trkpt lat="46.755075" lon="13.329394">
    <ele>579.930</ele>
    <time>2026-06-22T13:02:25Z</time>
   </trkpt>
   <trkpt lat="46.754849" lon="13.328475">
    <ele>579.686</ele>
    <time>2026-06-22T13:02:44Z</time>
   </trkpt>
   <trkpt lat="46.754808" lon="13.327872">
    <ele>581.806</ele>
    <time>2026-06-22T13:02:55Z</time>
   </trkpt>
   <trkpt lat="46.754701" lon="13.327231">
    <ele>584.296</ele>
    <time>2026-06-22T13:03:10Z</time>
   </trkpt>
   <trkpt lat="46.754392" lon="13.326548">
    <ele>586.212</ele>
    <time>2026-06-22T13:03:28Z</time>
   </trkpt>
   <trkpt lat="46.754129" lon="13.325878">
    <ele>587.494</ele>
    <time>2026-06-22T13:03:44Z</time>
   </trkpt>
   <trkpt lat="46.753804" lon="13.325349">
    <ele>587.702</ele>
    <time>2026-06-22T13:03:58Z</time>
   </trkpt>
   <trkpt lat="46.753473" lon="13.324888">
    <ele>586.618</ele>
    <time>2026-06-22T13:04:08Z</time>
   </trkpt>
   <trkpt lat="46.753339" lon="13.324695">
    <ele>586.316</ele>
    <time>2026-06-22T13:04:12Z</time>
   </trkpt>
   <trkpt lat="46.753275" lon="13.324112">
    <ele>584.686</ele>
    <time>2026-06-22T13:04:19Z</time>
   </trkpt>
   <trkpt lat="46.753317" lon="13.323845">
    <ele>584.343</ele>
    <time>2026-06-22T13:04:22Z</time>
   </trkpt>
   <trkpt lat="46.753211" lon="13.323222">
    <ele>582.626</ele>
    <time>2026-06-22T13:04:29Z</time>
   </trkpt>
   <trkpt lat="46.752368" lon="13.321732">
    <ele>577.883</ele>
    <time>2026-06-22T13:04:46Z</time>
   </trkpt>
   <trkpt lat="46.752293" lon="13.321492">
    <ele>576.876</ele>
    <time>2026-06-22T13:04:48Z</time>
   </trkpt>
   <trkpt lat="46.752265" lon="13.320221">
    <ele>572.434</ele>
    <time>2026-06-22T13:04:58Z</time>
   </trkpt>
   <trkpt lat="46.752268" lon="13.319998">
    <ele>571.644</ele>
    <time>2026-06-22T13:05:00Z</time>
   </trkpt>
   <trkpt lat="46.752324" lon="13.319198">
    <ele>570.084</ele>
    <time>2026-06-22T13:05:07Z</time>
   </trkpt>
   <trkpt lat="46.752847" lon="13.317740">
    <ele>573.048</ele>
    <time>2026-06-22T13:05:23Z</time>
   </trkpt>
   <trkpt lat="46.753356" lon="13.315817">
    <ele>573.955</ele>
    <time>2026-06-22T13:05:46Z</time>
   </trkpt>
   <trkpt lat="46.753397" lon="13.314459">
    <ele>574.770</ele>
    <time>2026-06-22T13:06:02Z</time>
   </trkpt>
   <trkpt lat="46.753023" lon="13.312453">
    <ele>577.581</ele>
    <time>2026-06-22T13:06:25Z</time>
   </trkpt>
   <trkpt lat="46.752614" lon="13.310392">
    <ele>579.214</ele>
    <time>2026-06-22T13:06:49Z</time>
   </trkpt>
   <trkpt lat="46.752318" lon="13.308977">
    <ele>581.481</ele>
    <time>2026-06-22T13:07:09Z</time>
   </trkpt>
   <trkpt lat="46.752259" lon="13.307454">
    <ele>579.698</ele>
    <time>2026-06-22T13:07:34Z</time>
   </trkpt>
   <trkpt lat="46.752084" lon="13.306293">
    <ele>581.909</ele>
    <time>2026-06-22T13:07:54Z</time>
   </trkpt>
   <trkpt lat="46.751647" lon="13.304984">
    <ele>582.738</ele>
    <time>2026-06-22T13:08:16Z</time>
   </trkpt>
   <trkpt lat="46.751468" lon="13.304595">
    <ele>582.910</ele>
    <time>2026-06-22T13:08:22Z</time>
   </trkpt>
   <trkpt lat="46.751382" lon="13.304411">
    <ele>582.336</ele>
    <time>2026-06-22T13:08:25Z</time>
   </trkpt>
   <trkpt lat="46.750962" lon="13.303706">
    <ele>581.733</ele>
    <time>2026-06-22T13:08:37Z</time>
   </trkpt>
   <trkpt lat="46.750653" lon="13.303211">
    <ele>581.488</ele>
    <time>2026-06-22T13:08:45Z</time>
   </trkpt>
   <trkpt lat="46.750242" lon="13.302372">
    <ele>579.616</ele>
    <time>2026-06-22T13:08:56Z</time>
   </trkpt>
   <trkpt lat="46.750013" lon="13.301189">
    <ele>575.898</ele>
    <time>2026-06-22T13:09:06Z</time>
   </trkpt>
   <trkpt lat="46.750112" lon="13.299640">
    <ele>575.961</ele>
    <time>2026-06-22T13:09:20Z</time>
   </trkpt>
   <trkpt lat="46.750487" lon="13.297857">
    <ele>576.120</ele>
    <time>2026-06-22T13:09:39Z</time>
   </trkpt>
   <trkpt lat="46.751007" lon="13.296279">
    <ele>576.640</ele>
    <time>2026-06-22T13:09:58Z</time>
   </trkpt>
   <trkpt lat="46.751566" lon="13.294262">
    <ele>576.703</ele>
    <time>2026-06-22T13:10:22Z</time>
   </trkpt>
   <trkpt lat="46.751590" lon="13.293114">
    <ele>576.657</ele>
    <time>2026-06-22T13:10:36Z</time>
   </trkpt>
   <trkpt lat="46.751263" lon="13.292220">
    <ele>576.662</ele>
    <time>2026-06-22T13:10:48Z</time>
   </trkpt>
   <trkpt lat="46.751104" lon="13.291226">
    <ele>577.810</ele>
    <time>2026-06-22T13:11:00Z</time>
   </trkpt>
   <trkpt lat="46.750995" lon="13.290496">
    <ele>580.995</ele>
    <time>2026-06-22T13:11:14Z</time>
   </trkpt>
   <trkpt lat="46.750740" lon="13.289982">
    <ele>585.013</ele>
    <time>2026-06-22T13:11:34Z</time>
   </trkpt>
   <trkpt lat="46.750377" lon="13.289691">
    <ele>588.628</ele>
    <time>2026-06-22T13:11:53Z</time>
   </trkpt>
   <trkpt lat="46.750205" lon="13.289132">
    <ele>591.240</ele>
    <time>2026-06-22T13:12:10Z</time>
   </trkpt>
   <trkpt lat="46.750384" lon="13.288329">
    <ele>591.236</ele>
    <time>2026-06-22T13:12:28Z</time>
   </trkpt>
   <trkpt lat="46.750422" lon="13.287463">
    <ele>593.712</ele>
    <time>2026-06-22T13:12:47Z</time>
   </trkpt>
   <trkpt lat="46.750211" lon="13.286783">
    <ele>593.750</ele>
    <time>2026-06-22T13:13:01Z</time>
   </trkpt>
   <trkpt lat="46.750269" lon="13.285803">
    <ele>595.453</ele>
    <time>2026-06-22T13:13:17Z</time>
   </trkpt>
   <trkpt lat="46.750325" lon="13.284706">
    <ele>594.036</ele>
    <time>2026-06-22T13:13:33Z</time>
   </trkpt>
   <trkpt lat="46.750452" lon="13.283091">
    <ele>589.954</ele>
    <time>2026-06-22T13:13:51Z</time>
   </trkpt>
   <trkpt lat="46.750356" lon="13.281609">
    <ele>584.623</ele>
    <time>2026-06-22T13:14:03Z</time>
   </trkpt>
   <trkpt lat="46.749839" lon="13.279575">
    <ele>580.451</ele>
    <time>2026-06-22T13:14:20Z</time>
   </trkpt>
   <trkpt lat="46.749454" lon="13.277561">
    <ele>579.532</ele>
    <time>2026-06-22T13:14:39Z</time>
   </trkpt>
   <trkpt lat="46.749236" lon="13.275622">
    <ele>580.277</ele>
    <time>2026-06-22T13:15:00Z</time>
   </trkpt>
   <trkpt lat="46.749241" lon="13.275006">
    <ele>582.663</ele>
    <time>2026-06-22T13:15:07Z</time>
   </trkpt>
   <trkpt lat="46.749554" lon="13.273642">
    <ele>579.365</ele>
    <time>2026-06-22T13:15:25Z</time>
   </trkpt>
   <trkpt lat="46.749694" lon="13.273081">
    <ele>577.574</ele>
    <time>2026-06-22T13:15:38Z</time>
   </trkpt>
   <trkpt lat="46.749781" lon="13.272497">
    <ele>566.959</ele>
    <time>2026-06-22T13:15:49Z</time>
   </trkpt>
   <trkpt lat="46.749765" lon="13.272212">
    <ele>563.101</ele>
    <time>2026-06-22T13:15:53Z</time>
   </trkpt>
   <trkpt lat="46.749752" lon="13.271980">
    <ele>562.092</ele>
    <time>2026-06-22T13:15:56Z</time>
   </trkpt>
   <trkpt lat="46.749755" lon="13.271696">
    <ele>560.339</ele>
    <time>2026-06-22T13:16:00Z</time>
   </trkpt>
   <trkpt lat="46.749808" lon="13.271335">
    <ele>563.938</ele>
    <time>2026-06-22T13:16:04Z</time>
   </trkpt>
   <trkpt lat="46.749874" lon="13.271036">
    <ele>566.912</ele>
    <time>2026-06-22T13:16:08Z</time>
   </trkpt>
   <trkpt lat="46.749981" lon="13.270325">
    <ele>571.285</ele>
    <time>2026-06-22T13:16:19Z</time>
   </trkpt>
   <trkpt lat="46.750002" lon="13.269670">
    <ele>574.948</ele>
    <time>2026-06-22T13:16:28Z</time>
   </trkpt>
   <trkpt lat="46.750002" lon="13.269507">
    <ele>575.976</ele>
    <time>2026-06-22T13:16:30Z</time>
   </trkpt>
   <trkpt lat="46.750002" lon="13.269237">
    <ele>576.071</ele>
    <time>2026-06-22T13:16:32Z</time>
   </trkpt>
   <trkpt lat="46.750019" lon="13.268638">
    <ele>577.708</ele>
    <time>2026-06-22T13:16:38Z</time>
   </trkpt>
   <trkpt lat="46.750201" lon="13.267332">
    <ele>578.479</ele>
    <time>2026-06-22T13:16:52Z</time>
   </trkpt>
   <trkpt lat="46.750275" lon="13.266930">
    <ele>581.186</ele>
    <time>2026-06-22T13:17:01Z</time>
   </trkpt>
   <trkpt lat="46.750326" lon="13.266706">
    <ele>585.138</ele>
    <time>2026-06-22T13:17:09Z</time>
   </trkpt>
   <trkpt lat="46.750409" lon="13.266425">
    <ele>584.799</ele>
    <time>2026-06-22T13:17:21Z</time>
   </trkpt>
   <trkpt lat="46.750511" lon="13.266144">
    <ele>585.653</ele>
    <time>2026-06-22T13:17:28Z</time>
   </trkpt>
   <trkpt lat="46.750889" lon="13.265455">
    <ele>578.705</ele>
    <time>2026-06-22T13:17:46Z</time>
   </trkpt>
   <trkpt lat="46.751238" lon="13.264380">
    <ele>576.008</ele>
    <time>2026-06-22T13:18:01Z</time>
   </trkpt>
   <trkpt lat="46.751284" lon="13.264190">
    <ele>575.139</ele>
    <time>2026-06-22T13:18:03Z</time>
   </trkpt>
   <trkpt lat="46.751308" lon="13.263774">
    <ele>577.122</ele>
    <time>2026-06-22T13:18:07Z</time>
   </trkpt>
   <trkpt lat="46.751208" lon="13.263183">
    <ele>576.872</ele>
    <time>2026-06-22T13:18:14Z</time>
   </trkpt>
   <trkpt lat="46.750627" lon="13.261411">
    <ele>579.440</ele>
    <time>2026-06-22T13:18:36Z</time>
   </trkpt>
   <trkpt lat="46.750550" lon="13.261114">
    <ele>579.018</ele>
    <time>2026-06-22T13:18:39Z</time>
   </trkpt>
   <trkpt lat="46.750515" lon="13.260714">
    <ele>580.226</ele>
    <time>2026-06-22T13:18:43Z</time>
   </trkpt>
   <trkpt lat="46.750574" lon="13.260009">
    <ele>581.018</ele>
    <time>2026-06-22T13:18:51Z</time>
   </trkpt>
   <trkpt lat="46.750560" lon="13.259768">
    <ele>582.276</ele>
    <time>2026-06-22T13:18:55Z</time>
   </trkpt>
   <trkpt lat="46.750388" lon="13.259084">
    <ele>584.117</ele>
    <time>2026-06-22T13:19:10Z</time>
   </trkpt>
   <trkpt lat="46.750372" lon="13.258632">
    <ele>584.230</ele>
    <time>2026-06-22T13:19:21Z</time>
   </trkpt>
   <trkpt lat="46.750293" lon="13.258158">
    <ele>580.973</ele>
    <time>2026-06-22T13:19:27Z</time>
   </trkpt>
   <trkpt lat="46.749983" lon="13.257381">
    <ele>577.116</ele>
    <time>2026-06-22T13:19:37Z</time>
   </trkpt>
   <trkpt lat="46.749768" lon="13.256828">
    <ele>575.267</ele>
    <time>2026-06-22T13:19:45Z</time>
   </trkpt>
   <trkpt lat="46.749728" lon="13.256694">
    <ele>576.427</ele>
    <time>2026-06-22T13:19:47Z</time>
   </trkpt>
   <trkpt lat="46.749670" lon="13.256408">
    <ele>577.353</ele>
    <time>2026-06-22T13:19:51Z</time>
   </trkpt>
   <trkpt lat="46.749549" lon="13.255792">
    <ele>575.753</ele>
    <time>2026-06-22T13:19:59Z</time>
   </trkpt>
   <trkpt lat="46.749504" lon="13.255033">
    <ele>573.768</ele>
    <time>2026-06-22T13:20:09Z</time>
   </trkpt>
   <trkpt lat="46.749444" lon="13.254325">
    <ele>572.003</ele>
    <time>2026-06-22T13:20:18Z</time>
   </trkpt>
   <trkpt lat="46.749432" lon="13.254254">
    <ele>572.274</ele>
    <time>2026-06-22T13:20:19Z</time>
   </trkpt>
   <trkpt lat="46.749380" lon="13.253952">
    <ele>571.371</ele>
    <time>2026-06-22T13:20:22Z</time>
   </trkpt>
   <trkpt lat="46.749399" lon="13.253636">
    <ele>573.589</ele>
    <time>2026-06-22T13:20:26Z</time>
   </trkpt>
   <trkpt lat="46.749479" lon="13.253267">
    <ele>575.543</ele>
    <time>2026-06-22T13:20:30Z</time>
   </trkpt>
   <trkpt lat="46.749681" lon="13.252595">
    <ele>578.693</ele>
    <time>2026-06-22T13:20:38Z</time>
   </trkpt>
   <trkpt lat="46.749685" lon="13.252233">
    <ele>580.879</ele>
    <time>2026-06-22T13:20:43Z</time>
   </trkpt>
   <trkpt lat="46.749620" lon="13.251820">
    <ele>580.900</ele>
    <time>2026-06-22T13:20:48Z</time>
   </trkpt>
   <trkpt lat="46.749583" lon="13.250904">
    <ele>581.057</ele>
    <time>2026-06-22T13:20:59Z</time>
   </trkpt>
   <trkpt lat="46.749561" lon="13.250658">
    <ele>581.358</ele>
    <time>2026-06-22T13:21:02Z</time>
   </trkpt>
   <trkpt lat="46.749303" lon="13.249606">
    <ele>583.803</ele>
    <time>2026-06-22T13:21:17Z</time>
   </trkpt>
   <trkpt lat="46.748932" lon="13.249206">
    <ele>589.175</ele>
    <time>2026-06-22T13:21:32Z</time>
   </trkpt>
   <trkpt lat="46.748834" lon="13.248792">
    <ele>586.764</ele>
    <time>2026-06-22T13:21:44Z</time>
   </trkpt>
   <trkpt lat="46.748830" lon="13.248758">
    <ele>586.095</ele>
    <time>2026-06-22T13:21:45Z</time>
   </trkpt>
   <trkpt lat="46.748796" lon="13.248456">
    <ele>582.711</ele>
    <time>2026-06-22T13:21:50Z</time>
   </trkpt>
   <trkpt lat="46.748761" lon="13.248001">
    <ele>578.358</ele>
    <time>2026-06-22T13:21:56Z</time>
   </trkpt>
   <trkpt lat="46.748693" lon="13.247302">
    <ele>576.207</ele>
    <time>2026-06-22T13:22:04Z</time>
   </trkpt>
   <trkpt lat="46.748652" lon="13.246603">
    <ele>570.944</ele>
    <time>2026-06-22T13:22:12Z</time>
   </trkpt>
   <trkpt lat="46.748493" lon="13.246251">
    <ele>577.595</ele>
    <time>2026-06-22T13:22:17Z</time>
   </trkpt>
   <trkpt lat="46.748425" lon="13.246141">
    <ele>577.676</ele>
    <time>2026-06-22T13:22:19Z</time>
   </trkpt>
   <trkpt lat="46.748348" lon="13.245962">
    <ele>576.473</ele>
    <time>2026-06-22T13:22:22Z</time>
   </trkpt>
   <trkpt lat="46.748242" lon="13.245341">
    <ele>578.809</ele>
    <time>2026-06-22T13:22:30Z</time>
   </trkpt>
   <trkpt lat="46.748026" lon="13.244705">
    <ele>585.997</ele>
    <time>2026-06-22T13:22:44Z</time>
   </trkpt>
   <trkpt lat="46.747991" lon="13.243925">
    <ele>585.234</ele>
    <time>2026-06-22T13:22:56Z</time>
   </trkpt>
   <trkpt lat="46.748006" lon="13.243525">
    <ele>589.079</ele>
    <time>2026-06-22T13:23:03Z</time>
   </trkpt>
   <trkpt lat="46.747919" lon="13.243199">
    <ele>583.994</ele>
    <time>2026-06-22T13:23:09Z</time>
   </trkpt>
   <trkpt lat="46.747700" lon="13.242404">
    <ele>583.519</ele>
    <time>2026-06-22T13:23:23Z</time>
   </trkpt>
   <trkpt lat="46.747549" lon="13.241919">
    <ele>581.632</ele>
    <time>2026-06-22T13:23:31Z</time>
   </trkpt>
   <trkpt lat="46.747488" lon="13.241717">
    <ele>582.118</ele>
    <time>2026-06-22T13:23:34Z</time>
   </trkpt>
   <trkpt lat="46.747383" lon="13.241399">
    <ele>578.735</ele>
    <time>2026-06-22T13:23:39Z</time>
   </trkpt>
   <trkpt lat="46.747104" lon="13.240766">
    <ele>577.293</ele>
    <time>2026-06-22T13:23:51Z</time>
   </trkpt>
   <trkpt lat="46.746828" lon="13.240322">
    <ele>587.285</ele>
    <time>2026-06-22T13:24:02Z</time>
   </trkpt>
   <trkpt lat="46.746474" lon="13.239851">
    <ele>589.535</ele>
    <time>2026-06-22T13:24:13Z</time>
   </trkpt>
   <trkpt lat="46.746443" lon="13.239656">
    <ele>589.856</ele>
    <time>2026-06-22T13:24:17Z</time>
   </trkpt>
   <trkpt lat="46.746385" lon="13.239281">
    <ele>586.421</ele>
    <time>2026-06-22T13:24:22Z</time>
   </trkpt>
   <trkpt lat="46.746311" lon="13.238955">
    <ele>585.130</ele>
    <time>2026-06-22T13:24:26Z</time>
   </trkpt>
   <trkpt lat="46.746304" lon="13.238342">
    <ele>583.575</ele>
    <time>2026-06-22T13:24:33Z</time>
   </trkpt>
   <trkpt lat="46.746260" lon="13.237692">
    <ele>587.293</ele>
    <time>2026-06-22T13:24:45Z</time>
   </trkpt>
   <trkpt lat="46.746097" lon="13.237265">
    <ele>591.537</ele>
    <time>2026-06-22T13:24:59Z</time>
   </trkpt>
   <trkpt lat="46.745890" lon="13.236845">
    <ele>592.741</ele>
    <time>2026-06-22T13:25:13Z</time>
   </trkpt>
   <trkpt lat="46.745757" lon="13.236315">
    <ele>583.413</ele>
    <time>2026-06-22T13:25:20Z</time>
   </trkpt>
   <trkpt lat="46.745845" lon="13.235724">
    <ele>581.023</ele>
    <time>2026-06-22T13:25:27Z</time>
   </trkpt>
   <trkpt lat="46.745946" lon="13.235693">
    <ele>582.775</ele>
    <time>2026-06-22T13:25:29Z</time>
   </trkpt>
   <trkpt lat="46.746009" lon="13.235616">
    <ele>582.584</ele>
    <time>2026-06-22T13:25:31Z</time>
   </trkpt>
   <trkpt lat="46.746363" lon="13.235083">
    <ele>582.347</ele>
    <time>2026-06-22T13:25:42Z</time>
   </trkpt>
   <trkpt lat="46.746693" lon="13.235036">
    <ele>581.563</ele>
    <time>2026-06-22T13:25:49Z</time>
   </trkpt>
   <trkpt lat="46.747783" lon="13.234896">
    <ele>583.076</ele>
    <time>2026-06-22T13:26:12Z</time>
   </trkpt>
   <trkpt lat="46.748559" lon="13.234798">
    <ele>583.740</ele>
    <time>2026-06-22T13:26:28Z</time>
   </trkpt>
   <trkpt lat="46.748760" lon="13.234547">
    <ele>583.547</ele>
    <time>2026-06-22T13:26:34Z</time>
   </trkpt>
   <trkpt lat="46.748958" lon="13.233475">
    <ele>585.185</ele>
    <time>2026-06-22T13:26:53Z</time>
   </trkpt>
   <trkpt lat="46.749021" lon="13.233137">
    <ele>584.222</ele>
    <time>2026-06-22T13:27:22Z</time>
   </trkpt>
   <trkpt lat="46.749310" lon="13.231452">
    <ele>584.095</ele>
    <time>2026-06-22T13:27:44Z</time>
   </trkpt>
   <trkpt lat="46.749359" lon="13.231158">
    <ele>584.076</ele>
    <time>2026-06-22T13:27:48Z</time>
   </trkpt>
   <trkpt lat="46.749422" lon="13.229554">
    <ele>582.216</ele>
    <time>2026-06-22T13:28:10Z</time>
   </trkpt>
   <trkpt lat="46.749371" lon="13.228019">
    <ele>582.570</ele>
    <time>2026-06-22T13:28:30Z</time>
   </trkpt>
   <trkpt lat="46.749252" lon="13.226937">
    <ele>582.703</ele>
    <time>2026-06-22T13:28:45Z</time>
   </trkpt>
   <trkpt lat="46.749144" lon="13.226509">
    <ele>582.339</ele>
    <time>2026-06-22T13:28:49Z</time>
   </trkpt>
   <trkpt lat="46.749144" lon="13.226509">
    <ele>581.612</ele>
    <time>2026-06-22T13:29:04Z</time>
   </trkpt>
   <trkpt lat="46.749170" lon="13.226595">
    <ele>581.151</ele>
    <time>2026-06-22T13:29:14Z</time>
   </trkpt>
   <trkpt lat="46.749144" lon="13.226509">
    <ele>581.737</ele>
    <time>2026-06-22T13:29:20Z</time>
   </trkpt>
   <trkpt lat="46.748945" lon="13.226248">
    <ele>581.811</ele>
    <time>2026-06-22T13:29:25Z</time>
   </trkpt>
   <trkpt lat="46.747998" lon="13.226418">
    <ele>580.737</ele>
    <time>2026-06-22T13:29:43Z</time>
   </trkpt>
   <trkpt lat="46.747621" lon="13.226231">
    <ele>581.031</ele>
    <time>2026-06-22T13:29:50Z</time>
   </trkpt>
   <trkpt lat="46.746567" lon="13.224711">
    <ele>581.318</ele>
    <time>2026-06-22T13:30:15Z</time>
   </trkpt>
   <trkpt lat="46.746123" lon="13.224100">
    <ele>582.470</ele>
    <time>2026-06-22T13:30:26Z</time>
   </trkpt>
   <trkpt lat="46.745626" lon="13.223165">
    <ele>584.866</ele>
    <time>2026-06-22T13:30:45Z</time>
   </trkpt>
   <trkpt lat="46.745183" lon="13.222404">
    <ele>589.432</ele>
    <time>2026-06-22T13:31:10Z</time>
   </trkpt>
   <trkpt lat="46.744841" lon="13.222100">
    <ele>593.166</ele>
    <time>2026-06-22T13:31:31Z</time>
   </trkpt>
   <trkpt lat="46.744745" lon="13.222017">
    <ele>594.025</ele>
    <time>2026-06-22T13:31:36Z</time>
   </trkpt>
   <trkpt lat="46.744429" lon="13.221846">
    <ele>596.643</ele>
    <time>2026-06-22T13:31:50Z</time>
   </trkpt>
   <trkpt lat="46.744107" lon="13.221624">
    <ele>596.799</ele>
    <time>2026-06-22T13:32:04Z</time>
   </trkpt>
   <trkpt lat="46.743984" lon="13.221429">
    <ele>599.034</ele>
    <time>2026-06-22T13:32:11Z</time>
   </trkpt>
   <trkpt lat="46.743967" lon="13.221329">
    <ele>599.431</ele>
    <time>2026-06-22T13:32:15Z</time>
   </trkpt>
   <trkpt lat="46.743949" lon="13.221210">
    <ele>599.962</ele>
    <time>2026-06-22T13:32:19Z</time>
   </trkpt>
   <trkpt lat="46.743934" lon="13.220996">
    <ele>600.340</ele>
    <time>2026-06-22T13:32:26Z</time>
   </trkpt>
   <trkpt lat="46.743917" lon="13.220765">
    <ele>601.675</ele>
    <time>2026-06-22T13:32:32Z</time>
   </trkpt>
   <trkpt lat="46.743747" lon="13.220017">
    <ele>601.745</ele>
    <time>2026-06-22T13:32:49Z</time>
   </trkpt>
   <trkpt lat="46.743726" lon="13.219965">
    <ele>601.367</ele>
    <time>2026-06-22T13:32:50Z</time>
   </trkpt>
   <trkpt lat="46.743657" lon="13.219715">
    <ele>602.102</ele>
    <time>2026-06-22T13:32:54Z</time>
   </trkpt>
   <trkpt lat="46.743619" lon="13.219401">
    <ele>602.589</ele>
    <time>2026-06-22T13:32:59Z</time>
   </trkpt>
   <trkpt lat="46.743588" lon="13.219141">
    <ele>602.426</ele>
    <time>2026-06-22T13:33:03Z</time>
   </trkpt>
   <trkpt lat="46.743510" lon="13.218639">
    <ele>602.770</ele>
    <time>2026-06-22T13:33:11Z</time>
   </trkpt>
   <trkpt lat="46.743481" lon="13.218447">
    <ele>602.874</ele>
    <time>2026-06-22T13:33:14Z</time>
   </trkpt>
   <trkpt lat="46.743450" lon="13.218251">
    <ele>603.130</ele>
    <time>2026-06-22T13:33:17Z</time>
   </trkpt>
   <trkpt lat="46.743420" lon="13.218056">
    <ele>603.032</ele>
    <time>2026-06-22T13:33:20Z</time>
   </trkpt>
   <trkpt lat="46.743366" lon="13.217720">
    <ele>602.656</ele>
    <time>2026-06-22T13:33:24Z</time>
   </trkpt>
   <trkpt lat="46.743338" lon="13.217545">
    <ele>602.536</ele>
    <time>2026-06-22T13:33:26Z</time>
   </trkpt>
   <trkpt lat="46.743264" lon="13.217089">
    <ele>604.066</ele>
    <time>2026-06-22T13:33:32Z</time>
   </trkpt>
   <trkpt lat="46.743286" lon="13.215848">
    <ele>601.756</ele>
    <time>2026-06-22T13:33:45Z</time>
   </trkpt>
   <trkpt lat="46.743390" lon="13.214861">
    <ele>597.185</ele>
    <time>2026-06-22T13:33:56Z</time>
   </trkpt>
   <trkpt lat="46.743257" lon="13.213951">
    <ele>594.411</ele>
    <time>2026-06-22T13:34:05Z</time>
   </trkpt>
   <trkpt lat="46.742961" lon="13.213453">
    <ele>592.507</ele>
    <time>2026-06-22T13:34:12Z</time>
   </trkpt>
   <trkpt lat="46.742424" lon="13.213534">
    <ele>594.315</ele>
    <time>2026-06-22T13:34:24Z</time>
   </trkpt>
   <trkpt lat="46.742099" lon="13.213327">
    <ele>592.619</ele>
    <time>2026-06-22T13:34:35Z</time>
   </trkpt>
   <trkpt lat="46.741996" lon="13.213209">
    <ele>591.602</ele>
    <time>2026-06-22T13:34:37Z</time>
   </trkpt>
   <trkpt lat="46.741740" lon="13.212852">
    <ele>590.216</ele>
    <time>2026-06-22T13:34:42Z</time>
   </trkpt>
   <trkpt lat="46.741639" lon="13.212694">
    <ele>590.043</ele>
    <time>2026-06-22T13:34:44Z</time>
   </trkpt>
   <trkpt lat="46.741541" lon="13.212426">
    <ele>589.621</ele>
    <time>2026-06-22T13:34:47Z</time>
   </trkpt>
   <trkpt lat="46.741546" lon="13.211967">
    <ele>588.378</ele>
    <time>2026-06-22T13:34:52Z</time>
   </trkpt>
   <trkpt lat="46.741594" lon="13.211708">
    <ele>587.908</ele>
    <time>2026-06-22T13:34:55Z</time>
   </trkpt>
   <trkpt lat="46.741611" lon="13.211170">
    <ele>588.029</ele>
    <time>2026-06-22T13:35:02Z</time>
   </trkpt>
   <trkpt lat="46.741887" lon="13.210045">
    <ele>589.894</ele>
    <time>2026-06-22T13:35:20Z</time>
   </trkpt>
   <trkpt lat="46.741986" lon="13.209140">
    <ele>591.582</ele>
    <time>2026-06-22T13:35:35Z</time>
   </trkpt>
   <trkpt lat="46.741998" lon="13.208720">
    <ele>592.090</ele>
    <time>2026-06-22T13:35:42Z</time>
   </trkpt>
   <trkpt lat="46.742007" lon="13.208211">
    <ele>590.324</ele>
    <time>2026-06-22T13:35:50Z</time>
   </trkpt>
   <trkpt lat="46.742046" lon="13.207831">
    <ele>587.633</ele>
    <time>2026-06-22T13:35:56Z</time>
   </trkpt>
   <trkpt lat="46.742095" lon="13.207245">
    <ele>584.521</ele>
    <time>2026-06-22T13:36:03Z</time>
   </trkpt>
   <trkpt lat="46.742247" lon="13.205876">
    <ele>586.406</ele>
    <time>2026-06-22T13:36:18Z</time>
   </trkpt>
   <trkpt lat="46.742457" lon="13.204284">
    <ele>587.371</ele>
    <time>2026-06-22T13:36:38Z</time>
   </trkpt>
   <trkpt lat="46.742526" lon="13.203633">
    <ele>586.440</ele>
    <time>2026-06-22T13:36:46Z</time>
   </trkpt>
   <trkpt lat="46.742632" lon="13.202093">
    <ele>586.532</ele>
    <time>2026-06-22T13:37:06Z</time>
   </trkpt>
   <trkpt lat="46.742435" lon="13.201069">
    <ele>585.933</ele>
    <time>2026-06-22T13:37:21Z</time>
   </trkpt>
   <trkpt lat="46.742228" lon="13.199724">
    <ele>585.386</ele>
    <time>2026-06-22T13:37:42Z</time>
   </trkpt>
   <trkpt lat="46.742065" lon="13.198795">
    <ele>585.520</ele>
    <time>2026-06-22T13:37:57Z</time>
   </trkpt>
   <trkpt lat="46.741743" lon="13.198111">
    <ele>585.858</ele>
    <time>2026-06-22T13:38:08Z</time>
   </trkpt>
   <trkpt lat="46.741230" lon="13.196603">
    <ele>586.530</ele>
    <time>2026-06-22T13:38:31Z</time>
   </trkpt>
   <trkpt lat="46.740379" lon="13.194954">
    <ele>586.911</ele>
    <time>2026-06-22T13:38:57Z</time>
   </trkpt>
   <trkpt lat="46.740217" lon="13.194644">
    <ele>587.240</ele>
    <time>2026-06-22T13:39:02Z</time>
   </trkpt>
   <trkpt lat="46.739601" lon="13.194022">
    <ele>587.800</ele>
    <time>2026-06-22T13:39:16Z</time>
   </trkpt>
   <trkpt lat="46.739483" lon="13.193849">
    <ele>588.895</ele>
    <time>2026-06-22T13:39:20Z</time>
   </trkpt>
   <trkpt lat="46.738948" lon="13.192729">
    <ele>588.836</ele>
    <time>2026-06-22T13:39:40Z</time>
   </trkpt>
   <trkpt lat="46.738754" lon="13.192341">
    <ele>588.794</ele>
    <time>2026-06-22T13:39:46Z</time>
   </trkpt>
   <trkpt lat="46.738547" lon="13.191452">
    <ele>589.011</ele>
    <time>2026-06-22T13:39:58Z</time>
   </trkpt>
   <trkpt lat="46.738501" lon="13.191247">
    <ele>589.237</ele>
    <time>2026-06-22T13:40:01Z</time>
   </trkpt>
   <trkpt lat="46.738435" lon="13.191091">
    <ele>589.621</ele>
    <time>2026-06-22T13:40:04Z</time>
   </trkpt>
   <trkpt lat="46.738486" lon="13.190269">
    <ele>589.981</ele>
    <time>2026-06-22T13:40:16Z</time>
   </trkpt>
   <trkpt lat="46.738513" lon="13.190138">
    <ele>590.136</ele>
    <time>2026-06-22T13:40:18Z</time>
   </trkpt>
   <trkpt lat="46.738589" lon="13.189839">
    <ele>589.754</ele>
    <time>2026-06-22T13:40:27Z</time>
   </trkpt>
   <trkpt lat="46.738621" lon="13.189753">
    <ele>589.633</ele>
    <time>2026-06-22T13:40:32Z</time>
   </trkpt>
   <trkpt lat="46.738497" lon="13.189540">
    <ele>589.652</ele>
    <time>2026-06-22T13:40:36Z</time>
   </trkpt>
   <trkpt lat="46.738467" lon="13.189076">
    <ele>589.446</ele>
    <time>2026-06-22T13:40:42Z</time>
   </trkpt>
   <trkpt lat="46.738117" lon="13.188022">
    <ele>588.877</ele>
    <time>2026-06-22T13:40:57Z</time>
   </trkpt>
   <trkpt lat="46.737707" lon="13.186636">
    <ele>588.480</ele>
    <time>2026-06-22T13:41:16Z</time>
   </trkpt>
   <trkpt lat="46.737508" lon="13.185965">
    <ele>588.821</ele>
    <time>2026-06-22T13:41:25Z</time>
   </trkpt>
   <trkpt lat="46.737351" lon="13.185729">
    <ele>589.122</ele>
    <time>2026-06-22T13:41:29Z</time>
   </trkpt>
   <trkpt lat="46.737062" lon="13.185442">
    <ele>589.328</ele>
    <time>2026-06-22T13:41:35Z</time>
   </trkpt>
   <trkpt lat="46.736717" lon="13.184774">
    <ele>588.724</ele>
    <time>2026-06-22T13:41:45Z</time>
   </trkpt>
   <trkpt lat="46.736382" lon="13.183254">
    <ele>588.892</ele>
    <time>2026-06-22T13:42:04Z</time>
   </trkpt>
   <trkpt lat="46.736367" lon="13.183174">
    <ele>588.785</ele>
    <time>2026-06-22T13:42:05Z</time>
   </trkpt>
   <trkpt lat="46.736306" lon="13.182864">
    <ele>588.571</ele>
    <time>2026-06-22T13:42:09Z</time>
   </trkpt>
   <trkpt lat="46.736076" lon="13.181704">
    <ele>589.119</ele>
    <time>2026-06-22T13:42:24Z</time>
   </trkpt>
   <trkpt lat="46.735947" lon="13.180559">
    <ele>590.997</ele>
    <time>2026-06-22T13:42:38Z</time>
   </trkpt>
   <trkpt lat="46.735914" lon="13.180316">
    <ele>591.523</ele>
    <time>2026-06-22T13:42:41Z</time>
   </trkpt>
   <trkpt lat="46.735694" lon="13.178544">
    <ele>590.680</ele>
    <time>2026-06-22T13:43:03Z</time>
   </trkpt>
   <trkpt lat="46.735687" lon="13.178467">
    <ele>590.805</ele>
    <time>2026-06-22T13:43:04Z</time>
   </trkpt>
   <trkpt lat="46.735517" lon="13.176724">
    <ele>590.975</ele>
    <time>2026-06-22T13:43:26Z</time>
   </trkpt>
   <trkpt lat="46.735468" lon="13.176495">
    <ele>591.156</ele>
    <time>2026-06-22T13:43:29Z</time>
   </trkpt>
   <trkpt lat="46.735234" lon="13.175337">
    <ele>590.854</ele>
    <time>2026-06-22T13:43:44Z</time>
   </trkpt>
   <trkpt lat="46.735206" lon="13.175179">
    <ele>590.770</ele>
    <time>2026-06-22T13:43:46Z</time>
   </trkpt>
   <trkpt lat="46.735196" lon="13.174847">
    <ele>590.029</ele>
    <time>2026-06-22T13:43:50Z</time>
   </trkpt>
   <trkpt lat="46.735225" lon="13.174683">
    <ele>589.675</ele>
    <time>2026-06-22T13:43:52Z</time>
   </trkpt>
   <trkpt lat="46.735488" lon="13.173410">
    <ele>585.262</ele>
    <time>2026-06-22T13:44:08Z</time>
   </trkpt>
   <trkpt lat="46.735711" lon="13.172004">
    <ele>587.393</ele>
    <time>2026-06-22T13:44:25Z</time>
   </trkpt>
   <trkpt lat="46.735654" lon="13.171543">
    <ele>588.729</ele>
    <time>2026-06-22T13:44:30Z</time>
   </trkpt>
   <trkpt lat="46.735403" lon="13.170878">
    <ele>588.818</ele>
    <time>2026-06-22T13:44:39Z</time>
   </trkpt>
   <trkpt lat="46.734942" lon="13.170409">
    <ele>590.217</ele>
    <time>2026-06-22T13:44:49Z</time>
   </trkpt>
   <trkpt lat="46.734731" lon="13.169839">
    <ele>590.955</ele>
    <time>2026-06-22T13:44:57Z</time>
   </trkpt>
   <trkpt lat="46.734499" lon="13.167509">
    <ele>592.700</ele>
    <time>2026-06-22T13:45:24Z</time>
   </trkpt>
   <trkpt lat="46.734581" lon="13.166945">
    <ele>591.471</ele>
    <time>2026-06-22T13:45:31Z</time>
   </trkpt>
   <trkpt lat="46.735204" lon="13.165606">
    <ele>591.303</ele>
    <time>2026-06-22T13:45:50Z</time>
   </trkpt>
   <trkpt lat="46.735416" lon="13.165032">
    <ele>591.382</ele>
    <time>2026-06-22T13:45:58Z</time>
   </trkpt>
   <trkpt lat="46.735427" lon="13.164710">
    <ele>591.407</ele>
    <time>2026-06-22T13:46:02Z</time>
   </trkpt>
   <trkpt lat="46.735174" lon="13.163301">
    <ele>591.369</ele>
    <time>2026-06-22T13:46:19Z</time>
   </trkpt>
   <trkpt lat="46.734573" lon="13.161233">
    <ele>590.875</ele>
    <time>2026-06-22T13:46:46Z</time>
   </trkpt>
   <trkpt lat="46.734504" lon="13.160301">
    <ele>591.057</ele>
    <time>2026-06-22T13:46:57Z</time>
   </trkpt>
   <trkpt lat="46.734575" lon="13.160061">
    <ele>591.088</ele>
    <time>2026-06-22T13:47:00Z</time>
   </trkpt>
   <trkpt lat="46.734956" lon="13.158830">
    <ele>591.532</ele>
    <time>2026-06-22T13:47:16Z</time>
   </trkpt>
   <trkpt lat="46.735003" lon="13.158487">
    <ele>590.921</ele>
    <time>2026-06-22T13:47:20Z</time>
   </trkpt>
   <trkpt lat="46.735237" lon="13.157765">
    <ele>590.515</ele>
    <time>2026-06-22T13:47:29Z</time>
   </trkpt>
   <trkpt lat="46.735280" lon="13.157380">
    <ele>590.402</ele>
    <time>2026-06-22T13:47:34Z</time>
   </trkpt>
   <trkpt lat="46.735135" lon="13.155583">
    <ele>592.479</ele>
    <time>2026-06-22T13:47:54Z</time>
   </trkpt>
   <trkpt lat="46.735127" lon="13.153333">
    <ele>592.142</ele>
    <time>2026-06-22T13:48:19Z</time>
   </trkpt>
   <trkpt lat="46.735074" lon="13.153036">
    <ele>592.498</ele>
    <time>2026-06-22T13:48:23Z</time>
   </trkpt>
   <trkpt lat="46.735001" lon="13.152841">
    <ele>593.044</ele>
    <time>2026-06-22T13:48:26Z</time>
   </trkpt>
   <trkpt lat="46.734600" lon="13.152441">
    <ele>596.317</ele>
    <time>2026-06-22T13:48:40Z</time>
   </trkpt>
   <trkpt lat="46.734122" lon="13.152136">
    <ele>600.727</ele>
    <time>2026-06-22T13:49:00Z</time>
   </trkpt>
   <trkpt lat="46.733782" lon="13.151948">
    <ele>603.981</ele>
    <time>2026-06-22T13:49:17Z</time>
   </trkpt>
   <trkpt lat="46.733262" lon="13.151832">
    <ele>607.942</ele>
    <time>2026-06-22T13:49:41Z</time>
   </trkpt>
   <trkpt lat="46.732766" lon="13.151544">
    <ele>610.296</ele>
    <time>2026-06-22T13:50:05Z</time>
   </trkpt>
   <trkpt lat="46.732250" lon="13.151493">
    <ele>612.342</ele>
    <time>2026-06-22T13:50:27Z</time>
   </trkpt>
   <trkpt lat="46.731796" lon="13.151290">
    <ele>615.028</ele>
    <time>2026-06-22T13:50:46Z</time>
   </trkpt>
   <trkpt lat="46.731460" lon="13.150885">
    <ele>616.028</ele>
    <time>2026-06-22T13:51:01Z</time>
   </trkpt>
   <trkpt lat="46.731603" lon="13.150238">
    <ele>618.287</ele>
    <time>2026-06-22T13:51:14Z</time>
   </trkpt>
   <trkpt lat="46.731484" lon="13.149768">
    <ele>618.056</ele>
    <time>2026-06-22T13:51:27Z</time>
   </trkpt>
   <trkpt lat="46.731508" lon="13.149605">
    <ele>617.090</ele>
    <time>2026-06-22T13:51:31Z</time>
   </trkpt>
   <trkpt lat="46.731591" lon="13.149088">
    <ele>618.994</ele>
    <time>2026-06-22T13:51:45Z</time>
   </trkpt>
   <trkpt lat="46.731591" lon="13.148991">
    <ele>619.398</ele>
    <time>2026-06-22T13:51:48Z</time>
   </trkpt>
   <trkpt lat="46.731696" lon="13.148319">
    <ele>621.992</ele>
    <time>2026-06-22T13:52:05Z</time>
   </trkpt>
   <trkpt lat="46.731885" lon="13.147758">
    <ele>620.961</ele>
    <time>2026-06-22T13:52:17Z</time>
   </trkpt>
   <trkpt lat="46.731943" lon="13.147583">
    <ele>620.479</ele>
    <time>2026-06-22T13:52:20Z</time>
   </trkpt>
   <trkpt lat="46.732256" lon="13.146222">
    <ele>618.023</ele>
    <time>2026-06-22T13:52:40Z</time>
   </trkpt>
   <trkpt lat="46.732321" lon="13.144888">
    <ele>616.658</ele>
    <time>2026-06-22T13:52:56Z</time>
   </trkpt>
   <trkpt lat="46.732250" lon="13.144470">
    <ele>617.107</ele>
    <time>2026-06-22T13:53:01Z</time>
   </trkpt>
   <trkpt lat="46.732046" lon="13.143940">
    <ele>617.206</ele>
    <time>2026-06-22T13:53:07Z</time>
   </trkpt>
   <trkpt lat="46.732016" lon="13.143115">
    <ele>616.590</ele>
    <time>2026-06-22T13:53:15Z</time>
   </trkpt>
   <trkpt lat="46.732185" lon="13.142541">
    <ele>618.102</ele>
    <time>2026-06-22T13:53:22Z</time>
   </trkpt>
   <trkpt lat="46.732245" lon="13.142095">
    <ele>615.904</ele>
    <time>2026-06-22T13:53:27Z</time>
   </trkpt>
   <trkpt lat="46.732488" lon="13.141678">
    <ele>613.723</ele>
    <time>2026-06-22T13:53:32Z</time>
   </trkpt>
   <trkpt lat="46.732680" lon="13.141538">
    <ele>612.930</ele>
    <time>2026-06-22T13:53:35Z</time>
   </trkpt>
   <trkpt lat="46.732872" lon="13.141185">
    <ele>614.324</ele>
    <time>2026-06-22T13:53:40Z</time>
   </trkpt>
   <trkpt lat="46.733115" lon="13.140141">
    <ele>613.874</ele>
    <time>2026-06-22T13:53:52Z</time>
   </trkpt>
   <trkpt lat="46.733140" lon="13.139450">
    <ele>613.273</ele>
    <time>2026-06-22T13:54:00Z</time>
   </trkpt>
   <trkpt lat="46.733151" lon="13.139139">
    <ele>612.125</ele>
    <time>2026-06-22T13:54:04Z</time>
   </trkpt>
   <trkpt lat="46.733146" lon="13.138874">
    <ele>611.242</ele>
    <time>2026-06-22T13:54:08Z</time>
   </trkpt>
   <trkpt lat="46.732991" lon="13.138150">
    <ele>612.908</ele>
    <time>2026-06-22T13:54:18Z</time>
   </trkpt>
   <trkpt lat="46.733001" lon="13.137784">
    <ele>614.476</ele>
    <time>2026-06-22T13:54:22Z</time>
   </trkpt>
   <trkpt lat="46.733039" lon="13.137451">
    <ele>616.624</ele>
    <time>2026-06-22T13:54:29Z</time>
   </trkpt>
   <trkpt lat="46.732915" lon="13.136636">
    <ele>614.496</ele>
    <time>2026-06-22T13:54:39Z</time>
   </trkpt>
   <trkpt lat="46.732939" lon="13.135864">
    <ele>614.132</ele>
    <time>2026-06-22T13:54:47Z</time>
   </trkpt>
   <trkpt lat="46.732995" lon="13.135608">
    <ele>613.849</ele>
    <time>2026-06-22T13:54:50Z</time>
   </trkpt>
   <trkpt lat="46.733199" lon="13.135088">
    <ele>612.146</ele>
    <time>2026-06-22T13:54:59Z</time>
   </trkpt>
   <trkpt lat="46.733179" lon="13.134361">
    <ele>610.839</ele>
    <time>2026-06-22T13:55:12Z</time>
   </trkpt>
   <trkpt lat="46.733201" lon="13.133629">
    <ele>616.594</ele>
    <time>2026-06-22T13:55:28Z</time>
   </trkpt>
   <trkpt lat="46.733111" lon="13.132990">
    <ele>620.415</ele>
    <time>2026-06-22T13:55:45Z</time>
   </trkpt>
   <trkpt lat="46.733035" lon="13.132458">
    <ele>625.910</ele>
    <time>2026-06-22T13:56:00Z</time>
   </trkpt>
   <trkpt lat="46.732998" lon="13.132201">
    <ele>627.813</ele>
    <time>2026-06-22T13:56:09Z</time>
   </trkpt>
   <trkpt lat="46.732986" lon="13.132066">
    <ele>628.098</ele>
    <time>2026-06-22T13:56:13Z</time>
   </trkpt>
   <trkpt lat="46.733059" lon="13.131409">
    <ele>630.026</ele>
    <time>2026-06-22T13:56:34Z</time>
   </trkpt>
   <trkpt lat="46.733050" lon="13.130756">
    <ele>629.724</ele>
    <time>2026-06-22T13:56:49Z</time>
   </trkpt>
   <trkpt lat="46.733050" lon="13.129985">
    <ele>631.735</ele>
    <time>2026-06-22T13:57:06Z</time>
   </trkpt>
   <trkpt lat="46.733020" lon="13.129077">
    <ele>633.095</ele>
    <time>2026-06-22T13:57:27Z</time>
   </trkpt>
   <trkpt lat="46.732965" lon="13.128530">
    <ele>634.601</ele>
    <time>2026-06-22T13:57:41Z</time>
   </trkpt>
   <trkpt lat="46.733099" lon="13.128073">
    <ele>633.507</ele>
    <time>2026-06-22T13:57:51Z</time>
   </trkpt>
   <trkpt lat="46.733272" lon="13.127563">
    <ele>631.843</ele>
    <time>2026-06-22T13:58:03Z</time>
   </trkpt>
   <trkpt lat="46.733303" lon="13.127473">
    <ele>632.417</ele>
    <time>2026-06-22T13:58:05Z</time>
   </trkpt>
   <trkpt lat="46.733678" lon="13.126962">
    <ele>635.148</ele>
    <time>2026-06-22T13:58:19Z</time>
   </trkpt>
   <trkpt lat="46.733806" lon="13.126806">
    <ele>634.531</ele>
    <time>2026-06-22T13:58:22Z</time>
   </trkpt>
   <trkpt lat="46.733898" lon="13.126590">
    <ele>633.504</ele>
    <time>2026-06-22T13:58:25Z</time>
   </trkpt>
   <trkpt lat="46.733952" lon="13.125724">
    <ele>630.894</ele>
    <time>2026-06-22T13:58:31Z</time>
   </trkpt>
   <trkpt lat="46.733980" lon="13.125164">
    <ele>629.944</ele>
    <time>2026-06-22T13:58:34Z</time>
   </trkpt>
  </trkseg>
 </trk>
 <trk>
  <name>ACTIVE LOG065850</name>
  <trkseg>
   <trkpt lat="46.733999" lon="13.123227">
    <ele>628.085</ele>
    <time>2026-06-22T13:58:49Z</time>
   </trkpt>
   <trkpt lat="46.733936" lon="13.122824">
    <ele>627.531</ele>
    <time>2026-06-22T13:58:55Z</time>
   </trkpt>
   <trkpt lat="46.734102" lon="13.122234">
    <ele>618.471</ele>
    <time>2026-06-22T13:59:08Z</time>
   </trkpt>
   <trkpt lat="46.734276" lon="13.121530">
    <ele>617.844</ele>
    <time>2026-06-22T13:59:22Z</time>
   </trkpt>
   <trkpt lat="46.734264" lon="13.121480">
    <ele>617.180</ele>
    <time>2026-06-22T13:59:23Z</time>
   </trkpt>
   <trkpt lat="46.733752" lon="13.121052">
    <ele>615.720</ele>
    <time>2026-06-22T13:59:35Z</time>
   </trkpt>
   <trkpt lat="46.733662" lon="13.120999">
    <ele>615.809</ele>
    <time>2026-06-22T13:59:37Z</time>
   </trkpt>
   <trkpt lat="46.733437" lon="13.120873">
    <ele>616.489</ele>
    <time>2026-06-22T13:59:43Z</time>
   </trkpt>
   <trkpt lat="46.733262" lon="13.120763">
    <ele>616.540</ele>
    <time>2026-06-22T13:59:46Z</time>
   </trkpt>
   <trkpt lat="46.733099" lon="13.120427">
    <ele>617.257</ele>
    <time>2026-06-22T13:59:52Z</time>
   </trkpt>
   <trkpt lat="46.733193" lon="13.119603">
    <ele>619.037</ele>
    <time>2026-06-22T14:00:08Z</time>
   </trkpt>
   <trkpt lat="46.733358" lon="13.119139">
    <ele>618.315</ele>
    <time>2026-06-22T14:00:15Z</time>
   </trkpt>
   <trkpt lat="46.733495" lon="13.117763">
    <ele>614.783</ele>
    <time>2026-06-22T14:00:31Z</time>
   </trkpt>
   <trkpt lat="46.733388" lon="13.116021">
    <ele>612.173</ele>
    <time>2026-06-22T14:00:49Z</time>
   </trkpt>
   <trkpt lat="46.733329" lon="13.114826">
    <ele>608.908</ele>
    <time>2026-06-22T14:01:00Z</time>
   </trkpt>
   <trkpt lat="46.733207" lon="13.114349">
    <ele>608.624</ele>
    <time>2026-06-22T14:01:05Z</time>
   </trkpt>
   <trkpt lat="46.733222" lon="13.113512">
    <ele>609.641</ele>
    <time>2026-06-22T14:01:14Z</time>
   </trkpt>
   <trkpt lat="46.733156" lon="13.112641">
    <ele>613.140</ele>
    <time>2026-06-22T14:01:28Z</time>
   </trkpt>
   <trkpt lat="46.733139" lon="13.112504">
    <ele>612.752</ele>
    <time>2026-06-22T14:01:31Z</time>
   </trkpt>
   <trkpt lat="46.732978" lon="13.111907">
    <ele>616.094</ele>
    <time>2026-06-22T14:01:44Z</time>
   </trkpt>
   <trkpt lat="46.732847" lon="13.111092">
    <ele>617.564</ele>
    <time>2026-06-22T14:02:01Z</time>
   </trkpt>
   <trkpt lat="46.732756" lon="13.110179">
    <ele>621.639</ele>
    <time>2026-06-22T14:02:19Z</time>
   </trkpt>
   <trkpt lat="46.732710" lon="13.109682">
    <ele>621.181</ele>
    <time>2026-06-22T14:02:33Z</time>
   </trkpt>
   <trkpt lat="46.732611" lon="13.109308">
    <ele>621.397</ele>
    <time>2026-06-22T14:02:41Z</time>
   </trkpt>
   <trkpt lat="46.732376" lon="13.108628">
    <ele>621.499</ele>
    <time>2026-06-22T14:02:55Z</time>
   </trkpt>
   <trkpt lat="46.732360" lon="13.108585">
    <ele>621.818</ele>
    <time>2026-06-22T14:02:56Z</time>
   </trkpt>
   <trkpt lat="46.732248" lon="13.108300">
    <ele>623.109</ele>
    <time>2026-06-22T14:03:03Z</time>
   </trkpt>
   <trkpt lat="46.732205" lon="13.108171">
    <ele>625.267</ele>
    <time>2026-06-22T14:03:06Z</time>
   </trkpt>
   <trkpt lat="46.732089" lon="13.107885">
    <ele>625.262</ele>
    <time>2026-06-22T14:03:13Z</time>
   </trkpt>
   <trkpt lat="46.731737" lon="13.107644">
    <ele>627.785</ele>
    <time>2026-06-22T14:03:24Z</time>
   </trkpt>
   <trkpt lat="46.731378" lon="13.107614">
    <ele>629.733</ele>
    <time>2026-06-22T14:03:37Z</time>
   </trkpt>
   <trkpt lat="46.731100" lon="13.107418">
    <ele>631.281</ele>
    <time>2026-06-22T14:03:51Z</time>
   </trkpt>
   <trkpt lat="46.730947" lon="13.107247">
    <ele>626.811</ele>
    <time>2026-06-22T14:04:03Z</time>
   </trkpt>
   <trkpt lat="46.731093" lon="13.106667">
    <ele>629.423</ele>
    <time>2026-06-22T14:04:15Z</time>
   </trkpt>
   <trkpt lat="46.731418" lon="13.106649">
    <ele>625.044</ele>
    <time>2026-06-22T14:04:22Z</time>
   </trkpt>
   <trkpt lat="46.731573" lon="13.106457">
    <ele>624.570</ele>
    <time>2026-06-22T14:04:26Z</time>
   </trkpt>
   <trkpt lat="46.731667" lon="13.105978">
    <ele>621.414</ele>
    <time>2026-06-22T14:04:31Z</time>
   </trkpt>
   <trkpt lat="46.731723" lon="13.105691">
    <ele>620.962</ele>
    <time>2026-06-22T14:04:34Z</time>
   </trkpt>
   <trkpt lat="46.731978" lon="13.105118">
    <ele>618.572</ele>
    <time>2026-06-22T14:04:40Z</time>
   </trkpt>
   <trkpt lat="46.732351" lon="13.104720">
    <ele>619.610</ele>
    <time>2026-06-22T14:04:45Z</time>
   </trkpt>
   <trkpt lat="46.732605" lon="13.103973">
    <ele>615.491</ele>
    <time>2026-06-22T14:04:52Z</time>
   </trkpt>
   <trkpt lat="46.732592" lon="13.103849">
    <ele>615.537</ele>
    <time>2026-06-22T14:04:53Z</time>
   </trkpt>
   <trkpt lat="46.732485" lon="13.103176">
    <ele>615.814</ele>
    <time>2026-06-22T14:04:59Z</time>
   </trkpt>
   <trkpt lat="46.732153" lon="13.102027">
    <ele>612.616</ele>
    <time>2026-06-22T14:05:10Z</time>
   </trkpt>
   <trkpt lat="46.732163" lon="13.101727">
    <ele>612.232</ele>
    <time>2026-06-22T14:05:13Z</time>
   </trkpt>
   <trkpt lat="46.731964" lon="13.101270">
    <ele>610.857</ele>
    <time>2026-06-22T14:05:18Z</time>
   </trkpt>
   <trkpt lat="46.731849" lon="13.100908">
    <ele>610.246</ele>
    <time>2026-06-22T14:05:24Z</time>
   </trkpt>
   <trkpt lat="46.731849" lon="13.100908">
    <ele>610.594</ele>
    <time>2026-06-22T14:05:25Z</time>
   </trkpt>
   <trkpt lat="46.731849" lon="13.100982">
    <ele>610.850</ele>
    <time>2026-06-22T14:05:29Z</time>
   </trkpt>
   <trkpt lat="46.731849" lon="13.101069">
    <ele>610.179</ele>
    <time>2026-06-22T14:05:40Z</time>
   </trkpt>
  </trkseg>
 </trk>
 <trk>
  <name>ACTIVE LOG072022</name>
  <trkseg>
   <trkpt lat="46.732313" lon="13.101466">
    <ele>657.133</ele>
    <time>2026-06-22T14:20:22Z</time>
   </trkpt>
   <trkpt lat="46.732060" lon="13.101112">
    <ele>635.576</ele>
    <time>2026-06-22T14:20:37Z</time>
   </trkpt>
   <trkpt lat="46.732010" lon="13.100714">
    <ele>633.014</ele>
    <time>2026-06-22T14:20:46Z</time>
   </trkpt>
   <trkpt lat="46.731953" lon="13.100337">
    <ele>628.861</ele>
    <time>2026-06-22T14:20:49Z</time>
   </trkpt>
   <trkpt lat="46.732020" lon="13.100149">
    <ele>622.864</ele>
    <time>2026-06-22T14:20:53Z</time>
   </trkpt>
   <trkpt lat="46.732093" lon="13.099941">
    <ele>617.560</ele>
    <time>2026-06-22T14:20:58Z</time>
   </trkpt>
   <trkpt lat="46.732239" lon="13.099292">
    <ele>608.359</ele>
    <time>2026-06-22T14:21:11Z</time>
   </trkpt>
   <trkpt lat="46.732213" lon="13.098999">
    <ele>606.816</ele>
    <time>2026-06-22T14:21:16Z</time>
   </trkpt>
   <trkpt lat="46.731896" lon="13.098558">
    <ele>604.233</ele>
    <time>2026-06-22T14:21:28Z</time>
   </trkpt>
   <trkpt lat="46.731826" lon="13.098443">
    <ele>603.380</ele>
    <time>2026-06-22T14:21:30Z</time>
   </trkpt>
   <trkpt lat="46.731369" lon="13.097183">
    <ele>597.123</ele>
    <time>2026-06-22T14:21:43Z</time>
   </trkpt>
   <trkpt lat="46.731340" lon="13.097084">
    <ele>597.152</ele>
    <time>2026-06-22T14:21:44Z</time>
   </trkpt>
   <trkpt lat="46.731312" lon="13.096714">
    <ele>597.962</ele>
    <time>2026-06-22T14:21:48Z</time>
   </trkpt>
   <trkpt lat="46.731312" lon="13.096542">
    <ele>597.956</ele>
    <time>2026-06-22T14:21:50Z</time>
   </trkpt>
   <trkpt lat="46.731312" lon="13.096280">
    <ele>598.456</ele>
    <time>2026-06-22T14:21:53Z</time>
   </trkpt>
   <trkpt lat="46.731312" lon="13.095633">
    <ele>600.470</ele>
    <time>2026-06-22T14:22:04Z</time>
   </trkpt>
   <trkpt lat="46.731292" lon="13.095434">
    <ele>600.347</ele>
    <time>2026-06-22T14:22:07Z</time>
   </trkpt>
   <trkpt lat="46.731149" lon="13.095059">
    <ele>598.894</ele>
    <time>2026-06-22T14:22:12Z</time>
   </trkpt>
   <trkpt lat="46.731026" lon="13.094211">
    <ele>602.960</ele>
    <time>2026-06-22T14:22:22Z</time>
   </trkpt>
   <trkpt lat="46.731047" lon="13.093810">
    <ele>603.241</ele>
    <time>2026-06-22T14:22:27Z</time>
   </trkpt>
   <trkpt lat="46.731096" lon="13.093479">
    <ele>603.938</ele>
    <time>2026-06-22T14:22:31Z</time>
   </trkpt>
   <trkpt lat="46.731189" lon="13.092110">
    <ele>600.222</ele>
    <time>2026-06-22T14:22:48Z</time>
   </trkpt>
   <trkpt lat="46.731350" lon="13.091575">
    <ele>599.086</ele>
    <time>2026-06-22T14:22:59Z</time>
   </trkpt>
   <trkpt lat="46.731444" lon="13.091124">
    <ele>602.188</ele>
    <time>2026-06-22T14:23:11Z</time>
   </trkpt>
   <trkpt lat="46.731623" lon="13.090360">
    <ele>604.431</ele>
    <time>2026-06-22T14:23:28Z</time>
   </trkpt>
   <trkpt lat="46.731641" lon="13.090201">
    <ele>604.688</ele>
    <time>2026-06-22T14:23:31Z</time>
   </trkpt>
   <trkpt lat="46.731651" lon="13.090032">
    <ele>605.083</ele>
    <time>2026-06-22T14:23:35Z</time>
   </trkpt>
   <trkpt lat="46.731623" lon="13.089823">
    <ele>605.277</ele>
    <time>2026-06-22T14:23:39Z</time>
   </trkpt>
   <trkpt lat="46.731305" lon="13.088968">
    <ele>607.653</ele>
    <time>2026-06-22T14:23:57Z</time>
   </trkpt>
   <trkpt lat="46.731077" lon="13.088668">
    <ele>607.026</ele>
    <time>2026-06-22T14:24:06Z</time>
   </trkpt>
   <trkpt lat="46.730940" lon="13.088503">
    <ele>604.673</ele>
    <time>2026-06-22T14:24:10Z</time>
   </trkpt>
   <trkpt lat="46.730815" lon="13.088211">
    <ele>602.374</ele>
    <time>2026-06-22T14:24:14Z</time>
   </trkpt>
   <trkpt lat="46.730772" lon="13.087768">
    <ele>600.710</ele>
    <time>2026-06-22T14:24:18Z</time>
   </trkpt>
   <trkpt lat="46.730766" lon="13.087373">
    <ele>600.884</ele>
    <time>2026-06-22T14:24:22Z</time>
   </trkpt>
   <trkpt lat="46.730758" lon="13.086586">
    <ele>600.252</ele>
    <time>2026-06-22T14:24:34Z</time>
   </trkpt>
   <trkpt lat="46.730798" lon="13.086159">
    <ele>598.648</ele>
    <time>2026-06-22T14:24:43Z</time>
   </trkpt>
   <trkpt lat="46.730696" lon="13.085643">
    <ele>597.528</ele>
    <time>2026-06-22T14:24:47Z</time>
   </trkpt>
   <trkpt lat="46.730595" lon="13.085283">
    <ele>597.797</ele>
    <time>2026-06-22T14:24:52Z</time>
   </trkpt>
   <trkpt lat="46.730780" lon="13.084263">
    <ele>597.757</ele>
    <time>2026-06-22T14:25:03Z</time>
   </trkpt>
   <trkpt lat="46.730800" lon="13.084179">
    <ele>597.782</ele>
    <time>2026-06-22T14:25:04Z</time>
   </trkpt>
   <trkpt lat="46.730877" lon="13.083847">
    <ele>598.915</ele>
    <time>2026-06-22T14:25:08Z</time>
   </trkpt>
   <trkpt lat="46.730932" lon="13.083036">
    <ele>599.935</ele>
    <time>2026-06-22T14:25:18Z</time>
   </trkpt>
   <trkpt lat="46.730950" lon="13.082878">
    <ele>600.539</ele>
    <time>2026-06-22T14:25:20Z</time>
   </trkpt>
   <trkpt lat="46.731025" lon="13.082586">
    <ele>600.297</ele>
    <time>2026-06-22T14:25:24Z</time>
   </trkpt>
   <trkpt lat="46.731186" lon="13.082250">
    <ele>598.892</ele>
    <time>2026-06-22T14:25:29Z</time>
   </trkpt>
   <trkpt lat="46.731283" lon="13.081865">
    <ele>599.333</ele>
    <time>2026-06-22T14:25:34Z</time>
   </trkpt>
   <trkpt lat="46.731406" lon="13.081616">
    <ele>599.262</ele>
    <time>2026-06-22T14:25:38Z</time>
   </trkpt>
   <trkpt lat="46.731569" lon="13.081581">
    <ele>599.154</ele>
    <time>2026-06-22T14:25:41Z</time>
   </trkpt>
   <trkpt lat="46.731737" lon="13.081442">
    <ele>599.831</ele>
    <time>2026-06-22T14:25:45Z</time>
   </trkpt>
   <trkpt lat="46.732489" lon="13.079939">
    <ele>600.020</ele>
    <time>2026-06-22T14:26:08Z</time>
   </trkpt>
   <trkpt lat="46.732944" lon="13.078799">
    <ele>601.235</ele>
    <time>2026-06-22T14:26:24Z</time>
   </trkpt>
   <trkpt lat="46.733062" lon="13.078537">
    <ele>603.561</ele>
    <time>2026-06-22T14:26:34Z</time>
   </trkpt>
   <trkpt lat="46.733109" lon="13.078442">
    <ele>604.131</ele>
    <time>2026-06-22T14:26:39Z</time>
   </trkpt>
   <trkpt lat="46.733243" lon="13.078536">
    <ele>604.922</ele>
    <time>2026-06-22T14:26:44Z</time>
   </trkpt>
   <trkpt lat="46.733763" lon="13.078728">
    <ele>607.107</ele>
    <time>2026-06-22T14:27:04Z</time>
   </trkpt>
   <trkpt lat="46.734544" lon="13.078885">
    <ele>605.111</ele>
    <time>2026-06-22T14:27:23Z</time>
   </trkpt>
   <trkpt lat="46.734644" lon="13.078923">
    <ele>604.837</ele>
    <time>2026-06-22T14:27:25Z</time>
   </trkpt>
   <trkpt lat="46.734714" lon="13.078792">
    <ele>603.437</ele>
    <time>2026-06-22T14:27:29Z</time>
   </trkpt>
   <trkpt lat="46.734724" lon="13.078644">
    <ele>602.637</ele>
    <time>2026-06-22T14:27:33Z</time>
   </trkpt>
   <trkpt lat="46.734725" lon="13.076748">
    <ele>603.425</ele>
    <time>2026-06-22T14:27:51Z</time>
   </trkpt>
   <trkpt lat="46.734888" lon="13.075247">
    <ele>602.965</ele>
    <time>2026-06-22T14:28:09Z</time>
   </trkpt>
   <trkpt lat="46.735300" lon="13.074128">
    <ele>602.934</ele>
    <time>2026-06-22T14:28:24Z</time>
   </trkpt>
   <trkpt lat="46.735411" lon="13.073867">
    <ele>603.359</ele>
    <time>2026-06-22T14:28:28Z</time>
   </trkpt>
   <trkpt lat="46.735678" lon="13.073784">
    <ele>602.375</ele>
    <time>2026-06-22T14:28:33Z</time>
   </trkpt>
   <trkpt lat="46.735841" lon="13.073810">
    <ele>603.395</ele>
    <time>2026-06-22T14:28:36Z</time>
   </trkpt>
   <trkpt lat="46.735985" lon="13.073579">
    <ele>603.070</ele>
    <time>2026-06-22T14:28:41Z</time>
   </trkpt>
   <trkpt lat="46.736382" lon="13.071535">
    <ele>602.921</ele>
    <time>2026-06-22T14:29:06Z</time>
   </trkpt>
   <trkpt lat="46.736704" lon="13.070195">
    <ele>601.390</ele>
    <time>2026-06-22T14:29:22Z</time>
   </trkpt>
   <trkpt lat="46.737154" lon="13.067978">
    <ele>602.085</ele>
    <time>2026-06-22T14:29:48Z</time>
   </trkpt>
   <trkpt lat="46.737372" lon="13.066751">
    <ele>603.032</ele>
    <time>2026-06-22T14:30:03Z</time>
   </trkpt>
   <trkpt lat="46.737555" lon="13.065848">
    <ele>602.640</ele>
    <time>2026-06-22T14:30:15Z</time>
   </trkpt>
   <trkpt lat="46.737851" lon="13.064244">
    <ele>602.647</ele>
    <time>2026-06-22T14:30:35Z</time>
   </trkpt>
   <trkpt lat="46.738031" lon="13.062626">
    <ele>601.904</ele>
    <time>2026-06-22T14:30:56Z</time>
   </trkpt>
   <trkpt lat="46.738192" lon="13.060651">
    <ele>602.429</ele>
    <time>2026-06-22T14:31:19Z</time>
   </trkpt>
   <trkpt lat="46.738258" lon="13.058668">
    <ele>603.226</ele>
    <time>2026-06-22T14:31:42Z</time>
   </trkpt>
   <trkpt lat="46.738222" lon="13.057670">
    <ele>603.967</ele>
    <time>2026-06-22T14:31:56Z</time>
   </trkpt>
   <trkpt lat="46.738307" lon="13.056532">
    <ele>603.504</ele>
    <time>2026-06-22T14:32:11Z</time>
   </trkpt>
   <trkpt lat="46.738278" lon="13.054765">
    <ele>603.282</ele>
    <time>2026-06-22T14:32:33Z</time>
   </trkpt>
   <trkpt lat="46.738265" lon="13.052843">
    <ele>603.665</ele>
    <time>2026-06-22T14:32:56Z</time>
   </trkpt>
   <trkpt lat="46.738179" lon="13.051728">
    <ele>605.428</ele>
    <time>2026-06-22T14:33:12Z</time>
   </trkpt>
   <trkpt lat="46.738243" lon="13.050992">
    <ele>604.335</ele>
    <time>2026-06-22T14:33:22Z</time>
   </trkpt>
   <trkpt lat="46.738243" lon="13.048879">
    <ele>604.492</ele>
    <time>2026-06-22T14:33:48Z</time>
   </trkpt>
   <trkpt lat="46.737964" lon="13.047589">
    <ele>604.426</ele>
    <time>2026-06-22T14:34:04Z</time>
   </trkpt>
   <trkpt lat="46.737880" lon="13.047200">
    <ele>604.882</ele>
    <time>2026-06-22T14:34:09Z</time>
   </trkpt>
   <trkpt lat="46.737957" lon="13.046051">
    <ele>604.885</ele>
    <time>2026-06-22T14:34:24Z</time>
   </trkpt>
   <trkpt lat="46.737951" lon="13.045816">
    <ele>605.029</ele>
    <time>2026-06-22T14:34:27Z</time>
   </trkpt>
   <trkpt lat="46.737825" lon="13.044889">
    <ele>604.364</ele>
    <time>2026-06-22T14:34:38Z</time>
   </trkpt>
   <trkpt lat="46.737814" lon="13.044571">
    <ele>604.127</ele>
    <time>2026-06-22T14:34:42Z</time>
   </trkpt>
   <trkpt lat="46.737911" lon="13.044268">
    <ele>603.765</ele>
    <time>2026-06-22T14:34:46Z</time>
   </trkpt>
   <trkpt lat="46.738098" lon="13.044040">
    <ele>604.812</ele>
    <time>2026-06-22T14:34:51Z</time>
   </trkpt>
   <trkpt lat="46.738156" lon="13.043612">
    <ele>605.435</ele>
    <time>2026-06-22T14:34:57Z</time>
   </trkpt>
   <trkpt lat="46.738124" lon="13.041438">
    <ele>605.961</ele>
    <time>2026-06-22T14:35:23Z</time>
   </trkpt>
   <trkpt lat="46.738093" lon="13.039639">
    <ele>605.740</ele>
    <time>2026-06-22T14:35:46Z</time>
   </trkpt>
   <trkpt lat="46.738088" lon="13.038155">
    <ele>606.417</ele>
    <time>2026-06-22T14:36:06Z</time>
   </trkpt>
   <trkpt lat="46.738013" lon="13.036686">
    <ele>608.229</ele>
    <time>2026-06-22T14:36:27Z</time>
   </trkpt>
   <trkpt lat="46.738067" lon="13.035822">
    <ele>607.291</ele>
    <time>2026-06-22T14:36:41Z</time>
   </trkpt>
   <trkpt lat="46.738043" lon="13.033691">
    <ele>608.425</ele>
    <time>2026-06-22T14:37:08Z</time>
   </trkpt>
   <trkpt lat="46.738028" lon="13.032373">
    <ele>608.149</ele>
    <time>2026-06-22T14:37:28Z</time>
   </trkpt>
   <trkpt lat="46.738025" lon="13.032057">
    <ele>609.093</ele>
    <time>2026-06-22T14:38:02Z</time>
   </trkpt>
   <trkpt lat="46.738011" lon="13.030857">
    <ele>610.268</ele>
    <time>2026-06-22T14:38:20Z</time>
   </trkpt>
   <trkpt lat="46.737991" lon="13.029292">
    <ele>611.088</ele>
    <time>2026-06-22T14:38:41Z</time>
   </trkpt>
   <trkpt lat="46.737964" lon="13.028498">
    <ele>611.762</ele>
    <time>2026-06-22T14:38:55Z</time>
   </trkpt>
   <trkpt lat="46.737966" lon="13.027879">
    <ele>611.604</ele>
    <time>2026-06-22T14:39:04Z</time>
   </trkpt>
   <trkpt lat="46.737759" lon="13.027706">
    <ele>611.503</ele>
    <time>2026-06-22T14:39:10Z</time>
   </trkpt>
   <trkpt lat="46.737201" lon="13.027721">
    <ele>611.059</ele>
    <time>2026-06-22T14:39:21Z</time>
   </trkpt>
   <trkpt lat="46.736989" lon="13.027419">
    <ele>610.033</ele>
    <time>2026-06-22T14:39:28Z</time>
   </trkpt>
   <trkpt lat="46.737008" lon="13.027352">
    <ele>610.046</ele>
    <time>2026-06-22T14:39:29Z</time>
   </trkpt>
   <trkpt lat="46.737046" lon="13.027225">
    <ele>610.347</ele>
    <time>2026-06-22T14:39:31Z</time>
   </trkpt>
   <trkpt lat="46.737063" lon="13.027088">
    <ele>609.846</ele>
    <time>2026-06-22T14:39:33Z</time>
   </trkpt>
   <trkpt lat="46.737029" lon="13.026811">
    <ele>610.424</ele>
    <time>2026-06-22T14:39:37Z</time>
   </trkpt>
   <trkpt lat="46.736925" lon="13.026192">
    <ele>610.656</ele>
    <time>2026-06-22T14:39:46Z</time>
   </trkpt>
   <trkpt lat="46.736658" lon="13.026040">
    <ele>609.863</ele>
    <time>2026-06-22T14:39:53Z</time>
   </trkpt>
   <trkpt lat="46.736520" lon="13.026069">
    <ele>610.467</ele>
    <time>2026-06-22T14:39:56Z</time>
   </trkpt>
   <trkpt lat="46.736418" lon="13.025892">
    <ele>611.198</ele>
    <time>2026-06-22T14:40:03Z</time>
   </trkpt>
   <trkpt lat="46.736721" lon="13.025538">
    <ele>611.011</ele>
    <time>2026-06-22T14:40:12Z</time>
   </trkpt>
   <trkpt lat="46.737181" lon="13.025054">
    <ele>611.010</ele>
    <time>2026-06-22T14:40:24Z</time>
   </trkpt>
   <trkpt lat="46.737297" lon="13.024935">
    <ele>611.212</ele>
    <time>2026-06-22T14:40:27Z</time>
   </trkpt>
   <trkpt lat="46.737456" lon="13.024768">
    <ele>611.134</ele>
    <time>2026-06-22T14:40:31Z</time>
   </trkpt>
   <trkpt lat="46.737638" lon="13.024577">
    <ele>610.487</ele>
    <time>2026-06-22T14:40:36Z</time>
   </trkpt>
   <trkpt lat="46.737807" lon="13.024543">
    <ele>610.067</ele>
    <time>2026-06-22T14:40:39Z</time>
   </trkpt>
   <trkpt lat="46.737878" lon="13.024485">
    <ele>611.500</ele>
    <time>2026-06-22T14:40:43Z</time>
   </trkpt>
   <trkpt lat="46.737878" lon="13.024485">
    <ele>611.547</ele>
    <time>2026-06-22T14:40:47Z</time>
   </trkpt>
   <trkpt lat="46.738013" lon="13.023878">
    <ele>611.066</ele>
    <time>2026-06-22T14:40:52Z</time>
   </trkpt>
   <trkpt lat="46.738112" lon="13.023700">
    <ele>609.694</ele>
    <time>2026-06-22T14:40:55Z</time>
   </trkpt>
   <trkpt lat="46.738251" lon="13.023293">
    <ele>609.127</ele>
    <time>2026-06-22T14:41:01Z</time>
   </trkpt>
   <trkpt lat="46.738642" lon="13.022007">
    <ele>608.721</ele>
    <time>2026-06-22T14:41:18Z</time>
   </trkpt>
   <trkpt lat="46.738876" lon="13.020604">
    <ele>609.716</ele>
    <time>2026-06-22T14:41:35Z</time>
   </trkpt>
   <trkpt lat="46.739010" lon="13.019746">
    <ele>611.185</ele>
    <time>2026-06-22T14:41:46Z</time>
   </trkpt>
   <trkpt lat="46.739066" lon="13.019319">
    <ele>611.494</ele>
    <time>2026-06-22T14:41:52Z</time>
   </trkpt>
   <trkpt lat="46.739107" lon="13.018989">
    <ele>611.378</ele>
    <time>2026-06-22T14:41:56Z</time>
   </trkpt>
   <trkpt lat="46.739154" lon="13.018375">
    <ele>610.878</ele>
    <time>2026-06-22T14:42:03Z</time>
   </trkpt>
   <trkpt lat="46.739101" lon="13.017281">
    <ele>612.841</ele>
    <time>2026-06-22T14:42:15Z</time>
   </trkpt>
   <trkpt lat="46.739164" lon="13.016666">
    <ele>614.482</ele>
    <time>2026-06-22T14:42:22Z</time>
   </trkpt>
   <trkpt lat="46.739172" lon="13.016127">
    <ele>614.243</ele>
    <time>2026-06-22T14:42:30Z</time>
   </trkpt>
   <trkpt lat="46.739114" lon="13.015113">
    <ele>619.453</ele>
    <time>2026-06-22T14:42:44Z</time>
   </trkpt>
   <trkpt lat="46.739101" lon="13.014114">
    <ele>615.546</ele>
    <time>2026-06-22T14:42:58Z</time>
   </trkpt>
   <trkpt lat="46.739366" lon="13.012916">
    <ele>619.207</ele>
    <time>2026-06-22T14:43:13Z</time>
   </trkpt>
   <trkpt lat="46.739506" lon="13.012396">
    <ele>618.358</ele>
    <time>2026-06-22T14:43:24Z</time>
   </trkpt>
   <trkpt lat="46.739525" lon="13.012157">
    <ele>617.949</ele>
    <time>2026-06-22T14:43:27Z</time>
   </trkpt>
   <trkpt lat="46.739954" lon="13.010817">
    <ele>613.546</ele>
    <time>2026-06-22T14:43:44Z</time>
   </trkpt>
   <trkpt lat="46.740025" lon="13.010659">
    <ele>613.727</ele>
    <time>2026-06-22T14:43:46Z</time>
   </trkpt>
   <trkpt lat="46.740132" lon="13.010422">
    <ele>615.621</ele>
    <time>2026-06-22T14:43:49Z</time>
   </trkpt>
   <trkpt lat="46.740785" lon="13.009029">
    <ele>615.790</ele>
    <time>2026-06-22T14:44:09Z</time>
   </trkpt>
   <trkpt lat="46.741117" lon="13.007695">
    <ele>613.489</ele>
    <time>2026-06-22T14:44:27Z</time>
   </trkpt>
   <trkpt lat="46.741114" lon="13.006588">
    <ele>614.659</ele>
    <time>2026-06-22T14:44:41Z</time>
   </trkpt>
   <trkpt lat="46.740974" lon="13.005892">
    <ele>614.283</ele>
    <time>2026-06-22T14:44:50Z</time>
   </trkpt>
   <trkpt lat="46.740898" lon="13.005595">
    <ele>615.161</ele>
    <time>2026-06-22T14:44:54Z</time>
   </trkpt>
   <trkpt lat="46.740570" lon="13.004442">
    <ele>615.492</ele>
    <time>2026-06-22T14:45:10Z</time>
   </trkpt>
   <trkpt lat="46.740422" lon="13.003982">
    <ele>615.527</ele>
    <time>2026-06-22T14:45:16Z</time>
   </trkpt>
   <trkpt lat="46.740339" lon="13.003499">
    <ele>617.617</ele>
    <time>2026-06-22T14:45:22Z</time>
   </trkpt>
   <trkpt lat="46.740334" lon="13.003285">
    <ele>618.703</ele>
    <time>2026-06-22T14:45:25Z</time>
   </trkpt>
   <trkpt lat="46.740328" lon="13.003031">
    <ele>619.289</ele>
    <time>2026-06-22T14:45:28Z</time>
   </trkpt>
   <trkpt lat="46.740326" lon="13.002872">
    <ele>619.613</ele>
    <time>2026-06-22T14:45:30Z</time>
   </trkpt>
   <trkpt lat="46.740360" lon="13.002258">
    <ele>617.842</ele>
    <time>2026-06-22T14:45:38Z</time>
   </trkpt>
   <trkpt lat="46.740378" lon="13.001930">
    <ele>617.578</ele>
    <time>2026-06-22T14:45:42Z</time>
   </trkpt>
   <trkpt lat="46.740402" lon="13.001305">
    <ele>618.549</ele>
    <time>2026-06-22T14:45:50Z</time>
   </trkpt>
   <trkpt lat="46.740335" lon="13.001031">
    <ele>620.534</ele>
    <time>2026-06-22T14:45:54Z</time>
   </trkpt>
   <trkpt lat="46.740285" lon="13.000786">
    <ele>619.662</ele>
    <time>2026-06-22T14:45:57Z</time>
   </trkpt>
   <trkpt lat="46.740293" lon="13.000426">
    <ele>620.479</ele>
    <time>2026-06-22T14:46:02Z</time>
   </trkpt>
   <trkpt lat="46.740334" lon="12.999638">
    <ele>621.516</ele>
    <time>2026-06-22T14:46:12Z</time>
   </trkpt>
   <trkpt lat="46.740398" lon="12.998884">
    <ele>623.022</ele>
    <time>2026-06-22T14:46:22Z</time>
   </trkpt>
   <trkpt lat="46.740410" lon="12.998735">
    <ele>623.561</ele>
    <time>2026-06-22T14:46:24Z</time>
   </trkpt>
   <trkpt lat="46.740437" lon="12.998415">
    <ele>624.625</ele>
    <time>2026-06-22T14:46:28Z</time>
   </trkpt>
   <trkpt lat="46.740474" lon="12.997947">
    <ele>625.761</ele>
    <time>2026-06-22T14:46:34Z</time>
   </trkpt>
   <trkpt lat="46.740499" lon="12.997621">
    <ele>628.414</ele>
    <time>2026-06-22T14:46:38Z</time>
   </trkpt>
   <trkpt lat="46.740531" lon="12.997194">
    <ele>628.352</ele>
    <time>2026-06-22T14:46:43Z</time>
   </trkpt>
   <trkpt lat="46.740582" lon="12.996475">
    <ele>629.126</ele>
    <time>2026-06-22T14:46:52Z</time>
   </trkpt>
   <trkpt lat="46.740600" lon="12.995917">
    <ele>628.335</ele>
    <time>2026-06-22T14:46:59Z</time>
   </trkpt>
   <trkpt lat="46.740607" lon="12.995684">
    <ele>626.452</ele>
    <time>2026-06-22T14:47:02Z</time>
   </trkpt>
   <trkpt lat="46.740617" lon="12.995363">
    <ele>626.167</ele>
    <time>2026-06-22T14:47:06Z</time>
   </trkpt>
   <trkpt lat="46.740653" lon="12.994927">
    <ele>623.392</ele>
    <time>2026-06-22T14:47:12Z</time>
   </trkpt>
   <trkpt lat="46.740693" lon="12.994742">
    <ele>624.532</ele>
    <time>2026-06-22T14:47:15Z</time>
   </trkpt>
   <trkpt lat="46.740689" lon="12.994108">
    <ele>618.592</ele>
    <time>2026-06-22T14:47:27Z</time>
   </trkpt>
   <trkpt lat="46.740708" lon="12.993297">
    <ele>615.463</ele>
    <time>2026-06-22T14:47:37Z</time>
   </trkpt>
   <trkpt lat="46.740774" lon="12.991760">
    <ele>616.736</ele>
    <time>2026-06-22T14:47:55Z</time>
   </trkpt>
   <trkpt lat="46.740859" lon="12.990433">
    <ele>616.934</ele>
    <time>2026-06-22T14:48:10Z</time>
   </trkpt>
   <trkpt lat="46.741121" lon="12.988650">
    <ele>612.953</ele>
    <time>2026-06-22T14:48:32Z</time>
   </trkpt>
   <trkpt lat="46.741478" lon="12.987328">
    <ele>613.537</ele>
    <time>2026-06-22T14:48:49Z</time>
   </trkpt>
   <trkpt lat="46.742262" lon="12.985697">
    <ele>612.832</ele>
    <time>2026-06-22T14:49:13Z</time>
   </trkpt>
   <trkpt lat="46.743060" lon="12.984735">
    <ele>614.425</ele>
    <time>2026-06-22T14:49:32Z</time>
   </trkpt>
   <trkpt lat="46.743754" lon="12.984147">
    <ele>615.925</ele>
    <time>2026-06-22T14:49:47Z</time>
   </trkpt>
   <trkpt lat="46.744467" lon="12.983685">
    <ele>617.638</ele>
    <time>2026-06-22T14:50:03Z</time>
   </trkpt>
   <trkpt lat="46.745314" lon="12.983236">
    <ele>617.556</ele>
    <time>2026-06-22T14:50:21Z</time>
   </trkpt>
   <trkpt lat="46.745563" lon="12.982992">
    <ele>615.801</ele>
    <time>2026-06-22T14:50:26Z</time>
   </trkpt>
   <trkpt lat="46.745839" lon="12.982950">
    <ele>618.949</ele>
    <time>2026-06-22T14:50:35Z</time>
   </trkpt>
   <trkpt lat="46.746037" lon="12.982825">
    <ele>619.252</ele>
    <time>2026-06-22T14:50:42Z</time>
   </trkpt>
   <trkpt lat="46.746311" lon="12.982643">
    <ele>619.326</ele>
    <time>2026-06-22T14:50:49Z</time>
   </trkpt>
   <trkpt lat="46.747068" lon="12.981973">
    <ele>620.834</ele>
    <time>2026-06-22T14:51:08Z</time>
   </trkpt>
   <trkpt lat="46.747753" lon="12.980941">
    <ele>620.360</ele>
    <time>2026-06-22T14:51:26Z</time>
   </trkpt>
   <trkpt lat="46.747993" lon="12.980452">
    <ele>620.737</ele>
    <time>2026-06-22T14:51:33Z</time>
   </trkpt>
   <trkpt lat="46.748326" lon="12.979098">
    <ele>619.826</ele>
    <time>2026-06-22T14:51:50Z</time>
   </trkpt>
   <trkpt lat="46.748355" lon="12.977780">
    <ele>619.772</ele>
    <time>2026-06-22T14:52:06Z</time>
   </trkpt>
   <trkpt lat="46.748349" lon="12.977613">
    <ele>620.004</ele>
    <time>2026-06-22T14:52:08Z</time>
   </trkpt>
   <trkpt lat="46.748343" lon="12.976458">
    <ele>622.463</ele>
    <time>2026-06-22T14:52:24Z</time>
   </trkpt>
   <trkpt lat="46.748344" lon="12.976398">
    <ele>622.343</ele>
    <time>2026-06-22T14:52:25Z</time>
   </trkpt>
   <trkpt lat="46.748386" lon="12.974987">
    <ele>622.099</ele>
    <time>2026-06-22T14:52:43Z</time>
   </trkpt>
   <trkpt lat="46.748432" lon="12.974308">
    <ele>622.199</ele>
    <time>2026-06-22T14:52:55Z</time>
   </trkpt>
   <trkpt lat="46.748114" lon="12.973394">
    <ele>622.039</ele>
    <time>2026-06-22T14:53:02Z</time>
   </trkpt>
   <trkpt lat="46.748142" lon="12.973093">
    <ele>622.411</ele>
    <time>2026-06-22T14:53:08Z</time>
   </trkpt>
   <trkpt lat="46.747950" lon="12.972455">
    <ele>622.205</ele>
    <time>2026-06-22T14:53:22Z</time>
   </trkpt>
   <trkpt lat="46.747935" lon="12.972394">
    <ele>622.904</ele>
    <time>2026-06-22T14:53:36Z</time>
   </trkpt>
   <trkpt lat="46.747931" lon="12.972373">
    <ele>623.092</ele>
    <time>2026-06-22T14:54:32Z</time>
   </trkpt>
   <trkpt lat="46.747942" lon="12.972429">
    <ele>623.743</ele>
    <time>2026-06-22T14:54:42Z</time>
   </trkpt>
   <trkpt lat="46.747942" lon="12.972429">
    <ele>623.711</ele>
    <time>2026-06-22T14:54:48Z</time>
   </trkpt>
   <trkpt lat="46.747962" lon="12.972500">
    <ele>623.320</ele>
    <time>2026-06-22T14:54:52Z</time>
   </trkpt>
   <trkpt lat="46.748004" lon="12.972664">
    <ele>622.712</ele>
    <time>2026-06-22T14:54:55Z</time>
   </trkpt>
   <trkpt lat="46.748091" lon="12.972955">
    <ele>622.012</ele>
    <time>2026-06-22T14:55:01Z</time>
   </trkpt>
   <trkpt lat="46.748221" lon="12.972879">
    <ele>621.203</ele>
    <time>2026-06-22T14:55:06Z</time>
   </trkpt>
   <trkpt lat="46.748352" lon="12.972548">
    <ele>621.232</ele>
    <time>2026-06-22T14:55:11Z</time>
   </trkpt>
   <trkpt lat="46.748474" lon="12.972226">
    <ele>622.168</ele>
    <time>2026-06-22T14:55:16Z</time>
   </trkpt>
   <trkpt lat="46.748500" lon="12.972064">
    <ele>623.153</ele>
    <time>2026-06-22T14:55:21Z</time>
   </trkpt>
   <trkpt lat="46.748520" lon="12.971600">
    <ele>623.171</ele>
    <time>2026-06-22T14:55:25Z</time>
   </trkpt>
   <trkpt lat="46.748369" lon="12.970606">
    <ele>622.465</ele>
    <time>2026-06-22T14:55:39Z</time>
   </trkpt>
   <trkpt lat="46.748324" lon="12.970035">
    <ele>624.683</ele>
    <time>2026-06-22T14:55:52Z</time>
   </trkpt>
   <trkpt lat="46.748317" lon="12.970012">
    <ele>625.249</ele>
    <time>2026-06-22T14:55:58Z</time>
   </trkpt>
   <trkpt lat="46.748277" lon="12.969871">
    <ele>625.419</ele>
    <time>2026-06-22T14:56:08Z</time>
   </trkpt>
  </trkseg>
 </trk>
</gpx>
