<?xml version="1.0" encoding="UTF-8" standalone="no" ?>
<gpx xmlns="http://www.topografix.com/GPX/1/1" creator="" version="1.1" xmlns:xsi="http://www.w3.org/2001/XMLSchema-instance" xsi:schemaLocation="http://www.topografix.com/GPX/1/1 http://www.topografix.com/GPX/1/1/gpx.xsd">
 <trk>
  <name>ACTIVE LOG091953</name>
  <trkseg>
   <trkpt lat="47.652584" lon="12.175210">
    <ele>483.864</ele>
    <time>2026-08-08T07:19:53Z</time>
   </trkpt>
   <trkpt lat="47.652638" lon="12.175107">
    <ele>489.692</ele>
    <time>2026-08-08T07:20:09Z</time>
   </trkpt>
   <trkpt lat="47.652665" lon="12.175091">
    <ele>487.933</ele>
    <time>2026-08-08T07:20:12Z</time>
   </trkpt>
   <trkpt lat="47.652818" lon="12.175155">
    <ele>488.322</ele>
    <time>2026-08-08T07:20:20Z</time>
   </trkpt>
   <trkpt lat="47.652914" lon="12.175024">
    <ele>489.088</ele>
    <time>2026-08-08T07:20:24Z</time>
   </trkpt>
   <trkpt lat="47.652840" lon="12.174699">
    <ele>488.039</ele>
    <time>2026-08-08T07:20:30Z</time>
   </trkpt>
   <trkpt lat="47.652802" lon="12.174331">
    <ele>487.989</ele>
    <time>2026-08-08T07:20:35Z</time>
   </trkpt>
   <trkpt lat="47.652779" lon="12.173001">
    <ele>491.703</ele>
    <time>2026-08-08T07:20:54Z</time>
   </trkpt>
   <trkpt lat="47.652775" lon="12.172956">
    <ele>491.810</ele>
    <time>2026-08-08T07:20:55Z</time>
   </trkpt>
   <trkpt lat="47.652593" lon="12.172809">
    <ele>492.706</ele>
    <time>2026-08-08T07:20:59Z</time>
   </trkpt>
   <trkpt lat="47.651358" lon="12.172813">
    <ele>490.057</ele>
    <time>2026-08-08T07:21:18Z</time>
   </trkpt>
   <trkpt lat="47.650679" lon="12.172844">
    <ele>490.079</ele>
    <time>2026-08-08T07:21:30Z</time>
   </trkpt>
   <trkpt lat="47.649993" lon="12.172910">
    <ele>490.155</ele>
    <time>2026-08-08T07:21:41Z</time>
   </trkpt>
   <trkpt lat="47.649531" lon="12.172965">
    <ele>491.004</ele>
    <time>2026-08-08T07:21:51Z</time>
   </trkpt>
   <trkpt lat="47.649527" lon="12.172962">
    <ele>491.285</ele>
    <time>2026-08-08T07:22:01Z</time>
   </trkpt>
   <trkpt lat="47.649447" lon="12.173255">
    <ele>492.498</ele>
    <time>2026-08-08T07:22:07Z</time>
   </trkpt>
   <trkpt lat="47.649409" lon="12.174614">
    <ele>485.820</ele>
    <time>2026-08-08T07:22:18Z</time>
   </trkpt>
   <trkpt lat="47.649424" lon="12.175339">
    <ele>488.000</ele>
    <time>2026-08-08T07:22:24Z</time>
   </trkpt>
   <trkpt lat="47.649486" lon="12.176342">
    <ele>482.638</ele>
    <time>2026-08-08T07:22:33Z</time>
   </trkpt>
   <trkpt lat="47.649586" lon="12.178123">
    <ele>476.128</ele>
    <time>2026-08-08T07:22:45Z</time>
   </trkpt>
   <trkpt lat="47.649653" lon="12.179541">
    <ele>477.655</ele>
    <time>2026-08-08T07:22:57Z</time>
   </trkpt>
   <trkpt lat="47.649722" lon="12.180998">
    <ele>476.409</ele>
    <time>2026-08-08T07:23:10Z</time>
   </trkpt>
   <trkpt lat="47.650067" lon="12.182159">
    <ele>476.660</ele>
    <time>2026-08-08T07:23:23Z</time>
   </trkpt>
   <trkpt lat="47.650627" lon="12.183741">
    <ele>475.318</ele>
    <time>2026-08-08T07:23:43Z</time>
   </trkpt>
   <trkpt lat="47.650858" lon="12.184387">
    <ele>475.452</ele>
    <time>2026-08-08T07:23:51Z</time>
   </trkpt>
   <trkpt lat="47.651322" lon="12.185812">
    <ele>477.975</ele>
    <time>2026-08-08T07:24:10Z</time>
   </trkpt>
   <trkpt lat="47.651545" lon="12.186530">
    <ele>480.356</ele>
    <time>2026-08-08T07:24:26Z</time>
   </trkpt>
   <trkpt lat="47.651943" lon="12.187684">
    <ele>478.057</ele>
    <time>2026-08-08T07:24:47Z</time>
   </trkpt>
   <trkpt lat="47.652424" lon="12.189112">
    <ele>473.602</ele>
    <time>2026-08-08T07:25:02Z</time>
   </trkpt>
   <trkpt lat="47.652462" lon="12.189227">
    <ele>473.031</ele>
    <time>2026-08-08T07:25:04Z</time>
   </trkpt>
   <trkpt lat="47.652477" lon="12.189271">
    <ele>472.975</ele>
    <time>2026-08-08T07:25:08Z</time>
   </trkpt>
   <trkpt lat="47.652482" lon="12.189287">
    <ele>472.407</ele>
    <time>2026-08-08T07:25:11Z</time>
   </trkpt>
   <trkpt lat="47.652490" lon="12.189310">
    <ele>473.005</ele>
    <time>2026-08-08T07:25:13Z</time>
   </trkpt>
   <trkpt lat="47.652443" lon="12.189545">
    <ele>474.299</ele>
    <time>2026-08-08T07:25:19Z</time>
   </trkpt>
   <trkpt lat="47.652364" lon="12.189677">
    <ele>475.396</ele>
    <time>2026-08-08T07:25:22Z</time>
   </trkpt>
   <trkpt lat="47.651871" lon="12.190080">
    <ele>477.745</ele>
    <time>2026-08-08T07:25:33Z</time>
   </trkpt>
   <trkpt lat="47.651749" lon="12.190175">
    <ele>478.077</ele>
    <time>2026-08-08T07:25:36Z</time>
   </trkpt>
   <trkpt lat="47.651477" lon="12.190385">
    <ele>477.960</ele>
    <time>2026-08-08T07:25:41Z</time>
   </trkpt>
   <trkpt lat="47.650830" lon="12.190884">
    <ele>478.951</ele>
    <time>2026-08-08T07:25:54Z</time>
   </trkpt>
   <trkpt lat="47.650419" lon="12.191198">
    <ele>481.180</ele>
    <time>2026-08-08T07:26:03Z</time>
   </trkpt>
   <trkpt lat="47.650041" lon="12.191487">
    <ele>483.184</ele>
    <time>2026-08-08T07:26:11Z</time>
   </trkpt>
   <trkpt lat="47.649913" lon="12.191584">
    <ele>483.766</ele>
    <time>2026-08-08T07:26:14Z</time>
   </trkpt>
   <trkpt lat="47.649274" lon="12.192072">
    <ele>482.286</ele>
    <time>2026-08-08T07:26:26Z</time>
   </trkpt>
   <trkpt lat="47.648716" lon="12.192498">
    <ele>480.595</ele>
    <time>2026-08-08T07:26:37Z</time>
   </trkpt>
   <trkpt lat="47.648307" lon="12.192810">
    <ele>478.936</ele>
    <time>2026-08-08T07:26:46Z</time>
   </trkpt>
   <trkpt lat="47.648016" lon="12.192928">
    <ele>479.133</ele>
    <time>2026-08-08T07:26:50Z</time>
   </trkpt>
   <trkpt lat="47.647700" lon="12.193199">
    <ele>476.451</ele>
    <time>2026-08-08T07:26:59Z</time>
   </trkpt>
   <trkpt lat="47.647598" lon="12.193344">
    <ele>480.935</ele>
    <time>2026-08-08T07:27:11Z</time>
   </trkpt>
   <trkpt lat="47.647437" lon="12.193516">
    <ele>481.074</ele>
    <time>2026-08-08T07:27:13Z</time>
   </trkpt>
   <trkpt lat="47.646897" lon="12.193433">
    <ele>478.212</ele>
    <time>2026-08-08T07:27:24Z</time>
   </trkpt>
   <trkpt lat="47.646668" lon="12.193090">
    <ele>477.436</ele>
    <time>2026-08-08T07:27:35Z</time>
   </trkpt>
   <trkpt lat="47.646636" lon="12.193048">
    <ele>477.405</ele>
    <time>2026-08-08T07:27:36Z</time>
   </trkpt>
   <trkpt lat="47.646858" lon="12.192758">
    <ele>477.269</ele>
    <time>2026-08-08T07:27:43Z</time>
   </trkpt>
   <trkpt lat="47.646913" lon="12.192751">
    <ele>476.955</ele>
    <time>2026-08-08T07:27:44Z</time>
   </trkpt>
   <trkpt lat="47.647188" lon="12.192715">
    <ele>480.663</ele>
    <time>2026-08-08T07:27:56Z</time>
   </trkpt>
   <trkpt lat="47.647233" lon="12.192700">
    <ele>481.156</ele>
    <time>2026-08-08T07:28:03Z</time>
   </trkpt>
   <trkpt lat="47.647682" lon="12.194142">
    <ele>482.054</ele>
    <time>2026-08-08T07:28:23Z</time>
   </trkpt>
   <trkpt lat="47.648177" lon="12.196015">
    <ele>480.104</ele>
    <time>2026-08-08T07:28:45Z</time>
   </trkpt>
   <trkpt lat="47.648199" lon="12.196219">
    <ele>478.936</ele>
    <time>2026-08-08T07:28:49Z</time>
   </trkpt>
   <trkpt lat="47.648263" lon="12.196816">
    <ele>478.400</ele>
    <time>2026-08-08T07:28:53Z</time>
   </trkpt>
   <trkpt lat="47.648209" lon="12.198963">
    <ele>478.703</ele>
    <time>2026-08-08T07:29:13Z</time>
   </trkpt>
   <trkpt lat="47.648177" lon="12.199430">
    <ele>478.244</ele>
    <time>2026-08-08T07:29:18Z</time>
   </trkpt>
   <trkpt lat="47.647937" lon="12.199356">
    <ele>477.594</ele>
    <time>2026-08-08T07:29:24Z</time>
   </trkpt>
   <trkpt lat="47.647445" lon="12.199133">
    <ele>476.806</ele>
    <time>2026-08-08T07:29:32Z</time>
   </trkpt>
   <trkpt lat="47.646540" lon="12.199218">
    <ele>476.635</ele>
    <time>2026-08-08T07:29:46Z</time>
   </trkpt>
   <trkpt lat="47.646158" lon="12.199310">
    <ele>476.467</ele>
    <time>2026-08-08T07:29:52Z</time>
   </trkpt>
   <trkpt lat="47.645868" lon="12.199553">
    <ele>476.376</ele>
    <time>2026-08-08T07:29:57Z</time>
   </trkpt>
   <trkpt lat="47.645648" lon="12.199940">
    <ele>476.948</ele>
    <time>2026-08-08T07:30:02Z</time>
   </trkpt>
   <trkpt lat="47.645397" lon="12.200141">
    <ele>476.999</ele>
    <time>2026-08-08T07:30:07Z</time>
   </trkpt>
   <trkpt lat="47.644592" lon="12.200241">
    <ele>475.451</ele>
    <time>2026-08-08T07:30:20Z</time>
   </trkpt>
   <trkpt lat="47.644371" lon="12.200135">
    <ele>475.973</ele>
    <time>2026-08-08T07:30:24Z</time>
   </trkpt>
   <trkpt lat="47.644181" lon="12.199929">
    <ele>476.416</ele>
    <time>2026-08-08T07:30:28Z</time>
   </trkpt>
   <trkpt lat="47.643761" lon="12.199824">
    <ele>476.262</ele>
    <time>2026-08-08T07:30:35Z</time>
   </trkpt>
   <trkpt lat="47.643520" lon="12.199520">
    <ele>476.959</ele>
    <time>2026-08-08T07:30:41Z</time>
   </trkpt>
   <trkpt lat="47.643469" lon="12.199144">
    <ele>477.388</ele>
    <time>2026-08-08T07:30:46Z</time>
   </trkpt>
   <trkpt lat="47.643456" lon="12.199051">
    <ele>478.245</ele>
    <time>2026-08-08T07:30:52Z</time>
   </trkpt>
   <trkpt lat="47.643408" lon="12.198777">
    <ele>478.635</ele>
    <time>2026-08-08T07:30:56Z</time>
   </trkpt>
   <trkpt lat="47.643350" lon="12.198826">
    <ele>479.464</ele>
    <time>2026-08-08T07:31:00Z</time>
   </trkpt>
   <trkpt lat="47.642991" lon="12.199152">
    <ele>479.728</ele>
    <time>2026-08-08T07:31:11Z</time>
   </trkpt>
   <trkpt lat="47.642426" lon="12.199781">
    <ele>480.668</ele>
    <time>2026-08-08T07:31:27Z</time>
   </trkpt>
   <trkpt lat="47.641939" lon="12.200258">
    <ele>481.888</ele>
    <time>2026-08-08T07:31:36Z</time>
   </trkpt>
   <trkpt lat="47.641735" lon="12.200317">
    <ele>481.958</ele>
    <time>2026-08-08T07:31:40Z</time>
   </trkpt>
   <trkpt lat="47.641654" lon="12.200317">
    <ele>481.973</ele>
    <time>2026-08-08T07:31:42Z</time>
   </trkpt>
   <trkpt lat="47.641328" lon="12.200234">
    <ele>483.986</ele>
    <time>2026-08-08T07:31:51Z</time>
   </trkpt>
   <trkpt lat="47.640987" lon="12.200245">
    <ele>487.065</ele>
    <time>2026-08-08T07:32:05Z</time>
   </trkpt>
   <trkpt lat="47.640830" lon="12.200251">
    <ele>487.148</ele>
    <time>2026-08-08T07:32:10Z</time>
   </trkpt>
   <trkpt lat="47.640169" lon="12.200522">
    <ele>487.135</ele>
    <time>2026-08-08T07:32:25Z</time>
   </trkpt>
   <trkpt lat="47.639873" lon="12.200646">
    <ele>487.293</ele>
    <time>2026-08-08T07:32:31Z</time>
   </trkpt>
   <trkpt lat="47.639661" lon="12.201234">
    <ele>487.554</ele>
    <time>2026-08-08T07:32:40Z</time>
   </trkpt>
   <trkpt lat="47.639683" lon="12.201384">
    <ele>487.779</ele>
    <time>2026-08-08T07:32:42Z</time>
   </trkpt>
   <trkpt lat="47.639704" lon="12.201522">
    <ele>487.874</ele>
    <time>2026-08-08T07:32:44Z</time>
   </trkpt>
   <trkpt lat="47.639645" lon="12.202018">
    <ele>487.850</ele>
    <time>2026-08-08T07:32:51Z</time>
   </trkpt>
   <trkpt lat="47.639530" lon="12.203234">
    <ele>487.556</ele>
    <time>2026-08-08T07:33:06Z</time>
   </trkpt>
   <trkpt lat="47.639530" lon="12.203533">
    <ele>487.740</ele>
    <time>2026-08-08T07:33:10Z</time>
   </trkpt>
   <trkpt lat="47.639578" lon="12.204876">
    <ele>489.286</ele>
    <time>2026-08-08T07:33:27Z</time>
   </trkpt>
   <trkpt lat="47.639847" lon="12.206986">
    <ele>491.733</ele>
    <time>2026-08-08T07:33:52Z</time>
   </trkpt>
   <trkpt lat="47.640019" lon="12.207606">
    <ele>491.611</ele>
    <time>2026-08-08T07:34:00Z</time>
   </trkpt>
   <trkpt lat="47.640215" lon="12.208303">
    <ele>491.952</ele>
    <time>2026-08-08T07:34:09Z</time>
   </trkpt>
   <trkpt lat="47.640238" lon="12.208540">
    <ele>491.619</ele>
    <time>2026-08-08T07:34:12Z</time>
   </trkpt>
   <trkpt lat="47.640566" lon="12.209752">
    <ele>492.997</ele>
    <time>2026-08-08T07:34:29Z</time>
   </trkpt>
   <trkpt lat="47.640994" lon="12.211137">
    <ele>496.054</ele>
    <time>2026-08-08T07:34:49Z</time>
   </trkpt>
   <trkpt lat="47.641132" lon="12.211565">
    <ele>497.161</ele>
    <time>2026-08-08T07:34:56Z</time>
   </trkpt>
   <trkpt lat="47.641193" lon="12.211752">
    <ele>497.147</ele>
    <time>2026-08-08T07:34:59Z</time>
   </trkpt>
   <trkpt lat="47.641279" lon="12.212018">
    <ele>497.621</ele>
    <time>2026-08-08T07:35:03Z</time>
   </trkpt>
   <trkpt lat="47.641342" lon="12.212213">
    <ele>497.834</ele>
    <time>2026-08-08T07:35:06Z</time>
   </trkpt>
   <trkpt lat="47.641615" lon="12.213040">
    <ele>498.884</ele>
    <time>2026-08-08T07:35:19Z</time>
   </trkpt>
   <trkpt lat="47.641765" lon="12.213465">
    <ele>500.880</ele>
    <time>2026-08-08T07:35:31Z</time>
   </trkpt>
   <trkpt lat="47.641823" lon="12.213614">
    <ele>500.102</ele>
    <time>2026-08-08T07:35:43Z</time>
   </trkpt>
   <trkpt lat="47.641869" lon="12.213728">
    <ele>499.697</ele>
    <time>2026-08-08T07:35:53Z</time>
   </trkpt>
   <trkpt lat="47.642238" lon="12.215063">
    <ele>500.621</ele>
    <time>2026-08-08T07:36:08Z</time>
   </trkpt>
   <trkpt lat="47.642565" lon="12.216254">
    <ele>501.431</ele>
    <time>2026-08-08T07:36:25Z</time>
   </trkpt>
   <trkpt lat="47.642999" lon="12.217946">
    <ele>502.910</ele>
    <time>2026-08-08T07:36:51Z</time>
   </trkpt>
   <trkpt lat="47.643332" lon="12.219245">
    <ele>504.181</ele>
    <time>2026-08-08T07:37:12Z</time>
   </trkpt>
   <trkpt lat="47.643773" lon="12.220806">
    <ele>506.117</ele>
    <time>2026-08-08T07:37:36Z</time>
   </trkpt>
   <trkpt lat="47.643813" lon="12.220932">
    <ele>505.597</ele>
    <time>2026-08-08T07:37:38Z</time>
   </trkpt>
   <trkpt lat="47.643873" lon="12.221119">
    <ele>505.633</ele>
    <time>2026-08-08T07:37:41Z</time>
   </trkpt>
   <trkpt lat="47.644038" lon="12.221624">
    <ele>506.495</ele>
    <time>2026-08-08T07:37:49Z</time>
   </trkpt>
   <trkpt lat="47.644097" lon="12.221790">
    <ele>506.887</ele>
    <time>2026-08-08T07:37:52Z</time>
   </trkpt>
   <trkpt lat="47.644607" lon="12.223164">
    <ele>508.126</ele>
    <time>2026-08-08T07:38:15Z</time>
   </trkpt>
   <trkpt lat="47.645174" lon="12.224654">
    <ele>510.332</ele>
    <time>2026-08-08T07:38:40Z</time>
   </trkpt>
   <trkpt lat="47.645195" lon="12.224711">
    <ele>510.616</ele>
    <time>2026-08-08T07:38:41Z</time>
   </trkpt>
   <trkpt lat="47.645327" lon="12.225058">
    <ele>511.139</ele>
    <time>2026-08-08T07:38:47Z</time>
   </trkpt>
   <trkpt lat="47.645420" lon="12.225301">
    <ele>511.449</ele>
    <time>2026-08-08T07:38:51Z</time>
   </trkpt>
   <trkpt lat="47.645945" lon="12.226683">
    <ele>513.332</ele>
    <time>2026-08-08T07:39:14Z</time>
   </trkpt>
   <trkpt lat="47.646404" lon="12.227890">
    <ele>514.695</ele>
    <time>2026-08-08T07:39:35Z</time>
   </trkpt>
   <trkpt lat="47.646750" lon="12.228732">
    <ele>516.257</ele>
    <time>2026-08-08T07:39:53Z</time>
   </trkpt>
   <trkpt lat="47.646966" lon="12.228913">
    <ele>519.757</ele>
    <time>2026-08-08T07:40:07Z</time>
   </trkpt>
   <trkpt lat="47.646996" lon="12.228971">
    <ele>520.025</ele>
    <time>2026-08-08T07:40:10Z</time>
   </trkpt>
   <trkpt lat="47.646876" lon="12.229032">
    <ele>519.949</ele>
    <time>2026-08-08T07:40:15Z</time>
   </trkpt>
   <trkpt lat="47.646200" lon="12.228434">
    <ele>517.035</ele>
    <time>2026-08-08T07:40:29Z</time>
   </trkpt>
   <trkpt lat="47.645730" lon="12.227874">
    <ele>515.868</ele>
    <time>2026-08-08T07:40:38Z</time>
   </trkpt>
   <trkpt lat="47.645602" lon="12.227933">
    <ele>515.455</ele>
    <time>2026-08-08T07:40:43Z</time>
   </trkpt>
   <trkpt lat="47.645664" lon="12.228016">
    <ele>515.963</ele>
    <time>2026-08-08T07:40:45Z</time>
   </trkpt>
   <trkpt lat="47.645812" lon="12.228190">
    <ele>517.466</ele>
    <time>2026-08-08T07:40:50Z</time>
   </trkpt>
   <trkpt lat="47.645797" lon="12.228423">
    <ele>518.710</ele>
    <time>2026-08-08T07:40:55Z</time>
   </trkpt>
   <trkpt lat="47.645545" lon="12.228950">
    <ele>523.703</ele>
    <time>2026-08-08T07:41:16Z</time>
   </trkpt>
   <trkpt lat="47.645291" lon="12.229609">
    <ele>529.151</ele>
    <time>2026-08-08T07:41:39Z</time>
   </trkpt>
   <trkpt lat="47.645075" lon="12.230159">
    <ele>530.684</ele>
    <time>2026-08-08T07:42:00Z</time>
   </trkpt>
   <trkpt lat="47.644912" lon="12.230544">
    <ele>536.206</ele>
    <time>2026-08-08T07:42:14Z</time>
   </trkpt>
   <trkpt lat="47.644829" lon="12.230720">
    <ele>538.072</ele>
    <time>2026-08-08T07:42:19Z</time>
   </trkpt>
   <trkpt lat="47.644921" lon="12.230868">
    <ele>536.971</ele>
    <time>2026-08-08T07:42:24Z</time>
   </trkpt>
   <trkpt lat="47.645486" lon="12.231510">
    <ele>534.962</ele>
    <time>2026-08-08T07:42:39Z</time>
   </trkpt>
   <trkpt lat="47.645960" lon="12.232038">
    <ele>535.736</ele>
    <time>2026-08-08T07:42:52Z</time>
   </trkpt>
   <trkpt lat="47.646099" lon="12.232113">
    <ele>535.316</ele>
    <time>2026-08-08T07:42:56Z</time>
   </trkpt>
   <trkpt lat="47.646251" lon="12.232151">
    <ele>534.172</ele>
    <time>2026-08-08T07:42:59Z</time>
   </trkpt>
   <trkpt lat="47.646504" lon="12.232347">
    <ele>534.176</ele>
    <time>2026-08-08T07:43:04Z</time>
   </trkpt>
   <trkpt lat="47.646542" lon="12.232572">
    <ele>533.182</ele>
    <time>2026-08-08T07:43:06Z</time>
   </trkpt>
   <trkpt lat="47.646317" lon="12.233190">
    <ele>528.528</ele>
    <time>2026-08-08T07:43:11Z</time>
   </trkpt>
   <trkpt lat="47.646017" lon="12.233283">
    <ele>525.492</ele>
    <time>2026-08-08T07:43:16Z</time>
   </trkpt>
   <trkpt lat="47.645860" lon="12.233549">
    <ele>522.168</ele>
    <time>2026-08-08T07:43:21Z</time>
   </trkpt>
   <trkpt lat="47.645877" lon="12.234077">
    <ele>524.044</ele>
    <time>2026-08-08T07:43:26Z</time>
   </trkpt>
   <trkpt lat="47.645819" lon="12.234947">
    <ele>521.002</ele>
    <time>2026-08-08T07:43:36Z</time>
   </trkpt>
   <trkpt lat="47.645795" lon="12.235165">
    <ele>522.969</ele>
    <time>2026-08-08T07:43:39Z</time>
   </trkpt>
   <trkpt lat="47.646031" lon="12.236001">
    <ele>523.620</ele>
    <time>2026-08-08T07:43:48Z</time>
   </trkpt>
   <trkpt lat="47.646031" lon="12.236001">
    <ele>523.234</ele>
    <time>2026-08-08T07:43:49Z</time>
   </trkpt>
   <trkpt lat="47.645872" lon="12.236477">
    <ele>523.084</ele>
    <time>2026-08-08T07:43:53Z</time>
   </trkpt>
   <trkpt lat="47.645753" lon="12.236963">
    <ele>521.285</ele>
    <time>2026-08-08T07:43:59Z</time>
   </trkpt>
   <trkpt lat="47.645700" lon="12.237282">
    <ele>520.659</ele>
    <time>2026-08-08T07:44:03Z</time>
   </trkpt>
   <trkpt lat="47.645600" lon="12.237632">
    <ele>519.407</ele>
    <time>2026-08-08T07:44:08Z</time>
   </trkpt>
   <trkpt lat="47.645473" lon="12.238019">
    <ele>516.383</ele>
    <time>2026-08-08T07:44:19Z</time>
   </trkpt>
   <trkpt lat="47.645399" lon="12.238416">
    <ele>514.821</ele>
    <time>2026-08-08T07:44:25Z</time>
   </trkpt>
   <trkpt lat="47.645338" lon="12.238899">
    <ele>513.580</ele>
    <time>2026-08-08T07:44:38Z</time>
   </trkpt>
   <trkpt lat="47.645312" lon="12.239024">
    <ele>513.845</ele>
    <time>2026-08-08T07:44:41Z</time>
   </trkpt>
   <trkpt lat="47.645138" lon="12.239646">
    <ele>509.226</ele>
    <time>2026-08-08T07:44:55Z</time>
   </trkpt>
   <trkpt lat="47.644842" lon="12.240171">
    <ele>512.528</ele>
    <time>2026-08-08T07:45:09Z</time>
   </trkpt>
   <trkpt lat="47.644830" lon="12.240207">
    <ele>513.557</ele>
    <time>2026-08-08T07:45:11Z</time>
   </trkpt>
   <trkpt lat="47.644960" lon="12.241238">
    <ele>533.773</ele>
    <time>2026-08-08T07:45:29Z</time>
   </trkpt>
   <trkpt lat="47.645034" lon="12.242187">
    <ele>539.033</ele>
    <time>2026-08-08T07:45:48Z</time>
   </trkpt>
   <trkpt lat="47.644891" lon="12.243455">
    <ele>543.234</ele>
    <time>2026-08-08T07:46:11Z</time>
   </trkpt>
   <trkpt lat="47.644785" lon="12.244457">
    <ele>546.889</ele>
    <time>2026-08-08T07:46:33Z</time>
   </trkpt>
   <trkpt lat="47.644744" lon="12.245234">
    <ele>549.113</ele>
    <time>2026-08-08T07:46:48Z</time>
   </trkpt>
   <trkpt lat="47.644744" lon="12.245636">
    <ele>551.563</ele>
    <time>2026-08-08T07:47:01Z</time>
   </trkpt>
   <trkpt lat="47.644226" lon="12.245684">
    <ele>554.062</ele>
    <time>2026-08-08T07:47:17Z</time>
   </trkpt>
   <trkpt lat="47.643622" lon="12.245816">
    <ele>554.341</ele>
    <time>2026-08-08T07:47:36Z</time>
   </trkpt>
   <trkpt lat="47.643292" lon="12.245965">
    <ele>552.424</ele>
    <time>2026-08-08T07:47:47Z</time>
   </trkpt>
   <trkpt lat="47.643245" lon="12.245988">
    <ele>551.516</ele>
    <time>2026-08-08T07:47:49Z</time>
   </trkpt>
   <trkpt lat="47.643179" lon="12.246042">
    <ele>551.280</ele>
    <time>2026-08-08T07:47:52Z</time>
   </trkpt>
   <trkpt lat="47.642858" lon="12.246311">
    <ele>555.429</ele>
    <time>2026-08-08T07:48:07Z</time>
   </trkpt>
   <trkpt lat="47.642661" lon="12.246718">
    <ele>555.589</ele>
    <time>2026-08-08T07:48:21Z</time>
   </trkpt>
   <trkpt lat="47.642641" lon="12.247129">
    <ele>558.338</ele>
    <time>2026-08-08T07:48:35Z</time>
   </trkpt>
   <trkpt lat="47.642641" lon="12.247625">
    <ele>565.444</ele>
    <time>2026-08-08T07:48:53Z</time>
   </trkpt>
   <trkpt lat="47.642641" lon="12.248020">
    <ele>572.485</ele>
    <time>2026-08-08T07:49:08Z</time>
   </trkpt>
   <trkpt lat="47.642699" lon="12.248513">
    <ele>581.259</ele>
    <time>2026-08-08T07:49:25Z</time>
   </trkpt>
   <trkpt lat="47.642734" lon="12.249008">
    <ele>584.665</ele>
    <time>2026-08-08T07:49:40Z</time>
   </trkpt>
   <trkpt lat="47.642659" lon="12.249456">
    <ele>591.724</ele>
    <time>2026-08-08T07:49:53Z</time>
   </trkpt>
   <trkpt lat="47.642668" lon="12.250098">
    <ele>593.222</ele>
    <time>2026-08-08T07:50:04Z</time>
   </trkpt>
   <trkpt lat="47.642824" lon="12.250645">
    <ele>594.523</ele>
    <time>2026-08-08T07:50:19Z</time>
   </trkpt>
   <trkpt lat="47.642930" lon="12.250931">
    <ele>595.252</ele>
    <time>2026-08-08T07:50:30Z</time>
   </trkpt>
   <trkpt lat="47.643014" lon="12.251235">
    <ele>595.479</ele>
    <time>2026-08-08T07:50:38Z</time>
   </trkpt>
   <trkpt lat="47.642856" lon="12.252009">
    <ele>597.132</ele>
    <time>2026-08-08T07:51:00Z</time>
   </trkpt>
   <trkpt lat="47.642813" lon="12.252481">
    <ele>596.591</ele>
    <time>2026-08-08T07:51:14Z</time>
   </trkpt>
   <trkpt lat="47.642767" lon="12.252983">
    <ele>590.140</ele>
    <time>2026-08-08T07:51:31Z</time>
   </trkpt>
   <trkpt lat="47.642753" lon="12.253138">
    <ele>586.679</ele>
    <time>2026-08-08T07:51:36Z</time>
   </trkpt>
   <trkpt lat="47.642644" lon="12.253612">
    <ele>584.042</ele>
    <time>2026-08-08T07:51:49Z</time>
   </trkpt>
   <trkpt lat="47.642597" lon="12.253694">
    <ele>583.174</ele>
    <time>2026-08-08T07:51:52Z</time>
   </trkpt>
   <trkpt lat="47.642315" lon="12.254030">
    <ele>584.050</ele>
    <time>2026-08-08T07:52:09Z</time>
   </trkpt>
   <trkpt lat="47.642061" lon="12.254238">
    <ele>590.954</ele>
    <time>2026-08-08T07:52:25Z</time>
   </trkpt>
   <trkpt lat="47.641831" lon="12.254395">
    <ele>599.977</ele>
    <time>2026-08-08T07:52:42Z</time>
   </trkpt>
   <trkpt lat="47.641708" lon="12.254464">
    <ele>607.307</ele>
    <time>2026-08-08T07:52:51Z</time>
   </trkpt>
   <trkpt lat="47.641685" lon="12.254477">
    <ele>608.601</ele>
    <time>2026-08-08T07:52:53Z</time>
   </trkpt>
   <trkpt lat="47.641677" lon="12.254481">
    <ele>608.891</ele>
    <time>2026-08-08T07:52:55Z</time>
   </trkpt>
   <trkpt lat="47.641475" lon="12.254594">
    <ele>612.789</ele>
    <time>2026-08-08T07:53:08Z</time>
   </trkpt>
   <trkpt lat="47.641452" lon="12.254607">
    <ele>613.188</ele>
    <time>2026-08-08T07:53:10Z</time>
   </trkpt>
   <trkpt lat="47.641402" lon="12.254635">
    <ele>613.237</ele>
    <time>2026-08-08T07:53:15Z</time>
   </trkpt>
   <trkpt lat="47.641330" lon="12.254675">
    <ele>612.615</ele>
    <time>2026-08-08T07:53:22Z</time>
   </trkpt>
   <trkpt lat="47.641223" lon="12.254734">
    <ele>612.119</ele>
    <time>2026-08-08T07:53:31Z</time>
   </trkpt>
   <trkpt lat="47.641175" lon="12.254761">
    <ele>613.218</ele>
    <time>2026-08-08T07:53:35Z</time>
   </trkpt>
   <trkpt lat="47.641120" lon="12.254792">
    <ele>613.331</ele>
    <time>2026-08-08T07:53:40Z</time>
   </trkpt>
   <trkpt lat="47.640990" lon="12.254854">
    <ele>617.494</ele>
    <time>2026-08-08T07:53:49Z</time>
   </trkpt>
   <trkpt lat="47.640919" lon="12.254875">
    <ele>617.818</ele>
    <time>2026-08-08T07:53:54Z</time>
   </trkpt>
   <trkpt lat="47.640650" lon="12.254953">
    <ele>619.667</ele>
    <time>2026-08-08T07:54:11Z</time>
   </trkpt>
   <trkpt lat="47.640290" lon="12.255099">
    <ele>622.479</ele>
    <time>2026-08-08T07:54:32Z</time>
   </trkpt>
   <trkpt lat="47.639944" lon="12.255215">
    <ele>626.285</ele>
    <time>2026-08-08T07:54:52Z</time>
   </trkpt>
   <trkpt lat="47.639809" lon="12.255657">
    <ele>629.123</ele>
    <time>2026-08-08T07:55:11Z</time>
   </trkpt>
   <trkpt lat="47.639854" lon="12.255927">
    <ele>632.264</ele>
    <time>2026-08-08T07:55:31Z</time>
   </trkpt>
   <trkpt lat="47.639916" lon="12.256968">
    <ele>633.302</ele>
    <time>2026-08-08T07:55:53Z</time>
   </trkpt>
   <trkpt lat="47.639916" lon="12.257026">
    <ele>633.297</ele>
    <time>2026-08-08T07:55:54Z</time>
   </trkpt>
   <trkpt lat="47.639916" lon="12.257593">
    <ele>631.621</ele>
    <time>2026-08-08T07:56:03Z</time>
   </trkpt>
   <trkpt lat="47.639970" lon="12.258684">
    <ele>633.188</ele>
    <time>2026-08-08T07:56:18Z</time>
   </trkpt>
   <trkpt lat="47.640524" lon="12.259899">
    <ele>630.967</ele>
    <time>2026-08-08T07:56:36Z</time>
   </trkpt>
   <trkpt lat="47.640743" lon="12.260337">
    <ele>631.063</ele>
    <time>2026-08-08T07:56:42Z</time>
   </trkpt>
   <trkpt lat="47.641013" lon="12.261169">
    <ele>634.306</ele>
    <time>2026-08-08T07:56:57Z</time>
   </trkpt>
   <trkpt lat="47.641118" lon="12.262218">
    <ele>637.945</ele>
    <time>2026-08-08T07:57:18Z</time>
   </trkpt>
   <trkpt lat="47.641108" lon="12.263092">
    <ele>639.265</ele>
    <time>2026-08-08T07:57:37Z</time>
   </trkpt>
   <trkpt lat="47.640871" lon="12.263780">
    <ele>640.088</ele>
    <time>2026-08-08T07:57:51Z</time>
   </trkpt>
   <trkpt lat="47.640674" lon="12.264157">
    <ele>642.287</ele>
    <time>2026-08-08T07:58:04Z</time>
   </trkpt>
   <trkpt lat="47.640352" lon="12.264821">
    <ele>646.208</ele>
    <time>2026-08-08T07:58:27Z</time>
   </trkpt>
   <trkpt lat="47.640317" lon="12.265522">
    <ele>647.045</ele>
    <time>2026-08-08T07:58:44Z</time>
   </trkpt>
   <trkpt lat="47.640333" lon="12.266011">
    <ele>647.217</ele>
    <time>2026-08-08T07:58:51Z</time>
   </trkpt>
   <trkpt lat="47.640172" lon="12.266752">
    <ele>646.821</ele>
    <time>2026-08-08T07:59:00Z</time>
   </trkpt>
   <trkpt lat="47.640119" lon="12.267343">
    <ele>649.728</ele>
    <time>2026-08-08T07:59:12Z</time>
   </trkpt>
   <trkpt lat="47.639957" lon="12.267829">
    <ele>652.156</ele>
    <time>2026-08-08T07:59:26Z</time>
   </trkpt>
   <trkpt lat="47.639784" lon="12.268546">
    <ele>653.750</ele>
    <time>2026-08-08T07:59:43Z</time>
   </trkpt>
   <trkpt lat="47.639645" lon="12.269370">
    <ele>655.682</ele>
    <time>2026-08-08T08:00:00Z</time>
   </trkpt>
   <trkpt lat="47.639250" lon="12.270112">
    <ele>654.949</ele>
    <time>2026-08-08T08:00:17Z</time>
   </trkpt>
   <trkpt lat="47.639007" lon="12.270607">
    <ele>657.001</ele>
    <time>2026-08-08T08:00:31Z</time>
   </trkpt>
   <trkpt lat="47.638701" lon="12.271087">
    <ele>661.357</ele>
    <time>2026-08-08T08:00:49Z</time>
   </trkpt>
   <trkpt lat="47.638327" lon="12.271755">
    <ele>660.640</ele>
    <time>2026-08-08T08:01:04Z</time>
   </trkpt>
   <trkpt lat="47.638282" lon="12.272541">
    <ele>661.342</ele>
    <time>2026-08-08T08:01:19Z</time>
   </trkpt>
   <trkpt lat="47.638365" lon="12.272672">
    <ele>660.907</ele>
    <time>2026-08-08T08:01:23Z</time>
   </trkpt>
   <trkpt lat="47.638602" lon="12.272985">
    <ele>659.676</ele>
    <time>2026-08-08T08:01:30Z</time>
   </trkpt>
   <trkpt lat="47.638770" lon="12.273278">
    <ele>659.196</ele>
    <time>2026-08-08T08:01:35Z</time>
   </trkpt>
   <trkpt lat="47.638987" lon="12.274034">
    <ele>656.650</ele>
    <time>2026-08-08T08:01:44Z</time>
   </trkpt>
   <trkpt lat="47.639071" lon="12.274295">
    <ele>655.567</ele>
    <time>2026-08-08T08:01:47Z</time>
   </trkpt>
   <trkpt lat="47.639079" lon="12.274874">
    <ele>657.768</ele>
    <time>2026-08-08T08:01:52Z</time>
   </trkpt>
   <trkpt lat="47.639214" lon="12.275717">
    <ele>662.459</ele>
    <time>2026-08-08T08:02:07Z</time>
   </trkpt>
   <trkpt lat="47.639579" lon="12.276775">
    <ele>667.364</ele>
    <time>2026-08-08T08:02:31Z</time>
   </trkpt>
   <trkpt lat="47.639723" lon="12.277694">
    <ele>670.755</ele>
    <time>2026-08-08T08:02:52Z</time>
   </trkpt>
   <trkpt lat="47.639815" lon="12.278835">
    <ele>673.379</ele>
    <time>2026-08-08T08:03:13Z</time>
   </trkpt>
   <trkpt lat="47.639852" lon="12.279962">
    <ele>676.353</ele>
    <time>2026-08-08T08:03:34Z</time>
   </trkpt>
   <trkpt lat="47.639793" lon="12.280803">
    <ele>674.088</ele>
    <time>2026-08-08T08:03:51Z</time>
   </trkpt>
   <trkpt lat="47.639568" lon="12.282082">
    <ele>676.105</ele>
    <time>2026-08-08T08:04:11Z</time>
   </trkpt>
   <trkpt lat="47.639242" lon="12.283797">
    <ele>681.555</ele>
    <time>2026-08-08T08:04:37Z</time>
   </trkpt>
   <trkpt lat="47.638838" lon="12.285573">
    <ele>689.114</ele>
    <time>2026-08-08T08:05:07Z</time>
   </trkpt>
   <trkpt lat="47.638768" lon="12.285831">
    <ele>689.786</ele>
    <time>2026-08-08T08:05:17Z</time>
   </trkpt>
   <trkpt lat="47.638768" lon="12.285831">
    <ele>689.810</ele>
    <time>2026-08-08T08:05:24Z</time>
   </trkpt>
   <trkpt lat="47.638720" lon="12.285962">
    <ele>690.697</ele>
    <time>2026-08-08T08:05:28Z</time>
   </trkpt>
   <trkpt lat="47.638564" lon="12.286491">
    <ele>692.936</ele>
    <time>2026-08-08T08:05:38Z</time>
   </trkpt>
   <trkpt lat="47.638576" lon="12.286882">
    <ele>693.815</ele>
    <time>2026-08-08T08:05:46Z</time>
   </trkpt>
   <trkpt lat="47.638600" lon="12.287437">
    <ele>695.545</ele>
    <time>2026-08-08T08:05:54Z</time>
   </trkpt>
   <trkpt lat="47.638586" lon="12.287779">
    <ele>697.765</ele>
    <time>2026-08-08T08:06:01Z</time>
   </trkpt>
   <trkpt lat="47.638440" lon="12.288118">
    <ele>699.692</ele>
    <time>2026-08-08T08:06:07Z</time>
   </trkpt>
   <trkpt lat="47.638376" lon="12.288306">
    <ele>700.103</ele>
    <time>2026-08-08T08:06:11Z</time>
   </trkpt>
   <trkpt lat="47.638285" lon="12.288723">
    <ele>700.447</ele>
    <time>2026-08-08T08:06:27Z</time>
   </trkpt>
   <trkpt lat="47.638013" lon="12.289542">
    <ele>700.093</ele>
    <time>2026-08-08T08:06:41Z</time>
   </trkpt>
   <trkpt lat="47.637832" lon="12.290187">
    <ele>706.864</ele>
    <time>2026-08-08T08:07:00Z</time>
   </trkpt>
   <trkpt lat="47.637551" lon="12.290669">
    <ele>709.406</ele>
    <time>2026-08-08T08:07:18Z</time>
   </trkpt>
   <trkpt lat="47.637312" lon="12.291578">
    <ele>710.549</ele>
    <time>2026-08-08T08:07:40Z</time>
   </trkpt>
   <trkpt lat="47.637212" lon="12.292006">
    <ele>712.714</ele>
    <time>2026-08-08T08:07:55Z</time>
   </trkpt>
   <trkpt lat="47.636594" lon="12.292677">
    <ele>718.146</ele>
    <time>2026-08-08T08:08:15Z</time>
   </trkpt>
   <trkpt lat="47.636287" lon="12.292930">
    <ele>719.801</ele>
    <time>2026-08-08T08:08:33Z</time>
   </trkpt>
   <trkpt lat="47.635933" lon="12.293046">
    <ele>724.311</ele>
    <time>2026-08-08T08:08:52Z</time>
   </trkpt>
   <trkpt lat="47.635598" lon="12.293018">
    <ele>724.350</ele>
    <time>2026-08-08T08:09:07Z</time>
   </trkpt>
   <trkpt lat="47.635228" lon="12.293049">
    <ele>726.598</ele>
    <time>2026-08-08T08:09:23Z</time>
   </trkpt>
   <trkpt lat="47.634886" lon="12.293474">
    <ele>731.521</ele>
    <time>2026-08-08T08:09:42Z</time>
   </trkpt>
   <trkpt lat="47.634558" lon="12.293732">
    <ele>735.658</ele>
    <time>2026-08-08T08:09:59Z</time>
   </trkpt>
   <trkpt lat="47.634193" lon="12.293935">
    <ele>737.754</ele>
    <time>2026-08-08T08:10:17Z</time>
   </trkpt>
   <trkpt lat="47.633793" lon="12.294132">
    <ele>742.990</ele>
    <time>2026-08-08T08:10:40Z</time>
   </trkpt>
   <trkpt lat="47.633241" lon="12.294133">
    <ele>749.031</ele>
    <time>2026-08-08T08:11:06Z</time>
   </trkpt>
   <trkpt lat="47.632852" lon="12.293995">
    <ele>752.408</ele>
    <time>2026-08-08T08:11:24Z</time>
   </trkpt>
   <trkpt lat="47.632643" lon="12.293894">
    <ele>754.949</ele>
    <time>2026-08-08T08:11:37Z</time>
   </trkpt>
   <trkpt lat="47.632534" lon="12.293927">
    <ele>755.215</ele>
    <time>2026-08-08T08:11:43Z</time>
   </trkpt>
   <trkpt lat="47.632256" lon="12.293959">
    <ele>755.792</ele>
    <time>2026-08-08T08:11:57Z</time>
   </trkpt>
   <trkpt lat="47.632044" lon="12.294004">
    <ele>756.613</ele>
    <time>2026-08-08T08:12:10Z</time>
   </trkpt>
   <trkpt lat="47.631948" lon="12.294023">
    <ele>754.538</ele>
    <time>2026-08-08T08:12:18Z</time>
   </trkpt>
   <trkpt lat="47.631889" lon="12.294023">
    <ele>754.846</ele>
    <time>2026-08-08T08:12:21Z</time>
   </trkpt>
   <trkpt lat="47.631697" lon="12.293983">
    <ele>755.720</ele>
    <time>2026-08-08T08:12:35Z</time>
   </trkpt>
   <trkpt lat="47.631546" lon="12.293919">
    <ele>757.600</ele>
    <time>2026-08-08T08:12:44Z</time>
   </trkpt>
   <trkpt lat="47.631380" lon="12.293850">
    <ele>758.626</ele>
    <time>2026-08-08T08:12:54Z</time>
   </trkpt>
   <trkpt lat="47.631247" lon="12.293735">
    <ele>759.089</ele>
    <time>2026-08-08T08:13:05Z</time>
   </trkpt>
   <trkpt lat="47.630981" lon="12.293543">
    <ele>763.524</ele>
    <time>2026-08-08T08:13:20Z</time>
   </trkpt>
   <trkpt lat="47.630779" lon="12.293508">
    <ele>767.732</ele>
    <time>2026-08-08T08:13:32Z</time>
   </trkpt>
   <trkpt lat="47.630542" lon="12.293478">
    <ele>773.519</ele>
    <time>2026-08-08T08:13:53Z</time>
   </trkpt>
   <trkpt lat="47.630389" lon="12.293415">
    <ele>773.497</ele>
    <time>2026-08-08T08:14:04Z</time>
   </trkpt>
   <trkpt lat="47.630324" lon="12.293384">
    <ele>773.104</ele>
    <time>2026-08-08T08:14:05Z</time>
   </trkpt>
   <trkpt lat="47.630220" lon="12.293335">
    <ele>770.253</ele>
    <time>2026-08-08T08:14:16Z</time>
   </trkpt>
   <trkpt lat="47.630093" lon="12.293286">
    <ele>768.391</ele>
    <time>2026-08-08T08:14:29Z</time>
   </trkpt>
   <trkpt lat="47.630093" lon="12.293286">
    <ele>768.529</ele>
    <time>2026-08-08T08:14:33Z</time>
   </trkpt>
   <trkpt lat="47.629878" lon="12.293260">
    <ele>768.877</ele>
    <time>2026-08-08T08:14:37Z</time>
   </trkpt>
   <trkpt lat="47.629724" lon="12.293358">
    <ele>768.373</ele>
    <time>2026-08-08T08:14:51Z</time>
   </trkpt>
   <trkpt lat="47.629724" lon="12.293358">
    <ele>767.626</ele>
    <time>2026-08-08T08:14:55Z</time>
   </trkpt>
   <trkpt lat="47.629335" lon="12.293875">
    <ele>773.549</ele>
    <time>2026-08-08T08:15:15Z</time>
   </trkpt>
   <trkpt lat="47.629261" lon="12.293938">
    <ele>773.929</ele>
    <time>2026-08-08T08:15:21Z</time>
   </trkpt>
   <trkpt lat="47.629207" lon="12.293984">
    <ele>773.360</ele>
    <time>2026-08-08T08:15:25Z</time>
   </trkpt>
   <trkpt lat="47.628935" lon="12.294175">
    <ele>774.821</ele>
    <time>2026-08-08T08:15:43Z</time>
   </trkpt>
   <trkpt lat="47.628721" lon="12.294249">
    <ele>776.834</ele>
    <time>2026-08-08T08:15:55Z</time>
   </trkpt>
   <trkpt lat="47.628508" lon="12.294289">
    <ele>777.195</ele>
    <time>2026-08-08T08:16:06Z</time>
   </trkpt>
   <trkpt lat="47.628336" lon="12.294310">
    <ele>774.797</ele>
    <time>2026-08-08T08:16:18Z</time>
   </trkpt>
   <trkpt lat="47.627928" lon="12.294361">
    <ele>790.198</ele>
    <time>2026-08-08T08:16:40Z</time>
   </trkpt>
   <trkpt lat="47.627622" lon="12.294252">
    <ele>801.668</ele>
    <time>2026-08-08T08:17:01Z</time>
   </trkpt>
   <trkpt lat="47.627389" lon="12.294216">
    <ele>807.500</ele>
    <time>2026-08-08T08:17:17Z</time>
   </trkpt>
   <trkpt lat="47.627099" lon="12.294213">
    <ele>813.201</ele>
    <time>2026-08-08T08:17:38Z</time>
   </trkpt>
   <trkpt lat="47.627028" lon="12.294184">
    <ele>814.681</ele>
    <time>2026-08-08T08:17:43Z</time>
   </trkpt>
   <trkpt lat="47.626670" lon="12.294162">
    <ele>820.476</ele>
    <time>2026-08-08T08:18:05Z</time>
   </trkpt>
   <trkpt lat="47.626385" lon="12.294291">
    <ele>826.257</ele>
    <time>2026-08-08T08:18:26Z</time>
   </trkpt>
   <trkpt lat="47.626122" lon="12.294409">
    <ele>831.444</ele>
    <time>2026-08-08T08:18:48Z</time>
   </trkpt>
   <trkpt lat="47.625855" lon="12.294540">
    <ele>837.696</ele>
    <time>2026-08-08T08:19:11Z</time>
   </trkpt>
   <trkpt lat="47.625830" lon="12.294561">
    <ele>838.268</ele>
    <time>2026-08-08T08:19:13Z</time>
   </trkpt>
   <trkpt lat="47.625537" lon="12.294839">
    <ele>844.512</ele>
    <time>2026-08-08T08:19:38Z</time>
   </trkpt>
   <trkpt lat="47.625232" lon="12.294877">
    <ele>848.171</ele>
    <time>2026-08-08T08:19:59Z</time>
   </trkpt>
   <trkpt lat="47.624946" lon="12.294860">
    <ele>850.473</ele>
    <time>2026-08-08T08:20:15Z</time>
   </trkpt>
   <trkpt lat="47.624632" lon="12.294977">
    <ele>854.360</ele>
    <time>2026-08-08T08:20:33Z</time>
   </trkpt>
   <trkpt lat="47.624431" lon="12.295163">
    <ele>858.202</ele>
    <time>2026-08-08T08:20:51Z</time>
   </trkpt>
   <trkpt lat="47.624206" lon="12.295392">
    <ele>861.060</ele>
    <time>2026-08-08T08:21:08Z</time>
   </trkpt>
   <trkpt lat="47.624088" lon="12.295490">
    <ele>863.149</ele>
    <time>2026-08-08T08:21:17Z</time>
   </trkpt>
   <trkpt lat="47.623806" lon="12.295725">
    <ele>865.906</ele>
    <time>2026-08-08T08:21:37Z</time>
   </trkpt>
   <trkpt lat="47.623552" lon="12.295937">
    <ele>868.494</ele>
    <time>2026-08-08T08:21:54Z</time>
   </trkpt>
   <trkpt lat="47.623265" lon="12.296126">
    <ele>867.726</ele>
    <time>2026-08-08T08:22:10Z</time>
   </trkpt>
   <trkpt lat="47.623265" lon="12.296126">
    <ele>867.555</ele>
    <time>2026-08-08T08:22:21Z</time>
   </trkpt>
   <trkpt lat="47.623265" lon="12.296126">
    <ele>868.337</ele>
    <time>2026-08-08T08:22:40Z</time>
   </trkpt>
   <trkpt lat="47.622799" lon="12.295997">
    <ele>870.671</ele>
    <time>2026-08-08T08:22:59Z</time>
   </trkpt>
   <trkpt lat="47.622592" lon="12.296107">
    <ele>874.618</ele>
    <time>2026-08-08T08:23:18Z</time>
   </trkpt>
   <trkpt lat="47.622386" lon="12.296187">
    <ele>877.047</ele>
    <time>2026-08-08T08:23:34Z</time>
   </trkpt>
   <trkpt lat="47.622098" lon="12.296323">
    <ele>883.058</ele>
    <time>2026-08-08T08:23:57Z</time>
   </trkpt>
   <trkpt lat="47.621824" lon="12.296427">
    <ele>885.394</ele>
    <time>2026-08-08T08:24:19Z</time>
   </trkpt>
   <trkpt lat="47.621616" lon="12.296497">
    <ele>889.701</ele>
    <time>2026-08-08T08:24:36Z</time>
   </trkpt>
   <trkpt lat="47.621399" lon="12.296548">
    <ele>893.028</ele>
    <time>2026-08-08T08:24:58Z</time>
   </trkpt>
   <trkpt lat="47.621238" lon="12.296582">
    <ele>897.404</ele>
    <time>2026-08-08T08:25:19Z</time>
   </trkpt>
   <trkpt lat="47.621037" lon="12.296528">
    <ele>899.654</ele>
    <time>2026-08-08T08:25:34Z</time>
   </trkpt>
   <trkpt lat="47.620930" lon="12.296368">
    <ele>902.240</ele>
    <time>2026-08-08T08:25:47Z</time>
   </trkpt>
   <trkpt lat="47.620699" lon="12.296071">
    <ele>904.746</ele>
    <time>2026-08-08T08:26:04Z</time>
   </trkpt>
   <trkpt lat="47.620497" lon="12.295869">
    <ele>907.534</ele>
    <time>2026-08-08T08:26:25Z</time>
   </trkpt>
   <trkpt lat="47.620331" lon="12.295702">
    <ele>911.400</ele>
    <time>2026-08-08T08:26:45Z</time>
   </trkpt>
   <trkpt lat="47.620076" lon="12.295507">
    <ele>915.004</ele>
    <time>2026-08-08T08:27:09Z</time>
   </trkpt>
   <trkpt lat="47.620076" lon="12.295507">
    <ele>918.187</ele>
    <time>2026-08-08T08:27:29Z</time>
   </trkpt>
   <trkpt lat="47.619663" lon="12.295491">
    <ele>922.415</ele>
    <time>2026-08-08T08:27:48Z</time>
   </trkpt>
   <trkpt lat="47.619663" lon="12.295491">
    <ele>925.639</ele>
    <time>2026-08-08T08:28:02Z</time>
   </trkpt>
   <trkpt lat="47.619663" lon="12.295491">
    <ele>927.452</ele>
    <time>2026-08-08T08:28:11Z</time>
   </trkpt>
   <trkpt lat="47.619663" lon="12.295491">
    <ele>927.857</ele>
    <time>2026-08-08T08:28:14Z</time>
   </trkpt>
   <trkpt lat="47.619481" lon="12.295771">
    <ele>929.124</ele>
    <time>2026-08-08T08:28:26Z</time>
   </trkpt>
   <trkpt lat="47.619481" lon="12.295771">
    <ele>930.667</ele>
    <time>2026-08-08T08:28:37Z</time>
   </trkpt>
   <trkpt lat="47.619481" lon="12.295771">
    <ele>932.160</ele>
    <time>2026-08-08T08:28:47Z</time>
   </trkpt>
   <trkpt lat="47.619481" lon="12.295771">
    <ele>932.047</ele>
    <time>2026-08-08T08:28:49Z</time>
   </trkpt>
   <trkpt lat="47.619457" lon="12.296323">
    <ele>935.243</ele>
    <time>2026-08-08T08:29:03Z</time>
   </trkpt>
   <trkpt lat="47.619457" lon="12.296323">
    <ele>935.349</ele>
    <time>2026-08-08T08:29:21Z</time>
   </trkpt>
   <trkpt lat="47.619457" lon="12.296323">
    <ele>937.533</ele>
    <time>2026-08-08T08:29:48Z</time>
   </trkpt>
   <trkpt lat="47.619457" lon="12.296323">
    <ele>937.556</ele>
    <time>2026-08-08T08:30:00Z</time>
   </trkpt>
   <trkpt lat="47.619457" lon="12.296323">
    <ele>935.974</ele>
    <time>2026-08-08T08:30:49Z</time>
   </trkpt>
   <trkpt lat="47.619457" lon="12.296323">
    <ele>935.422</ele>
    <time>2026-08-08T08:37:49Z</time>
   </trkpt>
   <trkpt lat="47.619457" lon="12.296323">
    <ele>931.201</ele>
    <time>2026-08-08T08:38:04Z</time>
   </trkpt>
   <trkpt lat="47.619457" lon="12.296323">
    <ele>932.917</ele>
    <time>2026-08-08T08:38:05Z</time>
   </trkpt>
   <trkpt lat="47.619445" lon="12.296448">
    <ele>933.168</ele>
    <time>2026-08-08T08:38:09Z</time>
   </trkpt>
   <trkpt lat="47.619594" lon="12.296735">
    <ele>936.196</ele>
    <time>2026-08-08T08:38:22Z</time>
   </trkpt>
   <trkpt lat="47.619665" lon="12.296835">
    <ele>936.400</ele>
    <time>2026-08-08T08:38:29Z</time>
   </trkpt>
   <trkpt lat="47.619665" lon="12.296835">
    <ele>933.845</ele>
    <time>2026-08-08T08:38:37Z</time>
   </trkpt>
   <trkpt lat="47.619665" lon="12.296835">
    <ele>936.998</ele>
    <time>2026-08-08T08:38:50Z</time>
   </trkpt>
   <trkpt lat="47.619665" lon="12.296835">
    <ele>937.255</ele>
    <time>2026-08-08T08:38:53Z</time>
   </trkpt>
   <trkpt lat="47.619638" lon="12.296798">
    <ele>938.157</ele>
    <time>2026-08-08T08:39:10Z</time>
   </trkpt>
   <trkpt lat="47.619467" lon="12.296555">
    <ele>937.081</ele>
    <time>2026-08-08T08:39:29Z</time>
   </trkpt>
   <trkpt lat="47.619445" lon="12.296448">
    <ele>935.406</ele>
    <time>2026-08-08T08:39:36Z</time>
   </trkpt>
   <trkpt lat="47.619445" lon="12.296448">
    <ele>933.745</ele>
    <time>2026-08-08T08:39:41Z</time>
   </trkpt>
   <trkpt lat="47.619478" lon="12.295759">
    <ele>928.556</ele>
    <time>2026-08-08T08:39:59Z</time>
   </trkpt>
   <trkpt lat="47.619470" lon="12.295734">
    <ele>928.235</ele>
    <time>2026-08-08T08:40:00Z</time>
   </trkpt>
   <trkpt lat="47.619407" lon="12.295678">
    <ele>930.552</ele>
    <time>2026-08-08T08:40:06Z</time>
   </trkpt>
   <trkpt lat="47.619274" lon="12.295761">
    <ele>932.206</ele>
    <time>2026-08-08T08:40:30Z</time>
   </trkpt>
   <trkpt lat="47.619274" lon="12.295761">
    <ele>932.696</ele>
    <time>2026-08-08T08:40:47Z</time>
   </trkpt>
   <trkpt lat="47.619274" lon="12.295761">
    <ele>932.422</ele>
    <time>2026-08-08T08:41:02Z</time>
   </trkpt>
   <trkpt lat="47.619274" lon="12.295761">
    <ele>937.768</ele>
    <time>2026-08-08T08:41:25Z</time>
   </trkpt>
   <trkpt lat="47.619274" lon="12.295761">
    <ele>941.766</ele>
    <time>2026-08-08T08:41:50Z</time>
   </trkpt>
   <trkpt lat="47.619274" lon="12.295761">
    <ele>946.200</ele>
    <time>2026-08-08T08:42:09Z</time>
   </trkpt>
   <trkpt lat="47.619274" lon="12.295761">
    <ele>947.179</ele>
    <time>2026-08-08T08:42:12Z</time>
   </trkpt>
   <trkpt lat="47.618576" lon="12.296801">
    <ele>951.409</ele>
    <time>2026-08-08T08:42:29Z</time>
   </trkpt>
   <trkpt lat="47.618576" lon="12.296801">
    <ele>958.312</ele>
    <time>2026-08-08T08:42:46Z</time>
   </trkpt>
   <trkpt lat="47.618576" lon="12.296801">
    <ele>961.779</ele>
    <time>2026-08-08T08:43:03Z</time>
   </trkpt>
   <trkpt lat="47.618576" lon="12.296801">
    <ele>964.567</ele>
    <time>2026-08-08T08:43:19Z</time>
   </trkpt>
   <trkpt lat="47.618576" lon="12.296801">
    <ele>970.728</ele>
    <time>2026-08-08T08:43:42Z</time>
   </trkpt>
   <trkpt lat="47.618576" lon="12.296801">
    <ele>973.365</ele>
    <time>2026-08-08T08:43:56Z</time>
   </trkpt>
   <trkpt lat="47.618576" lon="12.296801">
    <ele>974.250</ele>
    <time>2026-08-08T08:44:11Z</time>
   </trkpt>
   <trkpt lat="47.618576" lon="12.296801">
    <ele>976.444</ele>
    <time>2026-08-08T08:44:32Z</time>
   </trkpt>
   <trkpt lat="47.618576" lon="12.296801">
    <ele>980.136</ele>
    <time>2026-08-08T08:44:51Z</time>
   </trkpt>
   <trkpt lat="47.618576" lon="12.296801">
    <ele>982.986</ele>
    <time>2026-08-08T08:45:04Z</time>
   </trkpt>
   <trkpt lat="47.617708" lon="12.297149">
    <ele>984.989</ele>
    <time>2026-08-08T08:45:11Z</time>
   </trkpt>
   <trkpt lat="47.617621" lon="12.297134">
    <ele>990.413</ele>
    <time>2026-08-08T08:45:24Z</time>
   </trkpt>
   <trkpt lat="47.617621" lon="12.297134">
    <ele>994.424</ele>
    <time>2026-08-08T08:45:42Z</time>
   </trkpt>
   <trkpt lat="47.617621" lon="12.297134">
    <ele>1000.547</ele>
    <time>2026-08-08T08:46:05Z</time>
   </trkpt>
   <trkpt lat="47.617112" lon="12.297369">
    <ele>1001.811</ele>
    <time>2026-08-08T08:46:15Z</time>
   </trkpt>
   <trkpt lat="47.617112" lon="12.297369">
    <ele>1006.342</ele>
    <time>2026-08-08T08:46:33Z</time>
   </trkpt>
   <trkpt lat="47.616952" lon="12.297446">
    <ele>1005.630</ele>
    <time>2026-08-08T08:46:57Z</time>
   </trkpt>
   <trkpt lat="47.616952" lon="12.297446">
    <ele>1006.307</ele>
    <time>2026-08-08T08:47:01Z</time>
   </trkpt>
   <trkpt lat="47.616914" lon="12.297547">
    <ele>1008.055</ele>
    <time>2026-08-08T08:47:09Z</time>
   </trkpt>
   <trkpt lat="47.616914" lon="12.297547">
    <ele>1008.913</ele>
    <time>2026-08-08T08:47:12Z</time>
   </trkpt>
   <trkpt lat="47.616914" lon="12.297547">
    <ele>1009.613</ele>
    <time>2026-08-08T08:47:15Z</time>
   </trkpt>
   <trkpt lat="47.616914" lon="12.297547">
    <ele>1011.049</ele>
    <time>2026-08-08T08:47:20Z</time>
   </trkpt>
   <trkpt lat="47.616840" lon="12.297762">
    <ele>1015.916</ele>
    <time>2026-08-08T08:47:36Z</time>
   </trkpt>
   <trkpt lat="47.616840" lon="12.297762">
    <ele>1019.519</ele>
    <time>2026-08-08T08:47:58Z</time>
   </trkpt>
   <trkpt lat="47.616587" lon="12.298157">
    <ele>1018.766</ele>
    <time>2026-08-08T08:48:05Z</time>
   </trkpt>
   <trkpt lat="47.616587" lon="12.298157">
    <ele>1020.018</ele>
    <time>2026-08-08T08:48:19Z</time>
   </trkpt>
   <trkpt lat="47.616587" lon="12.298157">
    <ele>1023.053</ele>
    <time>2026-08-08T08:48:38Z</time>
   </trkpt>
   <trkpt lat="47.616570" lon="12.298164">
    <ele>1023.061</ele>
    <time>2026-08-08T08:48:41Z</time>
   </trkpt>
   <trkpt lat="47.616570" lon="12.298164">
    <ele>1024.646</ele>
    <time>2026-08-08T08:48:49Z</time>
   </trkpt>
   <trkpt lat="47.616570" lon="12.298164">
    <ele>1028.124</ele>
    <time>2026-08-08T08:49:01Z</time>
   </trkpt>
   <trkpt lat="47.616570" lon="12.298164">
    <ele>1031.125</ele>
    <time>2026-08-08T08:49:15Z</time>
   </trkpt>
   <trkpt lat="47.616570" lon="12.298164">
    <ele>1030.993</ele>
    <time>2026-08-08T08:49:30Z</time>
   </trkpt>
   <trkpt lat="47.616570" lon="12.298164">
    <ele>1034.617</ele>
    <time>2026-08-08T08:49:50Z</time>
   </trkpt>
   <trkpt lat="47.616570" lon="12.298164">
    <ele>1038.908</ele>
    <time>2026-08-08T08:50:06Z</time>
   </trkpt>
   <trkpt lat="47.616570" lon="12.298164">
    <ele>1043.668</ele>
    <time>2026-08-08T08:50:26Z</time>
   </trkpt>
   <trkpt lat="47.616570" lon="12.298164">
    <ele>1047.970</ele>
    <time>2026-08-08T08:50:44Z</time>
   </trkpt>
   <trkpt lat="47.616570" lon="12.298164">
    <ele>1049.016</ele>
    <time>2026-08-08T08:50:54Z</time>
   </trkpt>
   <trkpt lat="47.616570" lon="12.298164">
    <ele>1052.146</ele>
    <time>2026-08-08T08:51:09Z</time>
   </trkpt>
   <trkpt lat="47.616570" lon="12.298164">
    <ele>1053.325</ele>
    <time>2026-08-08T08:51:26Z</time>
   </trkpt>
   <trkpt lat="47.616570" lon="12.298164">
    <ele>1054.593</ele>
    <time>2026-08-08T08:51:40Z</time>
   </trkpt>
   <trkpt lat="47.615325" lon="12.298121">
    <ele>1059.993</ele>
    <time>2026-08-08T08:51:59Z</time>
   </trkpt>
   <trkpt lat="47.615325" lon="12.298121">
    <ele>1063.775</ele>
    <time>2026-08-08T08:52:14Z</time>
   </trkpt>
   <trkpt lat="47.615325" lon="12.298121">
    <ele>1069.856</ele>
    <time>2026-08-08T08:52:35Z</time>
   </trkpt>
   <trkpt lat="47.615325" lon="12.298121">
    <ele>1074.009</ele>
    <time>2026-08-08T08:52:54Z</time>
   </trkpt>
   <trkpt lat="47.615325" lon="12.298121">
    <ele>1078.157</ele>
    <time>2026-08-08T08:53:10Z</time>
   </trkpt>
   <trkpt lat="47.614728" lon="12.298356">
    <ele>1083.267</ele>
    <time>2026-08-08T08:53:31Z</time>
   </trkpt>
   <trkpt lat="47.614728" lon="12.298356">
    <ele>1083.921</ele>
    <time>2026-08-08T08:53:34Z</time>
   </trkpt>
   <trkpt lat="47.614699" lon="12.298539">
    <ele>1091.204</ele>
    <time>2026-08-08T08:53:53Z</time>
   </trkpt>
   <trkpt lat="47.614699" lon="12.298539">
    <ele>1092.555</ele>
    <time>2026-08-08T08:53:56Z</time>
   </trkpt>
   <trkpt lat="47.614699" lon="12.298539">
    <ele>1100.942</ele>
    <time>2026-08-08T08:54:15Z</time>
   </trkpt>
   <trkpt lat="47.614699" lon="12.298539">
    <ele>1105.759</ele>
    <time>2026-08-08T08:54:30Z</time>
   </trkpt>
   <trkpt lat="47.614699" lon="12.298539">
    <ele>1103.744</ele>
    <time>2026-08-08T08:54:44Z</time>
   </trkpt>
   <trkpt lat="47.614699" lon="12.298539">
    <ele>1102.873</ele>
    <time>2026-08-08T08:54:56Z</time>
   </trkpt>
   <trkpt lat="47.614699" lon="12.298539">
    <ele>1102.878</ele>
    <time>2026-08-08T08:55:00Z</time>
   </trkpt>
   <trkpt lat="47.614699" lon="12.298539">
    <ele>1102.618</ele>
    <time>2026-08-08T08:55:06Z</time>
   </trkpt>
   <trkpt lat="47.614420" lon="12.298965">
    <ele>1101.646</ele>
    <time>2026-08-08T08:55:18Z</time>
   </trkpt>
   <trkpt lat="47.614420" lon="12.298965">
    <ele>1103.039</ele>
    <time>2026-08-08T08:55:36Z</time>
   </trkpt>
   <trkpt lat="47.614145" lon="12.298443">
    <ele>1106.229</ele>
    <time>2026-08-08T08:55:57Z</time>
   </trkpt>
   <trkpt lat="47.614145" lon="12.298443">
    <ele>1108.312</ele>
    <time>2026-08-08T08:56:08Z</time>
   </trkpt>
   <trkpt lat="47.614145" lon="12.298443">
    <ele>1109.685</ele>
    <time>2026-08-08T08:56:14Z</time>
   </trkpt>
   <trkpt lat="47.614145" lon="12.298443">
    <ele>1114.822</ele>
    <time>2026-08-08T08:56:20Z</time>
   </trkpt>
   <trkpt lat="47.614145" lon="12.298443">
    <ele>1117.775</ele>
    <time>2026-08-08T08:56:30Z</time>
   </trkpt>
   <trkpt lat="47.614145" lon="12.298443">
    <ele>1121.033</ele>
    <time>2026-08-08T08:56:43Z</time>
   </trkpt>
   <trkpt lat="47.614145" lon="12.298443">
    <ele>1125.166</ele>
    <time>2026-08-08T08:57:00Z</time>
   </trkpt>
   <trkpt lat="47.614145" lon="12.298443">
    <ele>1129.351</ele>
    <time>2026-08-08T08:57:17Z</time>
   </trkpt>
   <trkpt lat="47.614145" lon="12.298443">
    <ele>1132.937</ele>
    <time>2026-08-08T08:57:38Z</time>
   </trkpt>
   <trkpt lat="47.613765" lon="12.298158">
    <ele>1131.189</ele>
    <time>2026-08-08T08:57:42Z</time>
   </trkpt>
   <trkpt lat="47.613673" lon="12.298250">
    <ele>1129.759</ele>
    <time>2026-08-08T08:57:52Z</time>
   </trkpt>
   <trkpt lat="47.613673" lon="12.298250">
    <ele>1129.549</ele>
    <time>2026-08-08T08:57:55Z</time>
   </trkpt>
   <trkpt lat="47.613483" lon="12.298199">
    <ele>1128.119</ele>
    <time>2026-08-08T08:58:07Z</time>
   </trkpt>
   <trkpt lat="47.613388" lon="12.298195">
    <ele>1127.999</ele>
    <time>2026-08-08T08:58:21Z</time>
   </trkpt>
   <trkpt lat="47.613327" lon="12.298199">
    <ele>1127.850</ele>
    <time>2026-08-08T08:58:25Z</time>
   </trkpt>
   <trkpt lat="47.613265" lon="12.298164">
    <ele>1127.471</ele>
    <time>2026-08-08T08:58:45Z</time>
   </trkpt>
   <trkpt lat="47.613129" lon="12.298061">
    <ele>1128.768</ele>
    <time>2026-08-08T08:58:56Z</time>
   </trkpt>
   <trkpt lat="47.613129" lon="12.298061">
    <ele>1131.597</ele>
    <time>2026-08-08T08:59:10Z</time>
   </trkpt>
   <trkpt lat="47.613129" lon="12.298061">
    <ele>1133.000</ele>
    <time>2026-08-08T08:59:13Z</time>
   </trkpt>
   <trkpt lat="47.612960" lon="12.297935">
    <ele>1136.831</ele>
    <time>2026-08-08T08:59:24Z</time>
   </trkpt>
   <trkpt lat="47.612960" lon="12.297935">
    <ele>1141.879</ele>
    <time>2026-08-08T08:59:40Z</time>
   </trkpt>
   <trkpt lat="47.612960" lon="12.297935">
    <ele>1147.668</ele>
    <time>2026-08-08T08:59:58Z</time>
   </trkpt>
   <trkpt lat="47.612960" lon="12.297935">
    <ele>1154.862</ele>
    <time>2026-08-08T09:00:23Z</time>
   </trkpt>
   <trkpt lat="47.612960" lon="12.297935">
    <ele>1155.960</ele>
    <time>2026-08-08T09:00:32Z</time>
   </trkpt>
   <trkpt lat="47.612960" lon="12.297935">
    <ele>1159.458</ele>
    <time>2026-08-08T09:00:53Z</time>
   </trkpt>
   <trkpt lat="47.612960" lon="12.297935">
    <ele>1163.786</ele>
    <time>2026-08-08T09:01:14Z</time>
   </trkpt>
   <trkpt lat="47.612960" lon="12.297935">
    <ele>1172.984</ele>
    <time>2026-08-08T09:01:31Z</time>
   </trkpt>
   <trkpt lat="47.612478" lon="12.296889">
    <ele>1182.827</ele>
    <time>2026-08-08T09:01:48Z</time>
   </trkpt>
   <trkpt lat="47.612478" lon="12.296889">
    <ele>1184.265</ele>
    <time>2026-08-08T09:01:50Z</time>
   </trkpt>
   <trkpt lat="47.612478" lon="12.296889">
    <ele>1184.830</ele>
    <time>2026-08-08T09:02:02Z</time>
   </trkpt>
   <trkpt lat="47.612478" lon="12.296889">
    <ele>1185.614</ele>
    <time>2026-08-08T09:02:07Z</time>
   </trkpt>
   <trkpt lat="47.612351" lon="12.296328">
    <ele>1186.012</ele>
    <time>2026-08-08T09:02:20Z</time>
   </trkpt>
   <trkpt lat="47.612360" lon="12.296292">
    <ele>1186.116</ele>
    <time>2026-08-08T09:02:22Z</time>
   </trkpt>
   <trkpt lat="47.612407" lon="12.295993">
    <ele>1188.187</ele>
    <time>2026-08-08T09:02:41Z</time>
   </trkpt>
   <trkpt lat="47.612364" lon="12.295674">
    <ele>1187.384</ele>
    <time>2026-08-08T09:02:59Z</time>
   </trkpt>
   <trkpt lat="47.612364" lon="12.295674">
    <ele>1186.612</ele>
    <time>2026-08-08T09:03:02Z</time>
   </trkpt>
   <trkpt lat="47.612364" lon="12.295674">
    <ele>1186.026</ele>
    <time>2026-08-08T09:03:06Z</time>
   </trkpt>
   <trkpt lat="47.612364" lon="12.295674">
    <ele>1185.013</ele>
    <time>2026-08-08T09:03:12Z</time>
   </trkpt>
   <trkpt lat="47.612364" lon="12.295674">
    <ele>1184.005</ele>
    <time>2026-08-08T09:03:16Z</time>
   </trkpt>
   <trkpt lat="47.612364" lon="12.295674">
    <ele>1184.350</ele>
    <time>2026-08-08T09:03:22Z</time>
   </trkpt>
   <trkpt lat="47.612364" lon="12.295674">
    <ele>1183.353</ele>
    <time>2026-08-08T09:03:26Z</time>
   </trkpt>
   <trkpt lat="47.612364" lon="12.295674">
    <ele>1182.341</ele>
    <time>2026-08-08T09:03:43Z</time>
   </trkpt>
   <trkpt lat="47.612364" lon="12.295674">
    <ele>1181.049</ele>
    <time>2026-08-08T09:03:48Z</time>
   </trkpt>
   <trkpt lat="47.612150" lon="12.295124">
    <ele>1179.130</ele>
    <time>2026-08-08T09:04:06Z</time>
   </trkpt>
   <trkpt lat="47.612099" lon="12.294973">
    <ele>1183.330</ele>
    <time>2026-08-08T09:04:24Z</time>
   </trkpt>
   <trkpt lat="47.612099" lon="12.294973">
    <ele>1187.690</ele>
    <time>2026-08-08T09:04:41Z</time>
   </trkpt>
   <trkpt lat="47.612099" lon="12.294973">
    <ele>1195.189</ele>
    <time>2026-08-08T09:04:59Z</time>
   </trkpt>
   <trkpt lat="47.612099" lon="12.294973">
    <ele>1200.282</ele>
    <time>2026-08-08T09:05:16Z</time>
   </trkpt>
   <trkpt lat="47.611734" lon="12.294444">
    <ele>1203.224</ele>
    <time>2026-08-08T09:05:34Z</time>
   </trkpt>
   <trkpt lat="47.611734" lon="12.294444">
    <ele>1208.880</ele>
    <time>2026-08-08T09:06:12Z</time>
   </trkpt>
   <trkpt lat="47.611734" lon="12.294444">
    <ele>1208.832</ele>
    <time>2026-08-08T09:06:34Z</time>
   </trkpt>
   <trkpt lat="47.611734" lon="12.294444">
    <ele>1211.768</ele>
    <time>2026-08-08T09:06:50Z</time>
   </trkpt>
   <trkpt lat="47.611734" lon="12.294444">
    <ele>1212.426</ele>
    <time>2026-08-08T09:07:07Z</time>
   </trkpt>
   <trkpt lat="47.611734" lon="12.294444">
    <ele>1212.805</ele>
    <time>2026-08-08T09:07:25Z</time>
   </trkpt>
   <trkpt lat="47.611734" lon="12.294444">
    <ele>1214.719</ele>
    <time>2026-08-08T09:07:38Z</time>
   </trkpt>
   <trkpt lat="47.611734" lon="12.294444">
    <ele>1217.744</ele>
    <time>2026-08-08T09:07:55Z</time>
   </trkpt>
   <trkpt lat="47.611734" lon="12.294444">
    <ele>1220.331</ele>
    <time>2026-08-08T09:08:07Z</time>
   </trkpt>
   <trkpt lat="47.611734" lon="12.294444">
    <ele>1224.696</ele>
    <time>2026-08-08T09:08:25Z</time>
   </trkpt>
   <trkpt lat="47.610977" lon="12.293744">
    <ele>1223.770</ele>
    <time>2026-08-08T09:08:29Z</time>
   </trkpt>
   <trkpt lat="47.610977" lon="12.293744">
    <ele>1224.274</ele>
    <time>2026-08-08T09:08:34Z</time>
   </trkpt>
   <trkpt lat="47.610977" lon="12.293744">
    <ele>1224.057</ele>
    <time>2026-08-08T09:08:52Z</time>
   </trkpt>
   <trkpt lat="47.610846" lon="12.293463">
    <ele>1226.259</ele>
    <time>2026-08-08T09:09:10Z</time>
   </trkpt>
   <trkpt lat="47.610846" lon="12.293463">
    <ele>1230.714</ele>
    <time>2026-08-08T09:09:23Z</time>
   </trkpt>
   <trkpt lat="47.610846" lon="12.293463">
    <ele>1231.886</ele>
    <time>2026-08-08T09:09:39Z</time>
   </trkpt>
   <trkpt lat="47.610846" lon="12.293463">
    <ele>1236.620</ele>
    <time>2026-08-08T09:09:57Z</time>
   </trkpt>
   <trkpt lat="47.610846" lon="12.293463">
    <ele>1238.831</ele>
    <time>2026-08-08T09:10:16Z</time>
   </trkpt>
   <trkpt lat="47.610846" lon="12.293463">
    <ele>1243.620</ele>
    <time>2026-08-08T09:10:38Z</time>
   </trkpt>
   <trkpt lat="47.610846" lon="12.293463">
    <ele>1245.649</ele>
    <time>2026-08-08T09:10:59Z</time>
   </trkpt>
   <trkpt lat="47.610846" lon="12.293463">
    <ele>1247.359</ele>
    <time>2026-08-08T09:11:15Z</time>
   </trkpt>
   <trkpt lat="47.610133" lon="12.292585">
    <ele>1252.077</ele>
    <time>2026-08-08T09:11:38Z</time>
   </trkpt>
   <trkpt lat="47.610133" lon="12.292585">
    <ele>1256.078</ele>
    <time>2026-08-08T09:11:57Z</time>
   </trkpt>
   <trkpt lat="47.610133" lon="12.292585">
    <ele>1257.381</ele>
    <time>2026-08-08T09:12:19Z</time>
   </trkpt>
   <trkpt lat="47.610133" lon="12.292585">
    <ele>1259.495</ele>
    <time>2026-08-08T09:12:37Z</time>
   </trkpt>
   <trkpt lat="47.610133" lon="12.292585">
    <ele>1264.920</ele>
    <time>2026-08-08T09:12:54Z</time>
   </trkpt>
   <trkpt lat="47.610133" lon="12.292585">
    <ele>1271.561</ele>
    <time>2026-08-08T09:13:10Z</time>
   </trkpt>
   <trkpt lat="47.610133" lon="12.292585">
    <ele>1275.379</ele>
    <time>2026-08-08T09:13:28Z</time>
   </trkpt>
   <trkpt lat="47.610133" lon="12.292585">
    <ele>1280.301</ele>
    <time>2026-08-08T09:13:40Z</time>
   </trkpt>
   <trkpt lat="47.610133" lon="12.292585">
    <ele>1283.108</ele>
    <time>2026-08-08T09:13:58Z</time>
   </trkpt>
   <trkpt lat="47.610133" lon="12.292585">
    <ele>1288.249</ele>
    <time>2026-08-08T09:14:24Z</time>
   </trkpt>
   <trkpt lat="47.610133" lon="12.292585">
    <ele>1290.967</ele>
    <time>2026-08-08T09:14:42Z</time>
   </trkpt>
   <trkpt lat="47.609558" lon="12.291562">
    <ele>1295.950</ele>
    <time>2026-08-08T09:15:04Z</time>
   </trkpt>
   <trkpt lat="47.609558" lon="12.291562">
    <ele>1303.503</ele>
    <time>2026-08-08T09:15:23Z</time>
   </trkpt>
   <trkpt lat="47.609558" lon="12.291562">
    <ele>1305.215</ele>
    <time>2026-08-08T09:15:38Z</time>
   </trkpt>
   <trkpt lat="47.609558" lon="12.291562">
    <ele>1305.746</ele>
    <time>2026-08-08T09:15:49Z</time>
   </trkpt>
   <trkpt lat="47.609558" lon="12.291562">
    <ele>1308.681</ele>
    <time>2026-08-08T09:16:00Z</time>
   </trkpt>
   <trkpt lat="47.609558" lon="12.291562">
    <ele>1309.472</ele>
    <time>2026-08-08T09:16:16Z</time>
   </trkpt>
   <trkpt lat="47.609558" lon="12.291562">
    <ele>1311.949</ele>
    <time>2026-08-08T09:16:30Z</time>
   </trkpt>
   <trkpt lat="47.609558" lon="12.291562">
    <ele>1313.964</ele>
    <time>2026-08-08T09:16:44Z</time>
   </trkpt>
   <trkpt lat="47.609558" lon="12.291562">
    <ele>1317.136</ele>
    <time>2026-08-08T09:16:58Z</time>
   </trkpt>
   <trkpt lat="47.609558" lon="12.291562">
    <ele>1320.402</ele>
    <time>2026-08-08T09:17:11Z</time>
   </trkpt>
   <trkpt lat="47.609558" lon="12.291562">
    <ele>1321.582</ele>
    <time>2026-08-08T09:17:23Z</time>
   </trkpt>
   <trkpt lat="47.609558" lon="12.291562">
    <ele>1325.082</ele>
    <time>2026-08-08T09:17:37Z</time>
   </trkpt>
   <trkpt lat="47.609558" lon="12.291562">
    <ele>1326.906</ele>
    <time>2026-08-08T09:17:49Z</time>
   </trkpt>
   <trkpt lat="47.609558" lon="12.291562">
    <ele>1327.894</ele>
    <time>2026-08-08T09:17:57Z</time>
   </trkpt>
   <trkpt lat="47.609558" lon="12.291562">
    <ele>1328.619</ele>
    <time>2026-08-08T09:18:00Z</time>
   </trkpt>
   <trkpt lat="47.609558" lon="12.291562">
    <ele>1328.540</ele>
    <time>2026-08-08T09:18:04Z</time>
   </trkpt>
   <trkpt lat="47.609684" lon="12.290142">
    <ele>1330.070</ele>
    <time>2026-08-08T09:18:16Z</time>
   </trkpt>
   <trkpt lat="47.609632" lon="12.289885">
    <ele>1332.886</ele>
    <time>2026-08-08T09:18:35Z</time>
   </trkpt>
   <trkpt lat="47.609514" lon="12.289825">
    <ele>1336.073</ele>
    <time>2026-08-08T09:18:51Z</time>
   </trkpt>
   <trkpt lat="47.609415" lon="12.289802">
    <ele>1338.451</ele>
    <time>2026-08-08T09:19:05Z</time>
   </trkpt>
   <trkpt lat="47.609329" lon="12.289776">
    <ele>1341.380</ele>
    <time>2026-08-08T09:19:19Z</time>
   </trkpt>
   <trkpt lat="47.609294" lon="12.289780">
    <ele>1342.691</ele>
    <time>2026-08-08T09:19:24Z</time>
   </trkpt>
   <trkpt lat="47.609230" lon="12.289743">
    <ele>1343.100</ele>
    <time>2026-08-08T09:19:33Z</time>
   </trkpt>
   <trkpt lat="47.609143" lon="12.289594">
    <ele>1342.626</ele>
    <time>2026-08-08T09:19:46Z</time>
   </trkpt>
   <trkpt lat="47.609091" lon="12.289448">
    <ele>1345.979</ele>
    <time>2026-08-08T09:20:02Z</time>
   </trkpt>
   <trkpt lat="47.609122" lon="12.289291">
    <ele>1349.081</ele>
    <time>2026-08-08T09:20:16Z</time>
   </trkpt>
   <trkpt lat="47.609132" lon="12.289249">
    <ele>1351.227</ele>
    <time>2026-08-08T09:20:21Z</time>
   </trkpt>
   <trkpt lat="47.609188" lon="12.289103">
    <ele>1352.345</ele>
    <time>2026-08-08T09:20:31Z</time>
   </trkpt>
   <trkpt lat="47.609237" lon="12.289006">
    <ele>1353.337</ele>
    <time>2026-08-08T09:20:39Z</time>
   </trkpt>
   <trkpt lat="47.609274" lon="12.288954">
    <ele>1354.713</ele>
    <time>2026-08-08T09:20:43Z</time>
   </trkpt>
   <trkpt lat="47.609338" lon="12.288836">
    <ele>1355.081</ele>
    <time>2026-08-08T09:20:52Z</time>
   </trkpt>
   <trkpt lat="47.609391" lon="12.288667">
    <ele>1357.243</ele>
    <time>2026-08-08T09:21:03Z</time>
   </trkpt>
   <trkpt lat="47.609388" lon="12.288597">
    <ele>1359.018</ele>
    <time>2026-08-08T09:21:08Z</time>
   </trkpt>
   <trkpt lat="47.609407" lon="12.288400">
    <ele>1360.417</ele>
    <time>2026-08-08T09:21:24Z</time>
   </trkpt>
   <trkpt lat="47.609379" lon="12.288164">
    <ele>1362.758</ele>
    <time>2026-08-08T09:21:44Z</time>
   </trkpt>
   <trkpt lat="47.609385" lon="12.288014">
    <ele>1364.137</ele>
    <time>2026-08-08T09:21:59Z</time>
   </trkpt>
   <trkpt lat="47.609348" lon="12.287803">
    <ele>1368.179</ele>
    <time>2026-08-08T09:22:19Z</time>
   </trkpt>
   <trkpt lat="47.609349" lon="12.287659">
    <ele>1371.043</ele>
    <time>2026-08-08T09:22:34Z</time>
   </trkpt>
   <trkpt lat="47.609325" lon="12.287505">
    <ele>1373.139</ele>
    <time>2026-08-08T09:22:50Z</time>
   </trkpt>
   <trkpt lat="47.609318" lon="12.287342">
    <ele>1376.022</ele>
    <time>2026-08-08T09:23:04Z</time>
   </trkpt>
   <trkpt lat="47.609311" lon="12.287184">
    <ele>1380.224</ele>
    <time>2026-08-08T09:23:22Z</time>
   </trkpt>
   <trkpt lat="47.609299" lon="12.287057">
    <ele>1381.448</ele>
    <time>2026-08-08T09:23:38Z</time>
   </trkpt>
   <trkpt lat="47.609332" lon="12.287021">
    <ele>1383.493</ele>
    <time>2026-08-08T09:23:54Z</time>
   </trkpt>
   <trkpt lat="47.609406" lon="12.287118">
    <ele>1384.375</ele>
    <time>2026-08-08T09:24:09Z</time>
   </trkpt>
   <trkpt lat="47.609445" lon="12.287172">
    <ele>1384.959</ele>
    <time>2026-08-08T09:24:13Z</time>
   </trkpt>
   <trkpt lat="47.609531" lon="12.287294">
    <ele>1388.745</ele>
    <time>2026-08-08T09:24:29Z</time>
   </trkpt>
   <trkpt lat="47.609570" lon="12.287284">
    <ele>1391.325</ele>
    <time>2026-08-08T09:24:44Z</time>
   </trkpt>
   <trkpt lat="47.609638" lon="12.287339">
    <ele>1394.025</ele>
    <time>2026-08-08T09:24:58Z</time>
   </trkpt>
   <trkpt lat="47.609756" lon="12.287524">
    <ele>1398.025</ele>
    <time>2026-08-08T09:25:19Z</time>
   </trkpt>
   <trkpt lat="47.609847" lon="12.287672">
    <ele>1401.795</ele>
    <time>2026-08-08T09:25:34Z</time>
   </trkpt>
   <trkpt lat="47.609875" lon="12.287637">
    <ele>1405.164</ele>
    <time>2026-08-08T09:25:48Z</time>
   </trkpt>
   <trkpt lat="47.609865" lon="12.287514">
    <ele>1409.282</ele>
    <time>2026-08-08T09:26:02Z</time>
   </trkpt>
   <trkpt lat="47.609850" lon="12.287389">
    <ele>1412.878</ele>
    <time>2026-08-08T09:26:17Z</time>
   </trkpt>
   <trkpt lat="47.609830" lon="12.287214">
    <ele>1418.094</ele>
    <time>2026-08-08T09:26:37Z</time>
   </trkpt>
   <trkpt lat="47.609909" lon="12.287218">
    <ele>1421.558</ele>
    <time>2026-08-08T09:26:53Z</time>
   </trkpt>
   <trkpt lat="47.609997" lon="12.287297">
    <ele>1423.566</ele>
    <time>2026-08-08T09:27:07Z</time>
   </trkpt>
   <trkpt lat="47.610089" lon="12.287389">
    <ele>1424.047</ele>
    <time>2026-08-08T09:27:23Z</time>
   </trkpt>
   <trkpt lat="47.610214" lon="12.287455">
    <ele>1428.064</ele>
    <time>2026-08-08T09:27:40Z</time>
   </trkpt>
   <trkpt lat="47.610160" lon="12.287327">
    <ele>1431.683</ele>
    <time>2026-08-08T09:27:53Z</time>
   </trkpt>
   <trkpt lat="47.610132" lon="12.287133">
    <ele>1435.731</ele>
    <time>2026-08-08T09:28:11Z</time>
   </trkpt>
   <trkpt lat="47.610122" lon="12.287081">
    <ele>1437.656</ele>
    <time>2026-08-08T09:28:17Z</time>
   </trkpt>
   <trkpt lat="47.610095" lon="12.286933">
    <ele>1439.558</ele>
    <time>2026-08-08T09:28:31Z</time>
   </trkpt>
   <trkpt lat="47.610058" lon="12.286777">
    <ele>1442.574</ele>
    <time>2026-08-08T09:28:47Z</time>
   </trkpt>
   <trkpt lat="47.610021" lon="12.286598">
    <ele>1447.897</ele>
    <time>2026-08-08T09:29:06Z</time>
   </trkpt>
   <trkpt lat="47.609963" lon="12.286415">
    <ele>1452.296</ele>
    <time>2026-08-08T09:29:23Z</time>
   </trkpt>
   <trkpt lat="47.609929" lon="12.286237">
    <ele>1455.763</ele>
    <time>2026-08-08T09:29:41Z</time>
   </trkpt>
   <trkpt lat="47.609952" lon="12.285998">
    <ele>1459.857</ele>
    <time>2026-08-08T09:30:04Z</time>
   </trkpt>
   <trkpt lat="47.609986" lon="12.285786">
    <ele>1465.458</ele>
    <time>2026-08-08T09:30:23Z</time>
   </trkpt>
   <trkpt lat="47.610011" lon="12.285603">
    <ele>1468.988</ele>
    <time>2026-08-08T09:30:40Z</time>
   </trkpt>
   <trkpt lat="47.610041" lon="12.285427">
    <ele>1473.445</ele>
    <time>2026-08-08T09:30:56Z</time>
   </trkpt>
   <trkpt lat="47.610074" lon="12.285327">
    <ele>1477.658</ele>
    <time>2026-08-08T09:31:12Z</time>
   </trkpt>
   <trkpt lat="47.610098" lon="12.285244">
    <ele>1480.675</ele>
    <time>2026-08-08T09:31:27Z</time>
   </trkpt>
   <trkpt lat="47.610089" lon="12.285178">
    <ele>1481.757</ele>
    <time>2026-08-08T09:31:42Z</time>
   </trkpt>
   <trkpt lat="47.610010" lon="12.285037">
    <ele>1484.892</ele>
    <time>2026-08-08T09:32:00Z</time>
   </trkpt>
   <trkpt lat="47.610089" lon="12.285031">
    <ele>1486.915</ele>
    <time>2026-08-08T09:32:15Z</time>
   </trkpt>
   <trkpt lat="47.610136" lon="12.284873">
    <ele>1490.399</ele>
    <time>2026-08-08T09:32:35Z</time>
   </trkpt>
   <trkpt lat="47.610171" lon="12.284701">
    <ele>1494.458</ele>
    <time>2026-08-08T09:32:59Z</time>
   </trkpt>
   <trkpt lat="47.610161" lon="12.284579">
    <ele>1496.452</ele>
    <time>2026-08-08T09:33:18Z</time>
   </trkpt>
   <trkpt lat="47.610208" lon="12.284535">
    <ele>1499.726</ele>
    <time>2026-08-08T09:33:35Z</time>
   </trkpt>
   <trkpt lat="47.610197" lon="12.284407">
    <ele>1502.496</ele>
    <time>2026-08-08T09:33:53Z</time>
   </trkpt>
   <trkpt lat="47.610219" lon="12.284329">
    <ele>1506.001</ele>
    <time>2026-08-08T09:34:08Z</time>
   </trkpt>
   <trkpt lat="47.610275" lon="12.284302">
    <ele>1508.596</ele>
    <time>2026-08-08T09:34:25Z</time>
   </trkpt>
   <trkpt lat="47.610445" lon="12.284110">
    <ele>1514.323</ele>
    <time>2026-08-08T09:34:53Z</time>
   </trkpt>
   <trkpt lat="47.610503" lon="12.284048">
    <ele>1517.106</ele>
    <time>2026-08-08T09:35:08Z</time>
   </trkpt>
   <trkpt lat="47.610569" lon="12.283904">
    <ele>1520.118</ele>
    <time>2026-08-08T09:35:28Z</time>
   </trkpt>
   <trkpt lat="47.610630" lon="12.283729">
    <ele>1522.572</ele>
    <time>2026-08-08T09:35:46Z</time>
   </trkpt>
   <trkpt lat="47.610731" lon="12.283550">
    <ele>1528.303</ele>
    <time>2026-08-08T09:36:10Z</time>
   </trkpt>
   <trkpt lat="47.610760" lon="12.283398">
    <ele>1532.354</ele>
    <time>2026-08-08T09:36:29Z</time>
   </trkpt>
   <trkpt lat="47.610778" lon="12.283306">
    <ele>1535.788</ele>
    <time>2026-08-08T09:36:50Z</time>
   </trkpt>
   <trkpt lat="47.610842" lon="12.283285">
    <ele>1537.283</ele>
    <time>2026-08-08T09:37:06Z</time>
   </trkpt>
   <trkpt lat="47.610872" lon="12.283253">
    <ele>1540.066</ele>
    <time>2026-08-08T09:37:21Z</time>
   </trkpt>
   <trkpt lat="47.610858" lon="12.283111">
    <ele>1546.685</ele>
    <time>2026-08-08T09:37:46Z</time>
   </trkpt>
   <trkpt lat="47.610877" lon="12.283031">
    <ele>1550.169</ele>
    <time>2026-08-08T09:38:02Z</time>
   </trkpt>
   <trkpt lat="47.610953" lon="12.282984">
    <ele>1553.031</ele>
    <time>2026-08-08T09:38:22Z</time>
   </trkpt>
   <trkpt lat="47.610997" lon="12.282943">
    <ele>1556.560</ele>
    <time>2026-08-08T09:38:41Z</time>
   </trkpt>
   <trkpt lat="47.611047" lon="12.282955">
    <ele>1559.279</ele>
    <time>2026-08-08T09:38:53Z</time>
   </trkpt>
   <trkpt lat="47.611063" lon="12.282866">
    <ele>1563.007</ele>
    <time>2026-08-08T09:39:11Z</time>
   </trkpt>
   <trkpt lat="47.611135" lon="12.282880">
    <ele>1565.438</ele>
    <time>2026-08-08T09:39:26Z</time>
   </trkpt>
   <trkpt lat="47.611173" lon="12.282773">
    <ele>1569.308</ele>
    <time>2026-08-08T09:39:51Z</time>
   </trkpt>
   <trkpt lat="47.611197" lon="12.282734">
    <ele>1571.372</ele>
    <time>2026-08-08T09:40:06Z</time>
   </trkpt>
   <trkpt lat="47.611177" lon="12.282736">
    <ele>1572.018</ele>
    <time>2026-08-08T09:40:48Z</time>
   </trkpt>
   <trkpt lat="47.611187" lon="12.282698">
    <ele>1574.571</ele>
    <time>2026-08-08T09:41:15Z</time>
   </trkpt>
   <trkpt lat="47.611172" lon="12.282605">
    <ele>1576.240</ele>
    <time>2026-08-08T09:41:36Z</time>
   </trkpt>
   <trkpt lat="47.611188" lon="12.282536">
    <ele>1580.067</ele>
    <time>2026-08-08T09:41:51Z</time>
   </trkpt>
   <trkpt lat="47.611184" lon="12.282510">
    <ele>1582.151</ele>
    <time>2026-08-08T09:42:01Z</time>
   </trkpt>
   <trkpt lat="47.611227" lon="12.282515">
    <ele>1583.565</ele>
    <time>2026-08-08T09:42:18Z</time>
   </trkpt>
   <trkpt lat="47.611271" lon="12.282501">
    <ele>1588.276</ele>
    <time>2026-08-08T09:42:34Z</time>
   </trkpt>
   <trkpt lat="47.611309" lon="12.282407">
    <ele>1590.592</ele>
    <time>2026-08-08T09:42:52Z</time>
   </trkpt>
   <trkpt lat="47.611327" lon="12.282317">
    <ele>1593.460</ele>
    <time>2026-08-08T09:43:11Z</time>
   </trkpt>
   <trkpt lat="47.611355" lon="12.282287">
    <ele>1595.390</ele>
    <time>2026-08-08T09:43:30Z</time>
   </trkpt>
   <trkpt lat="47.611372" lon="12.282226">
    <ele>1597.538</ele>
    <time>2026-08-08T09:43:45Z</time>
   </trkpt>
   <trkpt lat="47.611393" lon="12.282249">
    <ele>1598.930</ele>
    <time>2026-08-08T09:43:49Z</time>
   </trkpt>
   <trkpt lat="47.611435" lon="12.282293">
    <ele>1601.615</ele>
    <time>2026-08-08T09:44:05Z</time>
   </trkpt>
   <trkpt lat="47.611435" lon="12.282298">
    <ele>1602.705</ele>
    <time>2026-08-08T09:44:08Z</time>
   </trkpt>
   <trkpt lat="47.611475" lon="12.282260">
    <ele>1605.367</ele>
    <time>2026-08-08T09:44:21Z</time>
   </trkpt>
   <trkpt lat="47.611495" lon="12.282084">
    <ele>1602.637</ele>
    <time>2026-08-08T09:44:37Z</time>
   </trkpt>
   <trkpt lat="47.611496" lon="12.281999">
    <ele>1607.601</ele>
    <time>2026-08-08T09:44:55Z</time>
   </trkpt>
   <trkpt lat="47.611524" lon="12.281873">
    <ele>1606.987</ele>
    <time>2026-08-08T09:45:10Z</time>
   </trkpt>
   <trkpt lat="47.611547" lon="12.281847">
    <ele>1610.449</ele>
    <time>2026-08-08T09:45:25Z</time>
   </trkpt>
   <trkpt lat="47.611570" lon="12.281866">
    <ele>1613.598</ele>
    <time>2026-08-08T09:45:39Z</time>
   </trkpt>
   <trkpt lat="47.611637" lon="12.281853">
    <ele>1616.769</ele>
    <time>2026-08-08T09:45:54Z</time>
   </trkpt>
   <trkpt lat="47.611659" lon="12.281819">
    <ele>1615.670</ele>
    <time>2026-08-08T09:46:08Z</time>
   </trkpt>
   <trkpt lat="47.611677" lon="12.281854">
    <ele>1615.953</ele>
    <time>2026-08-08T09:46:19Z</time>
   </trkpt>
   <trkpt lat="47.611662" lon="12.281878">
    <ele>1615.094</ele>
    <time>2026-08-08T09:46:28Z</time>
   </trkpt>
   <trkpt lat="47.611767" lon="12.281966">
    <ele>1613.261</ele>
    <time>2026-08-08T09:46:40Z</time>
   </trkpt>
   <trkpt lat="47.611794" lon="12.281910">
    <ele>1613.014</ele>
    <time>2026-08-08T09:46:47Z</time>
   </trkpt>
   <trkpt lat="47.611783" lon="12.281768">
    <ele>1615.369</ele>
    <time>2026-08-08T09:46:57Z</time>
   </trkpt>
   <trkpt lat="47.611853" lon="12.281732">
    <ele>1616.818</ele>
    <time>2026-08-08T09:47:08Z</time>
   </trkpt>
   <trkpt lat="47.611864" lon="12.281532">
    <ele>1618.594</ele>
    <time>2026-08-08T09:47:25Z</time>
   </trkpt>
   <trkpt lat="47.611819" lon="12.281477">
    <ele>1621.155</ele>
    <time>2026-08-08T09:47:43Z</time>
   </trkpt>
   <trkpt lat="47.611826" lon="12.281430">
    <ele>1623.842</ele>
    <time>2026-08-08T09:47:56Z</time>
   </trkpt>
   <trkpt lat="47.611819" lon="12.281396">
    <ele>1628.625</ele>
    <time>2026-08-08T09:48:11Z</time>
   </trkpt>
   <trkpt lat="47.611818" lon="12.281330">
    <ele>1633.337</ele>
    <time>2026-08-08T09:48:23Z</time>
   </trkpt>
   <trkpt lat="47.611829" lon="12.281280">
    <ele>1635.345</ele>
    <time>2026-08-08T09:48:36Z</time>
   </trkpt>
   <trkpt lat="47.611829" lon="12.281301">
    <ele>1639.579</ele>
    <time>2026-08-08T09:48:50Z</time>
   </trkpt>
   <trkpt lat="47.611841" lon="12.281293">
    <ele>1642.088</ele>
    <time>2026-08-08T09:49:05Z</time>
   </trkpt>
   <trkpt lat="47.611892" lon="12.281216">
    <ele>1645.202</ele>
    <time>2026-08-08T09:49:23Z</time>
   </trkpt>
   <trkpt lat="47.611908" lon="12.281155">
    <ele>1650.135</ele>
    <time>2026-08-08T09:49:41Z</time>
   </trkpt>
   <trkpt lat="47.611951" lon="12.281207">
    <ele>1654.999</ele>
    <time>2026-08-08T09:49:59Z</time>
   </trkpt>
   <trkpt lat="47.611952" lon="12.281164">
    <ele>1656.243</ele>
    <time>2026-08-08T09:50:14Z</time>
   </trkpt>
   <trkpt lat="47.611965" lon="12.281180">
    <ele>1653.852</ele>
    <time>2026-08-08T09:50:27Z</time>
   </trkpt>
   <trkpt lat="47.612014" lon="12.281070">
    <ele>1654.690</ele>
    <time>2026-08-08T09:50:44Z</time>
   </trkpt>
   <trkpt lat="47.611995" lon="12.281085">
    <ele>1654.078</ele>
    <time>2026-08-08T09:51:06Z</time>
   </trkpt>
   <trkpt lat="47.612058" lon="12.281213">
    <ele>1656.276</ele>
    <time>2026-08-08T09:51:18Z</time>
   </trkpt>
   <trkpt lat="47.612061" lon="12.281284">
    <ele>1660.777</ele>
    <time>2026-08-08T09:51:25Z</time>
   </trkpt>
   <trkpt lat="47.612094" lon="12.281312">
    <ele>1664.984</ele>
    <time>2026-08-08T09:51:39Z</time>
   </trkpt>
   <trkpt lat="47.612071" lon="12.281472">
    <ele>1673.468</ele>
    <time>2026-08-08T09:52:04Z</time>
   </trkpt>
   <trkpt lat="47.612078" lon="12.281581">
    <ele>1682.357</ele>
    <time>2026-08-08T09:52:16Z</time>
   </trkpt>
   <trkpt lat="47.612147" lon="12.281589">
    <ele>1685.576</ele>
    <time>2026-08-08T09:52:29Z</time>
   </trkpt>
   <trkpt lat="47.612179" lon="12.281748">
    <ele>1685.682</ele>
    <time>2026-08-08T09:52:45Z</time>
   </trkpt>
   <trkpt lat="47.612187" lon="12.281721">
    <ele>1693.041</ele>
    <time>2026-08-08T09:52:59Z</time>
   </trkpt>
   <trkpt lat="47.612201" lon="12.281643">
    <ele>1698.274</ele>
    <time>2026-08-08T09:53:12Z</time>
   </trkpt>
   <trkpt lat="47.612231" lon="12.281591">
    <ele>1702.875</ele>
    <time>2026-08-08T09:53:26Z</time>
   </trkpt>
   <trkpt lat="47.612251" lon="12.281586">
    <ele>1706.587</ele>
    <time>2026-08-08T09:53:36Z</time>
   </trkpt>
   <trkpt lat="47.612277" lon="12.281632">
    <ele>1711.619</ele>
    <time>2026-08-08T09:53:51Z</time>
   </trkpt>
   <trkpt lat="47.612304" lon="12.281519">
    <ele>1713.188</ele>
    <time>2026-08-08T09:54:04Z</time>
   </trkpt>
   <trkpt lat="47.612291" lon="12.281491">
    <ele>1716.132</ele>
    <time>2026-08-08T09:54:22Z</time>
   </trkpt>
   <trkpt lat="47.612343" lon="12.281498">
    <ele>1722.232</ele>
    <time>2026-08-08T09:54:38Z</time>
   </trkpt>
   <trkpt lat="47.612383" lon="12.281503">
    <ele>1726.575</ele>
    <time>2026-08-08T09:54:53Z</time>
   </trkpt>
   <trkpt lat="47.612371" lon="12.281463">
    <ele>1728.444</ele>
    <time>2026-08-08T09:54:57Z</time>
   </trkpt>
   <trkpt lat="47.612331" lon="12.281363">
    <ele>1732.317</ele>
    <time>2026-08-08T09:55:13Z</time>
   </trkpt>
   <trkpt lat="47.612317" lon="12.281167">
    <ele>1733.656</ele>
    <time>2026-08-08T09:55:32Z</time>
   </trkpt>
   <trkpt lat="47.612259" lon="12.281048">
    <ele>1733.461</ele>
    <time>2026-08-08T09:55:50Z</time>
   </trkpt>
   <trkpt lat="47.612194" lon="12.280974">
    <ele>1735.665</ele>
    <time>2026-08-08T09:56:05Z</time>
   </trkpt>
   <trkpt lat="47.612171" lon="12.280946">
    <ele>1739.254</ele>
    <time>2026-08-08T09:56:20Z</time>
   </trkpt>
   <trkpt lat="47.612195" lon="12.280949">
    <ele>1742.987</ele>
    <time>2026-08-08T09:56:50Z</time>
   </trkpt>
   <trkpt lat="47.612257" lon="12.280974">
    <ele>1746.239</ele>
    <time>2026-08-08T09:57:04Z</time>
   </trkpt>
   <trkpt lat="47.612284" lon="12.281023">
    <ele>1748.923</ele>
    <time>2026-08-08T09:57:18Z</time>
   </trkpt>
   <trkpt lat="47.612324" lon="12.281036">
    <ele>1753.379</ele>
    <time>2026-08-08T09:57:32Z</time>
   </trkpt>
   <trkpt lat="47.612371" lon="12.281044">
    <ele>1757.476</ele>
    <time>2026-08-08T09:57:46Z</time>
   </trkpt>
   <trkpt lat="47.612425" lon="12.281037">
    <ele>1758.736</ele>
    <time>2026-08-08T09:58:03Z</time>
   </trkpt>
   <trkpt lat="47.612450" lon="12.281075">
    <ele>1757.968</ele>
    <time>2026-08-08T09:58:17Z</time>
   </trkpt>
   <trkpt lat="47.612450" lon="12.281159">
    <ele>1758.578</ele>
    <time>2026-08-08T09:58:28Z</time>
   </trkpt>
   <trkpt lat="47.612514" lon="12.281237">
    <ele>1761.112</ele>
    <time>2026-08-08T09:58:41Z</time>
   </trkpt>
   <trkpt lat="47.612607" lon="12.281256">
    <ele>1762.682</ele>
    <time>2026-08-08T09:58:57Z</time>
   </trkpt>
   <trkpt lat="47.612619" lon="12.281253">
    <ele>1762.808</ele>
    <time>2026-08-08T09:59:00Z</time>
   </trkpt>
   <trkpt lat="47.612672" lon="12.281318">
    <ele>1765.838</ele>
    <time>2026-08-08T09:59:13Z</time>
   </trkpt>
   <trkpt lat="47.612700" lon="12.281326">
    <ele>1767.621</ele>
    <time>2026-08-08T09:59:25Z</time>
   </trkpt>
   <trkpt lat="47.612727" lon="12.281351">
    <ele>1769.749</ele>
    <time>2026-08-08T09:59:40Z</time>
   </trkpt>
   <trkpt lat="47.612735" lon="12.281351">
    <ele>1769.538</ele>
    <time>2026-08-08T09:59:52Z</time>
   </trkpt>
   <trkpt lat="47.612773" lon="12.281354">
    <ele>1772.827</ele>
    <time>2026-08-08T10:00:03Z</time>
   </trkpt>
   <trkpt lat="47.612787" lon="12.281388">
    <ele>1779.298</ele>
    <time>2026-08-08T10:00:15Z</time>
   </trkpt>
   <trkpt lat="47.612816" lon="12.281358">
    <ele>1782.253</ele>
    <time>2026-08-08T10:00:30Z</time>
   </trkpt>
   <trkpt lat="47.612842" lon="12.281365">
    <ele>1783.286</ele>
    <time>2026-08-08T10:00:44Z</time>
   </trkpt>
   <trkpt lat="47.612879" lon="12.281365">
    <ele>1784.702</ele>
    <time>2026-08-08T10:00:59Z</time>
   </trkpt>
   <trkpt lat="47.612911" lon="12.281378">
    <ele>1788.985</ele>
    <time>2026-08-08T10:01:15Z</time>
   </trkpt>
   <trkpt lat="47.612929" lon="12.281350">
    <ele>1791.125</ele>
    <time>2026-08-08T10:01:28Z</time>
   </trkpt>
   <trkpt lat="47.612956" lon="12.281363">
    <ele>1791.246</ele>
    <time>2026-08-08T10:01:42Z</time>
   </trkpt>
   <trkpt lat="47.612983" lon="12.281366">
    <ele>1793.104</ele>
    <time>2026-08-08T10:01:54Z</time>
   </trkpt>
   <trkpt lat="47.613002" lon="12.281389">
    <ele>1797.855</ele>
    <time>2026-08-08T10:02:07Z</time>
   </trkpt>
   <trkpt lat="47.613036" lon="12.281406">
    <ele>1803.458</ele>
    <time>2026-08-08T10:02:21Z</time>
   </trkpt>
   <trkpt lat="47.613066" lon="12.281378">
    <ele>1803.996</ele>
    <time>2026-08-08T10:02:34Z</time>
   </trkpt>
   <trkpt lat="47.613111" lon="12.281395">
    <ele>1806.685</ele>
    <time>2026-08-08T10:02:50Z</time>
   </trkpt>
   <trkpt lat="47.613184" lon="12.281333">
    <ele>1810.031</ele>
    <time>2026-08-08T10:03:08Z</time>
   </trkpt>
   <trkpt lat="47.613218" lon="12.281393">
    <ele>1811.265</ele>
    <time>2026-08-08T10:03:19Z</time>
   </trkpt>
   <trkpt lat="47.613247" lon="12.281405">
    <ele>1812.198</ele>
    <time>2026-08-08T10:03:37Z</time>
   </trkpt>
   <trkpt lat="47.613231" lon="12.281426">
    <ele>1815.566</ele>
    <time>2026-08-08T10:03:53Z</time>
   </trkpt>
   <trkpt lat="47.613262" lon="12.281435">
    <ele>1818.870</ele>
    <time>2026-08-08T10:04:08Z</time>
   </trkpt>
   <trkpt lat="47.613302" lon="12.281455">
    <ele>1823.786</ele>
    <time>2026-08-08T10:04:22Z</time>
   </trkpt>
   <trkpt lat="47.613331" lon="12.281451">
    <ele>1826.247</ele>
    <time>2026-08-08T10:04:34Z</time>
   </trkpt>
   <trkpt lat="47.613381" lon="12.281474">
    <ele>1828.249</ele>
    <time>2026-08-08T10:04:49Z</time>
   </trkpt>
   <trkpt lat="47.613411" lon="12.281508">
    <ele>1830.646</ele>
    <time>2026-08-08T10:05:00Z</time>
   </trkpt>
   <trkpt lat="47.613425" lon="12.281559">
    <ele>1834.069</ele>
    <time>2026-08-08T10:05:16Z</time>
   </trkpt>
   <trkpt lat="47.613464" lon="12.281563">
    <ele>1836.006</ele>
    <time>2026-08-08T10:05:28Z</time>
   </trkpt>
   <trkpt lat="47.613474" lon="12.281552">
    <ele>1837.919</ele>
    <time>2026-08-08T10:05:35Z</time>
   </trkpt>
   <trkpt lat="47.613507" lon="12.281566">
    <ele>1841.375</ele>
    <time>2026-08-08T10:05:46Z</time>
   </trkpt>
   <trkpt lat="47.613530" lon="12.281547">
    <ele>1843.557</ele>
    <time>2026-08-08T10:06:00Z</time>
   </trkpt>
   <trkpt lat="47.613565" lon="12.281559">
    <ele>1843.215</ele>
    <time>2026-08-08T10:06:12Z</time>
   </trkpt>
   <trkpt lat="47.613580" lon="12.281591">
    <ele>1844.258</ele>
    <time>2026-08-08T10:06:28Z</time>
   </trkpt>
   <trkpt lat="47.613586" lon="12.281598">
    <ele>1847.118</ele>
    <time>2026-08-08T10:06:43Z</time>
   </trkpt>
   <trkpt lat="47.613611" lon="12.281622">
    <ele>1849.799</ele>
    <time>2026-08-08T10:06:57Z</time>
   </trkpt>
   <trkpt lat="47.613605" lon="12.281648">
    <ele>1853.307</ele>
    <time>2026-08-08T10:07:11Z</time>
   </trkpt>
   <trkpt lat="47.613635" lon="12.281647">
    <ele>1857.060</ele>
    <time>2026-08-08T10:07:39Z</time>
   </trkpt>
   <trkpt lat="47.613669" lon="12.281664">
    <ele>1860.634</ele>
    <time>2026-08-08T10:07:57Z</time>
   </trkpt>
   <trkpt lat="47.613693" lon="12.281666">
    <ele>1863.680</ele>
    <time>2026-08-08T10:08:18Z</time>
   </trkpt>
   <trkpt lat="47.613749" lon="12.281720">
    <ele>1866.887</ele>
    <time>2026-08-08T10:08:33Z</time>
   </trkpt>
   <trkpt lat="47.613798" lon="12.281762">
    <ele>1870.635</ele>
    <time>2026-08-08T10:08:51Z</time>
   </trkpt>
   <trkpt lat="47.613842" lon="12.281825">
    <ele>1873.681</ele>
    <time>2026-08-08T10:09:08Z</time>
   </trkpt>
   <trkpt lat="47.613873" lon="12.281876">
    <ele>1876.484</ele>
    <time>2026-08-08T10:09:27Z</time>
   </trkpt>
   <trkpt lat="47.613862" lon="12.281891">
    <ele>1879.497</ele>
    <time>2026-08-08T10:09:45Z</time>
   </trkpt>
   <trkpt lat="47.613842" lon="12.281920">
    <ele>1882.158</ele>
    <time>2026-08-08T10:09:54Z</time>
   </trkpt>
   <trkpt lat="47.613827" lon="12.281990">
    <ele>1883.020</ele>
    <time>2026-08-08T10:10:08Z</time>
   </trkpt>
   <trkpt lat="47.613827" lon="12.281995">
    <ele>1882.768</ele>
    <time>2026-08-08T10:10:56Z</time>
   </trkpt>
   <trkpt lat="47.613817" lon="12.281995">
    <ele>1882.802</ele>
    <time>2026-08-08T10:11:24Z</time>
   </trkpt>
   <trkpt lat="47.613818" lon="12.281985">
    <ele>1880.802</ele>
    <time>2026-08-08T10:12:44Z</time>
   </trkpt>
   <trkpt lat="47.613811" lon="12.281988">
    <ele>1880.856</ele>
    <time>2026-08-08T10:13:25Z</time>
   </trkpt>
   <trkpt lat="47.613817" lon="12.281933">
    <ele>1881.922</ele>
    <time>2026-08-08T10:14:00Z</time>
   </trkpt>
   <trkpt lat="47.613827" lon="12.281907">
    <ele>1880.666</ele>
    <time>2026-08-08T10:14:16Z</time>
   </trkpt>
   <trkpt lat="47.613847" lon="12.281897">
    <ele>1879.510</ele>
    <time>2026-08-08T10:14:34Z</time>
   </trkpt>
   <trkpt lat="47.613829" lon="12.281858">
    <ele>1879.328</ele>
    <time>2026-08-08T10:14:47Z</time>
   </trkpt>
   <trkpt lat="47.613804" lon="12.281810">
    <ele>1879.812</ele>
    <time>2026-08-08T10:15:08Z</time>
   </trkpt>
   <trkpt lat="47.613732" lon="12.281744">
    <ele>1878.405</ele>
    <time>2026-08-08T10:15:29Z</time>
   </trkpt>
   <trkpt lat="47.613699" lon="12.281723">
    <ele>1878.360</ele>
    <time>2026-08-08T10:15:44Z</time>
   </trkpt>
   <trkpt lat="47.613687" lon="12.281647">
    <ele>1876.445</ele>
    <time>2026-08-08T10:15:57Z</time>
   </trkpt>
   <trkpt lat="47.613678" lon="12.281591">
    <ele>1874.560</ele>
    <time>2026-08-08T10:16:11Z</time>
   </trkpt>
   <trkpt lat="47.613711" lon="12.281559">
    <ele>1874.871</ele>
    <time>2026-08-08T10:16:33Z</time>
   </trkpt>
   <trkpt lat="47.613741" lon="12.281544">
    <ele>1873.267</ele>
    <time>2026-08-08T10:16:50Z</time>
   </trkpt>
   <trkpt lat="47.613722" lon="12.281528">
    <ele>1873.661</ele>
    <time>2026-08-08T10:17:06Z</time>
   </trkpt>
   <trkpt lat="47.613708" lon="12.281509">
    <ele>1871.599</ele>
    <time>2026-08-08T10:17:25Z</time>
   </trkpt>
   <trkpt lat="47.613700" lon="12.281484">
    <ele>1868.936</ele>
    <time>2026-08-08T10:17:47Z</time>
   </trkpt>
   <trkpt lat="47.613678" lon="12.281431">
    <ele>1865.980</ele>
    <time>2026-08-08T10:18:01Z</time>
   </trkpt>
   <trkpt lat="47.613649" lon="12.281356">
    <ele>1864.122</ele>
    <time>2026-08-08T10:18:15Z</time>
   </trkpt>
   <trkpt lat="47.613629" lon="12.281320">
    <ele>1864.157</ele>
    <time>2026-08-08T10:18:31Z</time>
   </trkpt>
   <trkpt lat="47.613594" lon="12.281264">
    <ele>1862.815</ele>
    <time>2026-08-08T10:18:52Z</time>
   </trkpt>
   <trkpt lat="47.613589" lon="12.281207">
    <ele>1860.292</ele>
    <time>2026-08-08T10:19:15Z</time>
   </trkpt>
   <trkpt lat="47.613554" lon="12.281172">
    <ele>1858.764</ele>
    <time>2026-08-08T10:19:28Z</time>
   </trkpt>
   <trkpt lat="47.613529" lon="12.281103">
    <ele>1857.017</ele>
    <time>2026-08-08T10:19:41Z</time>
   </trkpt>
   <trkpt lat="47.613499" lon="12.281112">
    <ele>1854.929</ele>
    <time>2026-08-08T10:20:04Z</time>
   </trkpt>
   <trkpt lat="47.613465" lon="12.281080">
    <ele>1851.583</ele>
    <time>2026-08-08T10:20:23Z</time>
   </trkpt>
   <trkpt lat="47.613444" lon="12.281072">
    <ele>1851.645</ele>
    <time>2026-08-08T10:20:40Z</time>
   </trkpt>
   <trkpt lat="47.613426" lon="12.281026">
    <ele>1851.649</ele>
    <time>2026-08-08T10:21:00Z</time>
   </trkpt>
   <trkpt lat="47.613381" lon="12.280997">
    <ele>1850.794</ele>
    <time>2026-08-08T10:21:13Z</time>
   </trkpt>
   <trkpt lat="47.613308" lon="12.280999">
    <ele>1852.529</ele>
    <time>2026-08-08T10:21:34Z</time>
   </trkpt>
   <trkpt lat="47.613288" lon="12.281009">
    <ele>1853.403</ele>
    <time>2026-08-08T10:21:38Z</time>
   </trkpt>
   <trkpt lat="47.613190" lon="12.280930">
    <ele>1853.602</ele>
    <time>2026-08-08T10:21:53Z</time>
   </trkpt>
   <trkpt lat="47.613144" lon="12.280911">
    <ele>1854.368</ele>
    <time>2026-08-08T10:22:09Z</time>
   </trkpt>
   <trkpt lat="47.613058" lon="12.280853">
    <ele>1855.300</ele>
    <time>2026-08-08T10:22:26Z</time>
   </trkpt>
   <trkpt lat="47.613017" lon="12.280797">
    <ele>1852.319</ele>
    <time>2026-08-08T10:22:39Z</time>
   </trkpt>
   <trkpt lat="47.613004" lon="12.280773">
    <ele>1851.071</ele>
    <time>2026-08-08T10:22:58Z</time>
   </trkpt>
   <trkpt lat="47.612980" lon="12.280707">
    <ele>1850.054</ele>
    <time>2026-08-08T10:23:10Z</time>
   </trkpt>
   <trkpt lat="47.612956" lon="12.280604">
    <ele>1849.386</ele>
    <time>2026-08-08T10:23:25Z</time>
   </trkpt>
   <trkpt lat="47.612968" lon="12.280584">
    <ele>1847.659</ele>
    <time>2026-08-08T10:23:44Z</time>
   </trkpt>
   <trkpt lat="47.613007" lon="12.280530">
    <ele>1845.270</ele>
    <time>2026-08-08T10:23:59Z</time>
   </trkpt>
   <trkpt lat="47.613094" lon="12.280432">
    <ele>1846.886</ele>
    <time>2026-08-08T10:24:22Z</time>
   </trkpt>
   <trkpt lat="47.613010" lon="12.280461">
    <ele>1846.677</ele>
    <time>2026-08-08T10:24:40Z</time>
   </trkpt>
   <trkpt lat="47.613014" lon="12.280530">
    <ele>1848.271</ele>
    <time>2026-08-08T10:25:20Z</time>
   </trkpt>
   <trkpt lat="47.612976" lon="12.280549">
    <ele>1848.279</ele>
    <time>2026-08-08T10:25:37Z</time>
   </trkpt>
   <trkpt lat="47.612970" lon="12.280548">
    <ele>1848.196</ele>
    <time>2026-08-08T10:26:09Z</time>
   </trkpt>
   <trkpt lat="47.612996" lon="12.280566">
    <ele>1848.026</ele>
    <time>2026-08-08T10:26:30Z</time>
   </trkpt>
   <trkpt lat="47.613012" lon="12.280599">
    <ele>1849.213</ele>
    <time>2026-08-08T10:26:44Z</time>
   </trkpt>
   <trkpt lat="47.612992" lon="12.280594">
    <ele>1847.643</ele>
    <time>2026-08-08T10:27:28Z</time>
   </trkpt>
   <trkpt lat="47.612979" lon="12.280580">
    <ele>1845.548</ele>
    <time>2026-08-08T10:27:41Z</time>
   </trkpt>
   <trkpt lat="47.612993" lon="12.280646">
    <ele>1845.741</ele>
    <time>2026-08-08T10:27:55Z</time>
   </trkpt>
   <trkpt lat="47.613029" lon="12.280697">
    <ele>1848.203</ele>
    <time>2026-08-08T10:28:13Z</time>
   </trkpt>
   <trkpt lat="47.613080" lon="12.280793">
    <ele>1849.996</ele>
    <time>2026-08-08T10:28:27Z</time>
   </trkpt>
   <trkpt lat="47.613085" lon="12.280817">
    <ele>1850.905</ele>
    <time>2026-08-08T10:28:48Z</time>
   </trkpt>
   <trkpt lat="47.613078" lon="12.280816">
    <ele>1850.927</ele>
    <time>2026-08-08T10:29:41Z</time>
   </trkpt>
   <trkpt lat="47.613143" lon="12.280843">
    <ele>1849.252</ele>
    <time>2026-08-08T10:29:55Z</time>
   </trkpt>
   <trkpt lat="47.613183" lon="12.280939">
    <ele>1848.851</ele>
    <time>2026-08-08T10:30:05Z</time>
   </trkpt>
   <trkpt lat="47.613189" lon="12.280986">
    <ele>1850.392</ele>
    <time>2026-08-08T10:30:26Z</time>
   </trkpt>
   <trkpt lat="47.613261" lon="12.280984">
    <ele>1849.197</ele>
    <time>2026-08-08T10:30:47Z</time>
   </trkpt>
   <trkpt lat="47.613346" lon="12.281033">
    <ele>1848.448</ele>
    <time>2026-08-08T10:31:06Z</time>
   </trkpt>
   <trkpt lat="47.613396" lon="12.280998">
    <ele>1849.049</ele>
    <time>2026-08-08T10:31:16Z</time>
   </trkpt>
   <trkpt lat="47.613446" lon="12.281013">
    <ele>1849.877</ele>
    <time>2026-08-08T10:31:33Z</time>
   </trkpt>
   <trkpt lat="47.613518" lon="12.281086">
    <ele>1854.141</ele>
    <time>2026-08-08T10:31:46Z</time>
   </trkpt>
   <trkpt lat="47.613552" lon="12.281122">
    <ele>1857.742</ele>
    <time>2026-08-08T10:31:58Z</time>
   </trkpt>
   <trkpt lat="47.613536" lon="12.281168">
    <ele>1857.972</ele>
    <time>2026-08-08T10:32:10Z</time>
   </trkpt>
   <trkpt lat="47.613591" lon="12.281238">
    <ele>1860.935</ele>
    <time>2026-08-08T10:32:55Z</time>
   </trkpt>
   <trkpt lat="47.613599" lon="12.281347">
    <ele>1862.441</ele>
    <time>2026-08-08T10:33:15Z</time>
   </trkpt>
   <trkpt lat="47.613644" lon="12.281390">
    <ele>1863.591</ele>
    <time>2026-08-08T10:33:29Z</time>
   </trkpt>
   <trkpt lat="47.613660" lon="12.281402">
    <ele>1864.228</ele>
    <time>2026-08-08T10:33:31Z</time>
   </trkpt>
   <trkpt lat="47.613669" lon="12.281433">
    <ele>1864.728</ele>
    <time>2026-08-08T10:33:38Z</time>
   </trkpt>
   <trkpt lat="47.613654" lon="12.281465">
    <ele>1864.471</ele>
    <time>2026-08-08T10:33:40Z</time>
   </trkpt>
   <trkpt lat="47.613629" lon="12.281568">
    <ele>1865.173</ele>
    <time>2026-08-08T10:33:55Z</time>
   </trkpt>
   <trkpt lat="47.613648" lon="12.281605">
    <ele>1865.190</ele>
    <time>2026-08-08T10:34:14Z</time>
   </trkpt>
   <trkpt lat="47.613659" lon="12.281659">
    <ele>1865.652</ele>
    <time>2026-08-08T10:34:31Z</time>
   </trkpt>
   <trkpt lat="47.613696" lon="12.281711">
    <ele>1865.520</ele>
    <time>2026-08-08T10:34:45Z</time>
   </trkpt>
   <trkpt lat="47.613654" lon="12.281715">
    <ele>1865.604</ele>
    <time>2026-08-08T10:35:00Z</time>
   </trkpt>
   <trkpt lat="47.613648" lon="12.281715">
    <ele>1864.860</ele>
    <time>2026-08-08T10:35:13Z</time>
   </trkpt>
   <trkpt lat="47.613605" lon="12.281734">
    <ele>1864.864</ele>
    <time>2026-08-08T10:35:30Z</time>
   </trkpt>
   <trkpt lat="47.613602" lon="12.281738">
    <ele>1862.206</ele>
    <time>2026-08-08T10:36:08Z</time>
   </trkpt>
   <trkpt lat="47.613577" lon="12.281755">
    <ele>1860.601</ele>
    <time>2026-08-08T10:36:30Z</time>
   </trkpt>
   <trkpt lat="47.613568" lon="12.281720">
    <ele>1858.360</ele>
    <time>2026-08-08T10:36:52Z</time>
   </trkpt>
   <trkpt lat="47.613555" lon="12.281749">
    <ele>1855.823</ele>
    <time>2026-08-08T10:37:10Z</time>
   </trkpt>
   <trkpt lat="47.613556" lon="12.281755">
    <ele>1853.172</ele>
    <time>2026-08-08T10:37:23Z</time>
   </trkpt>
   <trkpt lat="47.613547" lon="12.281750">
    <ele>1851.864</ele>
    <time>2026-08-08T10:37:43Z</time>
   </trkpt>
   <trkpt lat="47.613532" lon="12.281809">
    <ele>1849.379</ele>
    <time>2026-08-08T10:37:56Z</time>
   </trkpt>
   <trkpt lat="47.613514" lon="12.281819">
    <ele>1847.730</ele>
    <time>2026-08-08T10:38:11Z</time>
   </trkpt>
   <trkpt lat="47.613509" lon="12.281808">
    <ele>1845.400</ele>
    <time>2026-08-08T10:38:31Z</time>
   </trkpt>
   <trkpt lat="47.613497" lon="12.281801">
    <ele>1843.664</ele>
    <time>2026-08-08T10:38:44Z</time>
   </trkpt>
   <trkpt lat="47.613508" lon="12.281778">
    <ele>1841.061</ele>
    <time>2026-08-08T10:39:00Z</time>
   </trkpt>
   <trkpt lat="47.613491" lon="12.281785">
    <ele>1839.740</ele>
    <time>2026-08-08T10:39:43Z</time>
   </trkpt>
   <trkpt lat="47.613473" lon="12.281727">
    <ele>1838.799</ele>
    <time>2026-08-08T10:40:12Z</time>
   </trkpt>
   <trkpt lat="47.613396" lon="12.281647">
    <ele>1842.425</ele>
    <time>2026-08-08T10:40:26Z</time>
   </trkpt>
   <trkpt lat="47.613368" lon="12.281609">
    <ele>1843.877</ele>
    <time>2026-08-08T10:40:40Z</time>
   </trkpt>
   <trkpt lat="47.613355" lon="12.281611">
    <ele>1842.593</ele>
    <time>2026-08-08T10:40:56Z</time>
   </trkpt>
   <trkpt lat="47.613388" lon="12.281594">
    <ele>1841.659</ele>
    <time>2026-08-08T10:41:25Z</time>
   </trkpt>
   <trkpt lat="47.613347" lon="12.281581">
    <ele>1842.276</ele>
    <time>2026-08-08T10:41:59Z</time>
   </trkpt>
   <trkpt lat="47.613314" lon="12.281582">
    <ele>1840.338</ele>
    <time>2026-08-08T10:42:11Z</time>
   </trkpt>
   <trkpt lat="47.613306" lon="12.281557">
    <ele>1838.690</ele>
    <time>2026-08-08T10:42:34Z</time>
   </trkpt>
   <trkpt lat="47.613257" lon="12.281579">
    <ele>1837.556</ele>
    <time>2026-08-08T10:42:45Z</time>
   </trkpt>
   <trkpt lat="47.613245" lon="12.281564">
    <ele>1836.000</ele>
    <time>2026-08-08T10:43:00Z</time>
   </trkpt>
   <trkpt lat="47.613223" lon="12.281589">
    <ele>1835.136</ele>
    <time>2026-08-08T10:43:14Z</time>
   </trkpt>
   <trkpt lat="47.613222" lon="12.281507">
    <ele>1832.035</ele>
    <time>2026-08-08T10:43:34Z</time>
   </trkpt>
   <trkpt lat="47.613188" lon="12.281475">
    <ele>1830.257</ele>
    <time>2026-08-08T10:43:48Z</time>
   </trkpt>
   <trkpt lat="47.613154" lon="12.281458">
    <ele>1828.845</ele>
    <time>2026-08-08T10:44:01Z</time>
   </trkpt>
   <trkpt lat="47.613132" lon="12.281507">
    <ele>1826.870</ele>
    <time>2026-08-08T10:44:15Z</time>
   </trkpt>
   <trkpt lat="47.613109" lon="12.281494">
    <ele>1826.168</ele>
    <time>2026-08-08T10:44:33Z</time>
   </trkpt>
   <trkpt lat="47.613068" lon="12.281502">
    <ele>1824.941</ele>
    <time>2026-08-08T10:44:42Z</time>
   </trkpt>
   <trkpt lat="47.613063" lon="12.281459">
    <ele>1824.154</ele>
    <time>2026-08-08T10:44:55Z</time>
   </trkpt>
   <trkpt lat="47.613011" lon="12.281443">
    <ele>1823.660</ele>
    <time>2026-08-08T10:45:05Z</time>
   </trkpt>
   <trkpt lat="47.612979" lon="12.281432">
    <ele>1822.070</ele>
    <time>2026-08-08T10:45:17Z</time>
   </trkpt>
   <trkpt lat="47.613002" lon="12.281390">
    <ele>1819.646</ele>
    <time>2026-08-08T10:45:31Z</time>
   </trkpt>
   <trkpt lat="47.612951" lon="12.281355">
    <ele>1818.613</ele>
    <time>2026-08-08T10:45:58Z</time>
   </trkpt>
   <trkpt lat="47.612916" lon="12.281367">
    <ele>1820.121</ele>
    <time>2026-08-08T10:46:12Z</time>
   </trkpt>
   <trkpt lat="47.612901" lon="12.281341">
    <ele>1820.720</ele>
    <time>2026-08-08T10:46:26Z</time>
   </trkpt>
   <trkpt lat="47.612875" lon="12.281328">
    <ele>1818.961</ele>
    <time>2026-08-08T10:46:41Z</time>
   </trkpt>
   <trkpt lat="47.612836" lon="12.281332">
    <ele>1818.262</ele>
    <time>2026-08-08T10:46:55Z</time>
   </trkpt>
   <trkpt lat="47.612796" lon="12.281381">
    <ele>1819.543</ele>
    <time>2026-08-08T10:47:13Z</time>
   </trkpt>
   <trkpt lat="47.612790" lon="12.281411">
    <ele>1817.607</ele>
    <time>2026-08-08T10:47:27Z</time>
   </trkpt>
   <trkpt lat="47.612718" lon="12.281463">
    <ele>1816.688</ele>
    <time>2026-08-08T10:47:43Z</time>
   </trkpt>
   <trkpt lat="47.612648" lon="12.281488">
    <ele>1816.177</ele>
    <time>2026-08-08T10:47:59Z</time>
   </trkpt>
   <trkpt lat="47.612640" lon="12.281516">
    <ele>1814.360</ele>
    <time>2026-08-08T10:48:10Z</time>
   </trkpt>
   <trkpt lat="47.612606" lon="12.281492">
    <ele>1812.585</ele>
    <time>2026-08-08T10:48:24Z</time>
   </trkpt>
   <trkpt lat="47.612587" lon="12.281476">
    <ele>1812.085</ele>
    <time>2026-08-08T10:48:38Z</time>
   </trkpt>
   <trkpt lat="47.612581" lon="12.281484">
    <ele>1810.318</ele>
    <time>2026-08-08T10:48:52Z</time>
   </trkpt>
   <trkpt lat="47.612562" lon="12.281482">
    <ele>1808.531</ele>
    <time>2026-08-08T10:49:16Z</time>
   </trkpt>
   <trkpt lat="47.612521" lon="12.281451">
    <ele>1806.875</ele>
    <time>2026-08-08T10:49:30Z</time>
   </trkpt>
   <trkpt lat="47.612454" lon="12.281475">
    <ele>1808.451</ele>
    <time>2026-08-08T10:49:42Z</time>
   </trkpt>
   <trkpt lat="47.612366" lon="12.281491">
    <ele>1809.728</ele>
    <time>2026-08-08T10:49:56Z</time>
   </trkpt>
   <trkpt lat="47.612312" lon="12.281416">
    <ele>1803.421</ele>
    <time>2026-08-08T10:50:10Z</time>
   </trkpt>
   <trkpt lat="47.612405" lon="12.281335">
    <ele>1785.323</ele>
    <time>2026-08-08T10:50:25Z</time>
   </trkpt>
   <trkpt lat="47.612409" lon="12.281276">
    <ele>1780.027</ele>
    <time>2026-08-08T10:50:28Z</time>
   </trkpt>
   <trkpt lat="47.612394" lon="12.281132">
    <ele>1777.638</ele>
    <time>2026-08-08T10:50:40Z</time>
   </trkpt>
   <trkpt lat="47.612382" lon="12.281130">
    <ele>1777.162</ele>
    <time>2026-08-08T10:50:43Z</time>
   </trkpt>
   <trkpt lat="47.612357" lon="12.281085">
    <ele>1772.751</ele>
    <time>2026-08-08T10:50:56Z</time>
   </trkpt>
   <trkpt lat="47.612312" lon="12.281046">
    <ele>1766.468</ele>
    <time>2026-08-08T10:51:11Z</time>
   </trkpt>
   <trkpt lat="47.612238" lon="12.281049">
    <ele>1760.553</ele>
    <time>2026-08-08T10:51:27Z</time>
   </trkpt>
   <trkpt lat="47.612170" lon="12.281008">
    <ele>1755.089</ele>
    <time>2026-08-08T10:51:43Z</time>
   </trkpt>
   <trkpt lat="47.612125" lon="12.280959">
    <ele>1752.182</ele>
    <time>2026-08-08T10:51:54Z</time>
   </trkpt>
   <trkpt lat="47.612128" lon="12.280835">
    <ele>1754.342</ele>
    <time>2026-08-08T10:52:02Z</time>
   </trkpt>
   <trkpt lat="47.612087" lon="12.280730">
    <ele>1754.103</ele>
    <time>2026-08-08T10:52:14Z</time>
   </trkpt>
   <trkpt lat="47.612051" lon="12.280642">
    <ele>1755.497</ele>
    <time>2026-08-08T10:52:26Z</time>
   </trkpt>
   <trkpt lat="47.612101" lon="12.280660">
    <ele>1757.526</ele>
    <time>2026-08-08T10:52:37Z</time>
   </trkpt>
   <trkpt lat="47.612174" lon="12.280667">
    <ele>1759.947</ele>
    <time>2026-08-08T10:52:52Z</time>
   </trkpt>
   <trkpt lat="47.612239" lon="12.280621">
    <ele>1762.162</ele>
    <time>2026-08-08T10:53:05Z</time>
   </trkpt>
   <trkpt lat="47.612305" lon="12.280594">
    <ele>1764.918</ele>
    <time>2026-08-08T10:53:19Z</time>
   </trkpt>
   <trkpt lat="47.612370" lon="12.280548">
    <ele>1765.418</ele>
    <time>2026-08-08T10:53:32Z</time>
   </trkpt>
   <trkpt lat="47.612381" lon="12.280494">
    <ele>1767.414</ele>
    <time>2026-08-08T10:53:45Z</time>
   </trkpt>
   <trkpt lat="47.612403" lon="12.280427">
    <ele>1767.993</ele>
    <time>2026-08-08T10:54:00Z</time>
   </trkpt>
   <trkpt lat="47.612460" lon="12.280387">
    <ele>1770.586</ele>
    <time>2026-08-08T10:54:14Z</time>
   </trkpt>
   <trkpt lat="47.612475" lon="12.280375">
    <ele>1774.566</ele>
    <time>2026-08-08T10:54:27Z</time>
   </trkpt>
   <trkpt lat="47.612494" lon="12.280376">
    <ele>1777.293</ele>
    <time>2026-08-08T10:54:38Z</time>
   </trkpt>
   <trkpt lat="47.612542" lon="12.280381">
    <ele>1779.109</ele>
    <time>2026-08-08T10:54:47Z</time>
   </trkpt>
   <trkpt lat="47.612545" lon="12.280342">
    <ele>1785.729</ele>
    <time>2026-08-08T10:54:59Z</time>
   </trkpt>
   <trkpt lat="47.612566" lon="12.280280">
    <ele>1788.457</ele>
    <time>2026-08-08T10:55:12Z</time>
   </trkpt>
   <trkpt lat="47.612601" lon="12.280279">
    <ele>1791.919</ele>
    <time>2026-08-08T10:55:25Z</time>
   </trkpt>
   <trkpt lat="47.612553" lon="12.280199">
    <ele>1796.312</ele>
    <time>2026-08-08T10:55:40Z</time>
   </trkpt>
   <trkpt lat="47.612594" lon="12.280181">
    <ele>1799.367</ele>
    <time>2026-08-08T10:55:51Z</time>
   </trkpt>
   <trkpt lat="47.612601" lon="12.280155">
    <ele>1800.828</ele>
    <time>2026-08-08T10:55:55Z</time>
   </trkpt>
   <trkpt lat="47.612485" lon="12.280134">
    <ele>1806.900</ele>
    <time>2026-08-08T10:56:05Z</time>
   </trkpt>
   <trkpt lat="47.612441" lon="12.280163">
    <ele>1809.941</ele>
    <time>2026-08-08T10:56:11Z</time>
   </trkpt>
   <trkpt lat="47.612337" lon="12.279929">
    <ele>1813.417</ele>
    <time>2026-08-08T10:56:28Z</time>
   </trkpt>
   <trkpt lat="47.612326" lon="12.279906">
    <ele>1813.980</ele>
    <time>2026-08-08T10:56:30Z</time>
   </trkpt>
   <trkpt lat="47.612285" lon="12.279799">
    <ele>1816.242</ele>
    <time>2026-08-08T10:56:38Z</time>
   </trkpt>
   <trkpt lat="47.612245" lon="12.279751">
    <ele>1817.245</ele>
    <time>2026-08-08T10:56:43Z</time>
   </trkpt>
   <trkpt lat="47.612213" lon="12.279600">
    <ele>1818.506</ele>
    <time>2026-08-08T10:56:53Z</time>
   </trkpt>
   <trkpt lat="47.612194" lon="12.279558">
    <ele>1819.074</ele>
    <time>2026-08-08T10:56:56Z</time>
   </trkpt>
   <trkpt lat="47.612100" lon="12.279274">
    <ele>1821.802</ele>
    <time>2026-08-08T10:57:14Z</time>
   </trkpt>
   <trkpt lat="47.611911" lon="12.279175">
    <ele>1825.404</ele>
    <time>2026-08-08T10:57:31Z</time>
   </trkpt>
   <trkpt lat="47.611838" lon="12.279183">
    <ele>1828.415</ele>
    <time>2026-08-08T10:57:38Z</time>
   </trkpt>
   <trkpt lat="47.611804" lon="12.279215">
    <ele>1829.986</ele>
    <time>2026-08-08T10:57:42Z</time>
   </trkpt>
   <trkpt lat="47.611752" lon="12.279228">
    <ele>1832.453</ele>
    <time>2026-08-08T10:57:47Z</time>
   </trkpt>
   <trkpt lat="47.611662" lon="12.279224">
    <ele>1838.760</ele>
    <time>2026-08-08T10:58:01Z</time>
   </trkpt>
   <trkpt lat="47.611598" lon="12.279206">
    <ele>1842.085</ele>
    <time>2026-08-08T10:58:16Z</time>
   </trkpt>
   <trkpt lat="47.611594" lon="12.279128">
    <ele>1844.179</ele>
    <time>2026-08-08T10:58:28Z</time>
   </trkpt>
   <trkpt lat="47.611533" lon="12.279116">
    <ele>1848.442</ele>
    <time>2026-08-08T10:58:51Z</time>
   </trkpt>
   <trkpt lat="47.611470" lon="12.279090">
    <ele>1852.178</ele>
    <time>2026-08-08T10:59:04Z</time>
   </trkpt>
   <trkpt lat="47.611404" lon="12.279028">
    <ele>1856.033</ele>
    <time>2026-08-08T10:59:19Z</time>
   </trkpt>
   <trkpt lat="47.611298" lon="12.279004">
    <ele>1858.170</ele>
    <time>2026-08-08T10:59:34Z</time>
   </trkpt>
   <trkpt lat="47.611246" lon="12.278963">
    <ele>1858.925</ele>
    <time>2026-08-08T10:59:47Z</time>
   </trkpt>
   <trkpt lat="47.611202" lon="12.278939">
    <ele>1860.308</ele>
    <time>2026-08-08T10:59:59Z</time>
   </trkpt>
   <trkpt lat="47.611147" lon="12.278859">
    <ele>1865.075</ele>
    <time>2026-08-08T11:00:15Z</time>
   </trkpt>
   <trkpt lat="47.611111" lon="12.278826">
    <ele>1868.868</ele>
    <time>2026-08-08T11:00:28Z</time>
   </trkpt>
   <trkpt lat="47.611008" lon="12.278813">
    <ele>1870.734</ele>
    <time>2026-08-08T11:00:42Z</time>
   </trkpt>
   <trkpt lat="47.611057" lon="12.278757">
    <ele>1874.132</ele>
    <time>2026-08-08T11:00:55Z</time>
   </trkpt>
   <trkpt lat="47.610964" lon="12.278709">
    <ele>1877.871</ele>
    <time>2026-08-08T11:01:08Z</time>
   </trkpt>
   <trkpt lat="47.610913" lon="12.278577">
    <ele>1880.687</ele>
    <time>2026-08-08T11:01:22Z</time>
   </trkpt>
   <trkpt lat="47.610812" lon="12.278491">
    <ele>1886.490</ele>
    <time>2026-08-08T11:01:40Z</time>
   </trkpt>
   <trkpt lat="47.610775" lon="12.278480">
    <ele>1889.473</ele>
    <time>2026-08-08T11:01:54Z</time>
   </trkpt>
   <trkpt lat="47.610733" lon="12.278421">
    <ele>1890.118</ele>
    <time>2026-08-08T11:02:09Z</time>
   </trkpt>
   <trkpt lat="47.610754" lon="12.278376">
    <ele>1892.270</ele>
    <time>2026-08-08T11:02:22Z</time>
   </trkpt>
   <trkpt lat="47.610824" lon="12.278349">
    <ele>1895.141</ele>
    <time>2026-08-08T11:02:34Z</time>
   </trkpt>
   <trkpt lat="47.610769" lon="12.278280">
    <ele>1897.139</ele>
    <time>2026-08-08T11:02:46Z</time>
   </trkpt>
   <trkpt lat="47.610700" lon="12.278202">
    <ele>1900.810</ele>
    <time>2026-08-08T11:03:01Z</time>
   </trkpt>
   <trkpt lat="47.610626" lon="12.278161">
    <ele>1905.777</ele>
    <time>2026-08-08T11:03:16Z</time>
   </trkpt>
   <trkpt lat="47.610694" lon="12.278098">
    <ele>1908.578</ele>
    <time>2026-08-08T11:03:28Z</time>
   </trkpt>
   <trkpt lat="47.610632" lon="12.278104">
    <ele>1914.004</ele>
    <time>2026-08-08T11:03:42Z</time>
   </trkpt>
   <trkpt lat="47.610562" lon="12.278096">
    <ele>1918.831</ele>
    <time>2026-08-08T11:03:59Z</time>
   </trkpt>
   <trkpt lat="47.610584" lon="12.278018">
    <ele>1921.247</ele>
    <time>2026-08-08T11:04:15Z</time>
   </trkpt>
   <trkpt lat="47.610600" lon="12.277997">
    <ele>1922.856</ele>
    <time>2026-08-08T11:04:24Z</time>
   </trkpt>
   <trkpt lat="47.610576" lon="12.277942">
    <ele>1924.991</ele>
    <time>2026-08-08T11:04:37Z</time>
   </trkpt>
   <trkpt lat="47.610608" lon="12.277912">
    <ele>1928.120</ele>
    <time>2026-08-08T11:04:48Z</time>
   </trkpt>
   <trkpt lat="47.610683" lon="12.277869">
    <ele>1931.658</ele>
    <time>2026-08-08T11:05:02Z</time>
   </trkpt>
   <trkpt lat="47.610619" lon="12.277806">
    <ele>1932.696</ele>
    <time>2026-08-08T11:05:18Z</time>
   </trkpt>
   <trkpt lat="47.610569" lon="12.277691">
    <ele>1934.960</ele>
    <time>2026-08-08T11:05:31Z</time>
   </trkpt>
   <trkpt lat="47.610551" lon="12.277586">
    <ele>1938.463</ele>
    <time>2026-08-08T11:05:44Z</time>
   </trkpt>
   <trkpt lat="47.610492" lon="12.277519">
    <ele>1940.491</ele>
    <time>2026-08-08T11:05:59Z</time>
   </trkpt>
   <trkpt lat="47.610496" lon="12.277625">
    <ele>1944.308</ele>
    <time>2026-08-08T11:06:15Z</time>
   </trkpt>
   <trkpt lat="47.610456" lon="12.277499">
    <ele>1947.702</ele>
    <time>2026-08-08T11:06:29Z</time>
   </trkpt>
   <trkpt lat="47.610441" lon="12.277434">
    <ele>1950.005</ele>
    <time>2026-08-08T11:06:35Z</time>
   </trkpt>
   <trkpt lat="47.610415" lon="12.277348">
    <ele>1950.532</ele>
    <time>2026-08-08T11:06:42Z</time>
   </trkpt>
   <trkpt lat="47.610334" lon="12.277259">
    <ele>1952.884</ele>
    <time>2026-08-08T11:06:57Z</time>
   </trkpt>
   <trkpt lat="47.610255" lon="12.277212">
    <ele>1956.177</ele>
    <time>2026-08-08T11:07:09Z</time>
   </trkpt>
   <trkpt lat="47.610170" lon="12.277172">
    <ele>1959.060</ele>
    <time>2026-08-08T11:07:24Z</time>
   </trkpt>
   <trkpt lat="47.610109" lon="12.277087">
    <ele>1961.789</ele>
    <time>2026-08-08T11:07:40Z</time>
   </trkpt>
   <trkpt lat="47.610059" lon="12.277058">
    <ele>1965.652</ele>
    <time>2026-08-08T11:08:02Z</time>
   </trkpt>
   <trkpt lat="47.610060" lon="12.276997">
    <ele>1967.520</ele>
    <time>2026-08-08T11:08:24Z</time>
   </trkpt>
   <trkpt lat="47.610056" lon="12.276978">
    <ele>1972.166</ele>
    <time>2026-08-08T11:08:45Z</time>
   </trkpt>
   <trkpt lat="47.610033" lon="12.276970">
    <ele>1974.447</ele>
    <time>2026-08-08T11:08:59Z</time>
   </trkpt>
   <trkpt lat="47.610041" lon="12.276932">
    <ele>1975.254</ele>
    <time>2026-08-08T11:09:16Z</time>
   </trkpt>
   <trkpt lat="47.610042" lon="12.276868">
    <ele>1977.462</ele>
    <time>2026-08-08T11:09:41Z</time>
   </trkpt>
   <trkpt lat="47.610035" lon="12.276850">
    <ele>1981.108</ele>
    <time>2026-08-08T11:10:29Z</time>
   </trkpt>
   <trkpt lat="47.610097" lon="12.276855">
    <ele>1985.401</ele>
    <time>2026-08-08T11:10:48Z</time>
   </trkpt>
   <trkpt lat="47.610140" lon="12.276866">
    <ele>1989.484</ele>
    <time>2026-08-08T11:11:07Z</time>
   </trkpt>
   <trkpt lat="47.610130" lon="12.276819">
    <ele>1992.385</ele>
    <time>2026-08-08T11:11:24Z</time>
   </trkpt>
   <trkpt lat="47.610055" lon="12.276739">
    <ele>1994.570</ele>
    <time>2026-08-08T11:11:45Z</time>
   </trkpt>
   <trkpt lat="47.610036" lon="12.276676">
    <ele>1993.588</ele>
    <time>2026-08-08T11:11:58Z</time>
   </trkpt>
   <trkpt lat="47.610055" lon="12.276605">
    <ele>1993.456</ele>
    <time>2026-08-08T11:12:15Z</time>
   </trkpt>
   <trkpt lat="47.610053" lon="12.276615">
    <ele>1992.744</ele>
    <time>2026-08-08T11:13:35Z</time>
   </trkpt>
   <trkpt lat="47.610049" lon="12.276618">
    <ele>1993.416</ele>
    <time>2026-08-08T11:25:28Z</time>
   </trkpt>
   <trkpt lat="47.610049" lon="12.276624">
    <ele>1993.536</ele>
    <time>2026-08-08T11:25:54Z</time>
   </trkpt>
   <trkpt lat="47.610034" lon="12.276537">
    <ele>1991.399</ele>
    <time>2026-08-08T11:25:59Z</time>
   </trkpt>
   <trkpt lat="47.610026" lon="12.276461">
    <ele>1991.013</ele>
    <time>2026-08-08T11:26:10Z</time>
   </trkpt>
   <trkpt lat="47.609981" lon="12.276478">
    <ele>1990.725</ele>
    <time>2026-08-08T11:26:13Z</time>
   </trkpt>
   <trkpt lat="47.609936" lon="12.276457">
    <ele>1990.444</ele>
    <time>2026-08-08T11:26:18Z</time>
   </trkpt>
   <trkpt lat="47.609891" lon="12.276426">
    <ele>1989.467</ele>
    <time>2026-08-08T11:26:25Z</time>
   </trkpt>
   <trkpt lat="47.609867" lon="12.276441">
    <ele>1989.010</ele>
    <time>2026-08-08T11:26:27Z</time>
   </trkpt>
   <trkpt lat="47.609834" lon="12.276506">
    <ele>1987.239</ele>
    <time>2026-08-08T11:26:32Z</time>
   </trkpt>
   <trkpt lat="47.609750" lon="12.276419">
    <ele>1984.522</ele>
    <time>2026-08-08T11:26:40Z</time>
   </trkpt>
   <trkpt lat="47.609711" lon="12.276294">
    <ele>1983.033</ele>
    <time>2026-08-08T11:26:47Z</time>
   </trkpt>
   <trkpt lat="47.609666" lon="12.276303">
    <ele>1982.106</ele>
    <time>2026-08-08T11:26:51Z</time>
   </trkpt>
   <trkpt lat="47.609649" lon="12.276310">
    <ele>1981.208</ele>
    <time>2026-08-08T11:26:53Z</time>
   </trkpt>
   <trkpt lat="47.609603" lon="12.276293">
    <ele>1979.947</ele>
    <time>2026-08-08T11:26:57Z</time>
   </trkpt>
   <trkpt lat="47.609518" lon="12.276303">
    <ele>1976.169</ele>
    <time>2026-08-08T11:27:08Z</time>
   </trkpt>
   <trkpt lat="47.609448" lon="12.276296">
    <ele>1973.759</ele>
    <time>2026-08-08T11:27:16Z</time>
   </trkpt>
   <trkpt lat="47.609408" lon="12.276244">
    <ele>1971.712</ele>
    <time>2026-08-08T11:27:20Z</time>
   </trkpt>
   <trkpt lat="47.609296" lon="12.276166">
    <ele>1967.107</ele>
    <time>2026-08-08T11:27:30Z</time>
   </trkpt>
   <trkpt lat="47.609233" lon="12.276185">
    <ele>1964.133</ele>
    <time>2026-08-08T11:27:35Z</time>
   </trkpt>
   <trkpt lat="47.609207" lon="12.276218">
    <ele>1962.637</ele>
    <time>2026-08-08T11:27:37Z</time>
   </trkpt>
   <trkpt lat="47.609091" lon="12.276226">
    <ele>1958.831</ele>
    <time>2026-08-08T11:27:45Z</time>
   </trkpt>
   <trkpt lat="47.609011" lon="12.276200">
    <ele>1956.021</ele>
    <time>2026-08-08T11:27:53Z</time>
   </trkpt>
   <trkpt lat="47.608963" lon="12.276223">
    <ele>1954.803</ele>
    <time>2026-08-08T11:27:57Z</time>
   </trkpt>
   <trkpt lat="47.608942" lon="12.276234">
    <ele>1954.131</ele>
    <time>2026-08-08T11:27:59Z</time>
   </trkpt>
   <trkpt lat="47.608855" lon="12.276159">
    <ele>1949.151</ele>
    <time>2026-08-08T11:28:13Z</time>
   </trkpt>
   <trkpt lat="47.608800" lon="12.276174">
    <ele>1946.891</ele>
    <time>2026-08-08T11:28:17Z</time>
   </trkpt>
   <trkpt lat="47.608758" lon="12.276180">
    <ele>1945.071</ele>
    <time>2026-08-08T11:28:20Z</time>
   </trkpt>
   <trkpt lat="47.608710" lon="12.276206">
    <ele>1943.382</ele>
    <time>2026-08-08T11:28:23Z</time>
   </trkpt>
   <trkpt lat="47.608514" lon="12.276357">
    <ele>1940.029</ele>
    <time>2026-08-08T11:28:39Z</time>
   </trkpt>
   <trkpt lat="47.608456" lon="12.276349">
    <ele>1938.627</ele>
    <time>2026-08-08T11:28:44Z</time>
   </trkpt>
   <trkpt lat="47.608419" lon="12.276311">
    <ele>1937.210</ele>
    <time>2026-08-08T11:28:47Z</time>
   </trkpt>
   <trkpt lat="47.608377" lon="12.276287">
    <ele>1936.292</ele>
    <time>2026-08-08T11:28:51Z</time>
   </trkpt>
   <trkpt lat="47.608351" lon="12.276293">
    <ele>1935.959</ele>
    <time>2026-08-08T11:28:53Z</time>
   </trkpt>
   <trkpt lat="47.608306" lon="12.276228">
    <ele>1933.616</ele>
    <time>2026-08-08T11:28:58Z</time>
   </trkpt>
   <trkpt lat="47.608216" lon="12.276148">
    <ele>1931.138</ele>
    <time>2026-08-08T11:29:04Z</time>
   </trkpt>
   <trkpt lat="47.608108" lon="12.275987">
    <ele>1929.071</ele>
    <time>2026-08-08T11:29:14Z</time>
   </trkpt>
   <trkpt lat="47.607985" lon="12.275886">
    <ele>1926.676</ele>
    <time>2026-08-08T11:29:23Z</time>
   </trkpt>
   <trkpt lat="47.607935" lon="12.275856">
    <ele>1924.288</ele>
    <time>2026-08-08T11:29:27Z</time>
   </trkpt>
   <trkpt lat="47.607862" lon="12.275821">
    <ele>1922.093</ele>
    <time>2026-08-08T11:29:38Z</time>
   </trkpt>
   <trkpt lat="47.607863" lon="12.275828">
    <ele>1922.008</ele>
    <time>2026-08-08T11:29:52Z</time>
   </trkpt>
   <trkpt lat="47.607939" lon="12.275882">
    <ele>1924.868</ele>
    <time>2026-08-08T11:30:01Z</time>
   </trkpt>
   <trkpt lat="47.608070" lon="12.276053">
    <ele>1928.561</ele>
    <time>2026-08-08T11:30:19Z</time>
   </trkpt>
   <trkpt lat="47.608204" lon="12.276176">
    <ele>1930.785</ele>
    <time>2026-08-08T11:30:37Z</time>
   </trkpt>
   <trkpt lat="47.608296" lon="12.276272">
    <ele>1935.536</ele>
    <time>2026-08-08T11:30:58Z</time>
   </trkpt>
   <trkpt lat="47.608262" lon="12.276345">
    <ele>1938.036</ele>
    <time>2026-08-08T11:31:14Z</time>
   </trkpt>
   <trkpt lat="47.608186" lon="12.276391">
    <ele>1939.948</ele>
    <time>2026-08-08T11:31:25Z</time>
   </trkpt>
   <trkpt lat="47.608018" lon="12.276432">
    <ele>1942.682</ele>
    <time>2026-08-08T11:31:44Z</time>
   </trkpt>
   <trkpt lat="47.607978" lon="12.276419">
    <ele>1943.312</ele>
    <time>2026-08-08T11:31:49Z</time>
   </trkpt>
   <trkpt lat="47.607831" lon="12.276447">
    <ele>1947.062</ele>
    <time>2026-08-08T11:32:08Z</time>
   </trkpt>
   <trkpt lat="47.607790" lon="12.276483">
    <ele>1949.399</ele>
    <time>2026-08-08T11:32:24Z</time>
   </trkpt>
   <trkpt lat="47.607701" lon="12.276502">
    <ele>1954.136</ele>
    <time>2026-08-08T11:32:42Z</time>
   </trkpt>
   <trkpt lat="47.607591" lon="12.276633">
    <ele>1959.270</ele>
    <time>2026-08-08T11:33:03Z</time>
   </trkpt>
   <trkpt lat="47.607498" lon="12.276703">
    <ele>1963.578</ele>
    <time>2026-08-08T11:33:23Z</time>
   </trkpt>
   <trkpt lat="47.607444" lon="12.276859">
    <ele>1969.466</ele>
    <time>2026-08-08T11:33:45Z</time>
   </trkpt>
   <trkpt lat="47.607389" lon="12.276981">
    <ele>1973.339</ele>
    <time>2026-08-08T11:34:05Z</time>
   </trkpt>
   <trkpt lat="47.607227" lon="12.276979">
    <ele>1979.245</ele>
    <time>2026-08-08T11:34:31Z</time>
   </trkpt>
   <trkpt lat="47.607149" lon="12.276998">
    <ele>1981.228</ele>
    <time>2026-08-08T11:34:43Z</time>
   </trkpt>
   <trkpt lat="47.607038" lon="12.277185">
    <ele>1985.881</ele>
    <time>2026-08-08T11:35:04Z</time>
   </trkpt>
   <trkpt lat="47.607012" lon="12.277422">
    <ele>1990.837</ele>
    <time>2026-08-08T11:35:25Z</time>
   </trkpt>
   <trkpt lat="47.606989" lon="12.277592">
    <ele>1993.182</ele>
    <time>2026-08-08T11:35:40Z</time>
   </trkpt>
   <trkpt lat="47.606912" lon="12.277767">
    <ele>1995.896</ele>
    <time>2026-08-08T11:35:58Z</time>
   </trkpt>
   <trkpt lat="47.606867" lon="12.277800">
    <ele>1996.238</ele>
    <time>2026-08-08T11:36:12Z</time>
   </trkpt>
   <trkpt lat="47.606837" lon="12.277856">
    <ele>1995.227</ele>
    <time>2026-08-08T11:36:43Z</time>
   </trkpt>
   <trkpt lat="47.606822" lon="12.277914">
    <ele>1994.747</ele>
    <time>2026-08-08T11:36:56Z</time>
   </trkpt>
   <trkpt lat="47.606794" lon="12.277932">
    <ele>1993.626</ele>
    <time>2026-08-08T11:36:59Z</time>
   </trkpt>
   <trkpt lat="47.606738" lon="12.278063">
    <ele>1990.287</ele>
    <time>2026-08-08T11:37:09Z</time>
   </trkpt>
   <trkpt lat="47.606715" lon="12.278070">
    <ele>1990.552</ele>
    <time>2026-08-08T11:37:11Z</time>
   </trkpt>
   <trkpt lat="47.606659" lon="12.278129">
    <ele>1992.312</ele>
    <time>2026-08-08T11:37:17Z</time>
   </trkpt>
   <trkpt lat="47.606558" lon="12.278294">
    <ele>1992.589</ele>
    <time>2026-08-08T11:37:29Z</time>
   </trkpt>
   <trkpt lat="47.606488" lon="12.278319">
    <ele>1992.017</ele>
    <time>2026-08-08T11:37:35Z</time>
   </trkpt>
   <trkpt lat="47.606420" lon="12.278325">
    <ele>1991.506</ele>
    <time>2026-08-08T11:37:40Z</time>
   </trkpt>
   <trkpt lat="47.606378" lon="12.278395">
    <ele>1991.886</ele>
    <time>2026-08-08T11:37:45Z</time>
   </trkpt>
   <trkpt lat="47.606363" lon="12.278449">
    <ele>1992.475</ele>
    <time>2026-08-08T11:37:49Z</time>
   </trkpt>
   <trkpt lat="47.606355" lon="12.278577">
    <ele>1991.776</ele>
    <time>2026-08-08T11:38:05Z</time>
   </trkpt>
   <trkpt lat="47.606380" lon="12.278664">
    <ele>1988.265</ele>
    <time>2026-08-08T11:38:29Z</time>
   </trkpt>
   <trkpt lat="47.606413" lon="12.278703">
    <ele>1984.998</ele>
    <time>2026-08-08T11:38:39Z</time>
   </trkpt>
   <trkpt lat="47.606440" lon="12.278719">
    <ele>1983.337</ele>
    <time>2026-08-08T11:38:44Z</time>
   </trkpt>
   <trkpt lat="47.606498" lon="12.278784">
    <ele>1982.242</ele>
    <time>2026-08-08T11:38:55Z</time>
   </trkpt>
   <trkpt lat="47.606518" lon="12.278812">
    <ele>1981.879</ele>
    <time>2026-08-08T11:39:12Z</time>
   </trkpt>
   <trkpt lat="47.606525" lon="12.278896">
    <ele>1979.836</ele>
    <time>2026-08-08T11:39:39Z</time>
   </trkpt>
   <trkpt lat="47.606517" lon="12.278952">
    <ele>1976.801</ele>
    <time>2026-08-08T11:40:03Z</time>
   </trkpt>
   <trkpt lat="47.606522" lon="12.279168">
    <ele>1971.252</ele>
    <time>2026-08-08T11:40:23Z</time>
   </trkpt>
   <trkpt lat="47.606491" lon="12.279205">
    <ele>1967.386</ele>
    <time>2026-08-08T11:40:35Z</time>
   </trkpt>
   <trkpt lat="47.606452" lon="12.279340">
    <ele>1964.279</ele>
    <time>2026-08-08T11:40:44Z</time>
   </trkpt>
   <trkpt lat="47.606410" lon="12.279444">
    <ele>1961.951</ele>
    <time>2026-08-08T11:40:56Z</time>
   </trkpt>
   <trkpt lat="47.606422" lon="12.279480">
    <ele>1962.099</ele>
    <time>2026-08-08T11:41:24Z</time>
   </trkpt>
   <trkpt lat="47.606433" lon="12.279510">
    <ele>1961.717</ele>
    <time>2026-08-08T11:41:39Z</time>
   </trkpt>
   <trkpt lat="47.606425" lon="12.279508">
    <ele>1961.315</ele>
    <time>2026-08-08T11:42:07Z</time>
   </trkpt>
   <trkpt lat="47.606451" lon="12.279501">
    <ele>1961.433</ele>
    <time>2026-08-08T11:42:28Z</time>
   </trkpt>
   <trkpt lat="47.606460" lon="12.279517">
    <ele>1958.777</ele>
    <time>2026-08-08T11:42:43Z</time>
   </trkpt>
   <trkpt lat="47.606469" lon="12.279536">
    <ele>1957.509</ele>
    <time>2026-08-08T11:43:01Z</time>
   </trkpt>
   <trkpt lat="47.606407" lon="12.279534">
    <ele>1958.236</ele>
    <time>2026-08-08T11:43:13Z</time>
   </trkpt>
   <trkpt lat="47.606401" lon="12.279553">
    <ele>1958.795</ele>
    <time>2026-08-08T11:43:19Z</time>
   </trkpt>
   <trkpt lat="47.606411" lon="12.279589">
    <ele>1958.649</ele>
    <time>2026-08-08T11:43:32Z</time>
   </trkpt>
   <trkpt lat="47.606441" lon="12.279634">
    <ele>1960.154</ele>
    <time>2026-08-08T11:43:54Z</time>
   </trkpt>
   <trkpt lat="47.606501" lon="12.279669">
    <ele>1962.532</ele>
    <time>2026-08-08T11:44:10Z</time>
   </trkpt>
   <trkpt lat="47.606550" lon="12.279847">
    <ele>1966.865</ele>
    <time>2026-08-08T11:44:30Z</time>
   </trkpt>
   <trkpt lat="47.606553" lon="12.279954">
    <ele>1969.172</ele>
    <time>2026-08-08T11:44:41Z</time>
   </trkpt>
   <trkpt lat="47.606540" lon="12.280106">
    <ele>1971.120</ele>
    <time>2026-08-08T11:44:57Z</time>
   </trkpt>
   <trkpt lat="47.606544" lon="12.280214">
    <ele>1974.670</ele>
    <time>2026-08-08T11:45:16Z</time>
   </trkpt>
   <trkpt lat="47.606606" lon="12.280302">
    <ele>1975.219</ele>
    <time>2026-08-08T11:45:31Z</time>
   </trkpt>
   <trkpt lat="47.606604" lon="12.280373">
    <ele>1973.188</ele>
    <time>2026-08-08T11:45:45Z</time>
   </trkpt>
   <trkpt lat="47.606589" lon="12.280421">
    <ele>1969.993</ele>
    <time>2026-08-08T11:46:04Z</time>
   </trkpt>
   <trkpt lat="47.606592" lon="12.280450">
    <ele>1968.519</ele>
    <time>2026-08-08T11:46:22Z</time>
   </trkpt>
   <trkpt lat="47.606589" lon="12.280472">
    <ele>1966.229</ele>
    <time>2026-08-08T11:46:39Z</time>
   </trkpt>
   <trkpt lat="47.606610" lon="12.280491">
    <ele>1963.974</ele>
    <time>2026-08-08T11:46:55Z</time>
   </trkpt>
   <trkpt lat="47.606567" lon="12.280498">
    <ele>1959.525</ele>
    <time>2026-08-08T11:47:09Z</time>
   </trkpt>
   <trkpt lat="47.606524" lon="12.280555">
    <ele>1956.350</ele>
    <time>2026-08-08T11:47:24Z</time>
   </trkpt>
   <trkpt lat="47.606476" lon="12.280560">
    <ele>1953.399</ele>
    <time>2026-08-08T11:47:39Z</time>
   </trkpt>
   <trkpt lat="47.606434" lon="12.280533">
    <ele>1952.015</ele>
    <time>2026-08-08T11:47:51Z</time>
   </trkpt>
   <trkpt lat="47.606411" lon="12.280600">
    <ele>1952.517</ele>
    <time>2026-08-08T11:48:01Z</time>
   </trkpt>
   <trkpt lat="47.606380" lon="12.280787">
    <ele>1950.719</ele>
    <time>2026-08-08T11:48:18Z</time>
   </trkpt>
   <trkpt lat="47.606343" lon="12.280823">
    <ele>1949.444</ele>
    <time>2026-08-08T11:48:37Z</time>
   </trkpt>
   <trkpt lat="47.606345" lon="12.280857">
    <ele>1947.408</ele>
    <time>2026-08-08T11:48:55Z</time>
   </trkpt>
   <trkpt lat="47.606315" lon="12.280945">
    <ele>1946.048</ele>
    <time>2026-08-08T11:49:06Z</time>
   </trkpt>
   <trkpt lat="47.606260" lon="12.281160">
    <ele>1950.073</ele>
    <time>2026-08-08T11:49:25Z</time>
   </trkpt>
   <trkpt lat="47.606208" lon="12.281224">
    <ele>1952.441</ele>
    <time>2026-08-08T11:49:43Z</time>
   </trkpt>
   <trkpt lat="47.606211" lon="12.281264">
    <ele>1954.171</ele>
    <time>2026-08-08T11:50:04Z</time>
   </trkpt>
   <trkpt lat="47.606173" lon="12.281279">
    <ele>1957.964</ele>
    <time>2026-08-08T11:50:22Z</time>
   </trkpt>
   <trkpt lat="47.606201" lon="12.281340">
    <ele>1961.400</ele>
    <time>2026-08-08T11:50:45Z</time>
   </trkpt>
   <trkpt lat="47.606233" lon="12.281365">
    <ele>1965.086</ele>
    <time>2026-08-08T11:51:06Z</time>
   </trkpt>
   <trkpt lat="47.606226" lon="12.281394">
    <ele>1968.521</ele>
    <time>2026-08-08T11:51:21Z</time>
   </trkpt>
   <trkpt lat="47.606246" lon="12.281429">
    <ele>1971.689</ele>
    <time>2026-08-08T11:51:44Z</time>
   </trkpt>
   <trkpt lat="47.606254" lon="12.281446">
    <ele>1972.475</ele>
    <time>2026-08-08T11:52:05Z</time>
   </trkpt>
   <trkpt lat="47.606243" lon="12.281457">
    <ele>1973.899</ele>
    <time>2026-08-08T11:52:22Z</time>
   </trkpt>
   <trkpt lat="47.606254" lon="12.281497">
    <ele>1975.594</ele>
    <time>2026-08-08T11:52:37Z</time>
   </trkpt>
   <trkpt lat="47.606245" lon="12.281489">
    <ele>1974.548</ele>
    <time>2026-08-08T11:53:01Z</time>
   </trkpt>
   <trkpt lat="47.606237" lon="12.281514">
    <ele>1973.266</ele>
    <time>2026-08-08T11:53:18Z</time>
   </trkpt>
   <trkpt lat="47.606235" lon="12.281542">
    <ele>1971.746</ele>
    <time>2026-08-08T11:53:35Z</time>
   </trkpt>
   <trkpt lat="47.606220" lon="12.281579">
    <ele>1970.445</ele>
    <time>2026-08-08T11:53:47Z</time>
   </trkpt>
   <trkpt lat="47.606206" lon="12.281589">
    <ele>1972.907</ele>
    <time>2026-08-08T11:54:02Z</time>
   </trkpt>
   <trkpt lat="47.606166" lon="12.281668">
    <ele>1976.484</ele>
    <time>2026-08-08T11:54:20Z</time>
   </trkpt>
   <trkpt lat="47.606116" lon="12.281723">
    <ele>1979.744</ele>
    <time>2026-08-08T11:54:33Z</time>
   </trkpt>
   <trkpt lat="47.606067" lon="12.281815">
    <ele>1981.792</ele>
    <time>2026-08-08T11:54:47Z</time>
   </trkpt>
   <trkpt lat="47.606067" lon="12.281843">
    <ele>1981.225</ele>
    <time>2026-08-08T11:54:49Z</time>
   </trkpt>
   <trkpt lat="47.606053" lon="12.281966">
    <ele>1979.969</ele>
    <time>2026-08-08T11:54:57Z</time>
   </trkpt>
   <trkpt lat="47.606030" lon="12.282078">
    <ele>1976.993</ele>
    <time>2026-08-08T11:55:11Z</time>
   </trkpt>
   <trkpt lat="47.606010" lon="12.282096">
    <ele>1974.927</ele>
    <time>2026-08-08T11:55:33Z</time>
   </trkpt>
   <trkpt lat="47.605986" lon="12.282097">
    <ele>1972.346</ele>
    <time>2026-08-08T11:55:48Z</time>
   </trkpt>
   <trkpt lat="47.605970" lon="12.282096">
    <ele>1971.008</ele>
    <time>2026-08-08T11:56:08Z</time>
   </trkpt>
   <trkpt lat="47.605953" lon="12.282088">
    <ele>1968.024</ele>
    <time>2026-08-08T11:56:32Z</time>
   </trkpt>
   <trkpt lat="47.605901" lon="12.282111">
    <ele>1964.572</ele>
    <time>2026-08-08T11:56:49Z</time>
   </trkpt>
   <trkpt lat="47.605860" lon="12.282145">
    <ele>1965.832</ele>
    <time>2026-08-08T11:57:07Z</time>
   </trkpt>
   <trkpt lat="47.605837" lon="12.282164">
    <ele>1965.301</ele>
    <time>2026-08-08T11:57:24Z</time>
   </trkpt>
   <trkpt lat="47.605819" lon="12.282188">
    <ele>1964.570</ele>
    <time>2026-08-08T11:57:52Z</time>
   </trkpt>
   <trkpt lat="47.605797" lon="12.282199">
    <ele>1962.713</ele>
    <time>2026-08-08T11:58:17Z</time>
   </trkpt>
   <trkpt lat="47.605778" lon="12.282205">
    <ele>1961.192</ele>
    <time>2026-08-08T11:58:30Z</time>
   </trkpt>
   <trkpt lat="47.605754" lon="12.282185">
    <ele>1959.789</ele>
    <time>2026-08-08T11:58:40Z</time>
   </trkpt>
   <trkpt lat="47.605681" lon="12.282199">
    <ele>1959.503</ele>
    <time>2026-08-08T11:58:53Z</time>
   </trkpt>
   <trkpt lat="47.605603" lon="12.282249">
    <ele>1963.457</ele>
    <time>2026-08-08T11:59:09Z</time>
   </trkpt>
   <trkpt lat="47.605578" lon="12.282292">
    <ele>1968.317</ele>
    <time>2026-08-08T11:59:28Z</time>
   </trkpt>
   <trkpt lat="47.605553" lon="12.282413">
    <ele>1971.983</ele>
    <time>2026-08-08T11:59:43Z</time>
   </trkpt>
   <trkpt lat="47.605440" lon="12.282526">
    <ele>1974.446</ele>
    <time>2026-08-08T11:59:59Z</time>
   </trkpt>
   <trkpt lat="47.605391" lon="12.282574">
    <ele>1971.905</ele>
    <time>2026-08-08T12:00:15Z</time>
   </trkpt>
   <trkpt lat="47.605293" lon="12.282664">
    <ele>1966.241</ele>
    <time>2026-08-08T12:00:28Z</time>
   </trkpt>
   <trkpt lat="47.605159" lon="12.282935">
    <ele>1960.586</ele>
    <time>2026-08-08T12:00:40Z</time>
   </trkpt>
   <trkpt lat="47.605132" lon="12.283012">
    <ele>1961.356</ele>
    <time>2026-08-08T12:00:45Z</time>
   </trkpt>
   <trkpt lat="47.605118" lon="12.283223">
    <ele>1965.606</ele>
    <time>2026-08-08T12:01:00Z</time>
   </trkpt>
   <trkpt lat="47.605068" lon="12.283394">
    <ele>1969.619</ele>
    <time>2026-08-08T12:01:16Z</time>
   </trkpt>
   <trkpt lat="47.605034" lon="12.283554">
    <ele>1972.849</ele>
    <time>2026-08-08T12:01:31Z</time>
   </trkpt>
   <trkpt lat="47.604991" lon="12.283577">
    <ele>1972.788</ele>
    <time>2026-08-08T12:01:44Z</time>
   </trkpt>
   <trkpt lat="47.604957" lon="12.283557">
    <ele>1971.554</ele>
    <time>2026-08-08T12:01:48Z</time>
   </trkpt>
   <trkpt lat="47.604919" lon="12.283493">
    <ele>1969.838</ele>
    <time>2026-08-08T12:01:54Z</time>
   </trkpt>
   <trkpt lat="47.604902" lon="12.283541">
    <ele>1969.573</ele>
    <time>2026-08-08T12:01:58Z</time>
   </trkpt>
   <trkpt lat="47.604783" lon="12.283579">
    <ele>1968.219</ele>
    <time>2026-08-08T12:02:07Z</time>
   </trkpt>
   <trkpt lat="47.604669" lon="12.283415">
    <ele>1967.528</ele>
    <time>2026-08-08T12:02:19Z</time>
   </trkpt>
   <trkpt lat="47.604581" lon="12.283212">
    <ele>1966.914</ele>
    <time>2026-08-08T12:02:32Z</time>
   </trkpt>
   <trkpt lat="47.604540" lon="12.283143">
    <ele>1967.617</ele>
    <time>2026-08-08T12:02:37Z</time>
   </trkpt>
   <trkpt lat="47.604463" lon="12.283139">
    <ele>1968.381</ele>
    <time>2026-08-08T12:02:43Z</time>
   </trkpt>
   <trkpt lat="47.604369" lon="12.283111">
    <ele>1971.697</ele>
    <time>2026-08-08T12:02:55Z</time>
   </trkpt>
   <trkpt lat="47.604195" lon="12.283131">
    <ele>1972.907</ele>
    <time>2026-08-08T12:03:12Z</time>
   </trkpt>
   <trkpt lat="47.604104" lon="12.283131">
    <ele>1975.918</ele>
    <time>2026-08-08T12:03:25Z</time>
   </trkpt>
   <trkpt lat="47.604012" lon="12.283153">
    <ele>1979.969</ele>
    <time>2026-08-08T12:03:41Z</time>
   </trkpt>
   <trkpt lat="47.603909" lon="12.283117">
    <ele>1982.404</ele>
    <time>2026-08-08T12:03:55Z</time>
   </trkpt>
   <trkpt lat="47.603820" lon="12.283058">
    <ele>1984.824</ele>
    <time>2026-08-08T12:04:10Z</time>
   </trkpt>
   <trkpt lat="47.603736" lon="12.283000">
    <ele>1987.082</ele>
    <time>2026-08-08T12:04:23Z</time>
   </trkpt>
   <trkpt lat="47.603649" lon="12.282912">
    <ele>1989.549</ele>
    <time>2026-08-08T12:04:34Z</time>
   </trkpt>
   <trkpt lat="47.603426" lon="12.282852">
    <ele>1991.807</ele>
    <time>2026-08-08T12:04:55Z</time>
   </trkpt>
   <trkpt lat="47.603298" lon="12.282771">
    <ele>1995.019</ele>
    <time>2026-08-08T12:05:09Z</time>
   </trkpt>
   <trkpt lat="47.603294" lon="12.282777">
    <ele>1994.812</ele>
    <time>2026-08-08T12:05:29Z</time>
   </trkpt>
   <trkpt lat="47.603283" lon="12.282759">
    <ele>1995.229</ele>
    <time>2026-08-08T12:05:57Z</time>
   </trkpt>
   <trkpt lat="47.603279" lon="12.282760">
    <ele>1995.610</ele>
    <time>2026-08-08T12:08:20Z</time>
   </trkpt>
   <trkpt lat="47.603300" lon="12.282788">
    <ele>1996.191</ele>
    <time>2026-08-08T12:09:18Z</time>
   </trkpt>
   <trkpt lat="47.603426" lon="12.282891">
    <ele>1994.342</ele>
    <time>2026-08-08T12:09:32Z</time>
   </trkpt>
   <trkpt lat="47.603477" lon="12.282905">
    <ele>1993.258</ele>
    <time>2026-08-08T12:09:37Z</time>
   </trkpt>
   <trkpt lat="47.603690" lon="12.282981">
    <ele>1991.538</ele>
    <time>2026-08-08T12:09:54Z</time>
   </trkpt>
   <trkpt lat="47.603720" lon="12.283009">
    <ele>1990.907</ele>
    <time>2026-08-08T12:09:57Z</time>
   </trkpt>
   <trkpt lat="47.603835" lon="12.283083">
    <ele>1987.721</ele>
    <time>2026-08-08T12:10:10Z</time>
   </trkpt>
   <trkpt lat="47.603978" lon="12.283168">
    <ele>1985.065</ele>
    <time>2026-08-08T12:10:23Z</time>
   </trkpt>
   <trkpt lat="47.604111" lon="12.283254">
    <ele>1982.904</ele>
    <time>2026-08-08T12:10:37Z</time>
   </trkpt>
   <trkpt lat="47.604139" lon="12.283270">
    <ele>1981.762</ele>
    <time>2026-08-08T12:10:47Z</time>
   </trkpt>
   <trkpt lat="47.604163" lon="12.283285">
    <ele>1980.365</ele>
    <time>2026-08-08T12:10:55Z</time>
   </trkpt>
   <trkpt lat="47.604207" lon="12.283285">
    <ele>1978.639</ele>
    <time>2026-08-08T12:10:59Z</time>
   </trkpt>
   <trkpt lat="47.604274" lon="12.283403">
    <ele>1973.527</ele>
    <time>2026-08-08T12:11:10Z</time>
   </trkpt>
   <trkpt lat="47.604327" lon="12.283522">
    <ele>1968.864</ele>
    <time>2026-08-08T12:11:25Z</time>
   </trkpt>
   <trkpt lat="47.604336" lon="12.283534">
    <ele>1969.195</ele>
    <time>2026-08-08T12:11:26Z</time>
   </trkpt>
   <trkpt lat="47.604413" lon="12.283587">
    <ele>1970.404</ele>
    <time>2026-08-08T12:11:33Z</time>
   </trkpt>
   <trkpt lat="47.604560" lon="12.283665">
    <ele>1969.240</ele>
    <time>2026-08-08T12:11:45Z</time>
   </trkpt>
   <trkpt lat="47.604577" lon="12.283672">
    <ele>1969.668</ele>
    <time>2026-08-08T12:11:47Z</time>
   </trkpt>
   <trkpt lat="47.604683" lon="12.283848">
    <ele>1971.706</ele>
    <time>2026-08-08T12:12:04Z</time>
   </trkpt>
   <trkpt lat="47.604694" lon="12.283888">
    <ele>1972.083</ele>
    <time>2026-08-08T12:12:07Z</time>
   </trkpt>
   <trkpt lat="47.604783" lon="12.284042">
    <ele>1972.099</ele>
    <time>2026-08-08T12:12:22Z</time>
   </trkpt>
   <trkpt lat="47.604802" lon="12.284090">
    <ele>1971.991</ele>
    <time>2026-08-08T12:12:27Z</time>
   </trkpt>
   <trkpt lat="47.604805" lon="12.284121">
    <ele>1971.828</ele>
    <time>2026-08-08T12:12:29Z</time>
   </trkpt>
   <trkpt lat="47.604774" lon="12.284294">
    <ele>1970.716</ele>
    <time>2026-08-08T12:12:44Z</time>
   </trkpt>
   <trkpt lat="47.604699" lon="12.284419">
    <ele>1968.212</ele>
    <time>2026-08-08T12:12:58Z</time>
   </trkpt>
   <trkpt lat="47.604655" lon="12.284472">
    <ele>1967.058</ele>
    <time>2026-08-08T12:13:23Z</time>
   </trkpt>
   <trkpt lat="47.604605" lon="12.284522">
    <ele>1962.996</ele>
    <time>2026-08-08T12:13:40Z</time>
   </trkpt>
   <trkpt lat="47.604562" lon="12.284538">
    <ele>1959.643</ele>
    <time>2026-08-08T12:13:53Z</time>
   </trkpt>
   <trkpt lat="47.604537" lon="12.284640">
    <ele>1956.353</ele>
    <time>2026-08-08T12:14:09Z</time>
   </trkpt>
   <trkpt lat="47.604478" lon="12.284705">
    <ele>1953.002</ele>
    <time>2026-08-08T12:14:22Z</time>
   </trkpt>
   <trkpt lat="47.604416" lon="12.284816">
    <ele>1951.064</ele>
    <time>2026-08-08T12:14:36Z</time>
   </trkpt>
   <trkpt lat="47.604403" lon="12.284880">
    <ele>1951.806</ele>
    <time>2026-08-08T12:14:41Z</time>
   </trkpt>
   <trkpt lat="47.604390" lon="12.284927">
    <ele>1950.987</ele>
    <time>2026-08-08T12:14:44Z</time>
   </trkpt>
   <trkpt lat="47.604305" lon="12.285099">
    <ele>1951.796</ele>
    <time>2026-08-08T12:15:02Z</time>
   </trkpt>
   <trkpt lat="47.604220" lon="12.285111">
    <ele>1954.561</ele>
    <time>2026-08-08T12:15:18Z</time>
   </trkpt>
   <trkpt lat="47.604203" lon="12.285165">
    <ele>1956.464</ele>
    <time>2026-08-08T12:15:32Z</time>
   </trkpt>
   <trkpt lat="47.604180" lon="12.285298">
    <ele>1960.580</ele>
    <time>2026-08-08T12:15:45Z</time>
   </trkpt>
   <trkpt lat="47.604155" lon="12.285406">
    <ele>1963.729</ele>
    <time>2026-08-08T12:16:01Z</time>
   </trkpt>
   <trkpt lat="47.604147" lon="12.285453">
    <ele>1964.517</ele>
    <time>2026-08-08T12:16:23Z</time>
   </trkpt>
   <trkpt lat="47.604050" lon="12.285609">
    <ele>1961.703</ele>
    <time>2026-08-08T12:16:40Z</time>
   </trkpt>
   <trkpt lat="47.603985" lon="12.285766">
    <ele>1959.190</ele>
    <time>2026-08-08T12:16:56Z</time>
   </trkpt>
   <trkpt lat="47.603956" lon="12.285867">
    <ele>1959.112</ele>
    <time>2026-08-08T12:17:08Z</time>
   </trkpt>
   <trkpt lat="47.603909" lon="12.286046">
    <ele>1958.224</ele>
    <time>2026-08-08T12:17:23Z</time>
   </trkpt>
   <trkpt lat="47.603887" lon="12.286117">
    <ele>1958.266</ele>
    <time>2026-08-08T12:17:37Z</time>
   </trkpt>
   <trkpt lat="47.603877" lon="12.286166">
    <ele>1957.231</ele>
    <time>2026-08-08T12:17:54Z</time>
   </trkpt>
   <trkpt lat="47.603870" lon="12.286199">
    <ele>1956.301</ele>
    <time>2026-08-08T12:18:15Z</time>
   </trkpt>
   <trkpt lat="47.603867" lon="12.286237">
    <ele>1954.762</ele>
    <time>2026-08-08T12:18:52Z</time>
   </trkpt>
   <trkpt lat="47.603863" lon="12.286276">
    <ele>1952.892</ele>
    <time>2026-08-08T12:19:09Z</time>
   </trkpt>
   <trkpt lat="47.603855" lon="12.286317">
    <ele>1950.830</ele>
    <time>2026-08-08T12:19:28Z</time>
   </trkpt>
   <trkpt lat="47.603844" lon="12.286356">
    <ele>1949.589</ele>
    <time>2026-08-08T12:19:37Z</time>
   </trkpt>
   <trkpt lat="47.603855" lon="12.286451">
    <ele>1949.793</ele>
    <time>2026-08-08T12:19:47Z</time>
   </trkpt>
   <trkpt lat="47.603866" lon="12.286526">
    <ele>1955.178</ele>
    <time>2026-08-08T12:20:03Z</time>
   </trkpt>
   <trkpt lat="47.603867" lon="12.286563">
    <ele>1954.641</ele>
    <time>2026-08-08T12:20:26Z</time>
   </trkpt>
   <trkpt lat="47.603877" lon="12.286538">
    <ele>1955.317</ele>
    <time>2026-08-08T12:20:56Z</time>
   </trkpt>
   <trkpt lat="47.603868" lon="12.286563">
    <ele>1955.953</ele>
    <time>2026-08-08T12:21:08Z</time>
   </trkpt>
   <trkpt lat="47.603863" lon="12.286673">
    <ele>1959.681</ele>
    <time>2026-08-08T12:21:23Z</time>
   </trkpt>
   <trkpt lat="47.603856" lon="12.286711">
    <ele>1961.664</ele>
    <time>2026-08-08T12:21:34Z</time>
   </trkpt>
   <trkpt lat="47.603826" lon="12.286743">
    <ele>1960.236</ele>
    <time>2026-08-08T12:21:50Z</time>
   </trkpt>
   <trkpt lat="47.603815" lon="12.286842">
    <ele>1962.307</ele>
    <time>2026-08-08T12:22:04Z</time>
   </trkpt>
   <trkpt lat="47.603821" lon="12.286864">
    <ele>1962.584</ele>
    <time>2026-08-08T12:22:23Z</time>
   </trkpt>
   <trkpt lat="47.603823" lon="12.286925">
    <ele>1960.514</ele>
    <time>2026-08-08T12:22:38Z</time>
   </trkpt>
   <trkpt lat="47.603841" lon="12.286993">
    <ele>1961.231</ele>
    <time>2026-08-08T12:22:52Z</time>
   </trkpt>
   <trkpt lat="47.603855" lon="12.287053">
    <ele>1961.582</ele>
    <time>2026-08-08T12:22:58Z</time>
   </trkpt>
   <trkpt lat="47.603849" lon="12.287133">
    <ele>1960.520</ele>
    <time>2026-08-08T12:23:05Z</time>
   </trkpt>
   <trkpt lat="47.603838" lon="12.287191">
    <ele>1960.177</ele>
    <time>2026-08-08T12:23:26Z</time>
   </trkpt>
   <trkpt lat="47.603818" lon="12.287288">
    <ele>1962.972</ele>
    <time>2026-08-08T12:24:09Z</time>
   </trkpt>
   <trkpt lat="47.603783" lon="12.287349">
    <ele>1963.133</ele>
    <time>2026-08-08T12:24:26Z</time>
   </trkpt>
   <trkpt lat="47.603789" lon="12.287419">
    <ele>1961.255</ele>
    <time>2026-08-08T12:24:43Z</time>
   </trkpt>
   <trkpt lat="47.603775" lon="12.287457">
    <ele>1959.709</ele>
    <time>2026-08-08T12:24:53Z</time>
   </trkpt>
   <trkpt lat="47.603799" lon="12.287458">
    <ele>1957.834</ele>
    <time>2026-08-08T12:25:08Z</time>
   </trkpt>
   <trkpt lat="47.603801" lon="12.287506">
    <ele>1955.635</ele>
    <time>2026-08-08T12:25:22Z</time>
   </trkpt>
   <trkpt lat="47.603827" lon="12.287522">
    <ele>1953.187</ele>
    <time>2026-08-08T12:25:34Z</time>
   </trkpt>
   <trkpt lat="47.603832" lon="12.287542">
    <ele>1950.772</ele>
    <time>2026-08-08T12:25:51Z</time>
   </trkpt>
   <trkpt lat="47.603842" lon="12.287582">
    <ele>1949.635</ele>
    <time>2026-08-08T12:26:05Z</time>
   </trkpt>
   <trkpt lat="47.603846" lon="12.287739">
    <ele>1949.336</ele>
    <time>2026-08-08T12:26:19Z</time>
   </trkpt>
   <trkpt lat="47.603816" lon="12.287780">
    <ele>1947.070</ele>
    <time>2026-08-08T12:26:32Z</time>
   </trkpt>
   <trkpt lat="47.603818" lon="12.287881">
    <ele>1945.482</ele>
    <time>2026-08-08T12:26:46Z</time>
   </trkpt>
   <trkpt lat="47.603811" lon="12.288016">
    <ele>1943.588</ele>
    <time>2026-08-08T12:26:58Z</time>
   </trkpt>
   <trkpt lat="47.603803" lon="12.288188">
    <ele>1946.138</ele>
    <time>2026-08-08T12:27:12Z</time>
   </trkpt>
   <trkpt lat="47.603775" lon="12.288340">
    <ele>1946.664</ele>
    <time>2026-08-08T12:27:28Z</time>
   </trkpt>
   <trkpt lat="47.603777" lon="12.288407">
    <ele>1944.136</ele>
    <time>2026-08-08T12:27:42Z</time>
   </trkpt>
   <trkpt lat="47.603763" lon="12.288498">
    <ele>1940.836</ele>
    <time>2026-08-08T12:27:56Z</time>
   </trkpt>
   <trkpt lat="47.603755" lon="12.288598">
    <ele>1939.517</ele>
    <time>2026-08-08T12:28:09Z</time>
   </trkpt>
   <trkpt lat="47.603762" lon="12.288699">
    <ele>1938.143</ele>
    <time>2026-08-08T12:28:26Z</time>
   </trkpt>
   <trkpt lat="47.603755" lon="12.288738">
    <ele>1936.690</ele>
    <time>2026-08-08T12:28:40Z</time>
   </trkpt>
   <trkpt lat="47.603756" lon="12.288740">
    <ele>1936.474</ele>
    <time>2026-08-08T12:28:57Z</time>
   </trkpt>
   <trkpt lat="47.603745" lon="12.288733">
    <ele>1934.888</ele>
    <time>2026-08-08T12:29:11Z</time>
   </trkpt>
   <trkpt lat="47.603748" lon="12.288789">
    <ele>1932.120</ele>
    <time>2026-08-08T12:29:30Z</time>
   </trkpt>
   <trkpt lat="47.603744" lon="12.288844">
    <ele>1931.786</ele>
    <time>2026-08-08T12:29:35Z</time>
   </trkpt>
   <trkpt lat="47.603774" lon="12.288993">
    <ele>1935.287</ele>
    <time>2026-08-08T12:29:52Z</time>
   </trkpt>
   <trkpt lat="47.603771" lon="12.289140">
    <ele>1938.365</ele>
    <time>2026-08-08T12:30:06Z</time>
   </trkpt>
   <trkpt lat="47.603727" lon="12.289234">
    <ele>1936.906</ele>
    <time>2026-08-08T12:30:19Z</time>
   </trkpt>
   <trkpt lat="47.603716" lon="12.289280">
    <ele>1936.842</ele>
    <time>2026-08-08T12:30:24Z</time>
   </trkpt>
   <trkpt lat="47.603721" lon="12.289348">
    <ele>1937.579</ele>
    <time>2026-08-08T12:30:38Z</time>
   </trkpt>
   <trkpt lat="47.603697" lon="12.289397">
    <ele>1937.959</ele>
    <time>2026-08-08T12:30:54Z</time>
   </trkpt>
   <trkpt lat="47.603718" lon="12.289468">
    <ele>1939.983</ele>
    <time>2026-08-08T12:31:10Z</time>
   </trkpt>
   <trkpt lat="47.603726" lon="12.289516">
    <ele>1938.244</ele>
    <time>2026-08-08T12:31:32Z</time>
   </trkpt>
   <trkpt lat="47.603739" lon="12.289532">
    <ele>1939.347</ele>
    <time>2026-08-08T12:31:50Z</time>
   </trkpt>
   <trkpt lat="47.603762" lon="12.289553">
    <ele>1941.228</ele>
    <time>2026-08-08T12:32:05Z</time>
   </trkpt>
   <trkpt lat="47.603772" lon="12.289575">
    <ele>1940.183</ele>
    <time>2026-08-08T12:32:22Z</time>
   </trkpt>
   <trkpt lat="47.603786" lon="12.289578">
    <ele>1939.458</ele>
    <time>2026-08-08T12:32:41Z</time>
   </trkpt>
   <trkpt lat="47.603805" lon="12.289590">
    <ele>1938.836</ele>
    <time>2026-08-08T12:32:59Z</time>
   </trkpt>
   <trkpt lat="47.603791" lon="12.289604">
    <ele>1937.209</ele>
    <time>2026-08-08T12:33:18Z</time>
   </trkpt>
   <trkpt lat="47.603801" lon="12.289687">
    <ele>1937.787</ele>
    <time>2026-08-08T12:33:39Z</time>
   </trkpt>
   <trkpt lat="47.603829" lon="12.289729">
    <ele>1937.277</ele>
    <time>2026-08-08T12:33:50Z</time>
   </trkpt>
   <trkpt lat="47.603872" lon="12.289772">
    <ele>1942.275</ele>
    <time>2026-08-08T12:34:13Z</time>
   </trkpt>
   <trkpt lat="47.603923" lon="12.289828">
    <ele>1946.107</ele>
    <time>2026-08-08T12:34:34Z</time>
   </trkpt>
   <trkpt lat="47.603964" lon="12.289858">
    <ele>1950.197</ele>
    <time>2026-08-08T12:34:48Z</time>
   </trkpt>
   <trkpt lat="47.603955" lon="12.289911">
    <ele>1951.593</ele>
    <time>2026-08-08T12:35:06Z</time>
   </trkpt>
   <trkpt lat="47.603950" lon="12.289923">
    <ele>1952.172</ele>
    <time>2026-08-08T12:35:21Z</time>
   </trkpt>
   <trkpt lat="47.603951" lon="12.289954">
    <ele>1951.618</ele>
    <time>2026-08-08T12:35:38Z</time>
   </trkpt>
   <trkpt lat="47.603945" lon="12.290032">
    <ele>1953.180</ele>
    <time>2026-08-08T12:35:53Z</time>
   </trkpt>
   <trkpt lat="47.603959" lon="12.290077">
    <ele>1953.503</ele>
    <time>2026-08-08T12:36:05Z</time>
   </trkpt>
   <trkpt lat="47.603961" lon="12.290096">
    <ele>1953.274</ele>
    <time>2026-08-08T12:36:25Z</time>
   </trkpt>
   <trkpt lat="47.603967" lon="12.290172">
    <ele>1954.469</ele>
    <time>2026-08-08T12:37:02Z</time>
   </trkpt>
   <trkpt lat="47.603931" lon="12.290247">
    <ele>1954.316</ele>
    <time>2026-08-08T12:37:16Z</time>
   </trkpt>
   <trkpt lat="47.603933" lon="12.290273">
    <ele>1953.573</ele>
    <time>2026-08-08T12:37:45Z</time>
   </trkpt>
   <trkpt lat="47.603941" lon="12.290280">
    <ele>1952.156</ele>
    <time>2026-08-08T12:38:05Z</time>
   </trkpt>
   <trkpt lat="47.603943" lon="12.290315">
    <ele>1950.752</ele>
    <time>2026-08-08T12:38:29Z</time>
   </trkpt>
   <trkpt lat="47.603956" lon="12.290298">
    <ele>1949.113</ele>
    <time>2026-08-08T12:38:50Z</time>
   </trkpt>
   <trkpt lat="47.603965" lon="12.290344">
    <ele>1949.034</ele>
    <time>2026-08-08T12:39:01Z</time>
   </trkpt>
   <trkpt lat="47.603988" lon="12.290417">
    <ele>1948.304</ele>
    <time>2026-08-08T12:39:13Z</time>
   </trkpt>
   <trkpt lat="47.603989" lon="12.290440">
    <ele>1948.290</ele>
    <time>2026-08-08T12:39:31Z</time>
   </trkpt>
   <trkpt lat="47.603997" lon="12.290476">
    <ele>1948.600</ele>
    <time>2026-08-08T12:39:46Z</time>
   </trkpt>
   <trkpt lat="47.603995" lon="12.290482">
    <ele>1947.325</ele>
    <time>2026-08-08T12:40:04Z</time>
   </trkpt>
   <trkpt lat="47.604001" lon="12.290560">
    <ele>1944.671</ele>
    <time>2026-08-08T12:40:30Z</time>
   </trkpt>
   <trkpt lat="47.603992" lon="12.290609">
    <ele>1942.620</ele>
    <time>2026-08-08T12:40:46Z</time>
   </trkpt>
   <trkpt lat="47.604024" lon="12.290624">
    <ele>1939.526</ele>
    <time>2026-08-08T12:41:01Z</time>
   </trkpt>
   <trkpt lat="47.604045" lon="12.290673">
    <ele>1937.642</ele>
    <time>2026-08-08T12:41:17Z</time>
   </trkpt>
   <trkpt lat="47.604058" lon="12.290701">
    <ele>1939.332</ele>
    <time>2026-08-08T12:41:33Z</time>
   </trkpt>
   <trkpt lat="47.604081" lon="12.290747">
    <ele>1937.785</ele>
    <time>2026-08-08T12:41:56Z</time>
   </trkpt>
   <trkpt lat="47.604099" lon="12.290817">
    <ele>1935.370</ele>
    <time>2026-08-08T12:42:15Z</time>
   </trkpt>
   <trkpt lat="47.604097" lon="12.290867">
    <ele>1932.954</ele>
    <time>2026-08-08T12:42:31Z</time>
   </trkpt>
   <trkpt lat="47.604096" lon="12.290915">
    <ele>1929.863</ele>
    <time>2026-08-08T12:42:44Z</time>
   </trkpt>
   <trkpt lat="47.604089" lon="12.290982">
    <ele>1926.555</ele>
    <time>2026-08-08T12:43:00Z</time>
   </trkpt>
   <trkpt lat="47.604120" lon="12.291064">
    <ele>1926.004</ele>
    <time>2026-08-08T12:43:14Z</time>
   </trkpt>
   <trkpt lat="47.604112" lon="12.291099">
    <ele>1925.548</ele>
    <time>2026-08-08T12:43:49Z</time>
   </trkpt>
   <trkpt lat="47.604109" lon="12.291114">
    <ele>1922.157</ele>
    <time>2026-08-08T12:44:05Z</time>
   </trkpt>
   <trkpt lat="47.604120" lon="12.291144">
    <ele>1921.769</ele>
    <time>2026-08-08T12:44:22Z</time>
   </trkpt>
   <trkpt lat="47.604167" lon="12.291173">
    <ele>1924.428</ele>
    <time>2026-08-08T12:44:39Z</time>
   </trkpt>
   <trkpt lat="47.604215" lon="12.291204">
    <ele>1923.808</ele>
    <time>2026-08-08T12:44:54Z</time>
   </trkpt>
   <trkpt lat="47.604256" lon="12.291251">
    <ele>1927.470</ele>
    <time>2026-08-08T12:45:07Z</time>
   </trkpt>
   <trkpt lat="47.604307" lon="12.291339">
    <ele>1929.272</ele>
    <time>2026-08-08T12:45:16Z</time>
   </trkpt>
   <trkpt lat="47.604308" lon="12.291525">
    <ele>1927.298</ele>
    <time>2026-08-08T12:45:32Z</time>
   </trkpt>
   <trkpt lat="47.604281" lon="12.291607">
    <ele>1925.625</ele>
    <time>2026-08-08T12:46:04Z</time>
   </trkpt>
   <trkpt lat="47.604267" lon="12.291722">
    <ele>1922.223</ele>
    <time>2026-08-08T12:46:23Z</time>
   </trkpt>
   <trkpt lat="47.604246" lon="12.291776">
    <ele>1919.800</ele>
    <time>2026-08-08T12:46:39Z</time>
   </trkpt>
   <trkpt lat="47.604253" lon="12.291853">
    <ele>1917.697</ele>
    <time>2026-08-08T12:46:53Z</time>
   </trkpt>
   <trkpt lat="47.604235" lon="12.291940">
    <ele>1916.426</ele>
    <time>2026-08-08T12:47:05Z</time>
   </trkpt>
   <trkpt lat="47.604225" lon="12.291990">
    <ele>1916.435</ele>
    <time>2026-08-08T12:47:10Z</time>
   </trkpt>
   <trkpt lat="47.604197" lon="12.292129">
    <ele>1919.503</ele>
    <time>2026-08-08T12:47:24Z</time>
   </trkpt>
   <trkpt lat="47.604192" lon="12.292154">
    <ele>1919.447</ele>
    <time>2026-08-08T12:47:26Z</time>
   </trkpt>
   <trkpt lat="47.604182" lon="12.292321">
    <ele>1921.735</ele>
    <time>2026-08-08T12:47:42Z</time>
   </trkpt>
   <trkpt lat="47.604173" lon="12.292429">
    <ele>1922.774</ele>
    <time>2026-08-08T12:47:53Z</time>
   </trkpt>
   <trkpt lat="47.604106" lon="12.292569">
    <ele>1922.202</ele>
    <time>2026-08-08T12:48:26Z</time>
   </trkpt>
   <trkpt lat="47.604080" lon="12.292631">
    <ele>1926.039</ele>
    <time>2026-08-08T12:48:52Z</time>
   </trkpt>
   <trkpt lat="47.604053" lon="12.292658">
    <ele>1929.224</ele>
    <time>2026-08-08T12:49:09Z</time>
   </trkpt>
   <trkpt lat="47.604073" lon="12.292685">
    <ele>1930.680</ele>
    <time>2026-08-08T12:49:25Z</time>
   </trkpt>
   <trkpt lat="47.604059" lon="12.292692">
    <ele>1932.018</ele>
    <time>2026-08-08T12:49:40Z</time>
   </trkpt>
   <trkpt lat="47.604040" lon="12.292761">
    <ele>1934.475</ele>
    <time>2026-08-08T12:49:57Z</time>
   </trkpt>
   <trkpt lat="47.604010" lon="12.292771">
    <ele>1936.058</ele>
    <time>2026-08-08T12:50:14Z</time>
   </trkpt>
   <trkpt lat="47.603996" lon="12.292819">
    <ele>1940.745</ele>
    <time>2026-08-08T12:50:33Z</time>
   </trkpt>
   <trkpt lat="47.604001" lon="12.292845">
    <ele>1942.425</ele>
    <time>2026-08-08T12:50:50Z</time>
   </trkpt>
   <trkpt lat="47.603994" lon="12.292871">
    <ele>1945.088</ele>
    <time>2026-08-08T12:51:10Z</time>
   </trkpt>
   <trkpt lat="47.603962" lon="12.292903">
    <ele>1946.947</ele>
    <time>2026-08-08T12:51:24Z</time>
   </trkpt>
   <trkpt lat="47.603930" lon="12.292977">
    <ele>1949.954</ele>
    <time>2026-08-08T12:51:42Z</time>
   </trkpt>
   <trkpt lat="47.603917" lon="12.293031">
    <ele>1954.397</ele>
    <time>2026-08-08T12:51:54Z</time>
   </trkpt>
   <trkpt lat="47.603896" lon="12.293038">
    <ele>1956.696</ele>
    <time>2026-08-08T12:52:11Z</time>
   </trkpt>
   <trkpt lat="47.603891" lon="12.293060">
    <ele>1959.081</ele>
    <time>2026-08-08T12:52:33Z</time>
   </trkpt>
   <trkpt lat="47.603889" lon="12.293086">
    <ele>1960.529</ele>
    <time>2026-08-08T12:52:50Z</time>
   </trkpt>
   <trkpt lat="47.603885" lon="12.293107">
    <ele>1961.755</ele>
    <time>2026-08-08T12:53:07Z</time>
   </trkpt>
   <trkpt lat="47.603852" lon="12.293102">
    <ele>1961.919</ele>
    <time>2026-08-08T12:53:28Z</time>
   </trkpt>
   <trkpt lat="47.603853" lon="12.293107">
    <ele>1964.163</ele>
    <time>2026-08-08T12:53:49Z</time>
   </trkpt>
   <trkpt lat="47.603849" lon="12.293185">
    <ele>1969.895</ele>
    <time>2026-08-08T12:54:06Z</time>
   </trkpt>
   <trkpt lat="47.603866" lon="12.293251">
    <ele>1970.700</ele>
    <time>2026-08-08T12:54:25Z</time>
   </trkpt>
   <trkpt lat="47.603860" lon="12.293297">
    <ele>1969.656</ele>
    <time>2026-08-08T12:54:38Z</time>
   </trkpt>
   <trkpt lat="47.603862" lon="12.293391">
    <ele>1969.603</ele>
    <time>2026-08-08T12:54:51Z</time>
   </trkpt>
   <trkpt lat="47.603857" lon="12.293403">
    <ele>1969.916</ele>
    <time>2026-08-08T12:55:06Z</time>
   </trkpt>
   <trkpt lat="47.603850" lon="12.293422">
    <ele>1968.276</ele>
    <time>2026-08-08T12:55:25Z</time>
   </trkpt>
   <trkpt lat="47.603857" lon="12.293462">
    <ele>1967.423</ele>
    <time>2026-08-08T12:55:45Z</time>
   </trkpt>
   <trkpt lat="47.603874" lon="12.293578">
    <ele>1969.006</ele>
    <time>2026-08-08T12:56:03Z</time>
   </trkpt>
   <trkpt lat="47.603896" lon="12.293656">
    <ele>1974.334</ele>
    <time>2026-08-08T12:56:21Z</time>
   </trkpt>
   <trkpt lat="47.603917" lon="12.293711">
    <ele>1975.481</ele>
    <time>2026-08-08T12:56:32Z</time>
   </trkpt>
   <trkpt lat="47.603934" lon="12.293836">
    <ele>1975.604</ele>
    <time>2026-08-08T12:56:45Z</time>
   </trkpt>
   <trkpt lat="47.603936" lon="12.293838">
    <ele>1974.849</ele>
    <time>2026-08-08T12:57:31Z</time>
   </trkpt>
   <trkpt lat="47.603940" lon="12.293879">
    <ele>1973.902</ele>
    <time>2026-08-08T12:58:38Z</time>
   </trkpt>
   <trkpt lat="47.603981" lon="12.294033">
    <ele>1972.229</ele>
    <time>2026-08-08T12:58:56Z</time>
   </trkpt>
   <trkpt lat="47.604009" lon="12.294078">
    <ele>1970.717</ele>
    <time>2026-08-08T12:59:10Z</time>
   </trkpt>
   <trkpt lat="47.604011" lon="12.294156">
    <ele>1967.318</ele>
    <time>2026-08-08T12:59:24Z</time>
   </trkpt>
   <trkpt lat="47.604034" lon="12.294176">
    <ele>1964.456</ele>
    <time>2026-08-08T12:59:43Z</time>
   </trkpt>
   <trkpt lat="47.604070" lon="12.294231">
    <ele>1962.935</ele>
    <time>2026-08-08T13:00:00Z</time>
   </trkpt>
   <trkpt lat="47.604090" lon="12.294293">
    <ele>1960.919</ele>
    <time>2026-08-08T13:00:14Z</time>
   </trkpt>
   <trkpt lat="47.604144" lon="12.294342">
    <ele>1959.218</ele>
    <time>2026-08-08T13:00:26Z</time>
   </trkpt>
   <trkpt lat="47.604140" lon="12.294326">
    <ele>1959.717</ele>
    <time>2026-08-08T13:00:41Z</time>
   </trkpt>
   <trkpt lat="47.604099" lon="12.294339">
    <ele>1957.526</ele>
    <time>2026-08-08T13:00:58Z</time>
   </trkpt>
   <trkpt lat="47.604097" lon="12.294380">
    <ele>1954.988</ele>
    <time>2026-08-08T13:01:10Z</time>
   </trkpt>
   <trkpt lat="47.604147" lon="12.294472">
    <ele>1952.863</ele>
    <time>2026-08-08T13:01:21Z</time>
   </trkpt>
   <trkpt lat="47.604160" lon="12.294493">
    <ele>1951.804</ele>
    <time>2026-08-08T13:01:24Z</time>
   </trkpt>
   <trkpt lat="47.604211" lon="12.294513">
    <ele>1950.030</ele>
    <time>2026-08-08T13:01:29Z</time>
   </trkpt>
   <trkpt lat="47.604248" lon="12.294577">
    <ele>1948.518</ele>
    <time>2026-08-08T13:01:43Z</time>
   </trkpt>
   <trkpt lat="47.604249" lon="12.294630">
    <ele>1947.037</ele>
    <time>2026-08-08T13:02:01Z</time>
   </trkpt>
   <trkpt lat="47.604293" lon="12.294609">
    <ele>1944.632</ele>
    <time>2026-08-08T13:02:11Z</time>
   </trkpt>
   <trkpt lat="47.604318" lon="12.294699">
    <ele>1944.412</ele>
    <time>2026-08-08T13:02:20Z</time>
   </trkpt>
   <trkpt lat="47.604309" lon="12.294785">
    <ele>1947.021</ele>
    <time>2026-08-08T13:02:35Z</time>
   </trkpt>
   <trkpt lat="47.604341" lon="12.294773">
    <ele>1947.052</ele>
    <time>2026-08-08T13:02:49Z</time>
   </trkpt>
   <trkpt lat="47.604351" lon="12.294759">
    <ele>1946.761</ele>
    <time>2026-08-08T13:03:12Z</time>
   </trkpt>
   <trkpt lat="47.604370" lon="12.294736">
    <ele>1945.643</ele>
    <time>2026-08-08T13:03:24Z</time>
   </trkpt>
   <trkpt lat="47.604392" lon="12.294693">
    <ele>1943.267</ele>
    <time>2026-08-08T13:03:36Z</time>
   </trkpt>
   <trkpt lat="47.604448" lon="12.294667">
    <ele>1939.851</ele>
    <time>2026-08-08T13:03:51Z</time>
   </trkpt>
   <trkpt lat="47.604471" lon="12.294683">
    <ele>1939.306</ele>
    <time>2026-08-08T13:03:54Z</time>
   </trkpt>
   <trkpt lat="47.604534" lon="12.294708">
    <ele>1938.849</ele>
    <time>2026-08-08T13:04:02Z</time>
   </trkpt>
   <trkpt lat="47.604572" lon="12.294758">
    <ele>1937.541</ele>
    <time>2026-08-08T13:04:08Z</time>
   </trkpt>
   <trkpt lat="47.604593" lon="12.294794">
    <ele>1936.184</ele>
    <time>2026-08-08T13:04:11Z</time>
   </trkpt>
   <trkpt lat="47.604677" lon="12.294807">
    <ele>1936.776</ele>
    <time>2026-08-08T13:04:24Z</time>
   </trkpt>
   <trkpt lat="47.604658" lon="12.294802">
    <ele>1935.521</ele>
    <time>2026-08-08T13:04:36Z</time>
   </trkpt>
   <trkpt lat="47.604686" lon="12.294920">
    <ele>1932.243</ele>
    <time>2026-08-08T13:04:50Z</time>
   </trkpt>
   <trkpt lat="47.604702" lon="12.294967">
    <ele>1930.358</ele>
    <time>2026-08-08T13:04:55Z</time>
   </trkpt>
   <trkpt lat="47.604718" lon="12.294988">
    <ele>1928.598</ele>
    <time>2026-08-08T13:04:57Z</time>
   </trkpt>
   <trkpt lat="47.604754" lon="12.295092">
    <ele>1924.742</ele>
    <time>2026-08-08T13:05:10Z</time>
   </trkpt>
   <trkpt lat="47.604811" lon="12.295165">
    <ele>1923.769</ele>
    <time>2026-08-08T13:05:22Z</time>
   </trkpt>
   <trkpt lat="47.604831" lon="12.295210">
    <ele>1921.123</ele>
    <time>2026-08-08T13:05:34Z</time>
   </trkpt>
   <trkpt lat="47.604850" lon="12.295276">
    <ele>1918.392</ele>
    <time>2026-08-08T13:05:45Z</time>
   </trkpt>
   <trkpt lat="47.604866" lon="12.295332">
    <ele>1916.841</ele>
    <time>2026-08-08T13:05:59Z</time>
   </trkpt>
   <trkpt lat="47.604847" lon="12.295332">
    <ele>1914.523</ele>
    <time>2026-08-08T13:06:14Z</time>
   </trkpt>
   <trkpt lat="47.604866" lon="12.295445">
    <ele>1912.025</ele>
    <time>2026-08-08T13:06:30Z</time>
   </trkpt>
   <trkpt lat="47.604878" lon="12.295511">
    <ele>1910.165</ele>
    <time>2026-08-08T13:06:43Z</time>
   </trkpt>
   <trkpt lat="47.604901" lon="12.295576">
    <ele>1910.186</ele>
    <time>2026-08-08T13:06:54Z</time>
   </trkpt>
   <trkpt lat="47.604927" lon="12.295698">
    <ele>1910.642</ele>
    <time>2026-08-08T13:07:07Z</time>
   </trkpt>
   <trkpt lat="47.604936" lon="12.295713">
    <ele>1910.385</ele>
    <time>2026-08-08T13:07:09Z</time>
   </trkpt>
   <trkpt lat="47.604964" lon="12.295805">
    <ele>1910.620</ele>
    <time>2026-08-08T13:07:22Z</time>
   </trkpt>
   <trkpt lat="47.604994" lon="12.295874">
    <ele>1908.718</ele>
    <time>2026-08-08T13:07:31Z</time>
   </trkpt>
   <trkpt lat="47.604972" lon="12.295978">
    <ele>1910.670</ele>
    <time>2026-08-08T13:07:39Z</time>
   </trkpt>
   <trkpt lat="47.604960" lon="12.296118">
    <ele>1911.020</ele>
    <time>2026-08-08T13:07:52Z</time>
   </trkpt>
   <trkpt lat="47.604960" lon="12.296171">
    <ele>1911.568</ele>
    <time>2026-08-08T13:07:57Z</time>
   </trkpt>
   <trkpt lat="47.604960" lon="12.296316">
    <ele>1912.427</ele>
    <time>2026-08-08T13:08:10Z</time>
   </trkpt>
   <trkpt lat="47.604914" lon="12.296424">
    <ele>1915.361</ele>
    <time>2026-08-08T13:08:22Z</time>
   </trkpt>
   <trkpt lat="47.604908" lon="12.296538">
    <ele>1919.818</ele>
    <time>2026-08-08T13:08:35Z</time>
   </trkpt>
   <trkpt lat="47.604917" lon="12.296646">
    <ele>1924.014</ele>
    <time>2026-08-08T13:08:51Z</time>
   </trkpt>
   <trkpt lat="47.604938" lon="12.296745">
    <ele>1927.497</ele>
    <time>2026-08-08T13:09:07Z</time>
   </trkpt>
   <trkpt lat="47.604954" lon="12.296892">
    <ele>1932.669</ele>
    <time>2026-08-08T13:09:24Z</time>
   </trkpt>
   <trkpt lat="47.604947" lon="12.296971">
    <ele>1933.666</ele>
    <time>2026-08-08T13:09:29Z</time>
   </trkpt>
   <trkpt lat="47.604912" lon="12.297092">
    <ele>1933.973</ele>
    <time>2026-08-08T13:09:46Z</time>
   </trkpt>
   <trkpt lat="47.604914" lon="12.297101">
    <ele>1933.351</ele>
    <time>2026-08-08T13:11:05Z</time>
   </trkpt>
   <trkpt lat="47.604914" lon="12.297097">
    <ele>1932.996</ele>
    <time>2026-08-08T13:12:08Z</time>
   </trkpt>
   <trkpt lat="47.604912" lon="12.297078">
    <ele>1933.365</ele>
    <time>2026-08-08T13:14:27Z</time>
   </trkpt>
   <trkpt lat="47.604915" lon="12.297084">
    <ele>1932.567</ele>
    <time>2026-08-08T13:14:53Z</time>
   </trkpt>
   <trkpt lat="47.604918" lon="12.297036">
    <ele>1931.170</ele>
    <time>2026-08-08T13:15:07Z</time>
   </trkpt>
   <trkpt lat="47.604929" lon="12.297011">
    <ele>1930.949</ele>
    <time>2026-08-08T13:16:05Z</time>
   </trkpt>
   <trkpt lat="47.604960" lon="12.296972">
    <ele>1930.121</ele>
    <time>2026-08-08T13:16:26Z</time>
   </trkpt>
   <trkpt lat="47.604964" lon="12.296905">
    <ele>1928.714</ele>
    <time>2026-08-08T13:16:35Z</time>
   </trkpt>
   <trkpt lat="47.604960" lon="12.296723">
    <ele>1921.821</ele>
    <time>2026-08-08T13:16:53Z</time>
   </trkpt>
   <trkpt lat="47.604914" lon="12.296660">
    <ele>1918.927</ele>
    <time>2026-08-08T13:17:08Z</time>
   </trkpt>
   <trkpt lat="47.604912" lon="12.296649">
    <ele>1918.397</ele>
    <time>2026-08-08T13:17:09Z</time>
   </trkpt>
   <trkpt lat="47.604909" lon="12.296609">
    <ele>1917.453</ele>
    <time>2026-08-08T13:17:12Z</time>
   </trkpt>
   <trkpt lat="47.604908" lon="12.296554">
    <ele>1916.167</ele>
    <time>2026-08-08T13:17:16Z</time>
   </trkpt>
   <trkpt lat="47.604920" lon="12.296412">
    <ele>1912.392</ele>
    <time>2026-08-08T13:17:29Z</time>
   </trkpt>
   <trkpt lat="47.604936" lon="12.296241">
    <ele>1911.226</ele>
    <time>2026-08-08T13:17:41Z</time>
   </trkpt>
   <trkpt lat="47.604928" lon="12.296149">
    <ele>1908.681</ele>
    <time>2026-08-08T13:17:53Z</time>
   </trkpt>
   <trkpt lat="47.604930" lon="12.296058">
    <ele>1907.539</ele>
    <time>2026-08-08T13:18:00Z</time>
   </trkpt>
   <trkpt lat="47.604918" lon="12.296023">
    <ele>1906.251</ele>
    <time>2026-08-08T13:18:02Z</time>
   </trkpt>
   <trkpt lat="47.604887" lon="12.295966">
    <ele>1904.097</ele>
    <time>2026-08-08T13:18:06Z</time>
   </trkpt>
   <trkpt lat="47.604774" lon="12.295848">
    <ele>1897.795</ele>
    <time>2026-08-08T13:18:20Z</time>
   </trkpt>
   <trkpt lat="47.604660" lon="12.295792">
    <ele>1894.242</ele>
    <time>2026-08-08T13:18:33Z</time>
   </trkpt>
   <trkpt lat="47.604628" lon="12.295776">
    <ele>1893.193</ele>
    <time>2026-08-08T13:18:38Z</time>
   </trkpt>
   <trkpt lat="47.604522" lon="12.295784">
    <ele>1889.460</ele>
    <time>2026-08-08T13:18:54Z</time>
   </trkpt>
   <trkpt lat="47.604450" lon="12.295795">
    <ele>1886.113</ele>
    <time>2026-08-08T13:19:12Z</time>
   </trkpt>
   <trkpt lat="47.604335" lon="12.295831">
    <ele>1883.796</ele>
    <time>2026-08-08T13:19:24Z</time>
   </trkpt>
   <trkpt lat="47.604281" lon="12.295869">
    <ele>1880.928</ele>
    <time>2026-08-08T13:19:30Z</time>
   </trkpt>
   <trkpt lat="47.604230" lon="12.295927">
    <ele>1878.445</ele>
    <time>2026-08-08T13:19:36Z</time>
   </trkpt>
   <trkpt lat="47.604149" lon="12.295961">
    <ele>1874.041</ele>
    <time>2026-08-08T13:19:45Z</time>
   </trkpt>
   <trkpt lat="47.604013" lon="12.296006">
    <ele>1868.588</ele>
    <time>2026-08-08T13:19:59Z</time>
   </trkpt>
   <trkpt lat="47.603955" lon="12.296007">
    <ele>1867.706</ele>
    <time>2026-08-08T13:20:05Z</time>
   </trkpt>
   <trkpt lat="47.603950" lon="12.296116">
    <ele>1866.720</ele>
    <time>2026-08-08T13:20:12Z</time>
   </trkpt>
   <trkpt lat="47.603952" lon="12.296174">
    <ele>1864.316</ele>
    <time>2026-08-08T13:20:16Z</time>
   </trkpt>
   <trkpt lat="47.603927" lon="12.296239">
    <ele>1862.484</ele>
    <time>2026-08-08T13:20:20Z</time>
   </trkpt>
   <trkpt lat="47.603924" lon="12.296331">
    <ele>1859.547</ele>
    <time>2026-08-08T13:20:25Z</time>
   </trkpt>
   <trkpt lat="47.603856" lon="12.296498">
    <ele>1852.345</ele>
    <time>2026-08-08T13:20:39Z</time>
   </trkpt>
   <trkpt lat="47.603828" lon="12.296543">
    <ele>1850.102</ele>
    <time>2026-08-08T13:20:46Z</time>
   </trkpt>
   <trkpt lat="47.603824" lon="12.296684">
    <ele>1846.093</ele>
    <time>2026-08-08T13:20:54Z</time>
   </trkpt>
   <trkpt lat="47.603815" lon="12.296855">
    <ele>1840.398</ele>
    <time>2026-08-08T13:21:07Z</time>
   </trkpt>
   <trkpt lat="47.603823" lon="12.296987">
    <ele>1836.487</ele>
    <time>2026-08-08T13:21:19Z</time>
   </trkpt>
   <trkpt lat="47.603825" lon="12.296997">
    <ele>1836.307</ele>
    <time>2026-08-08T13:21:22Z</time>
   </trkpt>
   <trkpt lat="47.603810" lon="12.297010">
    <ele>1835.016</ele>
    <time>2026-08-08T13:21:24Z</time>
   </trkpt>
   <trkpt lat="47.603824" lon="12.297043">
    <ele>1834.100</ele>
    <time>2026-08-08T13:21:27Z</time>
   </trkpt>
   <trkpt lat="47.603840" lon="12.297109">
    <ele>1832.809</ele>
    <time>2026-08-08T13:21:32Z</time>
   </trkpt>
   <trkpt lat="47.603835" lon="12.297165">
    <ele>1831.629</ele>
    <time>2026-08-08T13:21:36Z</time>
   </trkpt>
   <trkpt lat="47.603856" lon="12.297374">
    <ele>1827.510</ele>
    <time>2026-08-08T13:21:47Z</time>
   </trkpt>
   <trkpt lat="47.603892" lon="12.297454">
    <ele>1826.573</ele>
    <time>2026-08-08T13:21:52Z</time>
   </trkpt>
   <trkpt lat="47.603913" lon="12.297511">
    <ele>1824.230</ele>
    <time>2026-08-08T13:22:08Z</time>
   </trkpt>
   <trkpt lat="47.603919" lon="12.297567">
    <ele>1822.515</ele>
    <time>2026-08-08T13:22:25Z</time>
   </trkpt>
   <trkpt lat="47.603924" lon="12.297595">
    <ele>1821.928</ele>
    <time>2026-08-08T13:22:27Z</time>
   </trkpt>
   <trkpt lat="47.603922" lon="12.297727">
    <ele>1818.007</ele>
    <time>2026-08-08T13:22:42Z</time>
   </trkpt>
   <trkpt lat="47.603917" lon="12.297761">
    <ele>1816.725</ele>
    <time>2026-08-08T13:22:45Z</time>
   </trkpt>
   <trkpt lat="47.603915" lon="12.297847">
    <ele>1814.678</ele>
    <time>2026-08-08T13:22:51Z</time>
   </trkpt>
   <trkpt lat="47.603848" lon="12.297923">
    <ele>1809.964</ele>
    <time>2026-08-08T13:23:05Z</time>
   </trkpt>
   <trkpt lat="47.603831" lon="12.297924">
    <ele>1809.297</ele>
    <time>2026-08-08T13:23:07Z</time>
   </trkpt>
   <trkpt lat="47.603750" lon="12.297869">
    <ele>1805.969</ele>
    <time>2026-08-08T13:23:22Z</time>
   </trkpt>
   <trkpt lat="47.603628" lon="12.297802">
    <ele>1801.045</ele>
    <time>2026-08-08T13:23:37Z</time>
   </trkpt>
   <trkpt lat="47.603521" lon="12.297788">
    <ele>1798.783</ele>
    <time>2026-08-08T13:23:44Z</time>
   </trkpt>
   <trkpt lat="47.603478" lon="12.297839">
    <ele>1796.433</ele>
    <time>2026-08-08T13:23:48Z</time>
   </trkpt>
   <trkpt lat="47.603347" lon="12.297899">
    <ele>1792.220</ele>
    <time>2026-08-08T13:23:56Z</time>
   </trkpt>
   <trkpt lat="47.603288" lon="12.297824">
    <ele>1789.853</ele>
    <time>2026-08-08T13:24:02Z</time>
   </trkpt>
   <trkpt lat="47.603257" lon="12.297800">
    <ele>1788.433</ele>
    <time>2026-08-08T13:24:05Z</time>
   </trkpt>
   <trkpt lat="47.603136" lon="12.297690">
    <ele>1779.200</ele>
    <time>2026-08-08T13:24:24Z</time>
   </trkpt>
   <trkpt lat="47.603094" lon="12.297642">
    <ele>1777.691</ele>
    <time>2026-08-08T13:24:35Z</time>
   </trkpt>
   <trkpt lat="47.603047" lon="12.297530">
    <ele>1773.943</ele>
    <time>2026-08-08T13:24:48Z</time>
   </trkpt>
   <trkpt lat="47.602990" lon="12.297480">
    <ele>1772.207</ele>
    <time>2026-08-08T13:24:59Z</time>
   </trkpt>
   <trkpt lat="47.602959" lon="12.297396">
    <ele>1769.514</ele>
    <time>2026-08-08T13:25:09Z</time>
   </trkpt>
   <trkpt lat="47.602961" lon="12.297367">
    <ele>1768.776</ele>
    <time>2026-08-08T13:25:11Z</time>
   </trkpt>
   <trkpt lat="47.602924" lon="12.297334">
    <ele>1767.858</ele>
    <time>2026-08-08T13:25:15Z</time>
   </trkpt>
   <trkpt lat="47.602903" lon="12.297274">
    <ele>1767.831</ele>
    <time>2026-08-08T13:25:19Z</time>
   </trkpt>
   <trkpt lat="47.602895" lon="12.297177">
    <ele>1763.547</ele>
    <time>2026-08-08T13:25:32Z</time>
   </trkpt>
   <trkpt lat="47.602892" lon="12.297130">
    <ele>1761.289</ele>
    <time>2026-08-08T13:25:36Z</time>
   </trkpt>
   <trkpt lat="47.602902" lon="12.297119">
    <ele>1760.455</ele>
    <time>2026-08-08T13:25:38Z</time>
   </trkpt>
   <trkpt lat="47.602897" lon="12.297098">
    <ele>1759.378</ele>
    <time>2026-08-08T13:25:40Z</time>
   </trkpt>
   <trkpt lat="47.602852" lon="12.297066">
    <ele>1758.758</ele>
    <time>2026-08-08T13:25:44Z</time>
   </trkpt>
   <trkpt lat="47.602851" lon="12.296964">
    <ele>1757.197</ele>
    <time>2026-08-08T13:25:53Z</time>
   </trkpt>
   <trkpt lat="47.602825" lon="12.296901">
    <ele>1754.868</ele>
    <time>2026-08-08T13:26:00Z</time>
   </trkpt>
   <trkpt lat="47.602810" lon="12.296823">
    <ele>1753.168</ele>
    <time>2026-08-08T13:26:08Z</time>
   </trkpt>
   <trkpt lat="47.602799" lon="12.296789">
    <ele>1751.578</ele>
    <time>2026-08-08T13:26:13Z</time>
   </trkpt>
   <trkpt lat="47.602799" lon="12.296726">
    <ele>1749.360</ele>
    <time>2026-08-08T13:26:17Z</time>
   </trkpt>
   <trkpt lat="47.602778" lon="12.296681">
    <ele>1747.203</ele>
    <time>2026-08-08T13:26:21Z</time>
   </trkpt>
   <trkpt lat="47.602756" lon="12.296683">
    <ele>1745.909</ele>
    <time>2026-08-08T13:26:24Z</time>
   </trkpt>
   <trkpt lat="47.602701" lon="12.296689">
    <ele>1743.237</ele>
    <time>2026-08-08T13:26:33Z</time>
   </trkpt>
   <trkpt lat="47.602652" lon="12.296658">
    <ele>1739.696</ele>
    <time>2026-08-08T13:26:44Z</time>
   </trkpt>
   <trkpt lat="47.602617" lon="12.296566">
    <ele>1736.718</ele>
    <time>2026-08-08T13:26:52Z</time>
   </trkpt>
   <trkpt lat="47.602579" lon="12.296426">
    <ele>1736.879</ele>
    <time>2026-08-08T13:27:05Z</time>
   </trkpt>
   <trkpt lat="47.602565" lon="12.296350">
    <ele>1737.366</ele>
    <time>2026-08-08T13:27:14Z</time>
   </trkpt>
   <trkpt lat="47.602511" lon="12.296276">
    <ele>1734.407</ele>
    <time>2026-08-08T13:27:24Z</time>
   </trkpt>
   <trkpt lat="47.602526" lon="12.296167">
    <ele>1732.537</ele>
    <time>2026-08-08T13:27:29Z</time>
   </trkpt>
   <trkpt lat="47.602468" lon="12.296119">
    <ele>1731.361</ele>
    <time>2026-08-08T13:27:39Z</time>
   </trkpt>
   <trkpt lat="47.602430" lon="12.296007">
    <ele>1730.361</ele>
    <time>2026-08-08T13:27:52Z</time>
   </trkpt>
   <trkpt lat="47.602429" lon="12.295996">
    <ele>1730.231</ele>
    <time>2026-08-08T13:28:00Z</time>
   </trkpt>
   <trkpt lat="47.602408" lon="12.295944">
    <ele>1731.492</ele>
    <time>2026-08-08T13:28:05Z</time>
   </trkpt>
   <trkpt lat="47.602402" lon="12.295916">
    <ele>1731.657</ele>
    <time>2026-08-08T13:28:07Z</time>
   </trkpt>
   <trkpt lat="47.602364" lon="12.295744">
    <ele>1729.520</ele>
    <time>2026-08-08T13:28:21Z</time>
   </trkpt>
   <trkpt lat="47.602276" lon="12.295682">
    <ele>1723.517</ele>
    <time>2026-08-08T13:28:29Z</time>
   </trkpt>
   <trkpt lat="47.602245" lon="12.295738">
    <ele>1719.820</ele>
    <time>2026-08-08T13:28:35Z</time>
   </trkpt>
   <trkpt lat="47.602191" lon="12.295699">
    <ele>1715.272</ele>
    <time>2026-08-08T13:28:42Z</time>
   </trkpt>
   <trkpt lat="47.602189" lon="12.295733">
    <ele>1712.865</ele>
    <time>2026-08-08T13:28:44Z</time>
   </trkpt>
   <trkpt lat="47.602176" lon="12.295734">
    <ele>1710.945</ele>
    <time>2026-08-08T13:28:46Z</time>
   </trkpt>
   <trkpt lat="47.602178" lon="12.295762">
    <ele>1709.365</ele>
    <time>2026-08-08T13:28:48Z</time>
   </trkpt>
   <trkpt lat="47.602165" lon="12.295776">
    <ele>1707.879</ele>
    <time>2026-08-08T13:28:50Z</time>
   </trkpt>
   <trkpt lat="47.602134" lon="12.295778">
    <ele>1705.111</ele>
    <time>2026-08-08T13:28:58Z</time>
   </trkpt>
   <trkpt lat="47.602110" lon="12.295786">
    <ele>1704.442</ele>
    <time>2026-08-08T13:29:02Z</time>
   </trkpt>
   <trkpt lat="47.602088" lon="12.295792">
    <ele>1702.616</ele>
    <time>2026-08-08T13:29:06Z</time>
   </trkpt>
   <trkpt lat="47.602053" lon="12.295920">
    <ele>1696.350</ele>
    <time>2026-08-08T13:29:17Z</time>
   </trkpt>
   <trkpt lat="47.602010" lon="12.295935">
    <ele>1693.758</ele>
    <time>2026-08-08T13:29:24Z</time>
   </trkpt>
   <trkpt lat="47.601968" lon="12.295987">
    <ele>1689.408</ele>
    <time>2026-08-08T13:29:32Z</time>
   </trkpt>
   <trkpt lat="47.601941" lon="12.296004">
    <ele>1687.544</ele>
    <time>2026-08-08T13:29:37Z</time>
   </trkpt>
   <trkpt lat="47.601938" lon="12.296093">
    <ele>1684.826</ele>
    <time>2026-08-08T13:29:43Z</time>
   </trkpt>
   <trkpt lat="47.601885" lon="12.296144">
    <ele>1679.335</ele>
    <time>2026-08-08T13:29:52Z</time>
   </trkpt>
   <trkpt lat="47.601841" lon="12.296189">
    <ele>1673.802</ele>
    <time>2026-08-08T13:30:05Z</time>
   </trkpt>
   <trkpt lat="47.601803" lon="12.296229">
    <ele>1670.234</ele>
    <time>2026-08-08T13:30:15Z</time>
   </trkpt>
   <trkpt lat="47.601789" lon="12.296339">
    <ele>1664.424</ele>
    <time>2026-08-08T13:30:24Z</time>
   </trkpt>
   <trkpt lat="47.601687" lon="12.296309">
    <ele>1659.142</ele>
    <time>2026-08-08T13:30:35Z</time>
   </trkpt>
   <trkpt lat="47.601674" lon="12.296461">
    <ele>1653.047</ele>
    <time>2026-08-08T13:30:48Z</time>
   </trkpt>
   <trkpt lat="47.601621" lon="12.296609">
    <ele>1646.021</ele>
    <time>2026-08-08T13:31:03Z</time>
   </trkpt>
   <trkpt lat="47.601596" lon="12.296630">
    <ele>1642.607</ele>
    <time>2026-08-08T13:31:10Z</time>
   </trkpt>
   <trkpt lat="47.601536" lon="12.296567">
    <ele>1639.470</ele>
    <time>2026-08-08T13:31:15Z</time>
   </trkpt>
   <trkpt lat="47.601428" lon="12.296552">
    <ele>1633.784</ele>
    <time>2026-08-08T13:31:25Z</time>
   </trkpt>
   <trkpt lat="47.601409" lon="12.296613">
    <ele>1631.079</ele>
    <time>2026-08-08T13:31:30Z</time>
   </trkpt>
   <trkpt lat="47.601390" lon="12.296630">
    <ele>1629.788</ele>
    <time>2026-08-08T13:31:32Z</time>
   </trkpt>
   <trkpt lat="47.601351" lon="12.296711">
    <ele>1625.773</ele>
    <time>2026-08-08T13:31:40Z</time>
   </trkpt>
   <trkpt lat="47.601312" lon="12.296714">
    <ele>1624.080</ele>
    <time>2026-08-08T13:31:43Z</time>
   </trkpt>
   <trkpt lat="47.601285" lon="12.296789">
    <ele>1621.784</ele>
    <time>2026-08-08T13:31:51Z</time>
   </trkpt>
   <trkpt lat="47.601243" lon="12.296876">
    <ele>1617.459</ele>
    <time>2026-08-08T13:32:04Z</time>
   </trkpt>
   <trkpt lat="47.601198" lon="12.296933">
    <ele>1612.318</ele>
    <time>2026-08-08T13:32:16Z</time>
   </trkpt>
   <trkpt lat="47.601176" lon="12.297001">
    <ele>1609.483</ele>
    <time>2026-08-08T13:32:23Z</time>
   </trkpt>
   <trkpt lat="47.601083" lon="12.297092">
    <ele>1603.146</ele>
    <time>2026-08-08T13:32:39Z</time>
   </trkpt>
   <trkpt lat="47.601069" lon="12.297111">
    <ele>1601.882</ele>
    <time>2026-08-08T13:32:41Z</time>
   </trkpt>
   <trkpt lat="47.601009" lon="12.297169">
    <ele>1597.604</ele>
    <time>2026-08-08T13:32:52Z</time>
   </trkpt>
   <trkpt lat="47.600974" lon="12.297202">
    <ele>1595.284</ele>
    <time>2026-08-08T13:32:57Z</time>
   </trkpt>
   <trkpt lat="47.600897" lon="12.297242">
    <ele>1590.470</ele>
    <time>2026-08-08T13:33:05Z</time>
   </trkpt>
   <trkpt lat="47.600748" lon="12.297237">
    <ele>1585.509</ele>
    <time>2026-08-08T13:33:16Z</time>
   </trkpt>
   <trkpt lat="47.600668" lon="12.297284">
    <ele>1581.591</ele>
    <time>2026-08-08T13:33:29Z</time>
   </trkpt>
   <trkpt lat="47.600665" lon="12.297323">
    <ele>1579.529</ele>
    <time>2026-08-08T13:33:32Z</time>
   </trkpt>
   <trkpt lat="47.600667" lon="12.297355">
    <ele>1578.283</ele>
    <time>2026-08-08T13:33:34Z</time>
   </trkpt>
   <trkpt lat="47.600609" lon="12.297449">
    <ele>1573.788</ele>
    <time>2026-08-08T13:33:47Z</time>
   </trkpt>
   <trkpt lat="47.600580" lon="12.297455">
    <ele>1572.483</ele>
    <time>2026-08-08T13:33:50Z</time>
   </trkpt>
   <trkpt lat="47.600519" lon="12.297475">
    <ele>1569.168</ele>
    <time>2026-08-08T13:33:55Z</time>
   </trkpt>
   <trkpt lat="47.600459" lon="12.297490">
    <ele>1565.899</ele>
    <time>2026-08-08T13:34:03Z</time>
   </trkpt>
   <trkpt lat="47.600373" lon="12.297512">
    <ele>1558.282</ele>
    <time>2026-08-08T13:34:20Z</time>
   </trkpt>
   <trkpt lat="47.600354" lon="12.297527">
    <ele>1557.200</ele>
    <time>2026-08-08T13:34:23Z</time>
   </trkpt>
   <trkpt lat="47.600323" lon="12.297502">
    <ele>1555.607</ele>
    <time>2026-08-08T13:34:26Z</time>
   </trkpt>
   <trkpt lat="47.600240" lon="12.297540">
    <ele>1550.209</ele>
    <time>2026-08-08T13:34:34Z</time>
   </trkpt>
   <trkpt lat="47.600224" lon="12.297569">
    <ele>1548.235</ele>
    <time>2026-08-08T13:34:36Z</time>
   </trkpt>
   <trkpt lat="47.600178" lon="12.297588">
    <ele>1546.064</ele>
    <time>2026-08-08T13:34:40Z</time>
   </trkpt>
   <trkpt lat="47.600129" lon="12.297578">
    <ele>1544.247</ele>
    <time>2026-08-08T13:34:44Z</time>
   </trkpt>
   <trkpt lat="47.600041" lon="12.297620">
    <ele>1538.981</ele>
    <time>2026-08-08T13:34:57Z</time>
   </trkpt>
   <trkpt lat="47.599968" lon="12.297669">
    <ele>1533.772</ele>
    <time>2026-08-08T13:35:10Z</time>
   </trkpt>
   <trkpt lat="47.599911" lon="12.297682">
    <ele>1531.323</ele>
    <time>2026-08-08T13:35:15Z</time>
   </trkpt>
   <trkpt lat="47.599861" lon="12.297709">
    <ele>1528.971</ele>
    <time>2026-08-08T13:35:25Z</time>
   </trkpt>
   <trkpt lat="47.599789" lon="12.297784">
    <ele>1523.225</ele>
    <time>2026-08-08T13:35:37Z</time>
   </trkpt>
   <trkpt lat="47.599719" lon="12.297903">
    <ele>1517.015</ele>
    <time>2026-08-08T13:35:53Z</time>
   </trkpt>
   <trkpt lat="47.599673" lon="12.297929">
    <ele>1514.917</ele>
    <time>2026-08-08T13:35:57Z</time>
   </trkpt>
   <trkpt lat="47.599642" lon="12.298029">
    <ele>1510.791</ele>
    <time>2026-08-08T13:36:04Z</time>
   </trkpt>
   <trkpt lat="47.599601" lon="12.298051">
    <ele>1508.856</ele>
    <time>2026-08-08T13:36:10Z</time>
   </trkpt>
   <trkpt lat="47.599552" lon="12.298064">
    <ele>1506.057</ele>
    <time>2026-08-08T13:36:14Z</time>
   </trkpt>
   <trkpt lat="47.599514" lon="12.298074">
    <ele>1504.179</ele>
    <time>2026-08-08T13:36:17Z</time>
   </trkpt>
   <trkpt lat="47.599459" lon="12.298080">
    <ele>1501.391</ele>
    <time>2026-08-08T13:36:22Z</time>
   </trkpt>
   <trkpt lat="47.599416" lon="12.298077">
    <ele>1498.947</ele>
    <time>2026-08-08T13:36:26Z</time>
   </trkpt>
   <trkpt lat="47.599393" lon="12.298072">
    <ele>1498.114</ele>
    <time>2026-08-08T13:36:28Z</time>
   </trkpt>
   <trkpt lat="47.599314" lon="12.298118">
    <ele>1493.316</ele>
    <time>2026-08-08T13:36:37Z</time>
   </trkpt>
   <trkpt lat="47.599257" lon="12.298110">
    <ele>1490.637</ele>
    <time>2026-08-08T13:36:42Z</time>
   </trkpt>
   <trkpt lat="47.599176" lon="12.298077">
    <ele>1486.872</ele>
    <time>2026-08-08T13:36:49Z</time>
   </trkpt>
   <trkpt lat="47.599154" lon="12.298076">
    <ele>1486.200</ele>
    <time>2026-08-08T13:36:51Z</time>
   </trkpt>
   <trkpt lat="47.599082" lon="12.298055">
    <ele>1483.724</ele>
    <time>2026-08-08T13:36:58Z</time>
   </trkpt>
   <trkpt lat="47.599061" lon="12.298056">
    <ele>1482.897</ele>
    <time>2026-08-08T13:37:00Z</time>
   </trkpt>
   <trkpt lat="47.599015" lon="12.298034">
    <ele>1480.984</ele>
    <time>2026-08-08T13:37:04Z</time>
   </trkpt>
   <trkpt lat="47.598947" lon="12.298021">
    <ele>1478.726</ele>
    <time>2026-08-08T13:37:09Z</time>
   </trkpt>
   <trkpt lat="47.598906" lon="12.298031">
    <ele>1476.108</ele>
    <time>2026-08-08T13:37:12Z</time>
   </trkpt>
   <trkpt lat="47.598781" lon="12.298017">
    <ele>1470.328</ele>
    <time>2026-08-08T13:37:23Z</time>
   </trkpt>
   <trkpt lat="47.598788" lon="12.298028">
    <ele>1469.740</ele>
    <time>2026-08-08T13:37:47Z</time>
   </trkpt>
   <trkpt lat="47.598795" lon="12.298031">
    <ele>1467.563</ele>
    <time>2026-08-08T13:38:00Z</time>
   </trkpt>
   <trkpt lat="47.598795" lon="12.298032">
    <ele>1467.604</ele>
    <time>2026-08-08T13:38:18Z</time>
   </trkpt>
   <trkpt lat="47.598897" lon="12.298367">
    <ele>1463.986</ele>
    <time>2026-08-08T13:38:35Z</time>
   </trkpt>
   <trkpt lat="47.598998" lon="12.298601">
    <ele>1462.052</ele>
    <time>2026-08-08T13:38:51Z</time>
   </trkpt>
   <trkpt lat="47.599026" lon="12.298640">
    <ele>1461.713</ele>
    <time>2026-08-08T13:38:54Z</time>
   </trkpt>
   <trkpt lat="47.599089" lon="12.298780">
    <ele>1461.074</ele>
    <time>2026-08-08T13:39:03Z</time>
   </trkpt>
   <trkpt lat="47.599107" lon="12.298805">
    <ele>1460.978</ele>
    <time>2026-08-08T13:39:05Z</time>
   </trkpt>
   <trkpt lat="47.599106" lon="12.298880">
    <ele>1458.869</ele>
    <time>2026-08-08T13:39:09Z</time>
   </trkpt>
   <trkpt lat="47.599092" lon="12.298925">
    <ele>1457.409</ele>
    <time>2026-08-08T13:39:12Z</time>
   </trkpt>
   <trkpt lat="47.599147" lon="12.298975">
    <ele>1456.550</ele>
    <time>2026-08-08T13:39:17Z</time>
   </trkpt>
   <trkpt lat="47.599167" lon="12.299037">
    <ele>1456.021</ele>
    <time>2026-08-08T13:39:20Z</time>
   </trkpt>
   <trkpt lat="47.599129" lon="12.299233">
    <ele>1454.759</ele>
    <time>2026-08-08T13:39:31Z</time>
   </trkpt>
   <trkpt lat="47.599125" lon="12.299247">
    <ele>1454.590</ele>
    <time>2026-08-08T13:39:32Z</time>
   </trkpt>
   <trkpt lat="47.599146" lon="12.299314">
    <ele>1454.222</ele>
    <time>2026-08-08T13:39:36Z</time>
   </trkpt>
   <trkpt lat="47.599209" lon="12.299357">
    <ele>1453.229</ele>
    <time>2026-08-08T13:39:44Z</time>
   </trkpt>
   <trkpt lat="47.599205" lon="12.299406">
    <ele>1452.542</ele>
    <time>2026-08-08T13:39:50Z</time>
   </trkpt>
   <trkpt lat="47.599162" lon="12.299560">
    <ele>1454.890</ele>
    <time>2026-08-08T13:40:02Z</time>
   </trkpt>
   <trkpt lat="47.599158" lon="12.299575">
    <ele>1455.035</ele>
    <time>2026-08-08T13:40:03Z</time>
   </trkpt>
   <trkpt lat="47.599135" lon="12.299634">
    <ele>1454.391</ele>
    <time>2026-08-08T13:40:07Z</time>
   </trkpt>
   <trkpt lat="47.599178" lon="12.299842">
    <ele>1453.584</ele>
    <time>2026-08-08T13:40:20Z</time>
   </trkpt>
   <trkpt lat="47.599195" lon="12.299942">
    <ele>1452.279</ele>
    <time>2026-08-08T13:40:27Z</time>
   </trkpt>
   <trkpt lat="47.599229" lon="12.300015">
    <ele>1451.536</ele>
    <time>2026-08-08T13:40:32Z</time>
   </trkpt>
   <trkpt lat="47.599249" lon="12.300035">
    <ele>1451.035</ele>
    <time>2026-08-08T13:40:34Z</time>
   </trkpt>
   <trkpt lat="47.599300" lon="12.300101">
    <ele>1450.113</ele>
    <time>2026-08-08T13:40:39Z</time>
   </trkpt>
   <trkpt lat="47.599309" lon="12.300151">
    <ele>1449.933</ele>
    <time>2026-08-08T13:40:42Z</time>
   </trkpt>
   <trkpt lat="47.599243" lon="12.300211">
    <ele>1449.131</ele>
    <time>2026-08-08T13:40:47Z</time>
   </trkpt>
   <trkpt lat="47.599211" lon="12.300249">
    <ele>1449.319</ele>
    <time>2026-08-08T13:40:50Z</time>
   </trkpt>
   <trkpt lat="47.599206" lon="12.300332">
    <ele>1449.830</ele>
    <time>2026-08-08T13:40:54Z</time>
   </trkpt>
   <trkpt lat="47.599234" lon="12.300392">
    <ele>1450.810</ele>
    <time>2026-08-08T13:40:58Z</time>
   </trkpt>
   <trkpt lat="47.599234" lon="12.300441">
    <ele>1449.951</ele>
    <time>2026-08-08T13:41:01Z</time>
   </trkpt>
   <trkpt lat="47.599249" lon="12.300482">
    <ele>1449.384</ele>
    <time>2026-08-08T13:41:03Z</time>
   </trkpt>
   <trkpt lat="47.599247" lon="12.300561">
    <ele>1447.944</ele>
    <time>2026-08-08T13:41:06Z</time>
   </trkpt>
   <trkpt lat="47.599280" lon="12.300653">
    <ele>1447.661</ele>
    <time>2026-08-08T13:41:10Z</time>
   </trkpt>
   <trkpt lat="47.599162" lon="12.300843">
    <ele>1448.298</ele>
    <time>2026-08-08T13:41:22Z</time>
   </trkpt>
   <trkpt lat="47.599132" lon="12.300897">
    <ele>1448.762</ele>
    <time>2026-08-08T13:41:26Z</time>
   </trkpt>
   <trkpt lat="47.599071" lon="12.300920">
    <ele>1447.760</ele>
    <time>2026-08-08T13:41:31Z</time>
   </trkpt>
   <trkpt lat="47.598973" lon="12.300932">
    <ele>1445.998</ele>
    <time>2026-08-08T13:41:43Z</time>
   </trkpt>
   <trkpt lat="47.598971" lon="12.300977">
    <ele>1445.180</ele>
    <time>2026-08-08T13:41:48Z</time>
   </trkpt>
   <trkpt lat="47.598943" lon="12.301111">
    <ele>1442.147</ele>
    <time>2026-08-08T13:41:55Z</time>
   </trkpt>
   <trkpt lat="47.598875" lon="12.301217">
    <ele>1439.222</ele>
    <time>2026-08-08T13:42:02Z</time>
   </trkpt>
   <trkpt lat="47.598868" lon="12.301473">
    <ele>1437.001</ele>
    <time>2026-08-08T13:42:14Z</time>
   </trkpt>
   <trkpt lat="47.598867" lon="12.301541">
    <ele>1436.093</ele>
    <time>2026-08-08T13:42:17Z</time>
   </trkpt>
   <trkpt lat="47.598889" lon="12.301593">
    <ele>1435.121</ele>
    <time>2026-08-08T13:42:21Z</time>
   </trkpt>
   <trkpt lat="47.598923" lon="12.301638">
    <ele>1434.955</ele>
    <time>2026-08-08T13:42:37Z</time>
   </trkpt>
   <trkpt lat="47.599010" lon="12.301647">
    <ele>1439.917</ele>
    <time>2026-08-08T13:42:55Z</time>
   </trkpt>
   <trkpt lat="47.599038" lon="12.301592">
    <ele>1443.863</ele>
    <time>2026-08-08T13:43:06Z</time>
   </trkpt>
   <trkpt lat="47.599090" lon="12.301437">
    <ele>1447.144</ele>
    <time>2026-08-08T13:43:20Z</time>
   </trkpt>
   <trkpt lat="47.599089" lon="12.301303">
    <ele>1449.647</ele>
    <time>2026-08-08T13:43:30Z</time>
   </trkpt>
   <trkpt lat="47.599125" lon="12.301197">
    <ele>1450.702</ele>
    <time>2026-08-08T13:43:40Z</time>
   </trkpt>
   <trkpt lat="47.599121" lon="12.301045">
    <ele>1452.068</ele>
    <time>2026-08-08T13:43:49Z</time>
   </trkpt>
   <trkpt lat="47.599185" lon="12.300966">
    <ele>1453.992</ele>
    <time>2026-08-08T13:43:58Z</time>
   </trkpt>
   <trkpt lat="47.599263" lon="12.301088">
    <ele>1458.051</ele>
    <time>2026-08-08T13:44:14Z</time>
   </trkpt>
   <trkpt lat="47.599285" lon="12.301122">
    <ele>1459.319</ele>
    <time>2026-08-08T13:44:19Z</time>
   </trkpt>
   <trkpt lat="47.599339" lon="12.301196">
    <ele>1461.256</ele>
    <time>2026-08-08T13:44:29Z</time>
   </trkpt>
   <trkpt lat="47.599421" lon="12.301353">
    <ele>1463.021</ele>
    <time>2026-08-08T13:44:43Z</time>
   </trkpt>
   <trkpt lat="47.599470" lon="12.301406">
    <ele>1464.791</ele>
    <time>2026-08-08T13:44:51Z</time>
   </trkpt>
   <trkpt lat="47.599612" lon="12.301619">
    <ele>1469.657</ele>
    <time>2026-08-08T13:45:11Z</time>
   </trkpt>
   <trkpt lat="47.599660" lon="12.301622">
    <ele>1472.195</ele>
    <time>2026-08-08T13:45:20Z</time>
   </trkpt>
   <trkpt lat="47.599791" lon="12.301688">
    <ele>1474.942</ele>
    <time>2026-08-08T13:45:34Z</time>
   </trkpt>
   <trkpt lat="47.599912" lon="12.301697">
    <ele>1476.121</ele>
    <time>2026-08-08T13:45:45Z</time>
   </trkpt>
   <trkpt lat="47.600107" lon="12.301894">
    <ele>1474.421</ele>
    <time>2026-08-08T13:46:03Z</time>
   </trkpt>
   <trkpt lat="47.600133" lon="12.301899">
    <ele>1474.480</ele>
    <time>2026-08-08T13:46:06Z</time>
   </trkpt>
   <trkpt lat="47.600186" lon="12.301884">
    <ele>1476.280</ele>
    <time>2026-08-08T13:46:12Z</time>
   </trkpt>
   <trkpt lat="47.600266" lon="12.301889">
    <ele>1476.644</ele>
    <time>2026-08-08T13:46:26Z</time>
   </trkpt>
   <trkpt lat="47.600303" lon="12.301997">
    <ele>1472.677</ele>
    <time>2026-08-08T13:46:46Z</time>
   </trkpt>
   <trkpt lat="47.600292" lon="12.302106">
    <ele>1469.539</ele>
    <time>2026-08-08T13:46:58Z</time>
   </trkpt>
   <trkpt lat="47.600332" lon="12.302134">
    <ele>1468.363</ele>
    <time>2026-08-08T13:47:05Z</time>
   </trkpt>
   <trkpt lat="47.600375" lon="12.302129">
    <ele>1466.673</ele>
    <time>2026-08-08T13:47:09Z</time>
   </trkpt>
   <trkpt lat="47.600400" lon="12.302165">
    <ele>1465.288</ele>
    <time>2026-08-08T13:47:12Z</time>
   </trkpt>
   <trkpt lat="47.600522" lon="12.302211">
    <ele>1462.940</ele>
    <time>2026-08-08T13:47:23Z</time>
   </trkpt>
   <trkpt lat="47.600534" lon="12.302230">
    <ele>1462.408</ele>
    <time>2026-08-08T13:47:25Z</time>
   </trkpt>
   <trkpt lat="47.600563" lon="12.302249">
    <ele>1461.913</ele>
    <time>2026-08-08T13:47:28Z</time>
   </trkpt>
   <trkpt lat="47.600583" lon="12.302258">
    <ele>1461.733</ele>
    <time>2026-08-08T13:47:30Z</time>
   </trkpt>
   <trkpt lat="47.600598" lon="12.302282">
    <ele>1460.733</ele>
    <time>2026-08-08T13:47:32Z</time>
   </trkpt>
   <trkpt lat="47.600632" lon="12.302366">
    <ele>1460.121</ele>
    <time>2026-08-08T13:47:37Z</time>
   </trkpt>
   <trkpt lat="47.600709" lon="12.302503">
    <ele>1460.382</ele>
    <time>2026-08-08T13:47:47Z</time>
   </trkpt>
   <trkpt lat="47.600775" lon="12.302652">
    <ele>1458.574</ele>
    <time>2026-08-08T13:47:59Z</time>
   </trkpt>
   <trkpt lat="47.600819" lon="12.302685">
    <ele>1457.732</ele>
    <time>2026-08-08T13:48:03Z</time>
   </trkpt>
   <trkpt lat="47.600897" lon="12.302686">
    <ele>1456.236</ele>
    <time>2026-08-08T13:48:08Z</time>
   </trkpt>
   <trkpt lat="47.600925" lon="12.302667">
    <ele>1456.011</ele>
    <time>2026-08-08T13:48:11Z</time>
   </trkpt>
   <trkpt lat="47.600986" lon="12.302650">
    <ele>1453.688</ele>
    <time>2026-08-08T13:48:18Z</time>
   </trkpt>
   <trkpt lat="47.601033" lon="12.302678">
    <ele>1454.418</ele>
    <time>2026-08-08T13:48:22Z</time>
   </trkpt>
   <trkpt lat="47.601080" lon="12.302735">
    <ele>1454.329</ele>
    <time>2026-08-08T13:48:31Z</time>
   </trkpt>
   <trkpt lat="47.601113" lon="12.302716">
    <ele>1454.511</ele>
    <time>2026-08-08T13:48:34Z</time>
   </trkpt>
   <trkpt lat="47.601151" lon="12.302785">
    <ele>1454.590</ele>
    <time>2026-08-08T13:48:40Z</time>
   </trkpt>
   <trkpt lat="47.601344" lon="12.302933">
    <ele>1452.636</ele>
    <time>2026-08-08T13:48:57Z</time>
   </trkpt>
   <trkpt lat="47.601355" lon="12.302967">
    <ele>1452.231</ele>
    <time>2026-08-08T13:48:59Z</time>
   </trkpt>
   <trkpt lat="47.601395" lon="12.303024">
    <ele>1451.180</ele>
    <time>2026-08-08T13:49:03Z</time>
   </trkpt>
   <trkpt lat="47.601435" lon="12.303044">
    <ele>1450.551</ele>
    <time>2026-08-08T13:49:06Z</time>
   </trkpt>
   <trkpt lat="47.601466" lon="12.303111">
    <ele>1448.905</ele>
    <time>2026-08-08T13:49:10Z</time>
   </trkpt>
   <trkpt lat="47.601547" lon="12.303137">
    <ele>1447.575</ele>
    <time>2026-08-08T13:49:25Z</time>
   </trkpt>
   <trkpt lat="47.601577" lon="12.303177">
    <ele>1445.805</ele>
    <time>2026-08-08T13:49:36Z</time>
   </trkpt>
   <trkpt lat="47.601623" lon="12.303193">
    <ele>1444.033</ele>
    <time>2026-08-08T13:49:41Z</time>
   </trkpt>
   <trkpt lat="47.601738" lon="12.303202">
    <ele>1441.760</ele>
    <time>2026-08-08T13:49:52Z</time>
   </trkpt>
   <trkpt lat="47.601755" lon="12.303263">
    <ele>1439.949</ele>
    <time>2026-08-08T13:49:56Z</time>
   </trkpt>
   <trkpt lat="47.601891" lon="12.303347">
    <ele>1436.869</ele>
    <time>2026-08-08T13:50:07Z</time>
   </trkpt>
   <trkpt lat="47.601988" lon="12.303377">
    <ele>1433.922</ele>
    <time>2026-08-08T13:50:14Z</time>
   </trkpt>
   <trkpt lat="47.602169" lon="12.303397">
    <ele>1432.488</ele>
    <time>2026-08-08T13:50:27Z</time>
   </trkpt>
   <trkpt lat="47.602193" lon="12.303404">
    <ele>1432.174</ele>
    <time>2026-08-08T13:50:29Z</time>
   </trkpt>
   <trkpt lat="47.602228" lon="12.303392">
    <ele>1432.550</ele>
    <time>2026-08-08T13:50:33Z</time>
   </trkpt>
   <trkpt lat="47.602305" lon="12.303396">
    <ele>1431.181</ele>
    <time>2026-08-08T13:50:54Z</time>
   </trkpt>
   <trkpt lat="47.602329" lon="12.303393">
    <ele>1430.912</ele>
    <time>2026-08-08T13:50:57Z</time>
   </trkpt>
   <trkpt lat="47.602541" lon="12.303430">
    <ele>1431.372</ele>
    <time>2026-08-08T13:51:13Z</time>
   </trkpt>
   <trkpt lat="47.602712" lon="12.303478">
    <ele>1430.750</ele>
    <time>2026-08-08T13:51:28Z</time>
   </trkpt>
   <trkpt lat="47.602771" lon="12.303513">
    <ele>1430.025</ele>
    <time>2026-08-08T13:51:34Z</time>
   </trkpt>
   <trkpt lat="47.602960" lon="12.303549">
    <ele>1431.911</ele>
    <time>2026-08-08T13:51:51Z</time>
   </trkpt>
   <trkpt lat="47.603015" lon="12.303540">
    <ele>1432.002</ele>
    <time>2026-08-08T13:51:56Z</time>
   </trkpt>
   <trkpt lat="47.603066" lon="12.303575">
    <ele>1432.028</ele>
    <time>2026-08-08T13:52:02Z</time>
   </trkpt>
   <trkpt lat="47.603116" lon="12.303533">
    <ele>1431.416</ele>
    <time>2026-08-08T13:52:08Z</time>
   </trkpt>
   <trkpt lat="47.603134" lon="12.303609">
    <ele>1430.875</ele>
    <time>2026-08-08T13:52:15Z</time>
   </trkpt>
   <trkpt lat="47.603170" lon="12.303655">
    <ele>1431.006</ele>
    <time>2026-08-08T13:52:23Z</time>
   </trkpt>
   <trkpt lat="47.603252" lon="12.303747">
    <ele>1425.943</ele>
    <time>2026-08-08T13:52:39Z</time>
   </trkpt>
   <trkpt lat="47.603263" lon="12.303764">
    <ele>1424.736</ele>
    <time>2026-08-08T13:53:03Z</time>
   </trkpt>
   <trkpt lat="47.603298" lon="12.303909">
    <ele>1419.685</ele>
    <time>2026-08-08T13:53:20Z</time>
   </trkpt>
   <trkpt lat="47.603268" lon="12.303905">
    <ele>1418.638</ele>
    <time>2026-08-08T13:53:32Z</time>
   </trkpt>
   <trkpt lat="47.603198" lon="12.304009">
    <ele>1413.400</ele>
    <time>2026-08-08T13:53:47Z</time>
   </trkpt>
   <trkpt lat="47.603164" lon="12.304058">
    <ele>1411.510</ele>
    <time>2026-08-08T13:53:54Z</time>
   </trkpt>
   <trkpt lat="47.603167" lon="12.304135">
    <ele>1407.912</ele>
    <time>2026-08-08T13:54:02Z</time>
   </trkpt>
   <trkpt lat="47.603245" lon="12.304277">
    <ele>1402.023</ele>
    <time>2026-08-08T13:54:15Z</time>
   </trkpt>
   <trkpt lat="47.603270" lon="12.304333">
    <ele>1400.124</ele>
    <time>2026-08-08T13:54:21Z</time>
   </trkpt>
   <trkpt lat="47.603311" lon="12.304429">
    <ele>1396.988</ele>
    <time>2026-08-08T13:54:29Z</time>
   </trkpt>
   <trkpt lat="47.603330" lon="12.304448">
    <ele>1396.944</ele>
    <time>2026-08-08T13:54:31Z</time>
   </trkpt>
   <trkpt lat="47.603526" lon="12.304453">
    <ele>1399.614</ele>
    <time>2026-08-08T13:54:50Z</time>
   </trkpt>
   <trkpt lat="47.603584" lon="12.304487">
    <ele>1400.359</ele>
    <time>2026-08-08T13:54:57Z</time>
   </trkpt>
   <trkpt lat="47.603638" lon="12.304558">
    <ele>1401.275</ele>
    <time>2026-08-08T13:55:03Z</time>
   </trkpt>
   <trkpt lat="47.603704" lon="12.304617">
    <ele>1404.103</ele>
    <time>2026-08-08T13:55:17Z</time>
   </trkpt>
   <trkpt lat="47.603786" lon="12.304618">
    <ele>1406.537</ele>
    <time>2026-08-08T13:55:33Z</time>
   </trkpt>
   <trkpt lat="47.603865" lon="12.304611">
    <ele>1409.133</ele>
    <time>2026-08-08T13:55:47Z</time>
   </trkpt>
   <trkpt lat="47.603973" lon="12.304633">
    <ele>1413.103</ele>
    <time>2026-08-08T13:56:03Z</time>
   </trkpt>
   <trkpt lat="47.604076" lon="12.304639">
    <ele>1415.678</ele>
    <time>2026-08-08T13:56:18Z</time>
   </trkpt>
   <trkpt lat="47.604186" lon="12.304602">
    <ele>1420.180</ele>
    <time>2026-08-08T13:56:36Z</time>
   </trkpt>
   <trkpt lat="47.604242" lon="12.304556">
    <ele>1424.140</ele>
    <time>2026-08-08T13:56:55Z</time>
   </trkpt>
   <trkpt lat="47.604257" lon="12.304545">
    <ele>1424.297</ele>
    <time>2026-08-08T13:57:16Z</time>
   </trkpt>
   <trkpt lat="47.604260" lon="12.304543">
    <ele>1424.294</ele>
    <time>2026-08-08T13:57:25Z</time>
   </trkpt>
   <trkpt lat="47.604412" lon="12.304470">
    <ele>1430.074</ele>
    <time>2026-08-08T13:57:45Z</time>
   </trkpt>
   <trkpt lat="47.604497" lon="12.304408">
    <ele>1434.081</ele>
    <time>2026-08-08T13:58:03Z</time>
   </trkpt>
   <trkpt lat="47.604644" lon="12.304440">
    <ele>1437.810</ele>
    <time>2026-08-08T13:58:21Z</time>
   </trkpt>
   <trkpt lat="47.604761" lon="12.304452">
    <ele>1442.760</ele>
    <time>2026-08-08T13:58:42Z</time>
   </trkpt>
   <trkpt lat="47.604902" lon="12.304456">
    <ele>1447.997</ele>
    <time>2026-08-08T13:59:05Z</time>
   </trkpt>
   <trkpt lat="47.604992" lon="12.304454">
    <ele>1449.686</ele>
    <time>2026-08-08T13:59:21Z</time>
   </trkpt>
   <trkpt lat="47.605122" lon="12.304399">
    <ele>1454.458</ele>
    <time>2026-08-08T13:59:42Z</time>
   </trkpt>
   <trkpt lat="47.605268" lon="12.304383">
    <ele>1457.275</ele>
    <time>2026-08-08T14:00:04Z</time>
   </trkpt>
   <trkpt lat="47.605354" lon="12.304391">
    <ele>1458.243</ele>
    <time>2026-08-08T14:00:16Z</time>
   </trkpt>
   <trkpt lat="47.605490" lon="12.304458">
    <ele>1459.789</ele>
    <time>2026-08-08T14:00:30Z</time>
   </trkpt>
   <trkpt lat="47.605608" lon="12.304454">
    <ele>1463.402</ele>
    <time>2026-08-08T14:00:48Z</time>
   </trkpt>
   <trkpt lat="47.605764" lon="12.304595">
    <ele>1465.773</ele>
    <time>2026-08-08T14:01:07Z</time>
   </trkpt>
   <trkpt lat="47.605890" lon="12.304691">
    <ele>1468.826</ele>
    <time>2026-08-08T14:01:25Z</time>
   </trkpt>
   <trkpt lat="47.606020" lon="12.304753">
    <ele>1473.877</ele>
    <time>2026-08-08T14:01:46Z</time>
   </trkpt>
   <trkpt lat="47.606153" lon="12.304875">
    <ele>1476.208</ele>
    <time>2026-08-08T14:02:03Z</time>
   </trkpt>
   <trkpt lat="47.606251" lon="12.305075">
    <ele>1475.255</ele>
    <time>2026-08-08T14:02:17Z</time>
   </trkpt>
   <trkpt lat="47.606325" lon="12.305133">
    <ele>1476.238</ele>
    <time>2026-08-08T14:02:30Z</time>
   </trkpt>
   <trkpt lat="47.606356" lon="12.305158">
    <ele>1477.227</ele>
    <time>2026-08-08T14:02:36Z</time>
   </trkpt>
   <trkpt lat="47.606469" lon="12.305229">
    <ele>1480.398</ele>
    <time>2026-08-08T14:02:56Z</time>
   </trkpt>
   <trkpt lat="47.606588" lon="12.305342">
    <ele>1486.187</ele>
    <time>2026-08-08T14:03:22Z</time>
   </trkpt>
   <trkpt lat="47.606732" lon="12.305423">
    <ele>1488.075</ele>
    <time>2026-08-08T14:03:42Z</time>
   </trkpt>
   <trkpt lat="47.606766" lon="12.305431">
    <ele>1488.266</ele>
    <time>2026-08-08T14:03:46Z</time>
   </trkpt>
   <trkpt lat="47.606900" lon="12.305619">
    <ele>1486.129</ele>
    <time>2026-08-08T14:04:01Z</time>
   </trkpt>
   <trkpt lat="47.606965" lon="12.305733">
    <ele>1489.078</ele>
    <time>2026-08-08T14:04:14Z</time>
   </trkpt>
   <trkpt lat="47.607040" lon="12.305841">
    <ele>1489.761</ele>
    <time>2026-08-08T14:04:27Z</time>
   </trkpt>
   <trkpt lat="47.607212" lon="12.305993">
    <ele>1491.452</ele>
    <time>2026-08-08T14:04:45Z</time>
   </trkpt>
   <trkpt lat="47.607263" lon="12.306058">
    <ele>1491.307</ele>
    <time>2026-08-08T14:04:51Z</time>
   </trkpt>
   <trkpt lat="47.607350" lon="12.306136">
    <ele>1491.348</ele>
    <time>2026-08-08T14:04:59Z</time>
   </trkpt>
   <trkpt lat="47.607411" lon="12.306216">
    <ele>1492.738</ele>
    <time>2026-08-08T14:05:08Z</time>
   </trkpt>
   <trkpt lat="47.607496" lon="12.306376">
    <ele>1495.294</ele>
    <time>2026-08-08T14:05:23Z</time>
   </trkpt>
   <trkpt lat="47.607580" lon="12.306504">
    <ele>1495.189</ele>
    <time>2026-08-08T14:05:37Z</time>
   </trkpt>
   <trkpt lat="47.607631" lon="12.306508">
    <ele>1497.766</ele>
    <time>2026-08-08T14:05:55Z</time>
   </trkpt>
   <trkpt lat="47.607761" lon="12.306519">
    <ele>1499.613</ele>
    <time>2026-08-08T14:06:11Z</time>
   </trkpt>
   <trkpt lat="47.607923" lon="12.306618">
    <ele>1500.577</ele>
    <time>2026-08-08T14:06:28Z</time>
   </trkpt>
   <trkpt lat="47.608082" lon="12.306805">
    <ele>1501.827</ele>
    <time>2026-08-08T14:06:47Z</time>
   </trkpt>
   <trkpt lat="47.608096" lon="12.306818">
    <ele>1502.199</ele>
    <time>2026-08-08T14:06:50Z</time>
   </trkpt>
   <trkpt lat="47.608154" lon="12.306857">
    <ele>1504.437</ele>
    <time>2026-08-08T14:07:05Z</time>
   </trkpt>
   <trkpt lat="47.608159" lon="12.306861">
    <ele>1504.413</ele>
    <time>2026-08-08T14:07:06Z</time>
   </trkpt>
   <trkpt lat="47.608339" lon="12.307058">
    <ele>1507.259</ele>
    <time>2026-08-08T14:07:27Z</time>
   </trkpt>
   <trkpt lat="47.608400" lon="12.307094">
    <ele>1508.607</ele>
    <time>2026-08-08T14:07:39Z</time>
   </trkpt>
   <trkpt lat="47.608489" lon="12.307105">
    <ele>1511.877</ele>
    <time>2026-08-08T14:07:52Z</time>
   </trkpt>
   <trkpt lat="47.608599" lon="12.307340">
    <ele>1513.648</ele>
    <time>2026-08-08T14:08:11Z</time>
   </trkpt>
   <trkpt lat="47.608623" lon="12.307375">
    <ele>1513.525</ele>
    <time>2026-08-08T14:08:14Z</time>
   </trkpt>
   <trkpt lat="47.608742" lon="12.307395">
    <ele>1516.425</ele>
    <time>2026-08-08T14:08:30Z</time>
   </trkpt>
   <trkpt lat="47.608846" lon="12.307379">
    <ele>1519.397</ele>
    <time>2026-08-08T14:08:47Z</time>
   </trkpt>
   <trkpt lat="47.608962" lon="12.307437">
    <ele>1519.830</ele>
    <time>2026-08-08T14:09:09Z</time>
   </trkpt>
   <trkpt lat="47.609015" lon="12.307477">
    <ele>1520.869</ele>
    <time>2026-08-08T14:09:32Z</time>
   </trkpt>
   <trkpt lat="47.609127" lon="12.307550">
    <ele>1521.141</ele>
    <time>2026-08-08T14:09:51Z</time>
   </trkpt>
   <trkpt lat="47.609242" lon="12.307714">
    <ele>1521.774</ele>
    <time>2026-08-08T14:10:05Z</time>
   </trkpt>
   <trkpt lat="47.609375" lon="12.307884">
    <ele>1521.071</ele>
    <time>2026-08-08T14:10:19Z</time>
   </trkpt>
   <trkpt lat="47.609395" lon="12.307902">
    <ele>1521.526</ele>
    <time>2026-08-08T14:10:21Z</time>
   </trkpt>
   <trkpt lat="47.609431" lon="12.307941">
    <ele>1520.846</ele>
    <time>2026-08-08T14:10:25Z</time>
   </trkpt>
   <trkpt lat="47.609550" lon="12.308061">
    <ele>1521.988</ele>
    <time>2026-08-08T14:10:37Z</time>
   </trkpt>
   <trkpt lat="47.609745" lon="12.308304">
    <ele>1520.420</ele>
    <time>2026-08-08T14:10:58Z</time>
   </trkpt>
   <trkpt lat="47.609831" lon="12.308453">
    <ele>1519.766</ele>
    <time>2026-08-08T14:11:14Z</time>
   </trkpt>
   <trkpt lat="47.609871" lon="12.308485">
    <ele>1520.067</ele>
    <time>2026-08-08T14:11:18Z</time>
   </trkpt>
   <trkpt lat="47.609940" lon="12.308591">
    <ele>1519.518</ele>
    <time>2026-08-08T14:11:26Z</time>
   </trkpt>
   <trkpt lat="47.609951" lon="12.308658">
    <ele>1518.529</ele>
    <time>2026-08-08T14:11:30Z</time>
   </trkpt>
   <trkpt lat="47.610063" lon="12.308794">
    <ele>1517.460</ele>
    <time>2026-08-08T14:11:42Z</time>
   </trkpt>
   <trkpt lat="47.610120" lon="12.308875">
    <ele>1517.347</ele>
    <time>2026-08-08T14:11:48Z</time>
   </trkpt>
   <trkpt lat="47.610218" lon="12.309058">
    <ele>1516.182</ele>
    <time>2026-08-08T14:12:02Z</time>
   </trkpt>
   <trkpt lat="47.610324" lon="12.309155">
    <ele>1518.794</ele>
    <time>2026-08-08T14:12:17Z</time>
   </trkpt>
   <trkpt lat="47.610425" lon="12.309300">
    <ele>1519.926</ele>
    <time>2026-08-08T14:12:30Z</time>
   </trkpt>
   <trkpt lat="47.610539" lon="12.309445">
    <ele>1521.988</ele>
    <time>2026-08-08T14:12:46Z</time>
   </trkpt>
   <trkpt lat="47.610541" lon="12.309459">
    <ele>1521.749</ele>
    <time>2026-08-08T14:12:47Z</time>
   </trkpt>
   <trkpt lat="47.610622" lon="12.309616">
    <ele>1521.850</ele>
    <time>2026-08-08T14:13:00Z</time>
   </trkpt>
   <trkpt lat="47.610651" lon="12.309638">
    <ele>1521.533</ele>
    <time>2026-08-08T14:13:03Z</time>
   </trkpt>
   <trkpt lat="47.610852" lon="12.309716">
    <ele>1520.694</ele>
    <time>2026-08-08T14:13:22Z</time>
   </trkpt>
   <trkpt lat="47.610972" lon="12.309844">
    <ele>1525.014</ele>
    <time>2026-08-08T14:13:40Z</time>
   </trkpt>
   <trkpt lat="47.611036" lon="12.309919">
    <ele>1524.951</ele>
    <time>2026-08-08T14:13:52Z</time>
   </trkpt>
   <trkpt lat="47.611105" lon="12.310017">
    <ele>1522.092</ele>
    <time>2026-08-08T14:14:08Z</time>
   </trkpt>
   <trkpt lat="47.611147" lon="12.310101">
    <ele>1519.222</ele>
    <time>2026-08-08T14:14:21Z</time>
   </trkpt>
   <trkpt lat="47.611220" lon="12.310177">
    <ele>1517.430</ele>
    <time>2026-08-08T14:14:37Z</time>
   </trkpt>
   <trkpt lat="47.611302" lon="12.310167">
    <ele>1519.069</ele>
    <time>2026-08-08T14:15:26Z</time>
   </trkpt>
   <trkpt lat="47.611404" lon="12.310145">
    <ele>1519.031</ele>
    <time>2026-08-08T14:15:44Z</time>
   </trkpt>
   <trkpt lat="47.611458" lon="12.310136">
    <ele>1518.152</ele>
    <time>2026-08-08T14:15:49Z</time>
   </trkpt>
   <trkpt lat="47.611505" lon="12.310140">
    <ele>1515.802</ele>
    <time>2026-08-08T14:15:56Z</time>
   </trkpt>
   <trkpt lat="47.611649" lon="12.310086">
    <ele>1512.738</ele>
    <time>2026-08-08T14:16:13Z</time>
   </trkpt>
   <trkpt lat="47.611687" lon="12.310139">
    <ele>1508.780</ele>
    <time>2026-08-08T14:16:26Z</time>
   </trkpt>
   <trkpt lat="47.611694" lon="12.310140">
    <ele>1508.477</ele>
    <time>2026-08-08T14:16:27Z</time>
   </trkpt>
   <trkpt lat="47.611840" lon="12.310217">
    <ele>1505.908</ele>
    <time>2026-08-08T14:16:42Z</time>
   </trkpt>
   <trkpt lat="47.611856" lon="12.310240">
    <ele>1505.355</ele>
    <time>2026-08-08T14:16:44Z</time>
   </trkpt>
   <trkpt lat="47.611926" lon="12.310299">
    <ele>1503.748</ele>
    <time>2026-08-08T14:16:50Z</time>
   </trkpt>
   <trkpt lat="47.611942" lon="12.310315">
    <ele>1503.589</ele>
    <time>2026-08-08T14:16:52Z</time>
   </trkpt>
   <trkpt lat="47.611988" lon="12.310310">
    <ele>1503.975</ele>
    <time>2026-08-08T14:16:56Z</time>
   </trkpt>
   <trkpt lat="47.612053" lon="12.310316">
    <ele>1502.343</ele>
    <time>2026-08-08T14:17:01Z</time>
   </trkpt>
   <trkpt lat="47.612080" lon="12.310387">
    <ele>1502.013</ele>
    <time>2026-08-08T14:17:07Z</time>
   </trkpt>
   <trkpt lat="47.612205" lon="12.310476">
    <ele>1500.250</ele>
    <time>2026-08-08T14:17:21Z</time>
   </trkpt>
   <trkpt lat="47.612260" lon="12.310539">
    <ele>1496.772</ele>
    <time>2026-08-08T14:17:28Z</time>
   </trkpt>
   <trkpt lat="47.612341" lon="12.310662">
    <ele>1493.542</ele>
    <time>2026-08-08T14:17:39Z</time>
   </trkpt>
   <trkpt lat="47.612429" lon="12.310765">
    <ele>1491.299</ele>
    <time>2026-08-08T14:17:51Z</time>
   </trkpt>
   <trkpt lat="47.612468" lon="12.310783">
    <ele>1491.787</ele>
    <time>2026-08-08T14:17:55Z</time>
   </trkpt>
   <trkpt lat="47.612512" lon="12.310826">
    <ele>1491.458</ele>
    <time>2026-08-08T14:18:00Z</time>
   </trkpt>
   <trkpt lat="47.612575" lon="12.310926">
    <ele>1488.542</ele>
    <time>2026-08-08T14:18:17Z</time>
   </trkpt>
   <trkpt lat="47.612604" lon="12.310970">
    <ele>1486.204</ele>
    <time>2026-08-08T14:18:23Z</time>
   </trkpt>
   <trkpt lat="47.612736" lon="12.310992">
    <ele>1482.963</ele>
    <time>2026-08-08T14:18:38Z</time>
   </trkpt>
   <trkpt lat="47.612841" lon="12.310982">
    <ele>1480.353</ele>
    <time>2026-08-08T14:18:49Z</time>
   </trkpt>
   <trkpt lat="47.612881" lon="12.311015">
    <ele>1478.554</ele>
    <time>2026-08-08T14:18:53Z</time>
   </trkpt>
   <trkpt lat="47.612923" lon="12.311106">
    <ele>1474.399</ele>
    <time>2026-08-08T14:19:02Z</time>
   </trkpt>
   <trkpt lat="47.612959" lon="12.311143">
    <ele>1473.017</ele>
    <time>2026-08-08T14:19:19Z</time>
   </trkpt>
   <trkpt lat="47.613029" lon="12.311233">
    <ele>1472.466</ele>
    <time>2026-08-08T14:19:36Z</time>
   </trkpt>
   <trkpt lat="47.613097" lon="12.311303">
    <ele>1470.394</ele>
    <time>2026-08-08T14:19:45Z</time>
   </trkpt>
   <trkpt lat="47.613160" lon="12.311370">
    <ele>1468.183</ele>
    <time>2026-08-08T14:19:53Z</time>
   </trkpt>
   <trkpt lat="47.613194" lon="12.311391">
    <ele>1468.351</ele>
    <time>2026-08-08T14:19:56Z</time>
   </trkpt>
   <trkpt lat="47.613233" lon="12.311443">
    <ele>1467.430</ele>
    <time>2026-08-08T14:19:59Z</time>
   </trkpt>
   <trkpt lat="47.613290" lon="12.311490">
    <ele>1465.396</ele>
    <time>2026-08-08T14:20:03Z</time>
   </trkpt>
   <trkpt lat="47.613297" lon="12.311515">
    <ele>1464.804</ele>
    <time>2026-08-08T14:20:05Z</time>
   </trkpt>
   <trkpt lat="47.613386" lon="12.311626">
    <ele>1464.619</ele>
    <time>2026-08-08T14:20:15Z</time>
   </trkpt>
   <trkpt lat="47.613430" lon="12.311642">
    <ele>1464.383</ele>
    <time>2026-08-08T14:20:23Z</time>
   </trkpt>
   <trkpt lat="47.613477" lon="12.311778">
    <ele>1462.142</ele>
    <time>2026-08-08T14:20:32Z</time>
   </trkpt>
   <trkpt lat="47.613493" lon="12.311832">
    <ele>1460.648</ele>
    <time>2026-08-08T14:20:37Z</time>
   </trkpt>
   <trkpt lat="47.613512" lon="12.311900">
    <ele>1459.323</ele>
    <time>2026-08-08T14:20:40Z</time>
   </trkpt>
   <trkpt lat="47.613513" lon="12.311983">
    <ele>1457.317</ele>
    <time>2026-08-08T14:20:43Z</time>
   </trkpt>
   <trkpt lat="47.613553" lon="12.312114">
    <ele>1456.909</ele>
    <time>2026-08-08T14:20:50Z</time>
   </trkpt>
   <trkpt lat="47.613575" lon="12.312159">
    <ele>1456.026</ele>
    <time>2026-08-08T14:20:53Z</time>
   </trkpt>
   <trkpt lat="47.613594" lon="12.312195">
    <ele>1456.390</ele>
    <time>2026-08-08T14:21:08Z</time>
   </trkpt>
   <trkpt lat="47.613671" lon="12.312320">
    <ele>1455.530</ele>
    <time>2026-08-08T14:21:18Z</time>
   </trkpt>
   <trkpt lat="47.613757" lon="12.312487">
    <ele>1454.994</ele>
    <time>2026-08-08T14:21:34Z</time>
   </trkpt>
   <trkpt lat="47.613746" lon="12.312439">
    <ele>1456.246</ele>
    <time>2026-08-08T14:24:54Z</time>
   </trkpt>
   <trkpt lat="47.613642" lon="12.312174">
    <ele>1456.555</ele>
    <time>2026-08-08T14:25:14Z</time>
   </trkpt>
   <trkpt lat="47.613621" lon="12.311941">
    <ele>1453.696</ele>
    <time>2026-08-08T14:25:29Z</time>
   </trkpt>
   <trkpt lat="47.613603" lon="12.311720">
    <ele>1451.942</ele>
    <time>2026-08-08T14:25:44Z</time>
   </trkpt>
   <trkpt lat="47.613588" lon="12.311660">
    <ele>1452.076</ele>
    <time>2026-08-08T14:25:48Z</time>
   </trkpt>
   <trkpt lat="47.613582" lon="12.311594">
    <ele>1451.674</ele>
    <time>2026-08-08T14:25:52Z</time>
   </trkpt>
   <trkpt lat="47.613573" lon="12.311481">
    <ele>1450.387</ele>
    <time>2026-08-08T14:25:59Z</time>
   </trkpt>
   <trkpt lat="47.613554" lon="12.311284">
    <ele>1453.549</ele>
    <time>2026-08-08T14:26:18Z</time>
   </trkpt>
   <trkpt lat="47.613602" lon="12.311125">
    <ele>1458.577</ele>
    <time>2026-08-08T14:26:38Z</time>
   </trkpt>
   <trkpt lat="47.613625" lon="12.311083">
    <ele>1460.300</ele>
    <time>2026-08-08T14:26:44Z</time>
   </trkpt>
   <trkpt lat="47.613742" lon="12.311023">
    <ele>1461.524</ele>
    <time>2026-08-08T14:26:57Z</time>
   </trkpt>
   <trkpt lat="47.613856" lon="12.310942">
    <ele>1462.389</ele>
    <time>2026-08-08T14:27:10Z</time>
   </trkpt>
   <trkpt lat="47.613972" lon="12.310806">
    <ele>1461.796</ele>
    <time>2026-08-08T14:27:25Z</time>
   </trkpt>
   <trkpt lat="47.614078" lon="12.310607">
    <ele>1461.262</ele>
    <time>2026-08-08T14:27:43Z</time>
   </trkpt>
   <trkpt lat="47.614132" lon="12.310519">
    <ele>1458.599</ele>
    <time>2026-08-08T14:27:51Z</time>
   </trkpt>
   <trkpt lat="47.614145" lon="12.310488">
    <ele>1459.656</ele>
    <time>2026-08-08T14:27:54Z</time>
   </trkpt>
   <trkpt lat="47.614208" lon="12.310274">
    <ele>1461.954</ele>
    <time>2026-08-08T14:28:10Z</time>
   </trkpt>
   <trkpt lat="47.614250" lon="12.310188">
    <ele>1463.224</ele>
    <time>2026-08-08T14:28:18Z</time>
   </trkpt>
   <trkpt lat="47.614348" lon="12.310063">
    <ele>1460.083</ele>
    <time>2026-08-08T14:28:27Z</time>
   </trkpt>
   <trkpt lat="47.614364" lon="12.309998">
    <ele>1461.144</ele>
    <time>2026-08-08T14:28:32Z</time>
   </trkpt>
   <trkpt lat="47.614380" lon="12.309970">
    <ele>1461.582</ele>
    <time>2026-08-08T14:28:35Z</time>
   </trkpt>
   <trkpt lat="47.614503" lon="12.309900">
    <ele>1459.854</ele>
    <time>2026-08-08T14:28:44Z</time>
   </trkpt>
   <trkpt lat="47.614549" lon="12.309837">
    <ele>1459.930</ele>
    <time>2026-08-08T14:28:48Z</time>
   </trkpt>
   <trkpt lat="47.614608" lon="12.309789">
    <ele>1459.346</ele>
    <time>2026-08-08T14:28:53Z</time>
   </trkpt>
   <trkpt lat="47.614728" lon="12.309654">
    <ele>1459.434</ele>
    <time>2026-08-08T14:29:07Z</time>
   </trkpt>
   <trkpt lat="47.614763" lon="12.309609">
    <ele>1457.835</ele>
    <time>2026-08-08T14:29:10Z</time>
   </trkpt>
   <trkpt lat="47.614803" lon="12.309604">
    <ele>1456.597</ele>
    <time>2026-08-08T14:29:14Z</time>
   </trkpt>
   <trkpt lat="47.614852" lon="12.309563">
    <ele>1455.563</ele>
    <time>2026-08-08T14:29:18Z</time>
   </trkpt>
   <trkpt lat="47.614873" lon="12.309536">
    <ele>1455.123</ele>
    <time>2026-08-08T14:29:20Z</time>
   </trkpt>
   <trkpt lat="47.614954" lon="12.309476">
    <ele>1454.497</ele>
    <time>2026-08-08T14:29:31Z</time>
   </trkpt>
   <trkpt lat="47.615036" lon="12.309344">
    <ele>1455.591</ele>
    <time>2026-08-08T14:29:44Z</time>
   </trkpt>
   <trkpt lat="47.615109" lon="12.309269">
    <ele>1454.937</ele>
    <time>2026-08-08T14:29:52Z</time>
   </trkpt>
   <trkpt lat="47.615223" lon="12.309135">
    <ele>1453.859</ele>
    <time>2026-08-08T14:30:04Z</time>
   </trkpt>
   <trkpt lat="47.615368" lon="12.309072">
    <ele>1453.728</ele>
    <time>2026-08-08T14:30:18Z</time>
   </trkpt>
   <trkpt lat="47.615460" lon="12.309025">
    <ele>1451.589</ele>
    <time>2026-08-08T14:30:28Z</time>
   </trkpt>
   <trkpt lat="47.615503" lon="12.308997">
    <ele>1450.475</ele>
    <time>2026-08-08T14:30:32Z</time>
   </trkpt>
   <trkpt lat="47.615604" lon="12.308962">
    <ele>1452.164</ele>
    <time>2026-08-08T14:30:42Z</time>
   </trkpt>
   <trkpt lat="47.615709" lon="12.308855">
    <ele>1454.385</ele>
    <time>2026-08-08T14:30:58Z</time>
   </trkpt>
   <trkpt lat="47.615727" lon="12.308820">
    <ele>1454.457</ele>
    <time>2026-08-08T14:31:02Z</time>
   </trkpt>
   <trkpt lat="47.615860" lon="12.308765">
    <ele>1456.574</ele>
    <time>2026-08-08T14:31:20Z</time>
   </trkpt>
   <trkpt lat="47.615978" lon="12.308697">
    <ele>1459.198</ele>
    <time>2026-08-08T14:31:35Z</time>
   </trkpt>
   <trkpt lat="47.616136" lon="12.308620">
    <ele>1457.969</ele>
    <time>2026-08-08T14:31:55Z</time>
   </trkpt>
   <trkpt lat="47.616154" lon="12.308629">
    <ele>1457.209</ele>
    <time>2026-08-08T14:31:59Z</time>
   </trkpt>
   <trkpt lat="47.616304" lon="12.308657">
    <ele>1451.703</ele>
    <time>2026-08-08T14:32:12Z</time>
   </trkpt>
   <trkpt lat="47.616407" lon="12.308659">
    <ele>1448.579</ele>
    <time>2026-08-08T14:32:19Z</time>
   </trkpt>
   <trkpt lat="47.616617" lon="12.308666">
    <ele>1450.645</ele>
    <time>2026-08-08T14:32:37Z</time>
   </trkpt>
   <trkpt lat="47.616638" lon="12.308693">
    <ele>1450.186</ele>
    <time>2026-08-08T14:32:39Z</time>
   </trkpt>
   <trkpt lat="47.616756" lon="12.308739">
    <ele>1452.483</ele>
    <time>2026-08-08T14:32:53Z</time>
   </trkpt>
   <trkpt lat="47.616920" lon="12.308792">
    <ele>1453.117</ele>
    <time>2026-08-08T14:33:08Z</time>
   </trkpt>
   <trkpt lat="47.617063" lon="12.308882">
    <ele>1454.057</ele>
    <time>2026-08-08T14:33:23Z</time>
   </trkpt>
   <trkpt lat="47.617095" lon="12.308859">
    <ele>1455.041</ele>
    <time>2026-08-08T14:33:27Z</time>
   </trkpt>
   <trkpt lat="47.617204" lon="12.308851">
    <ele>1461.770</ele>
    <time>2026-08-08T14:33:39Z</time>
   </trkpt>
   <trkpt lat="47.617257" lon="12.308883">
    <ele>1462.905</ele>
    <time>2026-08-08T14:33:45Z</time>
   </trkpt>
   <trkpt lat="47.617293" lon="12.308953">
    <ele>1467.308</ele>
    <time>2026-08-08T14:33:59Z</time>
   </trkpt>
   <trkpt lat="47.617282" lon="12.308931">
    <ele>1467.914</ele>
    <time>2026-08-08T14:34:01Z</time>
   </trkpt>
   <trkpt lat="47.617331" lon="12.308863">
    <ele>1472.443</ele>
    <time>2026-08-08T14:34:17Z</time>
   </trkpt>
   <trkpt lat="47.617306" lon="12.308735">
    <ele>1478.212</ele>
    <time>2026-08-08T14:34:32Z</time>
   </trkpt>
   <trkpt lat="47.617293" lon="12.308638">
    <ele>1483.212</ele>
    <time>2026-08-08T14:34:48Z</time>
   </trkpt>
   <trkpt lat="47.617341" lon="12.308568">
    <ele>1487.598</ele>
    <time>2026-08-08T14:35:09Z</time>
   </trkpt>
   <trkpt lat="47.617340" lon="12.308507">
    <ele>1490.184</ele>
    <time>2026-08-08T14:35:21Z</time>
   </trkpt>
   <trkpt lat="47.617358" lon="12.308465">
    <ele>1491.490</ele>
    <time>2026-08-08T14:35:26Z</time>
   </trkpt>
   <trkpt lat="47.617424" lon="12.308484">
    <ele>1492.200</ele>
    <time>2026-08-08T14:35:34Z</time>
   </trkpt>
   <trkpt lat="47.617459" lon="12.308526">
    <ele>1491.323</ele>
    <time>2026-08-08T14:35:48Z</time>
   </trkpt>
   <trkpt lat="47.617335" lon="12.308450">
    <ele>1490.855</ele>
    <time>2026-08-08T14:36:01Z</time>
   </trkpt>
   <trkpt lat="47.617410" lon="12.308475">
    <ele>1491.509</ele>
    <time>2026-08-08T14:36:08Z</time>
   </trkpt>
   <trkpt lat="47.617501" lon="12.308534">
    <ele>1493.003</ele>
    <time>2026-08-08T14:36:17Z</time>
   </trkpt>
   <trkpt lat="47.617664" lon="12.308566">
    <ele>1498.234</ele>
    <time>2026-08-08T14:36:40Z</time>
   </trkpt>
   <trkpt lat="47.617836" lon="12.308678">
    <ele>1505.590</ele>
    <time>2026-08-08T14:37:07Z</time>
   </trkpt>
   <trkpt lat="47.617991" lon="12.308737">
    <ele>1511.566</ele>
    <time>2026-08-08T14:37:32Z</time>
   </trkpt>
   <trkpt lat="47.618142" lon="12.308727">
    <ele>1516.502</ele>
    <time>2026-08-08T14:37:53Z</time>
   </trkpt>
   <trkpt lat="47.618295" lon="12.308696">
    <ele>1520.586</ele>
    <time>2026-08-08T14:38:15Z</time>
   </trkpt>
   <trkpt lat="47.618373" lon="12.308763">
    <ele>1524.655</ele>
    <time>2026-08-08T14:38:32Z</time>
   </trkpt>
   <trkpt lat="47.618481" lon="12.308709">
    <ele>1529.563</ele>
    <time>2026-08-08T14:38:52Z</time>
   </trkpt>
   <trkpt lat="47.618554" lon="12.308742">
    <ele>1534.383</ele>
    <time>2026-08-08T14:39:11Z</time>
   </trkpt>
   <trkpt lat="47.618587" lon="12.308774">
    <ele>1537.222</ele>
    <time>2026-08-08T14:39:23Z</time>
   </trkpt>
   <trkpt lat="47.618629" lon="12.308820">
    <ele>1540.216</ele>
    <time>2026-08-08T14:39:35Z</time>
   </trkpt>
   <trkpt lat="47.618663" lon="12.308858">
    <ele>1543.086</ele>
    <time>2026-08-08T14:39:48Z</time>
   </trkpt>
   <trkpt lat="47.618726" lon="12.308790">
    <ele>1547.746</ele>
    <time>2026-08-08T14:40:07Z</time>
   </trkpt>
   <trkpt lat="47.618763" lon="12.308811">
    <ele>1549.834</ele>
    <time>2026-08-08T14:40:19Z</time>
   </trkpt>
   <trkpt lat="47.618788" lon="12.308900">
    <ele>1552.769</ele>
    <time>2026-08-08T14:40:33Z</time>
   </trkpt>
   <trkpt lat="47.618824" lon="12.308910">
    <ele>1554.802</ele>
    <time>2026-08-08T14:40:46Z</time>
   </trkpt>
   <trkpt lat="47.618868" lon="12.308813">
    <ele>1556.563</ele>
    <time>2026-08-08T14:40:58Z</time>
   </trkpt>
   <trkpt lat="47.618904" lon="12.308852">
    <ele>1558.703</ele>
    <time>2026-08-08T14:41:08Z</time>
   </trkpt>
   <trkpt lat="47.618942" lon="12.308960">
    <ele>1562.861</ele>
    <time>2026-08-08T14:41:23Z</time>
   </trkpt>
   <trkpt lat="47.618999" lon="12.308968">
    <ele>1565.693</ele>
    <time>2026-08-08T14:41:36Z</time>
   </trkpt>
   <trkpt lat="47.619035" lon="12.309022">
    <ele>1568.495</ele>
    <time>2026-08-08T14:41:49Z</time>
   </trkpt>
   <trkpt lat="47.619091" lon="12.309102">
    <ele>1572.393</ele>
    <time>2026-08-08T14:42:05Z</time>
   </trkpt>
   <trkpt lat="47.619096" lon="12.309184">
    <ele>1574.970</ele>
    <time>2026-08-08T14:42:18Z</time>
   </trkpt>
   <trkpt lat="47.619126" lon="12.309281">
    <ele>1578.333</ele>
    <time>2026-08-08T14:42:32Z</time>
   </trkpt>
   <trkpt lat="47.619165" lon="12.309327">
    <ele>1581.154</ele>
    <time>2026-08-08T14:42:45Z</time>
   </trkpt>
   <trkpt lat="47.619204" lon="12.309374">
    <ele>1584.241</ele>
    <time>2026-08-08T14:42:58Z</time>
   </trkpt>
   <trkpt lat="47.619208" lon="12.309471">
    <ele>1586.452</ele>
    <time>2026-08-08T14:43:11Z</time>
   </trkpt>
   <trkpt lat="47.619260" lon="12.309474">
    <ele>1590.294</ele>
    <time>2026-08-08T14:43:27Z</time>
   </trkpt>
   <trkpt lat="47.619297" lon="12.309511">
    <ele>1594.119</ele>
    <time>2026-08-08T14:43:40Z</time>
   </trkpt>
   <trkpt lat="47.619337" lon="12.309494">
    <ele>1596.115</ele>
    <time>2026-08-08T14:43:53Z</time>
   </trkpt>
   <trkpt lat="47.619366" lon="12.309562">
    <ele>1600.639</ele>
    <time>2026-08-08T14:44:08Z</time>
   </trkpt>
   <trkpt lat="47.619389" lon="12.309587">
    <ele>1602.397</ele>
    <time>2026-08-08T14:44:14Z</time>
   </trkpt>
   <trkpt lat="47.619456" lon="12.309686">
    <ele>1605.633</ele>
    <time>2026-08-08T14:44:34Z</time>
   </trkpt>
   <trkpt lat="47.619496" lon="12.309663">
    <ele>1605.572</ele>
    <time>2026-08-08T14:44:49Z</time>
   </trkpt>
   <trkpt lat="47.619475" lon="12.309656">
    <ele>1605.339</ele>
    <time>2026-08-08T14:45:02Z</time>
   </trkpt>
   <trkpt lat="47.619485" lon="12.309664">
    <ele>1605.432</ele>
    <time>2026-08-08T14:46:31Z</time>
   </trkpt>
   <trkpt lat="47.619489" lon="12.309664">
    <ele>1605.542</ele>
    <time>2026-08-08T14:50:29Z</time>
   </trkpt>
   <trkpt lat="47.619492" lon="12.309667">
    <ele>1605.459</ele>
    <time>2026-08-08T14:50:49Z</time>
   </trkpt>
   <trkpt lat="47.619465" lon="12.309669">
    <ele>1603.813</ele>
    <time>2026-08-08T14:51:12Z</time>
   </trkpt>
   <trkpt lat="47.619438" lon="12.309666">
    <ele>1603.130</ele>
    <time>2026-08-08T14:51:26Z</time>
   </trkpt>
   <trkpt lat="47.619413" lon="12.309622">
    <ele>1601.512</ele>
    <time>2026-08-08T14:51:30Z</time>
   </trkpt>
   <trkpt lat="47.619354" lon="12.309540">
    <ele>1598.586</ele>
    <time>2026-08-08T14:51:45Z</time>
   </trkpt>
   <trkpt lat="47.619336" lon="12.309485">
    <ele>1596.630</ele>
    <time>2026-08-08T14:51:56Z</time>
   </trkpt>
   <trkpt lat="47.619281" lon="12.309524">
    <ele>1592.676</ele>
    <time>2026-08-08T14:52:08Z</time>
   </trkpt>
   <trkpt lat="47.619274" lon="12.309466">
    <ele>1590.772</ele>
    <time>2026-08-08T14:52:19Z</time>
   </trkpt>
   <trkpt lat="47.619221" lon="12.309488">
    <ele>1587.980</ele>
    <time>2026-08-08T14:52:29Z</time>
   </trkpt>
   <trkpt lat="47.619223" lon="12.309353">
    <ele>1583.915</ele>
    <time>2026-08-08T14:52:44Z</time>
   </trkpt>
   <trkpt lat="47.619190" lon="12.309333">
    <ele>1582.431</ele>
    <time>2026-08-08T14:52:52Z</time>
   </trkpt>
   <trkpt lat="47.619150" lon="12.309313">
    <ele>1581.166</ele>
    <time>2026-08-08T14:53:00Z</time>
   </trkpt>
   <trkpt lat="47.619107" lon="12.309186">
    <ele>1576.238</ele>
    <time>2026-08-08T14:53:13Z</time>
   </trkpt>
   <trkpt lat="47.619097" lon="12.309113">
    <ele>1573.336</ele>
    <time>2026-08-08T14:53:23Z</time>
   </trkpt>
   <trkpt lat="47.619085" lon="12.309063">
    <ele>1571.309</ele>
    <time>2026-08-08T14:53:35Z</time>
   </trkpt>
   <trkpt lat="47.619049" lon="12.308998">
    <ele>1568.750</ele>
    <time>2026-08-08T14:53:54Z</time>
   </trkpt>
   <trkpt lat="47.619001" lon="12.308974">
    <ele>1565.859</ele>
    <time>2026-08-08T14:54:08Z</time>
   </trkpt>
   <trkpt lat="47.618953" lon="12.308949">
    <ele>1563.862</ele>
    <time>2026-08-08T14:54:23Z</time>
   </trkpt>
   <trkpt lat="47.618919" lon="12.308854">
    <ele>1561.307</ele>
    <time>2026-08-08T14:54:37Z</time>
   </trkpt>
   <trkpt lat="47.618882" lon="12.308800">
    <ele>1559.208</ele>
    <time>2026-08-08T14:54:49Z</time>
   </trkpt>
   <trkpt lat="47.618821" lon="12.308862">
    <ele>1558.317</ele>
    <time>2026-08-08T14:55:00Z</time>
   </trkpt>
   <trkpt lat="47.618790" lon="12.308895">
    <ele>1556.050</ele>
    <time>2026-08-08T14:55:10Z</time>
   </trkpt>
   <trkpt lat="47.618759" lon="12.308822">
    <ele>1553.129</ele>
    <time>2026-08-08T14:55:21Z</time>
   </trkpt>
   <trkpt lat="47.618729" lon="12.308804">
    <ele>1549.563</ele>
    <time>2026-08-08T14:55:36Z</time>
   </trkpt>
   <trkpt lat="47.618697" lon="12.308809">
    <ele>1547.366</ele>
    <time>2026-08-08T14:55:45Z</time>
   </trkpt>
   <trkpt lat="47.618660" lon="12.308846">
    <ele>1545.276</ele>
    <time>2026-08-08T14:55:57Z</time>
   </trkpt>
   <trkpt lat="47.618628" lon="12.308808">
    <ele>1543.924</ele>
    <time>2026-08-08T14:56:08Z</time>
   </trkpt>
   <trkpt lat="47.618580" lon="12.308779">
    <ele>1541.091</ele>
    <time>2026-08-08T14:56:20Z</time>
   </trkpt>
   <trkpt lat="47.618571" lon="12.308792">
    <ele>1540.861</ele>
    <time>2026-08-08T14:56:22Z</time>
   </trkpt>
   <trkpt lat="47.618521" lon="12.308764">
    <ele>1539.078</ele>
    <time>2026-08-08T14:56:35Z</time>
   </trkpt>
   <trkpt lat="47.618477" lon="12.308728">
    <ele>1536.087</ele>
    <time>2026-08-08T14:56:46Z</time>
   </trkpt>
   <trkpt lat="47.618450" lon="12.308722">
    <ele>1532.709</ele>
    <time>2026-08-08T14:57:06Z</time>
   </trkpt>
   <trkpt lat="47.618390" lon="12.308763">
    <ele>1529.098</ele>
    <time>2026-08-08T14:57:23Z</time>
   </trkpt>
   <trkpt lat="47.618346" lon="12.308703">
    <ele>1526.153</ele>
    <time>2026-08-08T14:57:37Z</time>
   </trkpt>
   <trkpt lat="47.618262" lon="12.308706">
    <ele>1522.719</ele>
    <time>2026-08-08T14:57:50Z</time>
   </trkpt>
   <trkpt lat="47.618207" lon="12.308730">
    <ele>1521.134</ele>
    <time>2026-08-08T14:57:54Z</time>
   </trkpt>
   <trkpt lat="47.618169" lon="12.308749">
    <ele>1520.327</ele>
    <time>2026-08-08T14:57:58Z</time>
   </trkpt>
   <trkpt lat="47.618106" lon="12.308776">
    <ele>1519.549</ele>
    <time>2026-08-08T14:58:02Z</time>
   </trkpt>
   <trkpt lat="47.618068" lon="12.308806">
    <ele>1518.881</ele>
    <time>2026-08-08T14:58:06Z</time>
   </trkpt>
   <trkpt lat="47.617964" lon="12.308743">
    <ele>1514.587</ele>
    <time>2026-08-08T14:58:22Z</time>
   </trkpt>
   <trkpt lat="47.617838" lon="12.308652">
    <ele>1509.031</ele>
    <time>2026-08-08T14:58:38Z</time>
   </trkpt>
   <trkpt lat="47.617682" lon="12.308571">
    <ele>1503.437</ele>
    <time>2026-08-08T14:58:51Z</time>
   </trkpt>
   <trkpt lat="47.617670" lon="12.308558">
    <ele>1502.807</ele>
    <time>2026-08-08T14:58:52Z</time>
   </trkpt>
   <trkpt lat="47.617618" lon="12.308551">
    <ele>1499.604</ele>
    <time>2026-08-08T14:58:56Z</time>
   </trkpt>
   <trkpt lat="47.617466" lon="12.308472">
    <ele>1495.918</ele>
    <time>2026-08-08T14:59:07Z</time>
   </trkpt>
   <trkpt lat="47.617438" lon="12.308468">
    <ele>1495.432</ele>
    <time>2026-08-08T14:59:09Z</time>
   </trkpt>
   <trkpt lat="47.617372" lon="12.308419">
    <ele>1493.913</ele>
    <time>2026-08-08T14:59:16Z</time>
   </trkpt>
   <trkpt lat="47.617346" lon="12.308255">
    <ele>1489.088</ele>
    <time>2026-08-08T14:59:31Z</time>
   </trkpt>
   <trkpt lat="47.617332" lon="12.308181">
    <ele>1486.727</ele>
    <time>2026-08-08T14:59:45Z</time>
   </trkpt>
   <trkpt lat="47.617280" lon="12.308096">
    <ele>1484.676</ele>
    <time>2026-08-08T14:59:59Z</time>
   </trkpt>
   <trkpt lat="47.617262" lon="12.308065">
    <ele>1483.670</ele>
    <time>2026-08-08T15:00:03Z</time>
   </trkpt>
   <trkpt lat="47.617233" lon="12.308019">
    <ele>1482.729</ele>
    <time>2026-08-08T15:00:10Z</time>
   </trkpt>
   <trkpt lat="47.617295" lon="12.307949">
    <ele>1481.049</ele>
    <time>2026-08-08T15:00:21Z</time>
   </trkpt>
   <trkpt lat="47.617277" lon="12.307918">
    <ele>1479.173</ele>
    <time>2026-08-08T15:00:26Z</time>
   </trkpt>
   <trkpt lat="47.617266" lon="12.307894">
    <ele>1477.945</ele>
    <time>2026-08-08T15:00:28Z</time>
   </trkpt>
   <trkpt lat="47.617194" lon="12.307810">
    <ele>1473.826</ele>
    <time>2026-08-08T15:00:40Z</time>
   </trkpt>
   <trkpt lat="47.617050" lon="12.307715">
    <ele>1469.797</ele>
    <time>2026-08-08T15:00:57Z</time>
   </trkpt>
   <trkpt lat="47.617001" lon="12.307662">
    <ele>1467.449</ele>
    <time>2026-08-08T15:01:10Z</time>
   </trkpt>
   <trkpt lat="47.616907" lon="12.307573">
    <ele>1464.299</ele>
    <time>2026-08-08T15:01:25Z</time>
   </trkpt>
   <trkpt lat="47.616849" lon="12.307522">
    <ele>1462.484</ele>
    <time>2026-08-08T15:01:31Z</time>
   </trkpt>
   <trkpt lat="47.616789" lon="12.307482">
    <ele>1459.966</ele>
    <time>2026-08-08T15:01:39Z</time>
   </trkpt>
   <trkpt lat="47.616651" lon="12.307404">
    <ele>1454.490</ele>
    <time>2026-08-08T15:01:54Z</time>
   </trkpt>
   <trkpt lat="47.616595" lon="12.307379">
    <ele>1453.704</ele>
    <time>2026-08-08T15:01:59Z</time>
   </trkpt>
   <trkpt lat="47.616488" lon="12.307394">
    <ele>1450.811</ele>
    <time>2026-08-08T15:02:10Z</time>
   </trkpt>
   <trkpt lat="47.616477" lon="12.307334">
    <ele>1449.064</ele>
    <time>2026-08-08T15:02:18Z</time>
   </trkpt>
   <trkpt lat="47.616416" lon="12.307325">
    <ele>1447.011</ele>
    <time>2026-08-08T15:02:24Z</time>
   </trkpt>
   <trkpt lat="47.616396" lon="12.307322">
    <ele>1445.917</ele>
    <time>2026-08-08T15:02:26Z</time>
   </trkpt>
   <trkpt lat="47.616306" lon="12.307268">
    <ele>1442.571</ele>
    <time>2026-08-08T15:02:31Z</time>
   </trkpt>
   <trkpt lat="47.616152" lon="12.307189">
    <ele>1437.432</ele>
    <time>2026-08-08T15:02:42Z</time>
   </trkpt>
   <trkpt lat="47.616079" lon="12.307146">
    <ele>1437.637</ele>
    <time>2026-08-08T15:02:50Z</time>
   </trkpt>
   <trkpt lat="47.615957" lon="12.307006">
    <ele>1431.827</ele>
    <time>2026-08-08T15:03:05Z</time>
   </trkpt>
   <trkpt lat="47.615730" lon="12.306800">
    <ele>1427.308</ele>
    <time>2026-08-08T15:03:24Z</time>
   </trkpt>
   <trkpt lat="47.615505" lon="12.306706">
    <ele>1423.072</ele>
    <time>2026-08-08T15:03:43Z</time>
   </trkpt>
   <trkpt lat="47.615497" lon="12.306699">
    <ele>1423.128</ele>
    <time>2026-08-08T15:03:44Z</time>
   </trkpt>
   <trkpt lat="47.615391" lon="12.306669">
    <ele>1423.117</ele>
    <time>2026-08-08T15:04:00Z</time>
   </trkpt>
   <trkpt lat="47.615305" lon="12.306621">
    <ele>1419.456</ele>
    <time>2026-08-08T15:04:16Z</time>
   </trkpt>
   <trkpt lat="47.615187" lon="12.306536">
    <ele>1413.015</ele>
    <time>2026-08-08T15:04:35Z</time>
   </trkpt>
   <trkpt lat="47.615156" lon="12.306446">
    <ele>1411.040</ele>
    <time>2026-08-08T15:04:51Z</time>
   </trkpt>
   <trkpt lat="47.615057" lon="12.306317">
    <ele>1406.592</ele>
    <time>2026-08-08T15:05:17Z</time>
   </trkpt>
   <trkpt lat="47.614940" lon="12.306195">
    <ele>1400.337</ele>
    <time>2026-08-08T15:05:38Z</time>
   </trkpt>
   <trkpt lat="47.614978" lon="12.306187">
    <ele>1401.074</ele>
    <time>2026-08-08T15:05:52Z</time>
   </trkpt>
   <trkpt lat="47.615026" lon="12.306072">
    <ele>1403.838</ele>
    <time>2026-08-08T15:06:07Z</time>
   </trkpt>
   <trkpt lat="47.615009" lon="12.305946">
    <ele>1399.554</ele>
    <time>2026-08-08T15:06:22Z</time>
   </trkpt>
   <trkpt lat="47.614913" lon="12.305850">
    <ele>1393.621</ele>
    <time>2026-08-08T15:06:39Z</time>
   </trkpt>
   <trkpt lat="47.614849" lon="12.305697">
    <ele>1389.474</ele>
    <time>2026-08-08T15:06:58Z</time>
   </trkpt>
   <trkpt lat="47.614826" lon="12.305627">
    <ele>1387.458</ele>
    <time>2026-08-08T15:07:08Z</time>
   </trkpt>
   <trkpt lat="47.614909" lon="12.305641">
    <ele>1384.150</ele>
    <time>2026-08-08T15:07:19Z</time>
   </trkpt>
   <trkpt lat="47.614940" lon="12.305577">
    <ele>1381.432</ele>
    <time>2026-08-08T15:07:30Z</time>
   </trkpt>
   <trkpt lat="47.614940" lon="12.305566">
    <ele>1381.284</ele>
    <time>2026-08-08T15:07:31Z</time>
   </trkpt>
   <trkpt lat="47.614968" lon="12.305478">
    <ele>1378.882</ele>
    <time>2026-08-08T15:07:44Z</time>
   </trkpt>
   <trkpt lat="47.615027" lon="12.305404">
    <ele>1377.577</ele>
    <time>2026-08-08T15:07:58Z</time>
   </trkpt>
   <trkpt lat="47.615118" lon="12.305410">
    <ele>1374.242</ele>
    <time>2026-08-08T15:08:13Z</time>
   </trkpt>
   <trkpt lat="47.615129" lon="12.305415">
    <ele>1374.510</ele>
    <time>2026-08-08T15:08:15Z</time>
   </trkpt>
   <trkpt lat="47.615169" lon="12.305375">
    <ele>1373.662</ele>
    <time>2026-08-08T15:08:21Z</time>
   </trkpt>
   <trkpt lat="47.615149" lon="12.305315">
    <ele>1369.771</ele>
    <time>2026-08-08T15:08:28Z</time>
   </trkpt>
   <trkpt lat="47.615028" lon="12.305125">
    <ele>1361.857</ele>
    <time>2026-08-08T15:08:47Z</time>
   </trkpt>
   <trkpt lat="47.615023" lon="12.304987">
    <ele>1358.766</ele>
    <time>2026-08-08T15:09:02Z</time>
   </trkpt>
   <trkpt lat="47.614942" lon="12.304836">
    <ele>1353.628</ele>
    <time>2026-08-08T15:09:14Z</time>
   </trkpt>
   <trkpt lat="47.614869" lon="12.304719">
    <ele>1350.061</ele>
    <time>2026-08-08T15:09:29Z</time>
   </trkpt>
   <trkpt lat="47.614850" lon="12.304669">
    <ele>1349.057</ele>
    <time>2026-08-08T15:09:34Z</time>
   </trkpt>
   <trkpt lat="47.614829" lon="12.304641">
    <ele>1348.278</ele>
    <time>2026-08-08T15:09:41Z</time>
   </trkpt>
   <trkpt lat="47.614846" lon="12.304634">
    <ele>1348.219</ele>
    <time>2026-08-08T15:09:43Z</time>
   </trkpt>
   <trkpt lat="47.614882" lon="12.304599">
    <ele>1349.210</ele>
    <time>2026-08-08T15:09:48Z</time>
   </trkpt>
   <trkpt lat="47.614842" lon="12.304435">
    <ele>1345.637</ele>
    <time>2026-08-08T15:10:01Z</time>
   </trkpt>
   <trkpt lat="47.614748" lon="12.304374">
    <ele>1340.346</ele>
    <time>2026-08-08T15:10:18Z</time>
   </trkpt>
   <trkpt lat="47.614653" lon="12.304361">
    <ele>1338.100</ele>
    <time>2026-08-08T15:10:26Z</time>
   </trkpt>
   <trkpt lat="47.614627" lon="12.304312">
    <ele>1337.680</ele>
    <time>2026-08-08T15:10:29Z</time>
   </trkpt>
   <trkpt lat="47.614585" lon="12.304271">
    <ele>1336.154</ele>
    <time>2026-08-08T15:10:33Z</time>
   </trkpt>
   <trkpt lat="47.614562" lon="12.304108">
    <ele>1332.205</ele>
    <time>2026-08-08T15:10:48Z</time>
   </trkpt>
   <trkpt lat="47.614520" lon="12.303969">
    <ele>1328.558</ele>
    <time>2026-08-08T15:11:07Z</time>
   </trkpt>
   <trkpt lat="47.614487" lon="12.303943">
    <ele>1325.840</ele>
    <time>2026-08-08T15:11:24Z</time>
   </trkpt>
   <trkpt lat="47.614468" lon="12.303907">
    <ele>1324.011</ele>
    <time>2026-08-08T15:11:30Z</time>
   </trkpt>
   <trkpt lat="47.614424" lon="12.303862">
    <ele>1321.822</ele>
    <time>2026-08-08T15:11:35Z</time>
   </trkpt>
   <trkpt lat="47.614368" lon="12.303789">
    <ele>1319.679</ele>
    <time>2026-08-08T15:11:42Z</time>
   </trkpt>
   <trkpt lat="47.614348" lon="12.303776">
    <ele>1319.552</ele>
    <time>2026-08-08T15:11:44Z</time>
   </trkpt>
   <trkpt lat="47.614334" lon="12.303728">
    <ele>1319.079</ele>
    <time>2026-08-08T15:11:47Z</time>
   </trkpt>
   <trkpt lat="47.614251" lon="12.303590">
    <ele>1315.392</ele>
    <time>2026-08-08T15:12:03Z</time>
   </trkpt>
   <trkpt lat="47.614235" lon="12.303580">
    <ele>1314.175</ele>
    <time>2026-08-08T15:12:21Z</time>
   </trkpt>
   <trkpt lat="47.614263" lon="12.303586">
    <ele>1312.639</ele>
    <time>2026-08-08T15:12:40Z</time>
   </trkpt>
   <trkpt lat="47.614247" lon="12.303405">
    <ele>1312.329</ele>
    <time>2026-08-08T15:12:53Z</time>
   </trkpt>
   <trkpt lat="47.614260" lon="12.303296">
    <ele>1311.420</ele>
    <time>2026-08-08T15:13:01Z</time>
   </trkpt>
   <trkpt lat="47.614270" lon="12.303189">
    <ele>1313.677</ele>
    <time>2026-08-08T15:13:11Z</time>
   </trkpt>
   <trkpt lat="47.614286" lon="12.303158">
    <ele>1313.834</ele>
    <time>2026-08-08T15:13:13Z</time>
   </trkpt>
   <trkpt lat="47.614278" lon="12.303093">
    <ele>1313.672</ele>
    <time>2026-08-08T15:13:16Z</time>
   </trkpt>
   <trkpt lat="47.614311" lon="12.302919">
    <ele>1313.895</ele>
    <time>2026-08-08T15:13:27Z</time>
   </trkpt>
   <trkpt lat="47.614340" lon="12.302896">
    <ele>1313.277</ele>
    <time>2026-08-08T15:13:30Z</time>
   </trkpt>
   <trkpt lat="47.614409" lon="12.302761">
    <ele>1312.090</ele>
    <time>2026-08-08T15:13:46Z</time>
   </trkpt>
   <trkpt lat="47.614420" lon="12.302672">
    <ele>1309.518</ele>
    <time>2026-08-08T15:13:52Z</time>
   </trkpt>
   <trkpt lat="47.614344" lon="12.302504">
    <ele>1304.967</ele>
    <time>2026-08-08T15:14:01Z</time>
   </trkpt>
   <trkpt lat="47.614242" lon="12.302335">
    <ele>1299.363</ele>
    <time>2026-08-08T15:14:13Z</time>
   </trkpt>
   <trkpt lat="47.614175" lon="12.302206">
    <ele>1298.374</ele>
    <time>2026-08-08T15:14:24Z</time>
   </trkpt>
   <trkpt lat="47.614170" lon="12.302177">
    <ele>1297.428</ele>
    <time>2026-08-08T15:14:26Z</time>
   </trkpt>
   <trkpt lat="47.614236" lon="12.302115">
    <ele>1294.110</ele>
    <time>2026-08-08T15:14:39Z</time>
   </trkpt>
   <trkpt lat="47.614267" lon="12.302090">
    <ele>1293.072</ele>
    <time>2026-08-08T15:14:42Z</time>
   </trkpt>
   <trkpt lat="47.614284" lon="12.302117">
    <ele>1291.624</ele>
    <time>2026-08-08T15:14:44Z</time>
   </trkpt>
   <trkpt lat="47.614287" lon="12.302011">
    <ele>1289.971</ele>
    <time>2026-08-08T15:14:49Z</time>
   </trkpt>
   <trkpt lat="47.614265" lon="12.301798">
    <ele>1285.885</ele>
    <time>2026-08-08T15:15:01Z</time>
   </trkpt>
   <trkpt lat="47.614265" lon="12.301784">
    <ele>1285.138</ele>
    <time>2026-08-08T15:15:02Z</time>
   </trkpt>
   <trkpt lat="47.614205" lon="12.301781">
    <ele>1279.321</ele>
    <time>2026-08-08T15:15:16Z</time>
   </trkpt>
   <trkpt lat="47.614169" lon="12.301708">
    <ele>1278.126</ele>
    <time>2026-08-08T15:15:23Z</time>
   </trkpt>
   <trkpt lat="47.614141" lon="12.301604">
    <ele>1274.440</ele>
    <time>2026-08-08T15:15:31Z</time>
   </trkpt>
   <trkpt lat="47.614062" lon="12.301534">
    <ele>1270.866</ele>
    <time>2026-08-08T15:15:42Z</time>
   </trkpt>
   <trkpt lat="47.614065" lon="12.301458">
    <ele>1267.021</ele>
    <time>2026-08-08T15:15:55Z</time>
   </trkpt>
   <trkpt lat="47.614035" lon="12.301427">
    <ele>1265.865</ele>
    <time>2026-08-08T15:16:01Z</time>
   </trkpt>
   <trkpt lat="47.614085" lon="12.301370">
    <ele>1262.946</ele>
    <time>2026-08-08T15:16:15Z</time>
   </trkpt>
   <trkpt lat="47.614086" lon="12.301329">
    <ele>1260.430</ele>
    <time>2026-08-08T15:16:28Z</time>
   </trkpt>
   <trkpt lat="47.614181" lon="12.301116">
    <ele>1257.443</ele>
    <time>2026-08-08T15:16:57Z</time>
   </trkpt>
   <trkpt lat="47.614140" lon="12.301083">
    <ele>1253.543</ele>
    <time>2026-08-08T15:17:07Z</time>
   </trkpt>
   <trkpt lat="47.614058" lon="12.301055">
    <ele>1246.185</ele>
    <time>2026-08-08T15:17:17Z</time>
   </trkpt>
   <trkpt lat="47.614030" lon="12.301038">
    <ele>1245.753</ele>
    <time>2026-08-08T15:17:20Z</time>
   </trkpt>
   <trkpt lat="47.613990" lon="12.301015">
    <ele>1245.102</ele>
    <time>2026-08-08T15:17:25Z</time>
   </trkpt>
   <trkpt lat="47.613952" lon="12.300970">
    <ele>1243.414</ele>
    <time>2026-08-08T15:17:30Z</time>
   </trkpt>
   <trkpt lat="47.613925" lon="12.300952">
    <ele>1239.981</ele>
    <time>2026-08-08T15:17:41Z</time>
   </trkpt>
   <trkpt lat="47.613984" lon="12.300864">
    <ele>1239.335</ele>
    <time>2026-08-08T15:17:52Z</time>
   </trkpt>
   <trkpt lat="47.613966" lon="12.300725">
    <ele>1239.495</ele>
    <time>2026-08-08T15:18:10Z</time>
   </trkpt>
   <trkpt lat="47.613921" lon="12.300637">
    <ele>1239.959</ele>
    <time>2026-08-08T15:18:25Z</time>
   </trkpt>
   <trkpt lat="47.613902" lon="12.300570">
    <ele>1240.383</ele>
    <time>2026-08-08T15:18:30Z</time>
   </trkpt>
   <trkpt lat="47.613871" lon="12.300516">
    <ele>1241.265</ele>
    <time>2026-08-08T15:18:35Z</time>
   </trkpt>
   <trkpt lat="47.613778" lon="12.300453">
    <ele>1240.184</ele>
    <time>2026-08-08T15:18:43Z</time>
   </trkpt>
   <trkpt lat="47.613751" lon="12.300422">
    <ele>1239.686</ele>
    <time>2026-08-08T15:18:46Z</time>
   </trkpt>
   <trkpt lat="47.613634" lon="12.300347">
    <ele>1236.783</ele>
    <time>2026-08-08T15:18:57Z</time>
   </trkpt>
   <trkpt lat="47.613602" lon="12.300262">
    <ele>1234.784</ele>
    <time>2026-08-08T15:19:07Z</time>
   </trkpt>
   <trkpt lat="47.613518" lon="12.300163">
    <ele>1231.475</ele>
    <time>2026-08-08T15:19:17Z</time>
   </trkpt>
   <trkpt lat="47.613473" lon="12.300090">
    <ele>1229.107</ele>
    <time>2026-08-08T15:19:32Z</time>
   </trkpt>
   <trkpt lat="47.613398" lon="12.299999">
    <ele>1227.467</ele>
    <time>2026-08-08T15:19:48Z</time>
   </trkpt>
   <trkpt lat="47.613325" lon="12.299898">
    <ele>1224.359</ele>
    <time>2026-08-08T15:20:25Z</time>
   </trkpt>
   <trkpt lat="47.613239" lon="12.299841">
    <ele>1221.029</ele>
    <time>2026-08-08T15:20:33Z</time>
   </trkpt>
   <trkpt lat="47.613185" lon="12.299690">
    <ele>1214.988</ele>
    <time>2026-08-08T15:20:43Z</time>
   </trkpt>
   <trkpt lat="47.613157" lon="12.299631">
    <ele>1212.773</ele>
    <time>2026-08-08T15:20:46Z</time>
   </trkpt>
   <trkpt lat="47.613134" lon="12.299586">
    <ele>1210.194</ele>
    <time>2026-08-08T15:20:50Z</time>
   </trkpt>
   <trkpt lat="47.613110" lon="12.299534">
    <ele>1208.013</ele>
    <time>2026-08-08T15:20:54Z</time>
   </trkpt>
   <trkpt lat="47.613098" lon="12.299412">
    <ele>1204.559</ele>
    <time>2026-08-08T15:21:05Z</time>
   </trkpt>
   <trkpt lat="47.613087" lon="12.299337">
    <ele>1202.676</ele>
    <time>2026-08-08T15:21:10Z</time>
   </trkpt>
   <trkpt lat="47.612935" lon="12.299103">
    <ele>1195.807</ele>
    <time>2026-08-08T15:21:25Z</time>
   </trkpt>
   <trkpt lat="47.612828" lon="12.298970">
    <ele>1190.426</ele>
    <time>2026-08-08T15:21:38Z</time>
   </trkpt>
   <trkpt lat="47.612859" lon="12.298970">
    <ele>1186.583</ele>
    <time>2026-08-08T15:21:46Z</time>
   </trkpt>
   <trkpt lat="47.612952" lon="12.298963">
    <ele>1184.744</ele>
    <time>2026-08-08T15:21:57Z</time>
   </trkpt>
   <trkpt lat="47.613016" lon="12.298968">
    <ele>1183.276</ele>
    <time>2026-08-08T15:22:06Z</time>
   </trkpt>
   <trkpt lat="47.613050" lon="12.299006">
    <ele>1181.839</ele>
    <time>2026-08-08T15:22:11Z</time>
   </trkpt>
   <trkpt lat="47.613113" lon="12.299003">
    <ele>1180.216</ele>
    <time>2026-08-08T15:22:19Z</time>
   </trkpt>
   <trkpt lat="47.613132" lon="12.299007">
    <ele>1179.961</ele>
    <time>2026-08-08T15:22:21Z</time>
   </trkpt>
   <trkpt lat="47.613205" lon="12.299061">
    <ele>1180.651</ele>
    <time>2026-08-08T15:22:31Z</time>
   </trkpt>
   <trkpt lat="47.613196" lon="12.299080">
    <ele>1181.559</ele>
    <time>2026-08-08T15:22:34Z</time>
   </trkpt>
   <trkpt lat="47.613264" lon="12.299164">
    <ele>1183.995</ele>
    <time>2026-08-08T15:22:46Z</time>
   </trkpt>
   <trkpt lat="47.613334" lon="12.299047">
    <ele>1184.887</ele>
    <time>2026-08-08T15:23:03Z</time>
   </trkpt>
   <trkpt lat="47.613358" lon="12.298995">
    <ele>1184.174</ele>
    <time>2026-08-08T15:23:10Z</time>
   </trkpt>
   <trkpt lat="47.613417" lon="12.298961">
    <ele>1183.480</ele>
    <time>2026-08-08T15:23:14Z</time>
   </trkpt>
   <trkpt lat="47.613445" lon="12.298964">
    <ele>1182.955</ele>
    <time>2026-08-08T15:23:18Z</time>
   </trkpt>
   <trkpt lat="47.613610" lon="12.298786">
    <ele>1179.562</ele>
    <time>2026-08-08T15:23:26Z</time>
   </trkpt>
   <trkpt lat="47.613659" lon="12.298759">
    <ele>1178.784</ele>
    <time>2026-08-08T15:23:31Z</time>
   </trkpt>
   <trkpt lat="47.613741" lon="12.298680">
    <ele>1173.557</ele>
    <time>2026-08-08T15:23:44Z</time>
   </trkpt>
   <trkpt lat="47.613776" lon="12.298580">
    <ele>1164.492</ele>
    <time>2026-08-08T15:23:53Z</time>
   </trkpt>
   <trkpt lat="47.613734" lon="12.298476">
    <ele>1159.329</ele>
    <time>2026-08-08T15:23:59Z</time>
   </trkpt>
   <trkpt lat="47.613754" lon="12.298283">
    <ele>1152.442</ele>
    <time>2026-08-08T15:24:13Z</time>
   </trkpt>
   <trkpt lat="47.613781" lon="12.298259">
    <ele>1151.678</ele>
    <time>2026-08-08T15:24:16Z</time>
   </trkpt>
   <trkpt lat="47.613817" lon="12.298184">
    <ele>1146.454</ele>
    <time>2026-08-08T15:24:22Z</time>
   </trkpt>
   <trkpt lat="47.613966" lon="12.298024">
    <ele>1141.141</ele>
    <time>2026-08-08T15:24:36Z</time>
   </trkpt>
   <trkpt lat="47.613982" lon="12.297947">
    <ele>1138.312</ele>
    <time>2026-08-08T15:24:40Z</time>
   </trkpt>
   <trkpt lat="47.614005" lon="12.297855">
    <ele>1135.221</ele>
    <time>2026-08-08T15:24:46Z</time>
   </trkpt>
   <trkpt lat="47.614017" lon="12.297824">
    <ele>1134.208</ele>
    <time>2026-08-08T15:24:49Z</time>
   </trkpt>
   <trkpt lat="47.614044" lon="12.297817">
    <ele>1132.879</ele>
    <time>2026-08-08T15:24:52Z</time>
   </trkpt>
   <trkpt lat="47.614050" lon="12.297967">
    <ele>1128.740</ele>
    <time>2026-08-08T15:25:02Z</time>
   </trkpt>
   <trkpt lat="47.614064" lon="12.297990">
    <ele>1128.364</ele>
    <time>2026-08-08T15:25:04Z</time>
   </trkpt>
   <trkpt lat="47.614060" lon="12.298044">
    <ele>1127.680</ele>
    <time>2026-08-08T15:25:08Z</time>
   </trkpt>
   <trkpt lat="47.614078" lon="12.298154">
    <ele>1125.754</ele>
    <time>2026-08-08T15:25:16Z</time>
   </trkpt>
   <trkpt lat="47.614112" lon="12.298350">
    <ele>1121.532</ele>
    <time>2026-08-08T15:25:31Z</time>
   </trkpt>
   <trkpt lat="47.614127" lon="12.298404">
    <ele>1119.607</ele>
    <time>2026-08-08T15:25:36Z</time>
   </trkpt>
   <trkpt lat="47.614139" lon="12.298425">
    <ele>1119.018</ele>
    <time>2026-08-08T15:25:38Z</time>
   </trkpt>
   <trkpt lat="47.614188" lon="12.298604">
    <ele>1113.997</ele>
    <time>2026-08-08T15:25:51Z</time>
   </trkpt>
   <trkpt lat="47.614242" lon="12.298734">
    <ele>1114.732</ele>
    <time>2026-08-08T15:26:09Z</time>
   </trkpt>
   <trkpt lat="47.614305" lon="12.298848">
    <ele>1115.423</ele>
    <time>2026-08-08T15:26:20Z</time>
   </trkpt>
   <trkpt lat="47.614360" lon="12.298902">
    <ele>1115.020</ele>
    <time>2026-08-08T15:26:26Z</time>
   </trkpt>
   <trkpt lat="47.614430" lon="12.298943">
    <ele>1114.659</ele>
    <time>2026-08-08T15:26:30Z</time>
   </trkpt>
   <trkpt lat="47.614454" lon="12.298995">
    <ele>1114.090</ele>
    <time>2026-08-08T15:26:35Z</time>
   </trkpt>
   <trkpt lat="47.614562" lon="12.299127">
    <ele>1110.829</ele>
    <time>2026-08-08T15:26:47Z</time>
   </trkpt>
   <trkpt lat="47.614573" lon="12.299128">
    <ele>1108.964</ele>
    <time>2026-08-08T15:26:49Z</time>
   </trkpt>
   <trkpt lat="47.614699" lon="12.299155">
    <ele>1105.068</ele>
    <time>2026-08-08T15:27:00Z</time>
   </trkpt>
   <trkpt lat="47.614702" lon="12.299083">
    <ele>1104.084</ele>
    <time>2026-08-08T15:27:03Z</time>
   </trkpt>
   <trkpt lat="47.614749" lon="12.298900">
    <ele>1099.884</ele>
    <time>2026-08-08T15:27:14Z</time>
   </trkpt>
   <trkpt lat="47.614775" lon="12.298620">
    <ele>1094.372</ele>
    <time>2026-08-08T15:27:28Z</time>
   </trkpt>
   <trkpt lat="47.614777" lon="12.298595">
    <ele>1093.898</ele>
    <time>2026-08-08T15:27:29Z</time>
   </trkpt>
   <trkpt lat="47.614772" lon="12.298459">
    <ele>1091.562</ele>
    <time>2026-08-08T15:27:36Z</time>
   </trkpt>
   <trkpt lat="47.614772" lon="12.298400">
    <ele>1089.952</ele>
    <time>2026-08-08T15:27:39Z</time>
   </trkpt>
   <trkpt lat="47.614790" lon="12.298345">
    <ele>1089.720</ele>
    <time>2026-08-08T15:27:43Z</time>
   </trkpt>
   <trkpt lat="47.614828" lon="12.298264">
    <ele>1090.905</ele>
    <time>2026-08-08T15:27:49Z</time>
   </trkpt>
   <trkpt lat="47.614853" lon="12.298150">
    <ele>1088.775</ele>
    <time>2026-08-08T15:27:57Z</time>
   </trkpt>
   <trkpt lat="47.614873" lon="12.298136">
    <ele>1087.687</ele>
    <time>2026-08-08T15:28:00Z</time>
   </trkpt>
   <trkpt lat="47.614920" lon="12.298139">
    <ele>1086.470</ele>
    <time>2026-08-08T15:28:04Z</time>
   </trkpt>
   <trkpt lat="47.614942" lon="12.298119">
    <ele>1084.873</ele>
    <time>2026-08-08T15:28:07Z</time>
   </trkpt>
   <trkpt lat="47.614958" lon="12.298115">
    <ele>1083.808</ele>
    <time>2026-08-08T15:28:09Z</time>
   </trkpt>
   <trkpt lat="47.615066" lon="12.298082">
    <ele>1077.665</ele>
    <time>2026-08-08T15:28:24Z</time>
   </trkpt>
   <trkpt lat="47.615184" lon="12.297954">
    <ele>1071.519</ele>
    <time>2026-08-08T15:28:40Z</time>
   </trkpt>
   <trkpt lat="47.615256" lon="12.297948">
    <ele>1067.981</ele>
    <time>2026-08-08T15:28:51Z</time>
   </trkpt>
   <trkpt lat="47.615317" lon="12.298091">
    <ele>1067.761</ele>
    <time>2026-08-08T15:29:00Z</time>
   </trkpt>
   <trkpt lat="47.615344" lon="12.298159">
    <ele>1066.497</ele>
    <time>2026-08-08T15:29:05Z</time>
   </trkpt>
   <trkpt lat="47.615341" lon="12.298189">
    <ele>1066.059</ele>
    <time>2026-08-08T15:29:07Z</time>
   </trkpt>
   <trkpt lat="47.615404" lon="12.298308">
    <ele>1061.979</ele>
    <time>2026-08-08T15:29:14Z</time>
   </trkpt>
   <trkpt lat="47.615421" lon="12.298339">
    <ele>1061.103</ele>
    <time>2026-08-08T15:29:16Z</time>
   </trkpt>
   <trkpt lat="47.615544" lon="12.298464">
    <ele>1054.770</ele>
    <time>2026-08-08T15:29:27Z</time>
   </trkpt>
   <trkpt lat="47.615630" lon="12.298573">
    <ele>1053.251</ele>
    <time>2026-08-08T15:29:35Z</time>
   </trkpt>
   <trkpt lat="47.615648" lon="12.298582">
    <ele>1053.609</ele>
    <time>2026-08-08T15:29:37Z</time>
   </trkpt>
   <trkpt lat="47.615670" lon="12.298539">
    <ele>1051.195</ele>
    <time>2026-08-08T15:29:42Z</time>
   </trkpt>
   <trkpt lat="47.615726" lon="12.298559">
    <ele>1049.070</ele>
    <time>2026-08-08T15:29:49Z</time>
   </trkpt>
   <trkpt lat="47.615744" lon="12.298548">
    <ele>1048.895</ele>
    <time>2026-08-08T15:29:51Z</time>
   </trkpt>
   <trkpt lat="47.615790" lon="12.298521">
    <ele>1046.172</ele>
    <time>2026-08-08T15:29:55Z</time>
   </trkpt>
   <trkpt lat="47.615815" lon="12.298543">
    <ele>1044.887</ele>
    <time>2026-08-08T15:29:57Z</time>
   </trkpt>
   <trkpt lat="47.615842" lon="12.298568">
    <ele>1043.303</ele>
    <time>2026-08-08T15:30:00Z</time>
   </trkpt>
   <trkpt lat="47.615883" lon="12.298579">
    <ele>1042.876</ele>
    <time>2026-08-08T15:30:03Z</time>
   </trkpt>
   <trkpt lat="47.615959" lon="12.298464">
    <ele>1039.258</ele>
    <time>2026-08-08T15:30:13Z</time>
   </trkpt>
   <trkpt lat="47.616023" lon="12.298423">
    <ele>1036.137</ele>
    <time>2026-08-08T15:30:18Z</time>
   </trkpt>
   <trkpt lat="47.616049" lon="12.298423">
    <ele>1035.097</ele>
    <time>2026-08-08T15:30:20Z</time>
   </trkpt>
   <trkpt lat="47.616072" lon="12.298428">
    <ele>1035.342</ele>
    <time>2026-08-08T15:30:22Z</time>
   </trkpt>
   <trkpt lat="47.616119" lon="12.298380">
    <ele>1034.673</ele>
    <time>2026-08-08T15:30:27Z</time>
   </trkpt>
   <trkpt lat="47.616148" lon="12.298331">
    <ele>1034.787</ele>
    <time>2026-08-08T15:30:30Z</time>
   </trkpt>
   <trkpt lat="47.616247" lon="12.298312">
    <ele>1033.617</ele>
    <time>2026-08-08T15:30:38Z</time>
   </trkpt>
   <trkpt lat="47.616297" lon="12.298258">
    <ele>1031.791</ele>
    <time>2026-08-08T15:30:43Z</time>
   </trkpt>
   <trkpt lat="47.616434" lon="12.298151">
    <ele>1026.452</ele>
    <time>2026-08-08T15:31:00Z</time>
   </trkpt>
   <trkpt lat="47.616450" lon="12.298137">
    <ele>1025.139</ele>
    <time>2026-08-08T15:31:02Z</time>
   </trkpt>
   <trkpt lat="47.616525" lon="12.298164">
    <ele>1025.072</ele>
    <time>2026-08-08T15:31:09Z</time>
   </trkpt>
   <trkpt lat="47.616589" lon="12.298147">
    <ele>1024.642</ele>
    <time>2026-08-08T15:31:15Z</time>
   </trkpt>
   <trkpt lat="47.616624" lon="12.298161">
    <ele>1024.443</ele>
    <time>2026-08-08T15:31:18Z</time>
   </trkpt>
   <trkpt lat="47.616654" lon="12.298119">
    <ele>1023.006</ele>
    <time>2026-08-08T15:31:22Z</time>
   </trkpt>
   <trkpt lat="47.616711" lon="12.298061">
    <ele>1023.432</ele>
    <time>2026-08-08T15:31:26Z</time>
   </trkpt>
   <trkpt lat="47.616811" lon="12.297829">
    <ele>1018.468</ele>
    <time>2026-08-08T15:31:40Z</time>
   </trkpt>
   <trkpt lat="47.616825" lon="12.297804">
    <ele>1018.181</ele>
    <time>2026-08-08T15:31:42Z</time>
   </trkpt>
   <trkpt lat="47.616865" lon="12.297723">
    <ele>1015.190</ele>
    <time>2026-08-08T15:31:48Z</time>
   </trkpt>
   <trkpt lat="47.616931" lon="12.297563">
    <ele>1011.753</ele>
    <time>2026-08-08T15:31:57Z</time>
   </trkpt>
   <trkpt lat="47.617036" lon="12.297427">
    <ele>1010.062</ele>
    <time>2026-08-08T15:32:06Z</time>
   </trkpt>
   <trkpt lat="47.617217" lon="12.297417">
    <ele>1007.450</ele>
    <time>2026-08-08T15:32:21Z</time>
   </trkpt>
   <trkpt lat="47.617311" lon="12.297374">
    <ele>1001.313</ele>
    <time>2026-08-08T15:32:28Z</time>
   </trkpt>
   <trkpt lat="47.617331" lon="12.297378">
    <ele>1001.115</ele>
    <time>2026-08-08T15:32:30Z</time>
   </trkpt>
   <trkpt lat="47.617446" lon="12.297354">
    <ele>998.072</ele>
    <time>2026-08-08T15:32:39Z</time>
   </trkpt>
   <trkpt lat="47.617550" lon="12.297340">
    <ele>993.735</ele>
    <time>2026-08-08T15:32:50Z</time>
   </trkpt>
   <trkpt lat="47.617571" lon="12.297339">
    <ele>992.775</ele>
    <time>2026-08-08T15:32:53Z</time>
   </trkpt>
   <trkpt lat="47.617652" lon="12.297337">
    <ele>990.066</ele>
    <time>2026-08-08T15:33:07Z</time>
   </trkpt>
   <trkpt lat="47.617710" lon="12.297316">
    <ele>987.694</ele>
    <time>2026-08-08T15:33:19Z</time>
   </trkpt>
   <trkpt lat="47.617742" lon="12.297314">
    <ele>986.665</ele>
    <time>2026-08-08T15:33:23Z</time>
   </trkpt>
   <trkpt lat="47.617735" lon="12.297328">
    <ele>985.379</ele>
    <time>2026-08-08T15:33:25Z</time>
   </trkpt>
   <trkpt lat="47.617754" lon="12.297353">
    <ele>984.954</ele>
    <time>2026-08-08T15:33:28Z</time>
   </trkpt>
   <trkpt lat="47.617777" lon="12.297366">
    <ele>984.727</ele>
    <time>2026-08-08T15:33:33Z</time>
   </trkpt>
   <trkpt lat="47.617776" lon="12.297433">
    <ele>983.149</ele>
    <time>2026-08-08T15:33:39Z</time>
   </trkpt>
   <trkpt lat="47.617859" lon="12.297470">
    <ele>979.265</ele>
    <time>2026-08-08T15:33:52Z</time>
   </trkpt>
   <trkpt lat="47.617945" lon="12.297385">
    <ele>975.685</ele>
    <time>2026-08-08T15:34:03Z</time>
   </trkpt>
   <trkpt lat="47.618093" lon="12.297344">
    <ele>972.789</ele>
    <time>2026-08-08T15:34:17Z</time>
   </trkpt>
   <trkpt lat="47.618132" lon="12.297347">
    <ele>972.311</ele>
    <time>2026-08-08T15:34:21Z</time>
   </trkpt>
   <trkpt lat="47.618216" lon="12.297325">
    <ele>976.617</ele>
    <time>2026-08-08T15:34:26Z</time>
   </trkpt>
   <trkpt lat="47.618318" lon="12.297247">
    <ele>974.783</ele>
    <time>2026-08-08T15:34:35Z</time>
   </trkpt>
   <trkpt lat="47.618337" lon="12.297242">
    <ele>973.621</ele>
    <time>2026-08-08T15:34:37Z</time>
   </trkpt>
   <trkpt lat="47.618359" lon="12.297240">
    <ele>973.521</ele>
    <time>2026-08-08T15:34:39Z</time>
   </trkpt>
   <trkpt lat="47.618455" lon="12.297214">
    <ele>969.780</ele>
    <time>2026-08-08T15:34:47Z</time>
   </trkpt>
   <trkpt lat="47.618516" lon="12.297078">
    <ele>967.630</ele>
    <time>2026-08-08T15:34:56Z</time>
   </trkpt>
   <trkpt lat="47.618537" lon="12.297006">
    <ele>966.203</ele>
    <time>2026-08-08T15:35:00Z</time>
   </trkpt>
   <trkpt lat="47.618575" lon="12.296973">
    <ele>964.866</ele>
    <time>2026-08-08T15:35:03Z</time>
   </trkpt>
   <trkpt lat="47.618613" lon="12.296925">
    <ele>963.147</ele>
    <time>2026-08-08T15:35:07Z</time>
   </trkpt>
   <trkpt lat="47.618655" lon="12.296781">
    <ele>962.664</ele>
    <time>2026-08-08T15:35:14Z</time>
   </trkpt>
   <trkpt lat="47.618708" lon="12.296727">
    <ele>959.164</ele>
    <time>2026-08-08T15:35:19Z</time>
   </trkpt>
   <trkpt lat="47.618811" lon="12.296546">
    <ele>954.140</ele>
    <time>2026-08-08T15:35:29Z</time>
   </trkpt>
   <trkpt lat="47.618939" lon="12.296388">
    <ele>946.476</ele>
    <time>2026-08-08T15:35:38Z</time>
   </trkpt>
   <trkpt lat="47.618998" lon="12.296317">
    <ele>942.795</ele>
    <time>2026-08-08T15:35:42Z</time>
   </trkpt>
   <trkpt lat="47.619083" lon="12.296246">
    <ele>939.960</ele>
    <time>2026-08-08T15:35:50Z</time>
   </trkpt>
   <trkpt lat="47.619151" lon="12.296164">
    <ele>937.728</ele>
    <time>2026-08-08T15:35:58Z</time>
   </trkpt>
   <trkpt lat="47.619202" lon="12.296103">
    <ele>936.725</ele>
    <time>2026-08-08T15:36:03Z</time>
   </trkpt>
   <trkpt lat="47.619228" lon="12.296079">
    <ele>935.128</ele>
    <time>2026-08-08T15:36:05Z</time>
   </trkpt>
   <trkpt lat="47.619263" lon="12.295935">
    <ele>932.560</ele>
    <time>2026-08-08T15:36:13Z</time>
   </trkpt>
   <trkpt lat="47.619342" lon="12.296039">
    <ele>933.209</ele>
    <time>2026-08-08T15:36:24Z</time>
   </trkpt>
   <trkpt lat="47.619339" lon="12.296293">
    <ele>936.200</ele>
    <time>2026-08-08T15:36:43Z</time>
   </trkpt>
   <trkpt lat="47.619369" lon="12.296413">
    <ele>937.619</ele>
    <time>2026-08-08T15:36:54Z</time>
   </trkpt>
   <trkpt lat="47.619361" lon="12.296427">
    <ele>937.820</ele>
    <time>2026-08-08T15:37:05Z</time>
   </trkpt>
   <trkpt lat="47.619367" lon="12.296430">
    <ele>937.406</ele>
    <time>2026-08-08T15:38:45Z</time>
   </trkpt>
  </trkseg>
 </trk>
 <trk>
  <name>ACTIVE LOG174408</name>
  <trkseg>
   <trkpt lat="47.619270" lon="12.296373">
    <ele>908.232</ele>
    <time>2026-08-08T15:44:07Z</time>
   </trkpt>
   <trkpt lat="47.619350" lon="12.296339">
    <ele>931.600</ele>
    <time>2026-08-08T15:45:17Z</time>
   </trkpt>
   <trkpt lat="47.619392" lon="12.296248">
    <ele>933.749</ele>
    <time>2026-08-08T15:45:28Z</time>
   </trkpt>
   <trkpt lat="47.619438" lon="12.296241">
    <ele>932.325</ele>
    <time>2026-08-08T15:45:37Z</time>
   </trkpt>
  </trkseg>
 </trk>
 <trk>
  <name>ACTIVE LOG174650</name>
  <trkseg>
   <trkpt lat="47.620933" lon="12.296528">
    <ele>907.739</ele>
    <time>2026-08-08T15:46:49Z</time>
   </trkpt>
   <trkpt lat="47.620970" lon="12.296559">
    <ele>906.949</ele>
    <time>2026-08-08T15:46:53Z</time>
   </trkpt>
   <trkpt lat="47.621016" lon="12.296618">
    <ele>906.207</ele>
    <time>2026-08-08T15:46:55Z</time>
   </trkpt>
   <trkpt lat="47.621236" lon="12.296582">
    <ele>900.789</ele>
    <time>2026-08-08T15:47:00Z</time>
   </trkpt>
   <trkpt lat="47.622097" lon="12.296323">
    <ele>883.322</ele>
    <time>2026-08-08T15:47:10Z</time>
   </trkpt>
   <trkpt lat="47.622681" lon="12.296054">
    <ele>873.326</ele>
    <time>2026-08-08T15:47:17Z</time>
   </trkpt>
   <trkpt lat="47.622981" lon="12.296033">
    <ele>869.191</ele>
    <time>2026-08-08T15:47:21Z</time>
   </trkpt>
   <trkpt lat="47.623147" lon="12.296120">
    <ele>866.258</ele>
    <time>2026-08-08T15:47:29Z</time>
   </trkpt>
   <trkpt lat="47.623147" lon="12.296120">
    <ele>865.836</ele>
    <time>2026-08-08T15:47:39Z</time>
   </trkpt>
   <trkpt lat="47.623222" lon="12.296126">
    <ele>865.024</ele>
    <time>2026-08-08T15:47:41Z</time>
   </trkpt>
   <trkpt lat="47.623391" lon="12.296060">
    <ele>864.420</ele>
    <time>2026-08-08T15:47:45Z</time>
   </trkpt>
   <trkpt lat="47.623643" lon="12.295861">
    <ele>863.064</ele>
    <time>2026-08-08T15:47:50Z</time>
   </trkpt>
   <trkpt lat="47.623806" lon="12.295725">
    <ele>861.911</ele>
    <time>2026-08-08T15:47:53Z</time>
   </trkpt>
   <trkpt lat="47.624447" lon="12.295145">
    <ele>854.115</ele>
    <time>2026-08-08T15:48:02Z</time>
   </trkpt>
   <trkpt lat="47.625025" lon="12.294860">
    <ele>847.699</ele>
    <time>2026-08-08T15:48:09Z</time>
   </trkpt>
   <trkpt lat="47.625147" lon="12.294860">
    <ele>845.870</ele>
    <time>2026-08-08T15:48:11Z</time>
   </trkpt>
   <trkpt lat="47.625271" lon="12.294886">
    <ele>845.356</ele>
    <time>2026-08-08T15:48:13Z</time>
   </trkpt>
   <trkpt lat="47.625693" lon="12.294692">
    <ele>839.238</ele>
    <time>2026-08-08T15:48:19Z</time>
   </trkpt>
   <trkpt lat="47.625855" lon="12.294540">
    <ele>836.001</ele>
    <time>2026-08-08T15:48:21Z</time>
   </trkpt>
   <trkpt lat="47.626656" lon="12.294169">
    <ele>822.136</ele>
    <time>2026-08-08T15:48:28Z</time>
   </trkpt>
   <trkpt lat="47.627244" lon="12.294216">
    <ele>813.101</ele>
    <time>2026-08-08T15:48:33Z</time>
   </trkpt>
   <trkpt lat="47.627511" lon="12.294216">
    <ele>808.981</ele>
    <time>2026-08-08T15:48:35Z</time>
   </trkpt>
   <trkpt lat="47.627920" lon="12.294358">
    <ele>803.575</ele>
    <time>2026-08-08T15:48:38Z</time>
   </trkpt>
   <trkpt lat="47.628765" lon="12.294240">
    <ele>792.887</ele>
    <time>2026-08-08T15:48:46Z</time>
   </trkpt>
   <trkpt lat="47.629113" lon="12.294049">
    <ele>790.036</ele>
    <time>2026-08-08T15:48:50Z</time>
   </trkpt>
   <trkpt lat="47.629459" lon="12.293769">
    <ele>787.025</ele>
    <time>2026-08-08T15:48:54Z</time>
   </trkpt>
   <trkpt lat="47.629652" lon="12.293475">
    <ele>785.046</ele>
    <time>2026-08-08T15:48:57Z</time>
   </trkpt>
   <trkpt lat="47.629975" lon="12.293262">
    <ele>782.644</ele>
    <time>2026-08-08T15:49:01Z</time>
   </trkpt>
   <trkpt lat="47.630278" lon="12.293362">
    <ele>778.837</ele>
    <time>2026-08-08T15:49:04Z</time>
   </trkpt>
   <trkpt lat="47.630783" lon="12.293508">
    <ele>775.143</ele>
    <time>2026-08-08T15:49:08Z</time>
   </trkpt>
   <trkpt lat="47.631030" lon="12.293565">
    <ele>772.310</ele>
    <time>2026-08-08T15:49:10Z</time>
   </trkpt>
   <trkpt lat="47.631548" lon="12.293920">
    <ele>767.482</ele>
    <time>2026-08-08T15:49:15Z</time>
   </trkpt>
   <trkpt lat="47.631741" lon="12.294002">
    <ele>765.799</ele>
    <time>2026-08-08T15:49:17Z</time>
   </trkpt>
   <trkpt lat="47.632427" lon="12.293962">
    <ele>760.060</ele>
    <time>2026-08-08T15:49:23Z</time>
   </trkpt>
   <trkpt lat="47.633000" lon="12.294083">
    <ele>750.716</ele>
    <time>2026-08-08T15:49:27Z</time>
   </trkpt>
   <trkpt lat="47.633693" lon="12.294152">
    <ele>741.444</ele>
    <time>2026-08-08T15:49:33Z</time>
   </trkpt>
   <trkpt lat="47.634294" lon="12.293873">
    <ele>731.663</ele>
    <time>2026-08-08T15:49:39Z</time>
   </trkpt>
   <trkpt lat="47.634664" lon="12.293687">
    <ele>727.284</ele>
    <time>2026-08-08T15:49:42Z</time>
   </trkpt>
   <trkpt lat="47.635042" lon="12.293276">
    <ele>723.503</ele>
    <time>2026-08-08T15:49:46Z</time>
   </trkpt>
   <trkpt lat="47.635610" lon="12.293020">
    <ele>719.471</ele>
    <time>2026-08-08T15:49:52Z</time>
   </trkpt>
   <trkpt lat="47.635896" lon="12.293049">
    <ele>718.569</ele>
    <time>2026-08-08T15:49:55Z</time>
   </trkpt>
   <trkpt lat="47.636569" lon="12.292707">
    <ele>710.531</ele>
    <time>2026-08-08T15:50:02Z</time>
   </trkpt>
   <trkpt lat="47.637131" lon="12.292072">
    <ele>706.429</ele>
    <time>2026-08-08T15:50:09Z</time>
   </trkpt>
   <trkpt lat="47.637282" lon="12.291707">
    <ele>704.697</ele>
    <time>2026-08-08T15:50:13Z</time>
   </trkpt>
   <trkpt lat="47.637542" lon="12.290698">
    <ele>701.866</ele>
    <time>2026-08-08T15:50:22Z</time>
   </trkpt>
   <trkpt lat="47.637761" lon="12.290329">
    <ele>699.989</ele>
    <time>2026-08-08T15:50:26Z</time>
   </trkpt>
   <trkpt lat="47.638100" lon="12.289230">
    <ele>692.148</ele>
    <time>2026-08-08T15:50:36Z</time>
   </trkpt>
   <trkpt lat="47.638201" lon="12.288871">
    <ele>691.443</ele>
    <time>2026-08-08T15:50:40Z</time>
   </trkpt>
   <trkpt lat="47.638285" lon="12.288723">
    <ele>690.467</ele>
    <time>2026-08-08T15:50:44Z</time>
   </trkpt>
   <trkpt lat="47.638405" lon="12.288200">
    <ele>689.766</ele>
    <time>2026-08-08T15:50:48Z</time>
   </trkpt>
   <trkpt lat="47.638560" lon="12.287817">
    <ele>687.543</ele>
    <time>2026-08-08T15:50:57Z</time>
   </trkpt>
   <trkpt lat="47.638586" lon="12.287779">
    <ele>687.397</ele>
    <time>2026-08-08T15:50:59Z</time>
   </trkpt>
   <trkpt lat="47.638607" lon="12.287182">
    <ele>686.370</ele>
    <time>2026-08-08T15:51:06Z</time>
   </trkpt>
   <trkpt lat="47.638563" lon="12.286807">
    <ele>685.768</ele>
    <time>2026-08-08T15:51:10Z</time>
   </trkpt>
   <trkpt lat="47.638602" lon="12.286360">
    <ele>684.536</ele>
    <time>2026-08-08T15:51:14Z</time>
   </trkpt>
   <trkpt lat="47.639201" lon="12.284029">
    <ele>677.641</ele>
    <time>2026-08-08T15:51:34Z</time>
   </trkpt>
   <trkpt lat="47.639735" lon="12.281296">
    <ele>672.163</ele>
    <time>2026-08-08T15:51:55Z</time>
   </trkpt>
   <trkpt lat="47.639837" lon="12.279196">
    <ele>669.483</ele>
    <time>2026-08-08T15:52:11Z</time>
   </trkpt>
   <trkpt lat="47.639652" lon="12.277069">
    <ele>665.128</ele>
    <time>2026-08-08T15:52:27Z</time>
   </trkpt>
   <trkpt lat="47.639079" lon="12.275108">
    <ele>659.854</ele>
    <time>2026-08-08T15:52:41Z</time>
   </trkpt>
   <trkpt lat="47.639079" lon="12.274959">
    <ele>659.487</ele>
    <time>2026-08-08T15:52:42Z</time>
   </trkpt>
   <trkpt lat="47.639108" lon="12.274460">
    <ele>656.833</ele>
    <time>2026-08-08T15:52:46Z</time>
   </trkpt>
   <trkpt lat="47.638976" lon="12.273982">
    <ele>655.892</ele>
    <time>2026-08-08T15:52:50Z</time>
   </trkpt>
   <trkpt lat="47.638873" lon="12.273560">
    <ele>657.770</ele>
    <time>2026-08-08T15:52:56Z</time>
   </trkpt>
   <trkpt lat="47.638419" lon="12.272745">
    <ele>657.811</ele>
    <time>2026-08-08T15:53:13Z</time>
   </trkpt>
   <trkpt lat="47.638387" lon="12.272701">
    <ele>658.050</ele>
    <time>2026-08-08T15:53:14Z</time>
   </trkpt>
   <trkpt lat="47.638264" lon="12.272199">
    <ele>657.205</ele>
    <time>2026-08-08T15:53:22Z</time>
   </trkpt>
   <trkpt lat="47.638314" lon="12.271850">
    <ele>655.521</ele>
    <time>2026-08-08T15:53:26Z</time>
   </trkpt>
   <trkpt lat="47.638602" lon="12.271245">
    <ele>654.549</ele>
    <time>2026-08-08T15:53:34Z</time>
   </trkpt>
   <trkpt lat="47.638788" lon="12.270946">
    <ele>653.394</ele>
    <time>2026-08-08T15:53:39Z</time>
   </trkpt>
   <trkpt lat="47.639040" lon="12.270540">
    <ele>650.123</ele>
    <time>2026-08-08T15:53:44Z</time>
   </trkpt>
   <trkpt lat="47.639305" lon="12.269997">
    <ele>647.017</ele>
    <time>2026-08-08T15:53:49Z</time>
   </trkpt>
   <trkpt lat="47.639670" lon="12.269303">
    <ele>646.579</ele>
    <time>2026-08-08T15:53:56Z</time>
   </trkpt>
   <trkpt lat="47.639867" lon="12.268137">
    <ele>645.045</ele>
    <time>2026-08-08T15:54:06Z</time>
   </trkpt>
   <trkpt lat="47.640002" lon="12.267694">
    <ele>643.822</ele>
    <time>2026-08-08T15:54:10Z</time>
   </trkpt>
   <trkpt lat="47.640168" lon="12.266798">
    <ele>639.493</ele>
    <time>2026-08-08T15:54:17Z</time>
   </trkpt>
   <trkpt lat="47.640300" lon="12.266234">
    <ele>638.585</ele>
    <time>2026-08-08T15:54:21Z</time>
   </trkpt>
   <trkpt lat="47.640304" lon="12.265379">
    <ele>640.127</ele>
    <time>2026-08-08T15:54:28Z</time>
   </trkpt>
   <trkpt lat="47.640288" lon="12.265048">
    <ele>639.353</ele>
    <time>2026-08-08T15:54:31Z</time>
   </trkpt>
   <trkpt lat="47.640419" lon="12.264650">
    <ele>637.420</ele>
    <time>2026-08-08T15:54:35Z</time>
   </trkpt>
   <trkpt lat="47.640863" lon="12.263795">
    <ele>632.933</ele>
    <time>2026-08-08T15:54:43Z</time>
   </trkpt>
   <trkpt lat="47.641118" lon="12.261945">
    <ele>628.785</ele>
    <time>2026-08-08T15:54:58Z</time>
   </trkpt>
   <trkpt lat="47.640985" lon="12.261061">
    <ele>626.474</ele>
    <time>2026-08-08T15:55:05Z</time>
   </trkpt>
   <trkpt lat="47.640446" lon="12.259743">
    <ele>624.719</ele>
    <time>2026-08-08T15:55:17Z</time>
   </trkpt>
   <trkpt lat="47.640069" lon="12.258930">
    <ele>626.361</ele>
    <time>2026-08-08T15:55:28Z</time>
   </trkpt>
   <trkpt lat="47.639942" lon="12.258572">
    <ele>626.059</ele>
    <time>2026-08-08T15:55:33Z</time>
   </trkpt>
   <trkpt lat="47.639916" lon="12.257616">
    <ele>624.961</ele>
    <time>2026-08-08T15:55:44Z</time>
   </trkpt>
   <trkpt lat="47.639916" lon="12.257357">
    <ele>625.362</ele>
    <time>2026-08-08T15:55:47Z</time>
   </trkpt>
   <trkpt lat="47.639916" lon="12.256697">
    <ele>626.328</ele>
    <time>2026-08-08T15:55:56Z</time>
   </trkpt>
   <trkpt lat="47.639824" lon="12.255752">
    <ele>624.973</ele>
    <time>2026-08-08T15:56:06Z</time>
   </trkpt>
   <trkpt lat="47.639785" lon="12.255402">
    <ele>622.245</ele>
    <time>2026-08-08T15:56:11Z</time>
   </trkpt>
   <trkpt lat="47.639889" lon="12.255226">
    <ele>619.078</ele>
    <time>2026-08-08T15:56:16Z</time>
   </trkpt>
   <trkpt lat="47.640595" lon="12.254969">
    <ele>612.898</ele>
    <time>2026-08-08T15:56:27Z</time>
   </trkpt>
   <trkpt lat="47.640879" lon="12.254887">
    <ele>610.137</ele>
    <time>2026-08-08T15:56:30Z</time>
   </trkpt>
   <trkpt lat="47.641881" lon="12.254367">
    <ele>599.951</ele>
    <time>2026-08-08T15:56:39Z</time>
   </trkpt>
   <trkpt lat="47.642542" lon="12.253777">
    <ele>593.952</ele>
    <time>2026-08-08T15:56:44Z</time>
   </trkpt>
   <trkpt lat="47.642750" lon="12.253173">
    <ele>592.213</ele>
    <time>2026-08-08T15:56:48Z</time>
   </trkpt>
   <trkpt lat="47.642857" lon="12.251992">
    <ele>589.914</ele>
    <time>2026-08-08T15:56:55Z</time>
   </trkpt>
   <trkpt lat="47.642972" lon="12.251359">
    <ele>589.465</ele>
    <time>2026-08-08T15:56:59Z</time>
   </trkpt>
   <trkpt lat="47.642881" lon="12.250797">
    <ele>589.424</ele>
    <time>2026-08-08T15:57:03Z</time>
   </trkpt>
   <trkpt lat="47.642703" lon="12.250221">
    <ele>589.963</ele>
    <time>2026-08-08T15:57:07Z</time>
   </trkpt>
   <trkpt lat="47.642624" lon="12.249748">
    <ele>590.529</ele>
    <time>2026-08-08T15:57:10Z</time>
   </trkpt>
   <trkpt lat="47.642706" lon="12.249173">
    <ele>591.005</ele>
    <time>2026-08-08T15:57:14Z</time>
   </trkpt>
   <trkpt lat="47.642703" lon="12.248547">
    <ele>591.324</ele>
    <time>2026-08-08T15:57:18Z</time>
   </trkpt>
   <trkpt lat="47.642641" lon="12.247999">
    <ele>592.567</ele>
    <time>2026-08-08T15:57:22Z</time>
   </trkpt>
   <trkpt lat="47.642641" lon="12.246976">
    <ele>593.464</ele>
    <time>2026-08-08T15:57:29Z</time>
   </trkpt>
   <trkpt lat="47.642918" lon="12.246268">
    <ele>593.539</ele>
    <time>2026-08-08T15:57:34Z</time>
   </trkpt>
   <trkpt lat="47.643402" lon="12.245910">
    <ele>591.409</ele>
    <time>2026-08-08T15:57:39Z</time>
   </trkpt>
   <trkpt lat="47.644611" lon="12.245655">
    <ele>574.268</ele>
    <time>2026-08-08T15:57:51Z</time>
   </trkpt>
   <trkpt lat="47.644744" lon="12.245430">
    <ele>565.743</ele>
    <time>2026-08-08T15:57:55Z</time>
   </trkpt>
   <trkpt lat="47.644744" lon="12.244992">
    <ele>561.423</ele>
    <time>2026-08-08T15:58:00Z</time>
   </trkpt>
   <trkpt lat="47.644945" lon="12.243042">
    <ele>544.809</ele>
    <time>2026-08-08T15:58:17Z</time>
   </trkpt>
   <trkpt lat="47.645044" lon="12.241836">
    <ele>538.341</ele>
    <time>2026-08-08T15:58:27Z</time>
   </trkpt>
   <trkpt lat="47.644988" lon="12.241375">
    <ele>536.116</ele>
    <time>2026-08-08T15:58:31Z</time>
   </trkpt>
   <trkpt lat="47.644839" lon="12.240283">
    <ele>533.518</ele>
    <time>2026-08-08T15:58:40Z</time>
   </trkpt>
   <trkpt lat="47.645027" lon="12.239837">
    <ele>532.138</ele>
    <time>2026-08-08T15:58:45Z</time>
   </trkpt>
   <trkpt lat="47.645173" lon="12.239571">
    <ele>531.825</ele>
    <time>2026-08-08T15:58:48Z</time>
   </trkpt>
   <trkpt lat="47.645299" lon="12.239085">
    <ele>531.179</ele>
    <time>2026-08-08T15:58:53Z</time>
   </trkpt>
   <trkpt lat="47.645334" lon="12.238917">
    <ele>531.526</ele>
    <time>2026-08-08T15:58:55Z</time>
   </trkpt>
   <trkpt lat="47.645384" lon="12.238679">
    <ele>532.276</ele>
    <time>2026-08-08T15:58:58Z</time>
   </trkpt>
   <trkpt lat="47.645402" lon="12.238354">
    <ele>533.343</ele>
    <time>2026-08-08T15:59:01Z</time>
   </trkpt>
   <trkpt lat="47.645644" lon="12.237493">
    <ele>533.966</ele>
    <time>2026-08-08T15:59:09Z</time>
   </trkpt>
   <trkpt lat="47.645898" lon="12.236347">
    <ele>531.519</ele>
    <time>2026-08-08T15:59:19Z</time>
   </trkpt>
   <trkpt lat="47.645979" lon="12.236106">
    <ele>530.092</ele>
    <time>2026-08-08T15:59:21Z</time>
   </trkpt>
   <trkpt lat="47.646031" lon="12.236001">
    <ele>529.106</ele>
    <time>2026-08-08T15:59:23Z</time>
   </trkpt>
   <trkpt lat="47.645941" lon="12.235584">
    <ele>528.943</ele>
    <time>2026-08-08T15:59:27Z</time>
   </trkpt>
   <trkpt lat="47.645835" lon="12.235279">
    <ele>528.213</ele>
    <time>2026-08-08T15:59:33Z</time>
   </trkpt>
   <trkpt lat="47.645822" lon="12.234917">
    <ele>526.021</ele>
    <time>2026-08-08T15:59:39Z</time>
   </trkpt>
   <trkpt lat="47.645860" lon="12.234568">
    <ele>526.159</ele>
    <time>2026-08-08T15:59:44Z</time>
   </trkpt>
   <trkpt lat="47.645881" lon="12.234371">
    <ele>526.083</ele>
    <time>2026-08-08T15:59:47Z</time>
   </trkpt>
   <trkpt lat="47.645860" lon="12.233891">
    <ele>525.549</ele>
    <time>2026-08-08T15:59:53Z</time>
   </trkpt>
   <trkpt lat="47.645860" lon="12.233561">
    <ele>524.875</ele>
    <time>2026-08-08T15:59:57Z</time>
   </trkpt>
   <trkpt lat="47.646145" lon="12.233236">
    <ele>524.264</ele>
    <time>2026-08-08T16:00:04Z</time>
   </trkpt>
   <trkpt lat="47.646255" lon="12.233207">
    <ele>524.429</ele>
    <time>2026-08-08T16:00:06Z</time>
   </trkpt>
   <trkpt lat="47.646505" lon="12.232926">
    <ele>524.194</ele>
    <time>2026-08-08T16:00:12Z</time>
   </trkpt>
   <trkpt lat="47.646505" lon="12.232352">
    <ele>526.355</ele>
    <time>2026-08-08T16:00:26Z</time>
   </trkpt>
   <trkpt lat="47.646496" lon="12.232311">
    <ele>530.881</ele>
    <time>2026-08-08T16:00:28Z</time>
   </trkpt>
   <trkpt lat="47.646219" lon="12.232143">
    <ele>530.724</ele>
    <time>2026-08-08T16:00:41Z</time>
   </trkpt>
   <trkpt lat="47.645999" lon="12.232070">
    <ele>531.255</ele>
    <time>2026-08-08T16:00:47Z</time>
   </trkpt>
   <trkpt lat="47.645927" lon="12.232011">
    <ele>531.570</ele>
    <time>2026-08-08T16:00:49Z</time>
   </trkpt>
   <trkpt lat="47.645461" lon="12.231467">
    <ele>533.116</ele>
    <time>2026-08-08T16:01:01Z</time>
   </trkpt>
   <trkpt lat="47.645069" lon="12.230968">
    <ele>532.654</ele>
    <time>2026-08-08T16:01:10Z</time>
   </trkpt>
   <trkpt lat="47.644839" lon="12.230832">
    <ele>533.257</ele>
    <time>2026-08-08T16:01:15Z</time>
   </trkpt>
   <trkpt lat="47.644873" lon="12.230627">
    <ele>531.510</ele>
    <time>2026-08-08T16:01:19Z</time>
   </trkpt>
   <trkpt lat="47.645041" lon="12.230246">
    <ele>528.192</ele>
    <time>2026-08-08T16:01:24Z</time>
   </trkpt>
   <trkpt lat="47.645527" lon="12.228996">
    <ele>516.285</ele>
    <time>2026-08-08T16:01:35Z</time>
   </trkpt>
   <trkpt lat="47.645783" lon="12.228451">
    <ele>510.659</ele>
    <time>2026-08-08T16:01:40Z</time>
   </trkpt>
   <trkpt lat="47.645666" lon="12.228018">
    <ele>507.506</ele>
    <time>2026-08-08T16:01:45Z</time>
   </trkpt>
   <trkpt lat="47.645575" lon="12.227878">
    <ele>506.300</ele>
    <time>2026-08-08T16:01:47Z</time>
   </trkpt>
   <trkpt lat="47.645569" lon="12.227819">
    <ele>504.889</ele>
    <time>2026-08-08T16:01:58Z</time>
   </trkpt>
   <trkpt lat="47.645569" lon="12.227819">
    <ele>504.822</ele>
    <time>2026-08-08T16:02:00Z</time>
   </trkpt>
   <trkpt lat="47.645689" lon="12.227825">
    <ele>505.240</ele>
    <time>2026-08-08T16:02:05Z</time>
   </trkpt>
   <trkpt lat="47.646334" lon="12.228579">
    <ele>507.621</ele>
    <time>2026-08-08T16:02:22Z</time>
   </trkpt>
   <trkpt lat="47.646868" lon="12.229028">
    <ele>509.813</ele>
    <time>2026-08-08T16:02:37Z</time>
   </trkpt>
   <trkpt lat="47.646928" lon="12.228881">
    <ele>508.403</ele>
    <time>2026-08-08T16:02:43Z</time>
   </trkpt>
   <trkpt lat="47.646783" lon="12.228760">
    <ele>506.858</ele>
    <time>2026-08-08T16:02:47Z</time>
   </trkpt>
   <trkpt lat="47.646689" lon="12.228632">
    <ele>504.199</ele>
    <time>2026-08-08T16:02:52Z</time>
   </trkpt>
   <trkpt lat="47.646037" lon="12.226923">
    <ele>498.663</ele>
    <time>2026-08-08T16:03:13Z</time>
   </trkpt>
   <trkpt lat="47.645204" lon="12.224734">
    <ele>494.590</ele>
    <time>2026-08-08T16:03:37Z</time>
   </trkpt>
   <trkpt lat="47.644548" lon="12.223008">
    <ele>495.606</ele>
    <time>2026-08-08T16:03:56Z</time>
   </trkpt>
   <trkpt lat="47.643937" lon="12.221319">
    <ele>494.804</ele>
    <time>2026-08-08T16:04:14Z</time>
   </trkpt>
   <trkpt lat="47.643460" lon="12.219709">
    <ele>493.348</ele>
    <time>2026-08-08T16:04:31Z</time>
   </trkpt>
   <trkpt lat="47.642904" lon="12.217549">
    <ele>489.540</ele>
    <time>2026-08-08T16:04:54Z</time>
   </trkpt>
   <trkpt lat="47.642299" lon="12.215283">
    <ele>487.038</ele>
    <time>2026-08-08T16:05:18Z</time>
   </trkpt>
   <trkpt lat="47.641890" lon="12.213793">
    <ele>485.780</ele>
    <time>2026-08-08T16:05:37Z</time>
   </trkpt>
   <trkpt lat="47.641776" lon="12.213496">
    <ele>486.522</ele>
    <time>2026-08-08T16:05:43Z</time>
   </trkpt>
   <trkpt lat="47.641682" lon="12.213229">
    <ele>485.606</ele>
    <time>2026-08-08T16:05:47Z</time>
   </trkpt>
   <trkpt lat="47.641197" lon="12.211765">
    <ele>484.257</ele>
    <time>2026-08-08T16:06:04Z</time>
   </trkpt>
   <trkpt lat="47.640767" lon="12.210430">
    <ele>482.244</ele>
    <time>2026-08-08T16:06:19Z</time>
   </trkpt>
   <trkpt lat="47.640297" lon="12.208766">
    <ele>480.273</ele>
    <time>2026-08-08T16:06:37Z</time>
   </trkpt>
   <trkpt lat="47.640205" lon="12.208270">
    <ele>480.483</ele>
    <time>2026-08-08T16:06:42Z</time>
   </trkpt>
   <trkpt lat="47.639823" lon="12.206863">
    <ele>479.455</ele>
    <time>2026-08-08T16:06:58Z</time>
   </trkpt>
   <trkpt lat="47.639593" lon="12.205045">
    <ele>479.695</ele>
    <time>2026-08-08T16:07:18Z</time>
   </trkpt>
   <trkpt lat="47.639530" lon="12.203015">
    <ele>479.119</ele>
    <time>2026-08-08T16:07:40Z</time>
   </trkpt>
   <trkpt lat="47.639564" lon="12.202240">
    <ele>479.073</ele>
    <time>2026-08-08T16:07:49Z</time>
   </trkpt>
   <trkpt lat="47.639668" lon="12.201956">
    <ele>478.708</ele>
    <time>2026-08-08T16:07:53Z</time>
   </trkpt>
   <trkpt lat="47.639693" lon="12.201451">
    <ele>478.721</ele>
    <time>2026-08-08T16:08:00Z</time>
   </trkpt>
   <trkpt lat="47.639670" lon="12.201293">
    <ele>478.943</ele>
    <time>2026-08-08T16:08:02Z</time>
   </trkpt>
   <trkpt lat="47.639714" lon="12.200856">
    <ele>477.921</ele>
    <time>2026-08-08T16:08:07Z</time>
   </trkpt>
   <trkpt lat="47.639860" lon="12.200652">
    <ele>477.335</ele>
    <time>2026-08-08T16:08:11Z</time>
   </trkpt>
   <trkpt lat="47.640933" lon="12.200247">
    <ele>476.730</ele>
    <time>2026-08-08T16:08:31Z</time>
   </trkpt>
   <trkpt lat="47.641323" lon="12.200234">
    <ele>474.117</ele>
    <time>2026-08-08T16:08:37Z</time>
   </trkpt>
   <trkpt lat="47.641638" lon="12.200311">
    <ele>472.313</ele>
    <time>2026-08-08T16:08:41Z</time>
   </trkpt>
   <trkpt lat="47.642116" lon="12.200105">
    <ele>471.486</ele>
    <time>2026-08-08T16:08:48Z</time>
   </trkpt>
   <trkpt lat="47.643274" lon="12.198891">
    <ele>470.418</ele>
    <time>2026-08-08T16:09:09Z</time>
   </trkpt>
   <trkpt lat="47.643329" lon="12.198844">
    <ele>470.407</ele>
    <time>2026-08-08T16:09:10Z</time>
   </trkpt>
   <trkpt lat="47.643456" lon="12.199051">
    <ele>470.056</ele>
    <time>2026-08-08T16:09:14Z</time>
   </trkpt>
   <trkpt lat="47.643525" lon="12.199537">
    <ele>469.787</ele>
    <time>2026-08-08T16:09:19Z</time>
   </trkpt>
   <trkpt lat="47.643849" lon="12.199824">
    <ele>467.684</ele>
    <time>2026-08-08T16:09:25Z</time>
   </trkpt>
   <trkpt lat="47.643988" lon="12.199824">
    <ele>468.160</ele>
    <time>2026-08-08T16:09:27Z</time>
   </trkpt>
   <trkpt lat="47.644217" lon="12.199968">
    <ele>468.240</ele>
    <time>2026-08-08T16:09:31Z</time>
   </trkpt>
   <trkpt lat="47.644425" lon="12.200186">
    <ele>468.190</ele>
    <time>2026-08-08T16:09:35Z</time>
   </trkpt>
   <trkpt lat="47.645052" lon="12.200224">
    <ele>465.937</ele>
    <time>2026-08-08T16:09:46Z</time>
   </trkpt>
   <trkpt lat="47.645443" lon="12.200118">
    <ele>466.565</ele>
    <time>2026-08-08T16:09:54Z</time>
   </trkpt>
   <trkpt lat="47.645720" lon="12.199789">
    <ele>465.655</ele>
    <time>2026-08-08T16:10:01Z</time>
   </trkpt>
   <trkpt lat="47.645841" lon="12.199585">
    <ele>465.312</ele>
    <time>2026-08-08T16:10:04Z</time>
   </trkpt>
   <trkpt lat="47.646383" lon="12.199264">
    <ele>465.807</ele>
    <time>2026-08-08T16:10:16Z</time>
   </trkpt>
   <trkpt lat="47.646879" lon="12.199123">
    <ele>465.925</ele>
    <time>2026-08-08T16:10:26Z</time>
   </trkpt>
   <trkpt lat="47.647323" lon="12.199114">
    <ele>466.186</ele>
    <time>2026-08-08T16:10:35Z</time>
   </trkpt>
   <trkpt lat="47.647660" lon="12.199194">
    <ele>465.831</ele>
    <time>2026-08-08T16:10:42Z</time>
   </trkpt>
   <trkpt lat="47.647745" lon="12.199211">
    <ele>465.754</ele>
    <time>2026-08-08T16:10:44Z</time>
   </trkpt>
   <trkpt lat="47.648081" lon="12.199379">
    <ele>463.148</ele>
    <time>2026-08-08T16:10:52Z</time>
   </trkpt>
   <trkpt lat="47.648113" lon="12.199395">
    <ele>462.653</ele>
    <time>2026-08-08T16:10:55Z</time>
   </trkpt>
   <trkpt lat="47.648437" lon="12.199253">
    <ele>464.151</ele>
    <time>2026-08-08T16:11:01Z</time>
   </trkpt>
   <trkpt lat="47.648501" lon="12.199049">
    <ele>465.459</ele>
    <time>2026-08-08T16:11:07Z</time>
   </trkpt>
   <trkpt lat="47.648402" lon="12.199123">
    <ele>466.209</ele>
    <time>2026-08-08T16:11:12Z</time>
   </trkpt>
   <trkpt lat="47.648278" lon="12.199266">
    <ele>466.467</ele>
    <time>2026-08-08T16:11:17Z</time>
   </trkpt>
   <trkpt lat="47.648265" lon="12.199282">
    <ele>467.263</ele>
    <time>2026-08-08T16:11:25Z</time>
   </trkpt>
   <trkpt lat="47.648267" lon="12.199279">
    <ele>467.521</ele>
    <time>2026-08-08T16:11:27Z</time>
   </trkpt>
   <trkpt lat="47.648308" lon="12.198386">
    <ele>467.331</ele>
    <time>2026-08-08T16:11:41Z</time>
   </trkpt>
   <trkpt lat="47.648342" lon="12.197175">
    <ele>468.902</ele>
    <time>2026-08-08T16:11:57Z</time>
   </trkpt>
   <trkpt lat="47.648359" lon="12.196916">
    <ele>470.004</ele>
    <time>2026-08-08T16:12:01Z</time>
   </trkpt>
   <trkpt lat="47.648392" lon="12.196562">
    <ele>470.543</ele>
    <time>2026-08-08T16:12:06Z</time>
   </trkpt>
   <trkpt lat="47.648371" lon="12.196199">
    <ele>471.652</ele>
    <time>2026-08-08T16:12:11Z</time>
   </trkpt>
   <trkpt lat="47.648370" lon="12.196198">
    <ele>471.969</ele>
    <time>2026-08-08T16:12:13Z</time>
   </trkpt>
   <trkpt lat="47.648238" lon="12.195889">
    <ele>472.432</ele>
    <time>2026-08-08T16:12:15Z</time>
   </trkpt>
   <trkpt lat="47.648176" lon="12.195676">
    <ele>473.192</ele>
    <time>2026-08-08T16:12:18Z</time>
   </trkpt>
   <trkpt lat="47.647949" lon="12.195010">
    <ele>474.147</ele>
    <time>2026-08-08T16:12:29Z</time>
   </trkpt>
   <trkpt lat="47.647470" lon="12.193454">
    <ele>474.057</ele>
    <time>2026-08-08T16:12:53Z</time>
   </trkpt>
   <trkpt lat="47.647399" lon="12.193228">
    <ele>473.478</ele>
    <time>2026-08-08T16:12:57Z</time>
   </trkpt>
   <trkpt lat="47.647324" lon="12.192990">
    <ele>473.136</ele>
    <time>2026-08-08T16:13:01Z</time>
   </trkpt>
   <trkpt lat="47.647270" lon="12.192818">
    <ele>472.839</ele>
    <time>2026-08-08T16:13:04Z</time>
   </trkpt>
   <trkpt lat="47.647430" lon="12.192662">
    <ele>472.022</ele>
    <time>2026-08-08T16:13:09Z</time>
   </trkpt>
   <trkpt lat="47.647611" lon="12.192628">
    <ele>470.854</ele>
    <time>2026-08-08T16:13:14Z</time>
   </trkpt>
   <trkpt lat="47.647861" lon="12.192682">
    <ele>470.341</ele>
    <time>2026-08-08T16:13:19Z</time>
   </trkpt>
   <trkpt lat="47.648093" lon="12.192663">
    <ele>470.542</ele>
    <time>2026-08-08T16:13:23Z</time>
   </trkpt>
   <trkpt lat="47.649069" lon="12.191929">
    <ele>469.381</ele>
    <time>2026-08-08T16:13:42Z</time>
   </trkpt>
   <trkpt lat="47.650115" lon="12.191120">
    <ele>467.713</ele>
    <time>2026-08-08T16:14:04Z</time>
   </trkpt>
   <trkpt lat="47.651326" lon="12.190193">
    <ele>467.788</ele>
    <time>2026-08-08T16:14:28Z</time>
   </trkpt>
   <trkpt lat="47.651463" lon="12.190089">
    <ele>467.851</ele>
    <time>2026-08-08T16:14:31Z</time>
   </trkpt>
   <trkpt lat="47.651646" lon="12.189950">
    <ele>467.068</ele>
    <time>2026-08-08T16:14:35Z</time>
   </trkpt>
   <trkpt lat="47.652374" lon="12.189398">
    <ele>468.301</ele>
    <time>2026-08-08T16:14:51Z</time>
   </trkpt>
   <trkpt lat="47.652490" lon="12.189310">
    <ele>468.780</ele>
    <time>2026-08-08T16:14:56Z</time>
   </trkpt>
   <trkpt lat="47.652094" lon="12.188133">
    <ele>471.343</ele>
    <time>2026-08-08T16:15:15Z</time>
   </trkpt>
   <trkpt lat="47.651861" lon="12.187443">
    <ele>473.968</ele>
    <time>2026-08-08T16:15:32Z</time>
   </trkpt>
   <trkpt lat="47.651583" lon="12.186591">
    <ele>476.488</ele>
    <time>2026-08-08T16:15:50Z</time>
   </trkpt>
   <trkpt lat="47.651192" lon="12.185463">
    <ele>471.716</ele>
    <time>2026-08-08T16:16:05Z</time>
   </trkpt>
   <trkpt lat="47.650688" lon="12.183925">
    <ele>471.000</ele>
    <time>2026-08-08T16:16:23Z</time>
   </trkpt>
   <trkpt lat="47.650294" lon="12.182675">
    <ele>470.811</ele>
    <time>2026-08-08T16:16:41Z</time>
   </trkpt>
   <trkpt lat="47.649821" lon="12.181270">
    <ele>468.854</ele>
    <time>2026-08-08T16:16:59Z</time>
   </trkpt>
   <trkpt lat="47.649799" lon="12.181194">
    <ele>468.893</ele>
    <time>2026-08-08T16:17:00Z</time>
   </trkpt>
   <trkpt lat="47.649706" lon="12.179769">
    <ele>467.821</ele>
    <time>2026-08-08T16:17:16Z</time>
   </trkpt>
   <trkpt lat="47.649589" lon="12.177726">
    <ele>468.791</ele>
    <time>2026-08-08T16:17:43Z</time>
   </trkpt>
   <trkpt lat="47.649543" lon="12.176584">
    <ele>474.037</ele>
    <time>2026-08-08T16:18:04Z</time>
   </trkpt>
   <trkpt lat="47.649489" lon="12.175667">
    <ele>482.201</ele>
    <time>2026-08-08T16:18:28Z</time>
   </trkpt>
   <trkpt lat="47.649444" lon="12.175192">
    <ele>481.559</ele>
    <time>2026-08-08T16:18:37Z</time>
   </trkpt>
   <trkpt lat="47.649455" lon="12.175011">
    <ele>480.081</ele>
    <time>2026-08-08T16:18:45Z</time>
   </trkpt>
   <trkpt lat="47.649455" lon="12.174609">
    <ele>478.391</ele>
    <time>2026-08-08T16:18:54Z</time>
   </trkpt>
   <trkpt lat="47.649487" lon="12.173861">
    <ele>481.075</ele>
    <time>2026-08-08T16:19:05Z</time>
   </trkpt>
   <trkpt lat="47.649493" lon="12.173622">
    <ele>483.148</ele>
    <time>2026-08-08T16:19:11Z</time>
   </trkpt>
   <trkpt lat="47.649534" lon="12.173550">
    <ele>482.805</ele>
    <time>2026-08-08T16:19:21Z</time>
   </trkpt>
   <trkpt lat="47.649537" lon="12.173555">
    <ele>483.099</ele>
    <time>2026-08-08T16:19:47Z</time>
   </trkpt>
   <trkpt lat="47.649497" lon="12.173574">
    <ele>482.811</ele>
    <time>2026-08-08T16:21:34Z</time>
   </trkpt>
   <trkpt lat="47.649477" lon="12.173444">
    <ele>483.883</ele>
    <time>2026-08-08T16:21:39Z</time>
   </trkpt>
   <trkpt lat="47.649511" lon="12.172986">
    <ele>485.826</ele>
    <time>2026-08-08T16:21:52Z</time>
   </trkpt>
   <trkpt lat="47.649513" lon="12.172891">
    <ele>485.841</ele>
    <time>2026-08-08T16:22:10Z</time>
   </trkpt>
   <trkpt lat="47.649459" lon="12.172285">
    <ele>486.356</ele>
    <time>2026-08-08T16:22:22Z</time>
   </trkpt>
   <trkpt lat="47.649259" lon="12.171901">
    <ele>488.068</ele>
    <time>2026-08-08T16:22:32Z</time>
   </trkpt>
   <trkpt lat="47.648716" lon="12.171953">
    <ele>488.153</ele>
    <time>2026-08-08T16:22:47Z</time>
   </trkpt>
   <trkpt lat="47.648518" lon="12.171925">
    <ele>487.182</ele>
    <time>2026-08-08T16:22:58Z</time>
   </trkpt>
  </trkseg>
 </trk>
</gpx>
