<?xml version="1.0" encoding="UTF-8" standalone="no" ?>
<gpx xmlns="http://www.topografix.com/GPX/1/1" creator="" version="1.1" xmlns:xsi="http://www.w3.org/2001/XMLSchema-instance" xsi:schemaLocation="http://www.topografix.com/GPX/1/1 http://www.topografix.com/GPX/1/1/gpx.xsd">
 <trk>
  <name>ACTIVE LOG233550</name>
  <trkseg>
   <trkpt lat="47.522882" lon="12.423702">
    <ele>661.075</ele>
    <time>2026-06-26T06:35:50Z</time>
   </trkpt>
   <trkpt lat="47.522882" lon="12.423697">
    <ele>674.794</ele>
    <time>2026-06-26T06:35:54Z</time>
   </trkpt>
   <trkpt lat="47.522823" lon="12.424003">
    <ele>684.117</ele>
    <time>2026-06-26T06:36:00Z</time>
   </trkpt>
   <trkpt lat="47.522854" lon="12.424140">
    <ele>684.657</ele>
    <time>2026-06-26T06:36:02Z</time>
   </trkpt>
   <trkpt lat="47.522790" lon="12.424566">
    <ele>689.807</ele>
    <time>2026-06-26T06:36:08Z</time>
   </trkpt>
   <trkpt lat="47.522908" lon="12.424729">
    <ele>688.133</ele>
    <time>2026-06-26T06:36:15Z</time>
   </trkpt>
   <trkpt lat="47.523877" lon="12.425417">
    <ele>685.031</ele>
    <time>2026-06-26T06:36:37Z</time>
   </trkpt>
   <trkpt lat="47.524693" lon="12.425928">
    <ele>682.366</ele>
    <time>2026-06-26T06:36:55Z</time>
   </trkpt>
   <trkpt lat="47.525069" lon="12.426176">
    <ele>682.101</ele>
    <time>2026-06-26T06:37:08Z</time>
   </trkpt>
   <trkpt lat="47.525069" lon="12.426176">
    <ele>681.198</ele>
    <time>2026-06-26T06:37:09Z</time>
   </trkpt>
   <trkpt lat="47.525182" lon="12.426267">
    <ele>681.503</ele>
    <time>2026-06-26T06:37:12Z</time>
   </trkpt>
   <trkpt lat="47.525760" lon="12.426582">
    <ele>681.180</ele>
    <time>2026-06-26T06:37:24Z</time>
   </trkpt>
   <trkpt lat="47.526745" lon="12.427234">
    <ele>661.413</ele>
    <time>2026-06-26T06:37:41Z</time>
   </trkpt>
   <trkpt lat="47.527176" lon="12.427288">
    <ele>660.500</ele>
    <time>2026-06-26T06:37:49Z</time>
   </trkpt>
   <trkpt lat="47.527647" lon="12.427237">
    <ele>658.622</ele>
    <time>2026-06-26T06:38:00Z</time>
   </trkpt>
   <trkpt lat="47.527852" lon="12.427212">
    <ele>659.532</ele>
    <time>2026-06-26T06:38:12Z</time>
   </trkpt>
   <trkpt lat="47.528110" lon="12.427211">
    <ele>659.507</ele>
    <time>2026-06-26T06:38:18Z</time>
   </trkpt>
   <trkpt lat="47.528415" lon="12.427189">
    <ele>660.301</ele>
    <time>2026-06-26T06:38:25Z</time>
   </trkpt>
   <trkpt lat="47.528605" lon="12.427153">
    <ele>661.441</ele>
    <time>2026-06-26T06:38:30Z</time>
   </trkpt>
   <trkpt lat="47.528636" lon="12.427146">
    <ele>662.689</ele>
    <time>2026-06-26T06:38:33Z</time>
   </trkpt>
   <trkpt lat="47.528841" lon="12.426909">
    <ele>658.864</ele>
    <time>2026-06-26T06:38:37Z</time>
   </trkpt>
   <trkpt lat="47.528872" lon="12.426867">
    <ele>657.843</ele>
    <time>2026-06-26T06:38:41Z</time>
   </trkpt>
   <trkpt lat="47.529442" lon="12.426835">
    <ele>660.589</ele>
    <time>2026-06-26T06:38:54Z</time>
   </trkpt>
   <trkpt lat="47.529506" lon="12.426814">
    <ele>661.202</ele>
    <time>2026-06-26T06:38:56Z</time>
   </trkpt>
   <trkpt lat="47.529650" lon="12.426960">
    <ele>659.990</ele>
    <time>2026-06-26T06:39:02Z</time>
   </trkpt>
   <trkpt lat="47.530439" lon="12.427061">
    <ele>660.126</ele>
    <time>2026-06-26T06:39:21Z</time>
   </trkpt>
   <trkpt lat="47.530439" lon="12.427061">
    <ele>660.038</ele>
    <time>2026-06-26T06:39:25Z</time>
   </trkpt>
   <trkpt lat="47.531398" lon="12.428055">
    <ele>659.815</ele>
    <time>2026-06-26T06:39:43Z</time>
   </trkpt>
   <trkpt lat="47.531881" lon="12.429165">
    <ele>659.297</ele>
    <time>2026-06-26T06:39:59Z</time>
   </trkpt>
   <trkpt lat="47.531947" lon="12.429302">
    <ele>659.203</ele>
    <time>2026-06-26T06:40:01Z</time>
   </trkpt>
   <trkpt lat="47.532258" lon="12.429760">
    <ele>658.517</ele>
    <time>2026-06-26T06:40:09Z</time>
   </trkpt>
   <trkpt lat="47.533042" lon="12.430359">
    <ele>656.265</ele>
    <time>2026-06-26T06:40:25Z</time>
   </trkpt>
   <trkpt lat="47.533061" lon="12.430625">
    <ele>656.824</ele>
    <time>2026-06-26T06:40:29Z</time>
   </trkpt>
   <trkpt lat="47.532726" lon="12.431823">
    <ele>658.075</ele>
    <time>2026-06-26T06:40:47Z</time>
   </trkpt>
   <trkpt lat="47.532703" lon="12.431906">
    <ele>658.397</ele>
    <time>2026-06-26T06:41:07Z</time>
   </trkpt>
   <trkpt lat="47.532633" lon="12.432300">
    <ele>659.610</ele>
    <time>2026-06-26T06:41:15Z</time>
   </trkpt>
   <trkpt lat="47.533030" lon="12.432965">
    <ele>657.355</ele>
    <time>2026-06-26T06:41:28Z</time>
   </trkpt>
   <trkpt lat="47.534017" lon="12.434354">
    <ele>653.838</ele>
    <time>2026-06-26T06:41:51Z</time>
   </trkpt>
   <trkpt lat="47.534769" lon="12.435172">
    <ele>652.644</ele>
    <time>2026-06-26T06:42:06Z</time>
   </trkpt>
   <trkpt lat="47.535791" lon="12.436041">
    <ele>651.445</ele>
    <time>2026-06-26T06:42:25Z</time>
   </trkpt>
   <trkpt lat="47.537199" lon="12.436839">
    <ele>651.286</ele>
    <time>2026-06-26T06:42:50Z</time>
   </trkpt>
   <trkpt lat="47.538648" lon="12.437595">
    <ele>651.477</ele>
    <time>2026-06-26T06:43:15Z</time>
   </trkpt>
   <trkpt lat="47.540237" lon="12.438293">
    <ele>650.947</ele>
    <time>2026-06-26T06:43:42Z</time>
   </trkpt>
   <trkpt lat="47.542134" lon="12.438986">
    <ele>648.417</ele>
    <time>2026-06-26T06:44:13Z</time>
   </trkpt>
   <trkpt lat="47.543343" lon="12.439329">
    <ele>646.699</ele>
    <time>2026-06-26T06:44:33Z</time>
   </trkpt>
   <trkpt lat="47.544175" lon="12.439420">
    <ele>647.404</ele>
    <time>2026-06-26T06:44:47Z</time>
   </trkpt>
   <trkpt lat="47.544330" lon="12.439233">
    <ele>646.131</ele>
    <time>2026-06-26T06:44:51Z</time>
   </trkpt>
   <trkpt lat="47.544469" lon="12.437950">
    <ele>644.872</ele>
    <time>2026-06-26T06:45:03Z</time>
   </trkpt>
   <trkpt lat="47.544537" lon="12.436888">
    <ele>644.872</ele>
    <time>2026-06-26T06:45:14Z</time>
   </trkpt>
   <trkpt lat="47.544689" lon="12.436749">
    <ele>644.528</ele>
    <time>2026-06-26T06:45:18Z</time>
   </trkpt>
   <trkpt lat="47.544801" lon="12.436772">
    <ele>644.443</ele>
    <time>2026-06-26T06:45:20Z</time>
   </trkpt>
   <trkpt lat="47.546085" lon="12.436897">
    <ele>644.045</ele>
    <time>2026-06-26T06:45:39Z</time>
   </trkpt>
   <trkpt lat="47.547746" lon="12.437074">
    <ele>644.153</ele>
    <time>2026-06-26T06:46:04Z</time>
   </trkpt>
   <trkpt lat="47.549219" lon="12.437728">
    <ele>644.414</ele>
    <time>2026-06-26T06:46:27Z</time>
   </trkpt>
   <trkpt lat="47.550503" lon="12.438798">
    <ele>643.658</ele>
    <time>2026-06-26T06:46:50Z</time>
   </trkpt>
   <trkpt lat="47.551396" lon="12.439968">
    <ele>643.626</ele>
    <time>2026-06-26T06:47:11Z</time>
   </trkpt>
   <trkpt lat="47.551428" lon="12.440018">
    <ele>643.119</ele>
    <time>2026-06-26T06:47:25Z</time>
   </trkpt>
   <trkpt lat="47.551566" lon="12.439715">
    <ele>643.701</ele>
    <time>2026-06-26T06:47:34Z</time>
   </trkpt>
   <trkpt lat="47.552011" lon="12.439113">
    <ele>644.194</ele>
    <time>2026-06-26T06:47:47Z</time>
   </trkpt>
   <trkpt lat="47.552455" lon="12.438648">
    <ele>644.665</ele>
    <time>2026-06-26T06:47:58Z</time>
   </trkpt>
   <trkpt lat="47.552575" lon="12.438415">
    <ele>646.066</ele>
    <time>2026-06-26T06:48:06Z</time>
   </trkpt>
   <trkpt lat="47.552551" lon="12.438480">
    <ele>645.671</ele>
    <time>2026-06-26T06:48:08Z</time>
   </trkpt>
   <trkpt lat="47.552782" lon="12.438556">
    <ele>645.880</ele>
    <time>2026-06-26T06:48:15Z</time>
   </trkpt>
   <trkpt lat="47.552865" lon="12.438473">
    <ele>645.875</ele>
    <time>2026-06-26T06:48:17Z</time>
   </trkpt>
   <trkpt lat="47.553596" lon="12.437262">
    <ele>648.562</ele>
    <time>2026-06-26T06:48:40Z</time>
   </trkpt>
   <trkpt lat="47.554030" lon="12.436320">
    <ele>650.058</ele>
    <time>2026-06-26T06:48:57Z</time>
   </trkpt>
   <trkpt lat="47.554164" lon="12.435900">
    <ele>651.697</ele>
    <time>2026-06-26T06:49:04Z</time>
   </trkpt>
   <trkpt lat="47.554330" lon="12.435601">
    <ele>653.088</ele>
    <time>2026-06-26T06:49:10Z</time>
   </trkpt>
   <trkpt lat="47.554379" lon="12.435030">
    <ele>654.396</ele>
    <time>2026-06-26T06:49:20Z</time>
   </trkpt>
   <trkpt lat="47.554189" lon="12.434758">
    <ele>654.409</ele>
    <time>2026-06-26T06:49:28Z</time>
   </trkpt>
   <trkpt lat="47.554171" lon="12.434657">
    <ele>652.426</ele>
    <time>2026-06-26T06:49:34Z</time>
   </trkpt>
   <trkpt lat="47.554458" lon="12.434417">
    <ele>651.676</ele>
    <time>2026-06-26T06:49:38Z</time>
   </trkpt>
   <trkpt lat="47.554791" lon="12.434500">
    <ele>652.116</ele>
    <time>2026-06-26T06:49:49Z</time>
   </trkpt>
   <trkpt lat="47.554791" lon="12.434500">
    <ele>652.286</ele>
    <time>2026-06-26T06:49:58Z</time>
   </trkpt>
   <trkpt lat="47.554947" lon="12.434539">
    <ele>651.633</ele>
    <time>2026-06-26T06:50:03Z</time>
   </trkpt>
   <trkpt lat="47.555106" lon="12.434577">
    <ele>651.701</ele>
    <time>2026-06-26T06:50:06Z</time>
   </trkpt>
   <trkpt lat="47.555544" lon="12.434671">
    <ele>651.437</ele>
    <time>2026-06-26T06:50:14Z</time>
   </trkpt>
   <trkpt lat="47.555567" lon="12.434655">
    <ele>652.904</ele>
    <time>2026-06-26T06:50:23Z</time>
   </trkpt>
   <trkpt lat="47.555567" lon="12.434655">
    <ele>652.799</ele>
    <time>2026-06-26T06:50:26Z</time>
   </trkpt>
   <trkpt lat="47.555717" lon="12.435024">
    <ele>651.979</ele>
    <time>2026-06-26T06:50:35Z</time>
   </trkpt>
   <trkpt lat="47.555816" lon="12.434924">
    <ele>651.461</ele>
    <time>2026-06-26T06:50:39Z</time>
   </trkpt>
   <trkpt lat="47.555912" lon="12.434826">
    <ele>652.784</ele>
    <time>2026-06-26T06:50:50Z</time>
   </trkpt>
   <trkpt lat="47.556124" lon="12.434613">
    <ele>653.402</ele>
    <time>2026-06-26T06:51:12Z</time>
   </trkpt>
   <trkpt lat="47.556686" lon="12.434144">
    <ele>659.438</ele>
    <time>2026-06-26T06:51:32Z</time>
   </trkpt>
   <trkpt lat="47.557049" lon="12.433894">
    <ele>661.330</ele>
    <time>2026-06-26T06:51:53Z</time>
   </trkpt>
   <trkpt lat="47.557137" lon="12.433795">
    <ele>663.253</ele>
    <time>2026-06-26T06:51:59Z</time>
   </trkpt>
   <trkpt lat="47.557284" lon="12.433509">
    <ele>668.174</ele>
    <time>2026-06-26T06:52:14Z</time>
   </trkpt>
   <trkpt lat="47.557402" lon="12.433201">
    <ele>672.528</ele>
    <time>2026-06-26T06:52:26Z</time>
   </trkpt>
   <trkpt lat="47.557558" lon="12.432817">
    <ele>679.814</ele>
    <time>2026-06-26T06:52:43Z</time>
   </trkpt>
   <trkpt lat="47.557577" lon="12.432779">
    <ele>680.814</ele>
    <time>2026-06-26T06:52:45Z</time>
   </trkpt>
   <trkpt lat="47.557651" lon="12.432632">
    <ele>685.889</ele>
    <time>2026-06-26T06:52:52Z</time>
   </trkpt>
   <trkpt lat="47.557850" lon="12.432357">
    <ele>689.258</ele>
    <time>2026-06-26T06:53:07Z</time>
   </trkpt>
   <trkpt lat="47.557939" lon="12.432228">
    <ele>691.271</ele>
    <time>2026-06-26T06:53:14Z</time>
   </trkpt>
   <trkpt lat="47.557889" lon="12.431809">
    <ele>692.866</ele>
    <time>2026-06-26T06:53:30Z</time>
   </trkpt>
   <trkpt lat="47.557604" lon="12.431805">
    <ele>694.836</ele>
    <time>2026-06-26T06:53:46Z</time>
   </trkpt>
   <trkpt lat="47.557148" lon="12.432017">
    <ele>697.563</ele>
    <time>2026-06-26T06:54:12Z</time>
   </trkpt>
   <trkpt lat="47.556702" lon="12.432008">
    <ele>704.054</ele>
    <time>2026-06-26T06:54:38Z</time>
   </trkpt>
   <trkpt lat="47.556413" lon="12.432039">
    <ele>705.096</ele>
    <time>2026-06-26T06:54:56Z</time>
   </trkpt>
   <trkpt lat="47.555976" lon="12.432008">
    <ele>710.635</ele>
    <time>2026-06-26T06:55:24Z</time>
   </trkpt>
   <trkpt lat="47.555683" lon="12.432055">
    <ele>709.052</ele>
    <time>2026-06-26T06:55:42Z</time>
   </trkpt>
   <trkpt lat="47.555330" lon="12.432178">
    <ele>713.721</ele>
    <time>2026-06-26T06:56:06Z</time>
   </trkpt>
   <trkpt lat="47.555282" lon="12.432186">
    <ele>714.084</ele>
    <time>2026-06-26T06:56:09Z</time>
   </trkpt>
   <trkpt lat="47.555177" lon="12.432189">
    <ele>713.875</ele>
    <time>2026-06-26T06:56:19Z</time>
   </trkpt>
   <trkpt lat="47.554929" lon="12.432046">
    <ele>711.562</ele>
    <time>2026-06-26T06:56:32Z</time>
   </trkpt>
   <trkpt lat="47.554750" lon="12.431640">
    <ele>709.934</ele>
    <time>2026-06-26T06:56:48Z</time>
   </trkpt>
   <trkpt lat="47.554866" lon="12.431254">
    <ele>719.970</ele>
    <time>2026-06-26T06:57:06Z</time>
   </trkpt>
   <trkpt lat="47.554959" lon="12.431146">
    <ele>722.040</ele>
    <time>2026-06-26T06:57:14Z</time>
   </trkpt>
   <trkpt lat="47.555310" lon="12.430716">
    <ele>731.506</ele>
    <time>2026-06-26T06:57:40Z</time>
   </trkpt>
   <trkpt lat="47.555481" lon="12.430295">
    <ele>738.406</ele>
    <time>2026-06-26T06:58:03Z</time>
   </trkpt>
   <trkpt lat="47.555501" lon="12.429798">
    <ele>741.890</ele>
    <time>2026-06-26T06:58:24Z</time>
   </trkpt>
   <trkpt lat="47.555480" lon="12.429164">
    <ele>747.152</ele>
    <time>2026-06-26T06:58:46Z</time>
   </trkpt>
   <trkpt lat="47.555491" lon="12.428686">
    <ele>749.367</ele>
    <time>2026-06-26T06:59:01Z</time>
   </trkpt>
   <trkpt lat="47.555703" lon="12.427987">
    <ele>749.882</ele>
    <time>2026-06-26T06:59:21Z</time>
   </trkpt>
   <trkpt lat="47.556186" lon="12.427174">
    <ele>753.090</ele>
    <time>2026-06-26T06:59:46Z</time>
   </trkpt>
  </trkseg>
 </trk>
 <trk>
  <name>ACTIVE LOG000001</name>
  <trkseg>
   <trkpt lat="47.556342" lon="12.426893">
    <ele>753.040</ele>
    <time>2026-06-26T07:00:01Z</time>
   </trkpt>
   <trkpt lat="47.556342" lon="12.426893">
    <ele>753.566</ele>
    <time>2026-06-26T07:00:25Z</time>
   </trkpt>
   <trkpt lat="47.556502" lon="12.426610">
    <ele>752.851</ele>
    <time>2026-06-26T07:01:31Z</time>
   </trkpt>
   <trkpt lat="47.556951" lon="12.425645">
    <ele>750.335</ele>
    <time>2026-06-26T07:01:48Z</time>
   </trkpt>
   <trkpt lat="47.557442" lon="12.424641">
    <ele>748.359</ele>
    <time>2026-06-26T07:02:02Z</time>
   </trkpt>
   <trkpt lat="47.558105" lon="12.423680">
    <ele>747.998</ele>
    <time>2026-06-26T07:02:16Z</time>
   </trkpt>
   <trkpt lat="47.558660" lon="12.422417">
    <ele>744.611</ele>
    <time>2026-06-26T07:02:33Z</time>
   </trkpt>
   <trkpt lat="47.558728" lon="12.422116">
    <ele>744.382</ele>
    <time>2026-06-26T07:02:36Z</time>
   </trkpt>
   <trkpt lat="47.559238" lon="12.420839">
    <ele>744.718</ele>
    <time>2026-06-26T07:02:51Z</time>
   </trkpt>
   <trkpt lat="47.559450" lon="12.419575">
    <ele>745.581</ele>
    <time>2026-06-26T07:03:05Z</time>
   </trkpt>
   <trkpt lat="47.559381" lon="12.419002">
    <ele>746.350</ele>
    <time>2026-06-26T07:03:13Z</time>
   </trkpt>
   <trkpt lat="47.559352" lon="12.418799">
    <ele>746.813</ele>
    <time>2026-06-26T07:03:17Z</time>
   </trkpt>
   <trkpt lat="47.559510" lon="12.418561">
    <ele>746.762</ele>
    <time>2026-06-26T07:03:21Z</time>
   </trkpt>
   <trkpt lat="47.559989" lon="12.417203">
    <ele>747.546</ele>
    <time>2026-06-26T07:03:44Z</time>
   </trkpt>
   <trkpt lat="47.560391" lon="12.416239">
    <ele>749.305</ele>
    <time>2026-06-26T07:04:01Z</time>
   </trkpt>
   <trkpt lat="47.560675" lon="12.415804">
    <ele>750.212</ele>
    <time>2026-06-26T07:04:10Z</time>
   </trkpt>
   <trkpt lat="47.560870" lon="12.415053">
    <ele>751.215</ele>
    <time>2026-06-26T07:04:22Z</time>
   </trkpt>
   <trkpt lat="47.561306" lon="12.414356">
    <ele>755.664</ele>
    <time>2026-06-26T07:04:38Z</time>
   </trkpt>
   <trkpt lat="47.561757" lon="12.413318">
    <ele>758.042</ele>
    <time>2026-06-26T07:05:00Z</time>
   </trkpt>
   <trkpt lat="47.562431" lon="12.412824">
    <ele>756.556</ele>
    <time>2026-06-26T07:05:18Z</time>
   </trkpt>
   <trkpt lat="47.563243" lon="12.412080">
    <ele>755.329</ele>
    <time>2026-06-26T07:05:38Z</time>
   </trkpt>
   <trkpt lat="47.564492" lon="12.410772">
    <ele>754.980</ele>
    <time>2026-06-26T07:06:05Z</time>
   </trkpt>
   <trkpt lat="47.565296" lon="12.410447">
    <ele>754.936</ele>
    <time>2026-06-26T07:06:18Z</time>
   </trkpt>
   <trkpt lat="47.565816" lon="12.410413">
    <ele>754.893</ele>
    <time>2026-06-26T07:06:26Z</time>
   </trkpt>
   <trkpt lat="47.566285" lon="12.410189">
    <ele>753.132</ele>
    <time>2026-06-26T07:06:34Z</time>
   </trkpt>
   <trkpt lat="47.566622" lon="12.409777">
    <ele>750.545</ele>
    <time>2026-06-26T07:06:41Z</time>
   </trkpt>
   <trkpt lat="47.566904" lon="12.409494">
    <ele>749.463</ele>
    <time>2026-06-26T07:06:45Z</time>
   </trkpt>
   <trkpt lat="47.567236" lon="12.409337">
    <ele>749.088</ele>
    <time>2026-06-26T07:06:49Z</time>
   </trkpt>
   <trkpt lat="47.567468" lon="12.409319">
    <ele>748.921</ele>
    <time>2026-06-26T07:06:52Z</time>
   </trkpt>
   <trkpt lat="47.568266" lon="12.409621">
    <ele>747.204</ele>
    <time>2026-06-26T07:07:03Z</time>
   </trkpt>
   <trkpt lat="47.569407" lon="12.409723">
    <ele>747.421</ele>
    <time>2026-06-26T07:07:18Z</time>
   </trkpt>
   <trkpt lat="47.569967" lon="12.409506">
    <ele>748.420</ele>
    <time>2026-06-26T07:07:26Z</time>
   </trkpt>
   <trkpt lat="47.570809" lon="12.408489">
    <ele>745.911</ele>
    <time>2026-06-26T07:07:39Z</time>
   </trkpt>
   <trkpt lat="47.571759" lon="12.407537">
    <ele>744.340</ele>
    <time>2026-06-26T07:07:53Z</time>
   </trkpt>
   <trkpt lat="47.572299" lon="12.407509">
    <ele>744.519</ele>
    <time>2026-06-26T07:08:00Z</time>
   </trkpt>
   <trkpt lat="47.573171" lon="12.407060">
    <ele>743.835</ele>
    <time>2026-06-26T07:08:13Z</time>
   </trkpt>
   <trkpt lat="47.574118" lon="12.405957">
    <ele>743.059</ele>
    <time>2026-06-26T07:08:30Z</time>
   </trkpt>
   <trkpt lat="47.575686" lon="12.404085">
    <ele>739.828</ele>
    <time>2026-06-26T07:08:58Z</time>
   </trkpt>
   <trkpt lat="47.576258" lon="12.403489">
    <ele>739.836</ele>
    <time>2026-06-26T07:09:08Z</time>
   </trkpt>
   <trkpt lat="47.576840" lon="12.403369">
    <ele>742.430</ele>
    <time>2026-06-26T07:09:17Z</time>
   </trkpt>
   <trkpt lat="47.577041" lon="12.403259">
    <ele>742.372</ele>
    <time>2026-06-26T07:09:22Z</time>
   </trkpt>
   <trkpt lat="47.577789" lon="12.402006">
    <ele>742.314</ele>
    <time>2026-06-26T07:09:42Z</time>
   </trkpt>
   <trkpt lat="47.577983" lon="12.401818">
    <ele>742.768</ele>
    <time>2026-06-26T07:09:47Z</time>
   </trkpt>
   <trkpt lat="47.578075" lon="12.401633">
    <ele>742.590</ele>
    <time>2026-06-26T07:09:50Z</time>
   </trkpt>
   <trkpt lat="47.578118" lon="12.400969">
    <ele>740.391</ele>
    <time>2026-06-26T07:09:58Z</time>
   </trkpt>
   <trkpt lat="47.578194" lon="12.400439">
    <ele>738.306</ele>
    <time>2026-06-26T07:10:02Z</time>
   </trkpt>
   <trkpt lat="47.578443" lon="12.399757">
    <ele>734.578</ele>
    <time>2026-06-26T07:10:08Z</time>
   </trkpt>
   <trkpt lat="47.578646" lon="12.399227">
    <ele>731.708</ele>
    <time>2026-06-26T07:10:13Z</time>
   </trkpt>
   <trkpt lat="47.579105" lon="12.397964">
    <ele>730.072</ele>
    <time>2026-06-26T07:10:24Z</time>
   </trkpt>
   <trkpt lat="47.579231" lon="12.397385">
    <ele>730.119</ele>
    <time>2026-06-26T07:10:28Z</time>
   </trkpt>
   <trkpt lat="47.579622" lon="12.395488">
    <ele>723.518</ele>
    <time>2026-06-26T07:10:42Z</time>
   </trkpt>
   <trkpt lat="47.580154" lon="12.393098">
    <ele>721.019</ele>
    <time>2026-06-26T07:11:03Z</time>
   </trkpt>
   <trkpt lat="47.580543" lon="12.391703">
    <ele>716.563</ele>
    <time>2026-06-26T07:11:17Z</time>
   </trkpt>
   <trkpt lat="47.581065" lon="12.390424">
    <ele>714.891</ele>
    <time>2026-06-26T07:11:31Z</time>
   </trkpt>
   <trkpt lat="47.581288" lon="12.389032">
    <ele>716.645</ele>
    <time>2026-06-26T07:11:45Z</time>
   </trkpt>
   <trkpt lat="47.581956" lon="12.387711">
    <ele>716.837</ele>
    <time>2026-06-26T07:12:02Z</time>
   </trkpt>
   <trkpt lat="47.583050" lon="12.386064">
    <ele>715.696</ele>
    <time>2026-06-26T07:12:24Z</time>
   </trkpt>
   <trkpt lat="47.583611" lon="12.385540">
    <ele>714.220</ele>
    <time>2026-06-26T07:12:36Z</time>
   </trkpt>
   <trkpt lat="47.583611" lon="12.385540">
    <ele>714.777</ele>
    <time>2026-06-26T07:12:44Z</time>
   </trkpt>
   <trkpt lat="47.583611" lon="12.385540">
    <ele>714.588</ele>
    <time>2026-06-26T07:13:06Z</time>
   </trkpt>
   <trkpt lat="47.583659" lon="12.385506">
    <ele>716.060</ele>
    <time>2026-06-26T07:13:14Z</time>
   </trkpt>
   <trkpt lat="47.582787" lon="12.386385">
    <ele>717.400</ele>
    <time>2026-06-26T07:13:35Z</time>
   </trkpt>
   <trkpt lat="47.582818" lon="12.386548">
    <ele>716.036</ele>
    <time>2026-06-26T07:13:41Z</time>
   </trkpt>
   <trkpt lat="47.583068" lon="12.386507">
    <ele>716.939</ele>
    <time>2026-06-26T07:13:52Z</time>
   </trkpt>
   <trkpt lat="47.583470" lon="12.386472">
    <ele>714.860</ele>
    <time>2026-06-26T07:14:04Z</time>
   </trkpt>
   <trkpt lat="47.583765" lon="12.386476">
    <ele>712.205</ele>
    <time>2026-06-26T07:14:11Z</time>
   </trkpt>
   <trkpt lat="47.583994" lon="12.386480">
    <ele>709.873</ele>
    <time>2026-06-26T07:14:16Z</time>
   </trkpt>
   <trkpt lat="47.584809" lon="12.385975">
    <ele>709.811</ele>
    <time>2026-06-26T07:14:30Z</time>
   </trkpt>
   <trkpt lat="47.585049" lon="12.385848">
    <ele>709.899</ele>
    <time>2026-06-26T07:14:34Z</time>
   </trkpt>
   <trkpt lat="47.585676" lon="12.385609">
    <ele>710.345</ele>
    <time>2026-06-26T07:14:43Z</time>
   </trkpt>
   <trkpt lat="47.585895" lon="12.385437">
    <ele>709.638</ele>
    <time>2026-06-26T07:14:46Z</time>
   </trkpt>
   <trkpt lat="47.586343" lon="12.385378">
    <ele>708.585</ele>
    <time>2026-06-26T07:14:52Z</time>
   </trkpt>
   <trkpt lat="47.586688" lon="12.385274">
    <ele>707.642</ele>
    <time>2026-06-26T07:14:57Z</time>
   </trkpt>
   <trkpt lat="47.586886" lon="12.385123">
    <ele>707.395</ele>
    <time>2026-06-26T07:15:00Z</time>
   </trkpt>
   <trkpt lat="47.587193" lon="12.385146">
    <ele>705.848</ele>
    <time>2026-06-26T07:15:04Z</time>
   </trkpt>
   <trkpt lat="47.587326" lon="12.385175">
    <ele>705.333</ele>
    <time>2026-06-26T07:15:06Z</time>
   </trkpt>
   <trkpt lat="47.587692" lon="12.385059">
    <ele>703.810</ele>
    <time>2026-06-26T07:15:12Z</time>
   </trkpt>
   <trkpt lat="47.587946" lon="12.384792">
    <ele>702.039</ele>
    <time>2026-06-26T07:15:16Z</time>
   </trkpt>
   <trkpt lat="47.588075" lon="12.384645">
    <ele>701.406</ele>
    <time>2026-06-26T07:15:18Z</time>
   </trkpt>
   <trkpt lat="47.588275" lon="12.384491">
    <ele>700.497</ele>
    <time>2026-06-26T07:15:21Z</time>
   </trkpt>
   <trkpt lat="47.588467" lon="12.384353">
    <ele>700.396</ele>
    <time>2026-06-26T07:15:24Z</time>
   </trkpt>
   <trkpt lat="47.588888" lon="12.383732">
    <ele>697.907</ele>
    <time>2026-06-26T07:15:32Z</time>
   </trkpt>
   <trkpt lat="47.589155" lon="12.383343">
    <ele>696.136</ele>
    <time>2026-06-26T07:15:36Z</time>
   </trkpt>
   <trkpt lat="47.589637" lon="12.382975">
    <ele>694.842</ele>
    <time>2026-06-26T07:15:43Z</time>
   </trkpt>
   <trkpt lat="47.589878" lon="12.382677">
    <ele>694.170</ele>
    <time>2026-06-26T07:15:47Z</time>
   </trkpt>
   <trkpt lat="47.590064" lon="12.382446">
    <ele>693.906</ele>
    <time>2026-06-26T07:15:50Z</time>
   </trkpt>
   <trkpt lat="47.590265" lon="12.382220">
    <ele>693.462</ele>
    <time>2026-06-26T07:15:53Z</time>
   </trkpt>
   <trkpt lat="47.590598" lon="12.382136">
    <ele>693.455</ele>
    <time>2026-06-26T07:15:58Z</time>
   </trkpt>
   <trkpt lat="47.590769" lon="12.382239">
    <ele>693.926</ele>
    <time>2026-06-26T07:16:02Z</time>
   </trkpt>
   <trkpt lat="47.591004" lon="12.382294">
    <ele>693.211</ele>
    <time>2026-06-26T07:16:06Z</time>
   </trkpt>
   <trkpt lat="47.591083" lon="12.382255">
    <ele>693.194</ele>
    <time>2026-06-26T07:16:08Z</time>
   </trkpt>
   <trkpt lat="47.591314" lon="12.382751">
    <ele>693.386</ele>
    <time>2026-06-26T07:16:18Z</time>
   </trkpt>
   <trkpt lat="47.591594" lon="12.382851">
    <ele>692.632</ele>
    <time>2026-06-26T07:16:23Z</time>
   </trkpt>
   <trkpt lat="47.591743" lon="12.382808">
    <ele>692.340</ele>
    <time>2026-06-26T07:16:25Z</time>
   </trkpt>
   <trkpt lat="47.592126" lon="12.382936">
    <ele>692.734</ele>
    <time>2026-06-26T07:16:30Z</time>
   </trkpt>
   <trkpt lat="47.592273" lon="12.383018">
    <ele>692.338</ele>
    <time>2026-06-26T07:16:32Z</time>
   </trkpt>
   <trkpt lat="47.593391" lon="12.383173">
    <ele>690.274</ele>
    <time>2026-06-26T07:16:47Z</time>
   </trkpt>
   <trkpt lat="47.593690" lon="12.383217">
    <ele>691.908</ele>
    <time>2026-06-26T07:16:51Z</time>
   </trkpt>
   <trkpt lat="47.594013" lon="12.383509">
    <ele>695.365</ele>
    <time>2026-06-26T07:17:00Z</time>
   </trkpt>
   <trkpt lat="47.594243" lon="12.383921">
    <ele>695.946</ele>
    <time>2026-06-26T07:17:07Z</time>
   </trkpt>
   <trkpt lat="47.594383" lon="12.384260">
    <ele>695.921</ele>
    <time>2026-06-26T07:17:10Z</time>
   </trkpt>
   <trkpt lat="47.594478" lon="12.384567">
    <ele>695.856</ele>
    <time>2026-06-26T07:17:13Z</time>
   </trkpt>
   <trkpt lat="47.594771" lon="12.385438">
    <ele>695.238</ele>
    <time>2026-06-26T07:17:22Z</time>
   </trkpt>
   <trkpt lat="47.594837" lon="12.385731">
    <ele>695.019</ele>
    <time>2026-06-26T07:17:25Z</time>
   </trkpt>
   <trkpt lat="47.594986" lon="12.385954">
    <ele>694.532</ele>
    <time>2026-06-26T07:17:29Z</time>
   </trkpt>
   <trkpt lat="47.595250" lon="12.386080">
    <ele>693.587</ele>
    <time>2026-06-26T07:17:33Z</time>
   </trkpt>
   <trkpt lat="47.595452" lon="12.386126">
    <ele>693.617</ele>
    <time>2026-06-26T07:17:36Z</time>
   </trkpt>
   <trkpt lat="47.595556" lon="12.386145">
    <ele>693.614</ele>
    <time>2026-06-26T07:17:38Z</time>
   </trkpt>
   <trkpt lat="47.595923" lon="12.386314">
    <ele>693.023</ele>
    <time>2026-06-26T07:17:43Z</time>
   </trkpt>
   <trkpt lat="47.596361" lon="12.386402">
    <ele>692.786</ele>
    <time>2026-06-26T07:17:50Z</time>
   </trkpt>
   <trkpt lat="47.596806" lon="12.386220">
    <ele>689.670</ele>
    <time>2026-06-26T07:17:54Z</time>
   </trkpt>
   <trkpt lat="47.597019" lon="12.385966">
    <ele>687.914</ele>
    <time>2026-06-26T07:17:57Z</time>
   </trkpt>
   <trkpt lat="47.597932" lon="12.386145">
    <ele>683.617</ele>
    <time>2026-06-26T07:18:08Z</time>
   </trkpt>
   <trkpt lat="47.598382" lon="12.386560">
    <ele>684.723</ele>
    <time>2026-06-26T07:18:16Z</time>
   </trkpt>
   <trkpt lat="47.598632" lon="12.386656">
    <ele>682.863</ele>
    <time>2026-06-26T07:18:20Z</time>
   </trkpt>
   <trkpt lat="47.599021" lon="12.386667">
    <ele>682.766</ele>
    <time>2026-06-26T07:18:26Z</time>
   </trkpt>
   <trkpt lat="47.599254" lon="12.386831">
    <ele>683.073</ele>
    <time>2026-06-26T07:18:30Z</time>
   </trkpt>
   <trkpt lat="47.599615" lon="12.387331">
    <ele>682.109</ele>
    <time>2026-06-26T07:18:37Z</time>
   </trkpt>
   <trkpt lat="47.599761" lon="12.387534">
    <ele>681.343</ele>
    <time>2026-06-26T07:18:40Z</time>
   </trkpt>
   <trkpt lat="47.600112" lon="12.387965">
    <ele>679.302</ele>
    <time>2026-06-26T07:18:47Z</time>
   </trkpt>
   <trkpt lat="47.600520" lon="12.388051">
    <ele>677.568</ele>
    <time>2026-06-26T07:18:54Z</time>
   </trkpt>
   <trkpt lat="47.600818" lon="12.387965">
    <ele>676.362</ele>
    <time>2026-06-26T07:18:58Z</time>
   </trkpt>
   <trkpt lat="47.601256" lon="12.388019">
    <ele>673.703</ele>
    <time>2026-06-26T07:19:04Z</time>
   </trkpt>
   <trkpt lat="47.601604" lon="12.387849">
    <ele>671.694</ele>
    <time>2026-06-26T07:19:09Z</time>
   </trkpt>
   <trkpt lat="47.603013" lon="12.386688">
    <ele>666.820</ele>
    <time>2026-06-26T07:19:31Z</time>
   </trkpt>
   <trkpt lat="47.603741" lon="12.386465">
    <ele>664.370</ele>
    <time>2026-06-26T07:19:41Z</time>
   </trkpt>
   <trkpt lat="47.603866" lon="12.386357">
    <ele>663.833</ele>
    <time>2026-06-26T07:19:43Z</time>
   </trkpt>
   <trkpt lat="47.604070" lon="12.386142">
    <ele>663.798</ele>
    <time>2026-06-26T07:19:47Z</time>
   </trkpt>
   <trkpt lat="47.604256" lon="12.385925">
    <ele>661.930</ele>
    <time>2026-06-26T07:19:59Z</time>
   </trkpt>
   <trkpt lat="47.604543" lon="12.385536">
    <ele>662.396</ele>
    <time>2026-06-26T07:20:08Z</time>
   </trkpt>
   <trkpt lat="47.605125" lon="12.385052">
    <ele>662.669</ele>
    <time>2026-06-26T07:20:18Z</time>
   </trkpt>
   <trkpt lat="47.605370" lon="12.384914">
    <ele>662.693</ele>
    <time>2026-06-26T07:20:22Z</time>
   </trkpt>
   <trkpt lat="47.605688" lon="12.384863">
    <ele>662.111</ele>
    <time>2026-06-26T07:20:27Z</time>
   </trkpt>
   <trkpt lat="47.605963" lon="12.384819">
    <ele>661.309</ele>
    <time>2026-06-26T07:20:32Z</time>
   </trkpt>
   <trkpt lat="47.606299" lon="12.384765">
    <ele>659.704</ele>
    <time>2026-06-26T07:20:37Z</time>
   </trkpt>
   <trkpt lat="47.606456" lon="12.384696">
    <ele>660.754</ele>
    <time>2026-06-26T07:20:42Z</time>
   </trkpt>
   <trkpt lat="47.607128" lon="12.384896">
    <ele>657.061</ele>
    <time>2026-06-26T07:20:54Z</time>
   </trkpt>
   <trkpt lat="47.607322" lon="12.384896">
    <ele>656.757</ele>
    <time>2026-06-26T07:20:57Z</time>
   </trkpt>
   <trkpt lat="47.608008" lon="12.384458">
    <ele>657.268</ele>
    <time>2026-06-26T07:21:08Z</time>
   </trkpt>
   <trkpt lat="47.608210" lon="12.384391">
    <ele>657.492</ele>
    <time>2026-06-26T07:21:11Z</time>
   </trkpt>
   <trkpt lat="47.608330" lon="12.384017">
    <ele>658.564</ele>
    <time>2026-06-26T07:21:16Z</time>
   </trkpt>
   <trkpt lat="47.608330" lon="12.384017">
    <ele>658.382</ele>
    <time>2026-06-26T07:21:18Z</time>
   </trkpt>
   <trkpt lat="47.608566" lon="12.383752">
    <ele>656.868</ele>
    <time>2026-06-26T07:21:23Z</time>
   </trkpt>
   <trkpt lat="47.609034" lon="12.383795">
    <ele>656.415</ele>
    <time>2026-06-26T07:21:30Z</time>
   </trkpt>
   <trkpt lat="47.609266" lon="12.383639">
    <ele>654.881</ele>
    <time>2026-06-26T07:21:34Z</time>
   </trkpt>
   <trkpt lat="47.609445" lon="12.383502">
    <ele>654.384</ele>
    <time>2026-06-26T07:21:37Z</time>
   </trkpt>
   <trkpt lat="47.609700" lon="12.383410">
    <ele>653.705</ele>
    <time>2026-06-26T07:21:41Z</time>
   </trkpt>
   <trkpt lat="47.609941" lon="12.383393">
    <ele>654.279</ele>
    <time>2026-06-26T07:21:45Z</time>
   </trkpt>
   <trkpt lat="47.610293" lon="12.383072">
    <ele>654.162</ele>
    <time>2026-06-26T07:21:52Z</time>
   </trkpt>
   <trkpt lat="47.610643" lon="12.382500">
    <ele>653.442</ele>
    <time>2026-06-26T07:22:01Z</time>
   </trkpt>
   <trkpt lat="47.610798" lon="12.382429">
    <ele>653.412</ele>
    <time>2026-06-26T07:22:06Z</time>
   </trkpt>
   <trkpt lat="47.611180" lon="12.382423">
    <ele>651.844</ele>
    <time>2026-06-26T07:22:12Z</time>
   </trkpt>
   <trkpt lat="47.611679" lon="12.382386">
    <ele>650.470</ele>
    <time>2026-06-26T07:22:20Z</time>
   </trkpt>
   <trkpt lat="47.612181" lon="12.382078">
    <ele>649.794</ele>
    <time>2026-06-26T07:22:29Z</time>
   </trkpt>
   <trkpt lat="47.612417" lon="12.381616">
    <ele>649.792</ele>
    <time>2026-06-26T07:22:35Z</time>
   </trkpt>
   <trkpt lat="47.612750" lon="12.381319">
    <ele>649.331</ele>
    <time>2026-06-26T07:22:41Z</time>
   </trkpt>
   <trkpt lat="47.613371" lon="12.381328">
    <ele>648.736</ele>
    <time>2026-06-26T07:22:50Z</time>
   </trkpt>
   <trkpt lat="47.613867" lon="12.381832">
    <ele>649.118</ele>
    <time>2026-06-26T07:23:00Z</time>
   </trkpt>
   <trkpt lat="47.613941" lon="12.382089">
    <ele>649.059</ele>
    <time>2026-06-26T07:23:03Z</time>
   </trkpt>
   <trkpt lat="47.614031" lon="12.382240">
    <ele>648.992</ele>
    <time>2026-06-26T07:23:05Z</time>
   </trkpt>
   <trkpt lat="47.614229" lon="12.382469">
    <ele>648.514</ele>
    <time>2026-06-26T07:23:09Z</time>
   </trkpt>
   <trkpt lat="47.614408" lon="12.382559">
    <ele>648.323</ele>
    <time>2026-06-26T07:23:12Z</time>
   </trkpt>
   <trkpt lat="47.614650" lon="12.382587">
    <ele>647.637</ele>
    <time>2026-06-26T07:23:16Z</time>
   </trkpt>
   <trkpt lat="47.614932" lon="12.382603">
    <ele>647.404</ele>
    <time>2026-06-26T07:23:21Z</time>
   </trkpt>
   <trkpt lat="47.615306" lon="12.382756">
    <ele>647.068</ele>
    <time>2026-06-26T07:23:28Z</time>
   </trkpt>
   <trkpt lat="47.615519" lon="12.382622">
    <ele>647.465</ele>
    <time>2026-06-26T07:23:34Z</time>
   </trkpt>
   <trkpt lat="47.615814" lon="12.382441">
    <ele>647.761</ele>
    <time>2026-06-26T07:23:40Z</time>
   </trkpt>
   <trkpt lat="47.616008" lon="12.382420">
    <ele>647.734</ele>
    <time>2026-06-26T07:23:44Z</time>
   </trkpt>
   <trkpt lat="47.616284" lon="12.382057">
    <ele>651.009</ele>
    <time>2026-06-26T07:23:56Z</time>
   </trkpt>
   <trkpt lat="47.616554" lon="12.381637">
    <ele>651.632</ele>
    <time>2026-06-26T07:24:07Z</time>
   </trkpt>
   <trkpt lat="47.617203" lon="12.381381">
    <ele>652.575</ele>
    <time>2026-06-26T07:24:23Z</time>
   </trkpt>
   <trkpt lat="47.617937" lon="12.381541">
    <ele>655.106</ele>
    <time>2026-06-26T07:24:42Z</time>
   </trkpt>
   <trkpt lat="47.618420" lon="12.381692">
    <ele>657.070</ele>
    <time>2026-06-26T07:24:57Z</time>
   </trkpt>
   <trkpt lat="47.619061" lon="12.382036">
    <ele>657.480</ele>
    <time>2026-06-26T07:25:13Z</time>
   </trkpt>
   <trkpt lat="47.619188" lon="12.382128">
    <ele>657.818</ele>
    <time>2026-06-26T07:25:16Z</time>
   </trkpt>
   <trkpt lat="47.619983" lon="12.382103">
    <ele>658.040</ele>
    <time>2026-06-26T07:25:30Z</time>
   </trkpt>
   <trkpt lat="47.620864" lon="12.381963">
    <ele>657.427</ele>
    <time>2026-06-26T07:25:44Z</time>
   </trkpt>
   <trkpt lat="47.621606" lon="12.381820">
    <ele>658.478</ele>
    <time>2026-06-26T07:26:01Z</time>
   </trkpt>
   <trkpt lat="47.622340" lon="12.381883">
    <ele>657.958</ele>
    <time>2026-06-26T07:26:17Z</time>
   </trkpt>
   <trkpt lat="47.623479" lon="12.382321">
    <ele>656.678</ele>
    <time>2026-06-26T07:26:36Z</time>
   </trkpt>
   <trkpt lat="47.623886" lon="12.382331">
    <ele>657.737</ele>
    <time>2026-06-26T07:26:43Z</time>
   </trkpt>
   <trkpt lat="47.624178" lon="12.382552">
    <ele>658.023</ele>
    <time>2026-06-26T07:26:49Z</time>
   </trkpt>
   <trkpt lat="47.624362" lon="12.382566">
    <ele>658.031</ele>
    <time>2026-06-26T07:26:53Z</time>
   </trkpt>
   <trkpt lat="47.624389" lon="12.382559">
    <ele>656.710</ele>
    <time>2026-06-26T07:27:05Z</time>
   </trkpt>
   <trkpt lat="47.624700" lon="12.382472">
    <ele>656.017</ele>
    <time>2026-06-26T07:27:14Z</time>
   </trkpt>
   <trkpt lat="47.625460" lon="12.382300">
    <ele>658.960</ele>
    <time>2026-06-26T07:27:30Z</time>
   </trkpt>
   <trkpt lat="47.626190" lon="12.382271">
    <ele>659.423</ele>
    <time>2026-06-26T07:27:49Z</time>
   </trkpt>
   <trkpt lat="47.626568" lon="12.382378">
    <ele>659.523</ele>
    <time>2026-06-26T07:27:56Z</time>
   </trkpt>
   <trkpt lat="47.626765" lon="12.382467">
    <ele>660.315</ele>
    <time>2026-06-26T07:28:00Z</time>
   </trkpt>
   <trkpt lat="47.626968" lon="12.382472">
    <ele>660.785</ele>
    <time>2026-06-26T07:28:04Z</time>
   </trkpt>
   <trkpt lat="47.627277" lon="12.382622">
    <ele>663.581</ele>
    <time>2026-06-26T07:28:10Z</time>
   </trkpt>
   <trkpt lat="47.627420" lon="12.382672">
    <ele>665.865</ele>
    <time>2026-06-26T07:28:13Z</time>
   </trkpt>
   <trkpt lat="47.628452" lon="12.383035">
    <ele>663.031</ele>
    <time>2026-06-26T07:28:36Z</time>
   </trkpt>
   <trkpt lat="47.628835" lon="12.383201">
    <ele>662.631</ele>
    <time>2026-06-26T07:28:51Z</time>
   </trkpt>
   <trkpt lat="47.629161" lon="12.383343">
    <ele>664.841</ele>
    <time>2026-06-26T07:29:09Z</time>
   </trkpt>
   <trkpt lat="47.629587" lon="12.383430">
    <ele>667.595</ele>
    <time>2026-06-26T07:29:30Z</time>
   </trkpt>
   <trkpt lat="47.629937" lon="12.383169">
    <ele>670.375</ele>
    <time>2026-06-26T07:29:49Z</time>
   </trkpt>
   <trkpt lat="47.630189" lon="12.382862">
    <ele>673.411</ele>
    <time>2026-06-26T07:30:07Z</time>
   </trkpt>
   <trkpt lat="47.630536" lon="12.382541">
    <ele>675.028</ele>
    <time>2026-06-26T07:30:25Z</time>
   </trkpt>
   <trkpt lat="47.630968" lon="12.382429">
    <ele>677.954</ele>
    <time>2026-06-26T07:30:44Z</time>
   </trkpt>
   <trkpt lat="47.631707" lon="12.381892">
    <ele>679.828</ele>
    <time>2026-06-26T07:31:06Z</time>
   </trkpt>
   <trkpt lat="47.632018" lon="12.381523">
    <ele>683.690</ele>
    <time>2026-06-26T07:31:23Z</time>
   </trkpt>
   <trkpt lat="47.632206" lon="12.381145">
    <ele>687.382</ele>
    <time>2026-06-26T07:31:39Z</time>
   </trkpt>
   <trkpt lat="47.632545" lon="12.380905">
    <ele>686.184</ele>
    <time>2026-06-26T07:31:53Z</time>
   </trkpt>
   <trkpt lat="47.632677" lon="12.380891">
    <ele>684.925</ele>
    <time>2026-06-26T07:31:55Z</time>
   </trkpt>
   <trkpt lat="47.633700" lon="12.380833">
    <ele>678.014</ele>
    <time>2026-06-26T07:32:07Z</time>
   </trkpt>
   <trkpt lat="47.634084" lon="12.380621">
    <ele>675.841</ele>
    <time>2026-06-26T07:32:12Z</time>
   </trkpt>
   <trkpt lat="47.635146" lon="12.380045">
    <ele>665.943</ele>
    <time>2026-06-26T07:32:23Z</time>
   </trkpt>
   <trkpt lat="47.636024" lon="12.379495">
    <ele>659.807</ele>
    <time>2026-06-26T07:32:31Z</time>
   </trkpt>
   <trkpt lat="47.636242" lon="12.379108">
    <ele>659.658</ele>
    <time>2026-06-26T07:32:36Z</time>
   </trkpt>
   <trkpt lat="47.636634" lon="12.378594">
    <ele>663.036</ele>
    <time>2026-06-26T07:32:49Z</time>
   </trkpt>
   <trkpt lat="47.636775" lon="12.378533">
    <ele>661.964</ele>
    <time>2026-06-26T07:32:53Z</time>
   </trkpt>
   <trkpt lat="47.637193" lon="12.378609">
    <ele>660.325</ele>
    <time>2026-06-26T07:33:01Z</time>
   </trkpt>
   <trkpt lat="47.637508" lon="12.378485">
    <ele>659.969</ele>
    <time>2026-06-26T07:33:07Z</time>
   </trkpt>
   <trkpt lat="47.638375" lon="12.377471">
    <ele>659.569</ele>
    <time>2026-06-26T07:33:27Z</time>
   </trkpt>
   <trkpt lat="47.638496" lon="12.377326">
    <ele>659.954</ele>
    <time>2026-06-26T07:33:30Z</time>
   </trkpt>
   <trkpt lat="47.638763" lon="12.377168">
    <ele>659.953</ele>
    <time>2026-06-26T07:33:35Z</time>
   </trkpt>
   <trkpt lat="47.639359" lon="12.377118">
    <ele>657.867</ele>
    <time>2026-06-26T07:33:44Z</time>
   </trkpt>
   <trkpt lat="47.639636" lon="12.377241">
    <ele>656.897</ele>
    <time>2026-06-26T07:33:48Z</time>
   </trkpt>
   <trkpt lat="47.640495" lon="12.377570">
    <ele>655.906</ele>
    <time>2026-06-26T07:34:00Z</time>
   </trkpt>
   <trkpt lat="47.640799" lon="12.377594">
    <ele>655.408</ele>
    <time>2026-06-26T07:34:04Z</time>
   </trkpt>
   <trkpt lat="47.641163" lon="12.377950">
    <ele>655.476</ele>
    <time>2026-06-26T07:34:10Z</time>
   </trkpt>
   <trkpt lat="47.641708" lon="12.378894">
    <ele>656.307</ele>
    <time>2026-06-26T07:34:23Z</time>
   </trkpt>
   <trkpt lat="47.642264" lon="12.379046">
    <ele>652.497</ele>
    <time>2026-06-26T07:34:31Z</time>
   </trkpt>
   <trkpt lat="47.643577" lon="12.378501">
    <ele>645.506</ele>
    <time>2026-06-26T07:34:46Z</time>
   </trkpt>
   <trkpt lat="47.643865" lon="12.378476">
    <ele>643.822</ele>
    <time>2026-06-26T07:34:49Z</time>
   </trkpt>
   <trkpt lat="47.644415" lon="12.378021">
    <ele>640.831</ele>
    <time>2026-06-26T07:34:56Z</time>
   </trkpt>
   <trkpt lat="47.644796" lon="12.377990">
    <ele>637.803</ele>
    <time>2026-06-26T07:35:00Z</time>
   </trkpt>
   <trkpt lat="47.645866" lon="12.378753">
    <ele>627.198</ele>
    <time>2026-06-26T07:35:11Z</time>
   </trkpt>
   <trkpt lat="47.646285" lon="12.379359">
    <ele>623.376</ele>
    <time>2026-06-26T07:35:16Z</time>
   </trkpt>
   <trkpt lat="47.647064" lon="12.379779">
    <ele>617.353</ele>
    <time>2026-06-26T07:35:24Z</time>
   </trkpt>
   <trkpt lat="47.647253" lon="12.379840">
    <ele>616.646</ele>
    <time>2026-06-26T07:35:26Z</time>
   </trkpt>
   <trkpt lat="47.647494" lon="12.379516">
    <ele>615.018</ele>
    <time>2026-06-26T07:35:31Z</time>
   </trkpt>
   <trkpt lat="47.647615" lon="12.379036">
    <ele>613.513</ele>
    <time>2026-06-26T07:35:35Z</time>
   </trkpt>
   <trkpt lat="47.647959" lon="12.378488">
    <ele>612.254</ele>
    <time>2026-06-26T07:35:41Z</time>
   </trkpt>
   <trkpt lat="47.648320" lon="12.378218">
    <ele>611.922</ele>
    <time>2026-06-26T07:35:47Z</time>
   </trkpt>
   <trkpt lat="47.648454" lon="12.378164">
    <ele>612.409</ele>
    <time>2026-06-26T07:35:49Z</time>
   </trkpt>
   <trkpt lat="47.648976" lon="12.378495">
    <ele>614.265</ele>
    <time>2026-06-26T07:35:59Z</time>
   </trkpt>
   <trkpt lat="47.649144" lon="12.378561">
    <ele>614.162</ele>
    <time>2026-06-26T07:36:02Z</time>
   </trkpt>
   <trkpt lat="47.649836" lon="12.378431">
    <ele>613.896</ele>
    <time>2026-06-26T07:36:14Z</time>
   </trkpt>
   <trkpt lat="47.649966" lon="12.378329">
    <ele>613.847</ele>
    <time>2026-06-26T07:36:17Z</time>
   </trkpt>
   <trkpt lat="47.650087" lon="12.378116">
    <ele>614.089</ele>
    <time>2026-06-26T07:36:22Z</time>
   </trkpt>
   <trkpt lat="47.650173" lon="12.377225">
    <ele>615.426</ele>
    <time>2026-06-26T07:36:32Z</time>
   </trkpt>
   <trkpt lat="47.650221" lon="12.375705">
    <ele>618.397</ele>
    <time>2026-06-26T07:36:52Z</time>
   </trkpt>
   <trkpt lat="47.650278" lon="12.375187">
    <ele>619.450</ele>
    <time>2026-06-26T07:36:59Z</time>
   </trkpt>
   <trkpt lat="47.650661" lon="12.373772">
    <ele>620.492</ele>
    <time>2026-06-26T07:37:19Z</time>
   </trkpt>
   <trkpt lat="47.650711" lon="12.373643">
    <ele>620.842</ele>
    <time>2026-06-26T07:37:21Z</time>
   </trkpt>
   <trkpt lat="47.650752" lon="12.373588">
    <ele>620.310</ele>
    <time>2026-06-26T07:37:33Z</time>
   </trkpt>
   <trkpt lat="47.650999" lon="12.373324">
    <ele>620.420</ele>
    <time>2026-06-26T07:37:42Z</time>
   </trkpt>
   <trkpt lat="47.651447" lon="12.372915">
    <ele>618.969</ele>
    <time>2026-06-26T07:37:53Z</time>
   </trkpt>
   <trkpt lat="47.651590" lon="12.372570">
    <ele>617.404</ele>
    <time>2026-06-26T07:37:59Z</time>
   </trkpt>
   <trkpt lat="47.651650" lon="12.372050">
    <ele>614.453</ele>
    <time>2026-06-26T07:38:04Z</time>
   </trkpt>
   <trkpt lat="47.651850" lon="12.371668">
    <ele>612.215</ele>
    <time>2026-06-26T07:38:08Z</time>
   </trkpt>
   <trkpt lat="47.652179" lon="12.371324">
    <ele>611.095</ele>
    <time>2026-06-26T07:38:17Z</time>
   </trkpt>
   <trkpt lat="47.652333" lon="12.371492">
    <ele>611.019</ele>
    <time>2026-06-26T07:38:25Z</time>
   </trkpt>
   <trkpt lat="47.652820" lon="12.372291">
    <ele>610.623</ele>
    <time>2026-06-26T07:38:36Z</time>
   </trkpt>
   <trkpt lat="47.653989" lon="12.373878">
    <ele>609.072</ele>
    <time>2026-06-26T07:38:59Z</time>
   </trkpt>
   <trkpt lat="47.654285" lon="12.374462">
    <ele>610.203</ele>
    <time>2026-06-26T07:39:07Z</time>
   </trkpt>
   <trkpt lat="47.654469" lon="12.374929">
    <ele>611.507</ele>
    <time>2026-06-26T07:39:13Z</time>
   </trkpt>
   <trkpt lat="47.654771" lon="12.375042">
    <ele>613.003</ele>
    <time>2026-06-26T07:39:19Z</time>
   </trkpt>
   <trkpt lat="47.654875" lon="12.375025">
    <ele>614.073</ele>
    <time>2026-06-26T07:39:22Z</time>
   </trkpt>
   <trkpt lat="47.655044" lon="12.374990">
    <ele>613.824</ele>
    <time>2026-06-26T07:39:26Z</time>
   </trkpt>
   <trkpt lat="47.655365" lon="12.374768">
    <ele>617.033</ele>
    <time>2026-06-26T07:39:35Z</time>
   </trkpt>
   <trkpt lat="47.655749" lon="12.374512">
    <ele>613.140</ele>
    <time>2026-06-26T07:39:44Z</time>
   </trkpt>
   <trkpt lat="47.656133" lon="12.374556">
    <ele>612.746</ele>
    <time>2026-06-26T07:39:51Z</time>
   </trkpt>
   <trkpt lat="47.656751" lon="12.375167">
    <ele>615.752</ele>
    <time>2026-06-26T07:40:05Z</time>
   </trkpt>
   <trkpt lat="47.657134" lon="12.375451">
    <ele>615.435</ele>
    <time>2026-06-26T07:40:19Z</time>
   </trkpt>
   <trkpt lat="47.657463" lon="12.375723">
    <ele>614.424</ele>
    <time>2026-06-26T07:40:27Z</time>
   </trkpt>
   <trkpt lat="47.657788" lon="12.375752">
    <ele>612.798</ele>
    <time>2026-06-26T07:40:33Z</time>
   </trkpt>
   <trkpt lat="47.658128" lon="12.375607">
    <ele>614.358</ele>
    <time>2026-06-26T07:40:40Z</time>
   </trkpt>
   <trkpt lat="47.658199" lon="12.375385">
    <ele>615.198</ele>
    <time>2026-06-26T07:40:46Z</time>
   </trkpt>
   <trkpt lat="47.658134" lon="12.374856">
    <ele>616.903</ele>
    <time>2026-06-26T07:40:55Z</time>
   </trkpt>
   <trkpt lat="47.658120" lon="12.374151">
    <ele>619.814</ele>
    <time>2026-06-26T07:41:08Z</time>
   </trkpt>
   <trkpt lat="47.658170" lon="12.374088">
    <ele>620.540</ele>
    <time>2026-06-26T07:41:10Z</time>
   </trkpt>
   <trkpt lat="47.658173" lon="12.373924">
    <ele>621.368</ele>
    <time>2026-06-26T07:41:14Z</time>
   </trkpt>
   <trkpt lat="47.658155" lon="12.373065">
    <ele>624.935</ele>
    <time>2026-06-26T07:41:34Z</time>
   </trkpt>
   <trkpt lat="47.657985" lon="12.372256">
    <ele>629.355</ele>
    <time>2026-06-26T07:41:56Z</time>
   </trkpt>
   <trkpt lat="47.657792" lon="12.371810">
    <ele>631.533</ele>
    <time>2026-06-26T07:42:13Z</time>
   </trkpt>
   <trkpt lat="47.657795" lon="12.371785">
    <ele>631.845</ele>
    <time>2026-06-26T07:42:14Z</time>
   </trkpt>
   <trkpt lat="47.657838" lon="12.371447">
    <ele>633.953</ele>
    <time>2026-06-26T07:42:25Z</time>
   </trkpt>
   <trkpt lat="47.657914" lon="12.371155">
    <ele>635.739</ele>
    <time>2026-06-26T07:42:39Z</time>
   </trkpt>
   <trkpt lat="47.657940" lon="12.371056">
    <ele>638.068</ele>
    <time>2026-06-26T07:42:54Z</time>
   </trkpt>
   <trkpt lat="47.657960" lon="12.370775">
    <ele>638.800</ele>
    <time>2026-06-26T07:42:58Z</time>
   </trkpt>
   <trkpt lat="47.657705" lon="12.370414">
    <ele>642.841</ele>
    <time>2026-06-26T07:43:23Z</time>
   </trkpt>
   <trkpt lat="47.657549" lon="12.370006">
    <ele>646.590</ele>
    <time>2026-06-26T07:43:45Z</time>
   </trkpt>
   <trkpt lat="47.657533" lon="12.369897">
    <ele>647.844</ele>
    <time>2026-06-26T07:43:50Z</time>
   </trkpt>
   <trkpt lat="47.657560" lon="12.369718">
    <ele>651.174</ele>
    <time>2026-06-26T07:43:59Z</time>
   </trkpt>
   <trkpt lat="47.657681" lon="12.369764">
    <ele>651.327</ele>
    <time>2026-06-26T07:44:08Z</time>
   </trkpt>
   <trkpt lat="47.657998" lon="12.369978">
    <ele>654.476</ele>
    <time>2026-06-26T07:44:30Z</time>
   </trkpt>
   <trkpt lat="47.658030" lon="12.369875">
    <ele>656.300</ele>
    <time>2026-06-26T07:44:37Z</time>
   </trkpt>
   <trkpt lat="47.658003" lon="12.369665">
    <ele>658.595</ele>
    <time>2026-06-26T07:44:46Z</time>
   </trkpt>
   <trkpt lat="47.658022" lon="12.369170">
    <ele>662.941</ele>
    <time>2026-06-26T07:45:07Z</time>
   </trkpt>
   <trkpt lat="47.658013" lon="12.369166">
    <ele>663.177</ele>
    <time>2026-06-26T07:46:34Z</time>
   </trkpt>
   <trkpt lat="47.657708" lon="12.369003">
    <ele>663.748</ele>
    <time>2026-06-26T07:46:47Z</time>
   </trkpt>
   <trkpt lat="47.657495" lon="12.368770">
    <ele>663.176</ele>
    <time>2026-06-26T07:46:53Z</time>
   </trkpt>
   <trkpt lat="47.657120" lon="12.367885">
    <ele>661.048</ele>
    <time>2026-06-26T07:47:05Z</time>
   </trkpt>
   <trkpt lat="47.656748" lon="12.366835">
    <ele>657.332</ele>
    <time>2026-06-26T07:47:18Z</time>
   </trkpt>
   <trkpt lat="47.656717" lon="12.366405">
    <ele>657.171</ele>
    <time>2026-06-26T07:47:22Z</time>
   </trkpt>
   <trkpt lat="47.656714" lon="12.366210">
    <ele>658.474</ele>
    <time>2026-06-26T07:47:24Z</time>
   </trkpt>
   <trkpt lat="47.656309" lon="12.365203">
    <ele>658.146</ele>
    <time>2026-06-26T07:47:38Z</time>
   </trkpt>
   <trkpt lat="47.656264" lon="12.365129">
    <ele>657.719</ele>
    <time>2026-06-26T07:47:39Z</time>
   </trkpt>
   <trkpt lat="47.655482" lon="12.364142">
    <ele>657.636</ele>
    <time>2026-06-26T07:47:54Z</time>
   </trkpt>
   <trkpt lat="47.655288" lon="12.363544">
    <ele>660.123</ele>
    <time>2026-06-26T07:48:04Z</time>
   </trkpt>
   <trkpt lat="47.655219" lon="12.363018">
    <ele>664.853</ele>
    <time>2026-06-26T07:48:22Z</time>
   </trkpt>
   <trkpt lat="47.655244" lon="12.362431">
    <ele>669.670</ele>
    <time>2026-06-26T07:48:42Z</time>
   </trkpt>
   <trkpt lat="47.655241" lon="12.361903">
    <ele>672.888</ele>
    <time>2026-06-26T07:49:00Z</time>
   </trkpt>
   <trkpt lat="47.655135" lon="12.361213">
    <ele>675.499</ele>
    <time>2026-06-26T07:49:22Z</time>
   </trkpt>
   <trkpt lat="47.654998" lon="12.360157">
    <ele>677.350</ele>
    <time>2026-06-26T07:49:44Z</time>
   </trkpt>
   <trkpt lat="47.654997" lon="12.359316">
    <ele>676.442</ele>
    <time>2026-06-26T07:49:57Z</time>
   </trkpt>
   <trkpt lat="47.655060" lon="12.358187">
    <ele>674.487</ele>
    <time>2026-06-26T07:50:13Z</time>
   </trkpt>
   <trkpt lat="47.655087" lon="12.358053">
    <ele>673.129</ele>
    <time>2026-06-26T07:50:16Z</time>
   </trkpt>
   <trkpt lat="47.655051" lon="12.357548">
    <ele>673.799</ele>
    <time>2026-06-26T07:50:20Z</time>
   </trkpt>
   <trkpt lat="47.654723" lon="12.356269">
    <ele>675.209</ele>
    <time>2026-06-26T07:50:38Z</time>
   </trkpt>
   <trkpt lat="47.654271" lon="12.355337">
    <ele>671.274</ele>
    <time>2026-06-26T07:50:51Z</time>
   </trkpt>
   <trkpt lat="47.654147" lon="12.354675">
    <ele>670.641</ele>
    <time>2026-06-26T07:50:57Z</time>
   </trkpt>
   <trkpt lat="47.654022" lon="12.354099">
    <ele>670.141</ele>
    <time>2026-06-26T07:51:03Z</time>
   </trkpt>
   <trkpt lat="47.653702" lon="12.353457">
    <ele>670.140</ele>
    <time>2026-06-26T07:51:11Z</time>
   </trkpt>
   <trkpt lat="47.653582" lon="12.352696">
    <ele>672.186</ele>
    <time>2026-06-26T07:51:21Z</time>
   </trkpt>
   <trkpt lat="47.653519" lon="12.352223">
    <ele>675.750</ele>
    <time>2026-06-26T07:51:37Z</time>
   </trkpt>
   <trkpt lat="47.653504" lon="12.351664">
    <ele>679.207</ele>
    <time>2026-06-26T07:51:57Z</time>
   </trkpt>
   <trkpt lat="47.653479" lon="12.351080">
    <ele>681.669</ele>
    <time>2026-06-26T07:52:16Z</time>
   </trkpt>
   <trkpt lat="47.653398" lon="12.350224">
    <ele>683.579</ele>
    <time>2026-06-26T07:52:38Z</time>
   </trkpt>
   <trkpt lat="47.653279" lon="12.349466">
    <ele>685.963</ele>
    <time>2026-06-26T07:53:00Z</time>
   </trkpt>
   <trkpt lat="47.653192" lon="12.348539">
    <ele>686.917</ele>
    <time>2026-06-26T07:53:21Z</time>
   </trkpt>
   <trkpt lat="47.653163" lon="12.348015">
    <ele>688.125</ele>
    <time>2026-06-26T07:53:35Z</time>
   </trkpt>
   <trkpt lat="47.653022" lon="12.347459">
    <ele>685.651</ele>
    <time>2026-06-26T07:53:43Z</time>
   </trkpt>
   <trkpt lat="47.653006" lon="12.347152">
    <ele>684.724</ele>
    <time>2026-06-26T07:53:46Z</time>
   </trkpt>
   <trkpt lat="47.652779" lon="12.345821">
    <ele>683.562</ele>
    <time>2026-06-26T07:54:00Z</time>
   </trkpt>
   <trkpt lat="47.652424" lon="12.345224">
    <ele>684.428</ele>
    <time>2026-06-26T07:54:10Z</time>
   </trkpt>
   <trkpt lat="47.652027" lon="12.344408">
    <ele>678.203</ele>
    <time>2026-06-26T07:54:21Z</time>
   </trkpt>
   <trkpt lat="47.651921" lon="12.344169">
    <ele>677.726</ele>
    <time>2026-06-26T07:54:23Z</time>
   </trkpt>
   <trkpt lat="47.651825" lon="12.343848">
    <ele>675.351</ele>
    <time>2026-06-26T07:54:27Z</time>
   </trkpt>
   <trkpt lat="47.651691" lon="12.341976">
    <ele>668.174</ele>
    <time>2026-06-26T07:54:38Z</time>
   </trkpt>
   <trkpt lat="47.651473" lon="12.341511">
    <ele>665.746</ele>
    <time>2026-06-26T07:54:42Z</time>
   </trkpt>
   <trkpt lat="47.651021" lon="12.340989">
    <ele>664.113</ele>
    <time>2026-06-26T07:54:51Z</time>
   </trkpt>
   <trkpt lat="47.651000" lon="12.340965">
    <ele>664.102</ele>
    <time>2026-06-26T07:54:52Z</time>
   </trkpt>
   <trkpt lat="47.650989" lon="12.340952">
    <ele>663.981</ele>
    <time>2026-06-26T07:55:12Z</time>
   </trkpt>
   <trkpt lat="47.650945" lon="12.340908">
    <ele>663.954</ele>
    <time>2026-06-26T07:55:51Z</time>
   </trkpt>
   <trkpt lat="47.650492" lon="12.341813">
    <ele>663.013</ele>
    <time>2026-06-26T07:56:08Z</time>
   </trkpt>
   <trkpt lat="47.650394" lon="12.341996">
    <ele>662.410</ele>
    <time>2026-06-26T07:56:11Z</time>
   </trkpt>
   <trkpt lat="47.649972" lon="12.341982">
    <ele>658.289</ele>
    <time>2026-06-26T07:56:18Z</time>
   </trkpt>
   <trkpt lat="47.649688" lon="12.341610">
    <ele>653.690</ele>
    <time>2026-06-26T07:56:22Z</time>
   </trkpt>
   <trkpt lat="47.649555" lon="12.341355">
    <ele>652.109</ele>
    <time>2026-06-26T07:56:24Z</time>
   </trkpt>
   <trkpt lat="47.649109" lon="12.341074">
    <ele>650.433</ele>
    <time>2026-06-26T07:56:29Z</time>
   </trkpt>
   <trkpt lat="47.648950" lon="12.341058">
    <ele>652.200</ele>
    <time>2026-06-26T07:56:31Z</time>
   </trkpt>
   <trkpt lat="47.648633" lon="12.340956">
    <ele>654.282</ele>
    <time>2026-06-26T07:56:35Z</time>
   </trkpt>
   <trkpt lat="47.648521" lon="12.340854">
    <ele>655.051</ele>
    <time>2026-06-26T07:56:37Z</time>
   </trkpt>
   <trkpt lat="47.648084" lon="12.340522">
    <ele>659.589</ele>
    <time>2026-06-26T07:56:46Z</time>
   </trkpt>
   <trkpt lat="47.647590" lon="12.340147">
    <ele>661.819</ele>
    <time>2026-06-26T07:56:58Z</time>
   </trkpt>
   <trkpt lat="47.647194" lon="12.339878">
    <ele>664.021</ele>
    <time>2026-06-26T07:57:09Z</time>
   </trkpt>
   <trkpt lat="47.646917" lon="12.339646">
    <ele>660.056</ele>
    <time>2026-06-26T07:57:18Z</time>
   </trkpt>
   <trkpt lat="47.646622" lon="12.339236">
    <ele>657.734</ele>
    <time>2026-06-26T07:57:30Z</time>
   </trkpt>
   <trkpt lat="47.646174" lon="12.338933">
    <ele>661.273</ele>
    <time>2026-06-26T07:57:44Z</time>
   </trkpt>
   <trkpt lat="47.645860" lon="12.338548">
    <ele>659.972</ele>
    <time>2026-06-26T07:57:58Z</time>
   </trkpt>
   <trkpt lat="47.645440" lon="12.338043">
    <ele>659.043</ele>
    <time>2026-06-26T07:58:07Z</time>
   </trkpt>
   <trkpt lat="47.644949" lon="12.337972">
    <ele>661.017</ele>
    <time>2026-06-26T07:58:19Z</time>
   </trkpt>
   <trkpt lat="47.644309" lon="12.337904">
    <ele>660.627</ele>
    <time>2026-06-26T07:58:35Z</time>
   </trkpt>
   <trkpt lat="47.643678" lon="12.337523">
    <ele>660.907</ele>
    <time>2026-06-26T07:58:52Z</time>
   </trkpt>
   <trkpt lat="47.643067" lon="12.337211">
    <ele>661.958</ele>
    <time>2026-06-26T07:59:08Z</time>
   </trkpt>
   <trkpt lat="47.642915" lon="12.337071">
    <ele>661.930</ele>
    <time>2026-06-26T07:59:12Z</time>
   </trkpt>
   <trkpt lat="47.642805" lon="12.336838">
    <ele>661.682</ele>
    <time>2026-06-26T07:59:16Z</time>
   </trkpt>
   <trkpt lat="47.642722" lon="12.336452">
    <ele>661.008</ele>
    <time>2026-06-26T07:59:21Z</time>
   </trkpt>
   <trkpt lat="47.642526" lon="12.336209">
    <ele>660.963</ele>
    <time>2026-06-26T07:59:26Z</time>
   </trkpt>
   <trkpt lat="47.642352" lon="12.335908">
    <ele>659.838</ele>
    <time>2026-06-26T07:59:31Z</time>
   </trkpt>
   <trkpt lat="47.641967" lon="12.335676">
    <ele>659.857</ele>
    <time>2026-06-26T07:59:38Z</time>
   </trkpt>
   <trkpt lat="47.641890" lon="12.335566">
    <ele>660.038</ele>
    <time>2026-06-26T07:59:41Z</time>
   </trkpt>
   <trkpt lat="47.641759" lon="12.335499">
    <ele>659.972</ele>
    <time>2026-06-26T07:59:44Z</time>
   </trkpt>
   <trkpt lat="47.641541" lon="12.335160">
    <ele>659.815</ele>
    <time>2026-06-26T07:59:50Z</time>
   </trkpt>
   <trkpt lat="47.641470" lon="12.334928">
    <ele>659.437</ele>
    <time>2026-06-26T07:59:53Z</time>
   </trkpt>
   <trkpt lat="47.641402" lon="12.333657">
    <ele>657.715</ele>
    <time>2026-06-26T08:00:07Z</time>
   </trkpt>
   <trkpt lat="47.641602" lon="12.331637">
    <ele>653.480</ele>
    <time>2026-06-26T08:00:27Z</time>
   </trkpt>
   <trkpt lat="47.641630" lon="12.331424">
    <ele>653.570</ele>
    <time>2026-06-26T08:00:29Z</time>
   </trkpt>
   <trkpt lat="47.641526" lon="12.329687">
    <ele>652.348</ele>
    <time>2026-06-26T08:00:45Z</time>
   </trkpt>
   <trkpt lat="47.641414" lon="12.328780">
    <ele>651.767</ele>
    <time>2026-06-26T08:00:54Z</time>
   </trkpt>
   <trkpt lat="47.640883" lon="12.327445">
    <ele>651.468</ele>
    <time>2026-06-26T08:01:11Z</time>
   </trkpt>
   <trkpt lat="47.640870" lon="12.327413">
    <ele>651.553</ele>
    <time>2026-06-26T08:01:12Z</time>
   </trkpt>
   <trkpt lat="47.640846" lon="12.327354">
    <ele>651.215</ele>
    <time>2026-06-26T08:01:14Z</time>
   </trkpt>
   <trkpt lat="47.640560" lon="12.326629">
    <ele>651.438</ele>
    <time>2026-06-26T08:01:27Z</time>
   </trkpt>
   <trkpt lat="47.640560" lon="12.326350">
    <ele>652.035</ele>
    <time>2026-06-26T08:01:32Z</time>
   </trkpt>
   <trkpt lat="47.640560" lon="12.326203">
    <ele>650.245</ele>
    <time>2026-06-26T08:01:47Z</time>
   </trkpt>
   <trkpt lat="47.640581" lon="12.325630">
    <ele>649.210</ele>
    <time>2026-06-26T08:01:57Z</time>
   </trkpt>
   <trkpt lat="47.640637" lon="12.324445">
    <ele>647.928</ele>
    <time>2026-06-26T08:02:09Z</time>
   </trkpt>
   <trkpt lat="47.640644" lon="12.324113">
    <ele>648.084</ele>
    <time>2026-06-26T08:02:13Z</time>
   </trkpt>
   <trkpt lat="47.640646" lon="12.323951">
    <ele>648.686</ele>
    <time>2026-06-26T08:02:22Z</time>
   </trkpt>
   <trkpt lat="47.640607" lon="12.323618">
    <ele>650.894</ele>
    <time>2026-06-26T08:03:22Z</time>
   </trkpt>
   <trkpt lat="47.640474" lon="12.322722">
    <ele>652.617</ele>
    <time>2026-06-26T08:03:41Z</time>
   </trkpt>
   <trkpt lat="47.640572" lon="12.322023">
    <ele>653.586</ele>
    <time>2026-06-26T08:03:56Z</time>
   </trkpt>
   <trkpt lat="47.640675" lon="12.321216">
    <ele>656.556</ele>
    <time>2026-06-26T08:04:15Z</time>
   </trkpt>
   <trkpt lat="47.640724" lon="12.320465">
    <ele>658.834</ele>
    <time>2026-06-26T08:04:35Z</time>
   </trkpt>
   <trkpt lat="47.641069" lon="12.319866">
    <ele>657.822</ele>
    <time>2026-06-26T08:04:50Z</time>
   </trkpt>
   <trkpt lat="47.641112" lon="12.319764">
    <ele>658.077</ele>
    <time>2026-06-26T08:04:52Z</time>
   </trkpt>
   <trkpt lat="47.641218" lon="12.319372">
    <ele>658.152</ele>
    <time>2026-06-26T08:04:59Z</time>
   </trkpt>
   <trkpt lat="47.641225" lon="12.319119">
    <ele>658.257</ele>
    <time>2026-06-26T08:05:03Z</time>
   </trkpt>
   <trkpt lat="47.640971" lon="12.318544">
    <ele>660.966</ele>
    <time>2026-06-26T08:05:18Z</time>
   </trkpt>
   <trkpt lat="47.640704" lon="12.318002">
    <ele>662.438</ele>
    <time>2026-06-26T08:05:32Z</time>
   </trkpt>
   <trkpt lat="47.640600" lon="12.316844">
    <ele>663.778</ele>
    <time>2026-06-26T08:05:52Z</time>
   </trkpt>
   <trkpt lat="47.640726" lon="12.316482">
    <ele>662.580</ele>
    <time>2026-06-26T08:05:58Z</time>
   </trkpt>
   <trkpt lat="47.640753" lon="12.316276">
    <ele>662.557</ele>
    <time>2026-06-26T08:06:01Z</time>
   </trkpt>
   <trkpt lat="47.640708" lon="12.315880">
    <ele>663.208</ele>
    <time>2026-06-26T08:06:07Z</time>
   </trkpt>
   <trkpt lat="47.640683" lon="12.315743">
    <ele>662.868</ele>
    <time>2026-06-26T08:06:09Z</time>
   </trkpt>
   <trkpt lat="47.640688" lon="12.315502">
    <ele>662.443</ele>
    <time>2026-06-26T08:06:15Z</time>
   </trkpt>
   <trkpt lat="47.641128" lon="12.314837">
    <ele>659.953</ele>
    <time>2026-06-26T08:06:24Z</time>
   </trkpt>
   <trkpt lat="47.641402" lon="12.314714">
    <ele>659.030</ele>
    <time>2026-06-26T08:06:29Z</time>
   </trkpt>
   <trkpt lat="47.641493" lon="12.314241">
    <ele>658.574</ele>
    <time>2026-06-26T08:06:39Z</time>
   </trkpt>
   <trkpt lat="47.641525" lon="12.313984">
    <ele>658.730</ele>
    <time>2026-06-26T08:06:43Z</time>
   </trkpt>
   <trkpt lat="47.641412" lon="12.312979">
    <ele>659.073</ele>
    <time>2026-06-26T08:06:57Z</time>
   </trkpt>
   <trkpt lat="47.641436" lon="12.312234">
    <ele>661.815</ele>
    <time>2026-06-26T08:07:11Z</time>
   </trkpt>
   <trkpt lat="47.641409" lon="12.311553">
    <ele>664.640</ele>
    <time>2026-06-26T08:07:30Z</time>
   </trkpt>
   <trkpt lat="47.641389" lon="12.311165">
    <ele>667.858</ele>
    <time>2026-06-26T08:07:44Z</time>
   </trkpt>
   <trkpt lat="47.641369" lon="12.310909">
    <ele>670.601</ele>
    <time>2026-06-26T08:07:55Z</time>
   </trkpt>
   <trkpt lat="47.641332" lon="12.310413">
    <ele>674.578</ele>
    <time>2026-06-26T08:08:14Z</time>
   </trkpt>
   <trkpt lat="47.641380" lon="12.309827">
    <ele>675.799</ele>
    <time>2026-06-26T08:08:34Z</time>
   </trkpt>
   <trkpt lat="47.641472" lon="12.308980">
    <ele>677.464</ele>
    <time>2026-06-26T08:08:55Z</time>
   </trkpt>
   <trkpt lat="47.641696" lon="12.307835">
    <ele>677.718</ele>
    <time>2026-06-26T08:09:16Z</time>
   </trkpt>
   <trkpt lat="47.641755" lon="12.307562">
    <ele>677.248</ele>
    <time>2026-06-26T08:09:20Z</time>
   </trkpt>
   <trkpt lat="47.641917" lon="12.307106">
    <ele>675.792</ele>
    <time>2026-06-26T08:09:26Z</time>
   </trkpt>
   <trkpt lat="47.641989" lon="12.306867">
    <ele>675.406</ele>
    <time>2026-06-26T08:09:29Z</time>
   </trkpt>
   <trkpt lat="47.642039" lon="12.306129">
    <ele>678.382</ele>
    <time>2026-06-26T08:09:42Z</time>
   </trkpt>
   <trkpt lat="47.642060" lon="12.305575">
    <ele>680.511</ele>
    <time>2026-06-26T08:09:56Z</time>
   </trkpt>
   <trkpt lat="47.641943" lon="12.305535">
    <ele>680.979</ele>
    <time>2026-06-26T08:10:02Z</time>
   </trkpt>
   <trkpt lat="47.641532" lon="12.305408">
    <ele>684.550</ele>
    <time>2026-06-26T08:10:20Z</time>
   </trkpt>
   <trkpt lat="47.641384" lon="12.305269">
    <ele>687.096</ele>
    <time>2026-06-26T08:10:29Z</time>
   </trkpt>
   <trkpt lat="47.641358" lon="12.305244">
    <ele>687.481</ele>
    <time>2026-06-26T08:10:31Z</time>
   </trkpt>
   <trkpt lat="47.641127" lon="12.305057">
    <ele>689.372</ele>
    <time>2026-06-26T08:10:44Z</time>
   </trkpt>
   <trkpt lat="47.641103" lon="12.304780">
    <ele>688.414</ele>
    <time>2026-06-26T08:10:48Z</time>
   </trkpt>
   <trkpt lat="47.641252" lon="12.304342">
    <ele>687.326</ele>
    <time>2026-06-26T08:10:55Z</time>
   </trkpt>
   <trkpt lat="47.641366" lon="12.303247">
    <ele>688.381</ele>
    <time>2026-06-26T08:11:11Z</time>
   </trkpt>
   <trkpt lat="47.641860" lon="12.302168">
    <ele>686.052</ele>
    <time>2026-06-26T08:11:27Z</time>
   </trkpt>
   <trkpt lat="47.641958" lon="12.301957">
    <ele>685.716</ele>
    <time>2026-06-26T08:11:30Z</time>
   </trkpt>
   <trkpt lat="47.642057" lon="12.301659">
    <ele>685.987</ele>
    <time>2026-06-26T08:11:34Z</time>
   </trkpt>
   <trkpt lat="47.642120" lon="12.300453">
    <ele>684.286</ele>
    <time>2026-06-26T08:11:49Z</time>
   </trkpt>
   <trkpt lat="47.642031" lon="12.299071">
    <ele>680.995</ele>
    <time>2026-06-26T08:12:01Z</time>
   </trkpt>
   <trkpt lat="47.642019" lon="12.298938">
    <ele>681.206</ele>
    <time>2026-06-26T08:12:02Z</time>
   </trkpt>
   <trkpt lat="47.641811" lon="12.297090">
    <ele>680.428</ele>
    <time>2026-06-26T08:12:19Z</time>
   </trkpt>
   <trkpt lat="47.641805" lon="12.295686">
    <ele>681.506</ele>
    <time>2026-06-26T08:12:34Z</time>
   </trkpt>
   <trkpt lat="47.641789" lon="12.294941">
    <ele>681.496</ele>
    <time>2026-06-26T08:12:43Z</time>
   </trkpt>
   <trkpt lat="47.641693" lon="12.294371">
    <ele>681.352</ele>
    <time>2026-06-26T08:12:51Z</time>
   </trkpt>
   <trkpt lat="47.641331" lon="12.293716">
    <ele>683.468</ele>
    <time>2026-06-26T08:13:05Z</time>
   </trkpt>
   <trkpt lat="47.640982" lon="12.292709">
    <ele>686.526</ele>
    <time>2026-06-26T08:13:26Z</time>
   </trkpt>
   <trkpt lat="47.640677" lon="12.291232">
    <ele>687.979</ele>
    <time>2026-06-26T08:13:51Z</time>
   </trkpt>
   <trkpt lat="47.640437" lon="12.289864">
    <ele>687.584</ele>
    <time>2026-06-26T08:14:10Z</time>
   </trkpt>
   <trkpt lat="47.639919" lon="12.288952">
    <ele>687.536</ele>
    <time>2026-06-26T08:14:25Z</time>
   </trkpt>
   <trkpt lat="47.639430" lon="12.288330">
    <ele>687.531</ele>
    <time>2026-06-26T08:14:37Z</time>
   </trkpt>
   <trkpt lat="47.639312" lon="12.288241">
    <ele>686.850</ele>
    <time>2026-06-26T08:14:40Z</time>
   </trkpt>
   <trkpt lat="47.638921" lon="12.288071">
    <ele>686.785</ele>
    <time>2026-06-26T08:14:50Z</time>
   </trkpt>
   <trkpt lat="47.638596" lon="12.287896">
    <ele>685.870</ele>
    <time>2026-06-26T08:15:03Z</time>
   </trkpt>
   <trkpt lat="47.638596" lon="12.287896">
    <ele>687.028</ele>
    <time>2026-06-26T08:17:18Z</time>
   </trkpt>
   <trkpt lat="47.638586" lon="12.287779">
    <ele>685.480</ele>
    <time>2026-06-26T08:17:26Z</time>
   </trkpt>
   <trkpt lat="47.638562" lon="12.286803">
    <ele>683.769</ele>
    <time>2026-06-26T08:17:38Z</time>
   </trkpt>
   <trkpt lat="47.638596" lon="12.286379">
    <ele>683.220</ele>
    <time>2026-06-26T08:17:42Z</time>
   </trkpt>
   <trkpt lat="47.639131" lon="12.284333">
    <ele>677.773</ele>
    <time>2026-06-26T08:18:02Z</time>
   </trkpt>
   <trkpt lat="47.639661" lon="12.281692">
    <ele>670.943</ele>
    <time>2026-06-26T08:18:23Z</time>
   </trkpt>
   <trkpt lat="47.639852" lon="12.279689">
    <ele>665.139</ele>
    <time>2026-06-26T08:18:40Z</time>
   </trkpt>
   <trkpt lat="47.639733" lon="12.277833">
    <ele>661.083</ele>
    <time>2026-06-26T08:18:55Z</time>
   </trkpt>
   <trkpt lat="47.639434" lon="12.276368">
    <ele>655.144</ele>
    <time>2026-06-26T08:19:07Z</time>
   </trkpt>
   <trkpt lat="47.639079" lon="12.274706">
    <ele>646.533</ele>
    <time>2026-06-26T08:19:19Z</time>
   </trkpt>
   <trkpt lat="47.639122" lon="12.274346">
    <ele>644.479</ele>
    <time>2026-06-26T08:19:25Z</time>
   </trkpt>
   <trkpt lat="47.638959" lon="12.273896">
    <ele>647.441</ele>
    <time>2026-06-26T08:19:35Z</time>
   </trkpt>
   <trkpt lat="47.638823" lon="12.273400">
    <ele>649.579</ele>
    <time>2026-06-26T08:19:51Z</time>
   </trkpt>
   <trkpt lat="47.638463" lon="12.272807">
    <ele>650.861</ele>
    <time>2026-06-26T08:20:08Z</time>
   </trkpt>
   <trkpt lat="47.638264" lon="12.272210">
    <ele>650.462</ele>
    <time>2026-06-26T08:20:20Z</time>
   </trkpt>
   <trkpt lat="47.638317" lon="12.271831">
    <ele>648.623</ele>
    <time>2026-06-26T08:20:25Z</time>
   </trkpt>
   <trkpt lat="47.638767" lon="12.270980">
    <ele>647.101</ele>
    <time>2026-06-26T08:20:39Z</time>
   </trkpt>
   <trkpt lat="47.639214" lon="12.270189">
    <ele>642.451</ele>
    <time>2026-06-26T08:20:49Z</time>
   </trkpt>
   <trkpt lat="47.639308" lon="12.269991">
    <ele>642.021</ele>
    <time>2026-06-26T08:20:51Z</time>
   </trkpt>
   <trkpt lat="47.639698" lon="12.269187">
    <ele>643.818</ele>
    <time>2026-06-26T08:21:01Z</time>
   </trkpt>
   <trkpt lat="47.639952" lon="12.267843">
    <ele>640.590</ele>
    <time>2026-06-26T08:21:15Z</time>
   </trkpt>
   <trkpt lat="47.640077" lon="12.267468">
    <ele>639.318</ele>
    <time>2026-06-26T08:21:19Z</time>
   </trkpt>
   <trkpt lat="47.640172" lon="12.266748">
    <ele>635.197</ele>
    <time>2026-06-26T08:21:25Z</time>
   </trkpt>
   <trkpt lat="47.640322" lon="12.266116">
    <ele>634.885</ele>
    <time>2026-06-26T08:21:30Z</time>
   </trkpt>
   <trkpt lat="47.640291" lon="12.265213">
    <ele>636.260</ele>
    <time>2026-06-26T08:21:39Z</time>
   </trkpt>
   <trkpt lat="47.640321" lon="12.264915">
    <ele>635.429</ele>
    <time>2026-06-26T08:21:42Z</time>
   </trkpt>
   <trkpt lat="47.640833" lon="12.263853">
    <ele>629.467</ele>
    <time>2026-06-26T08:21:53Z</time>
   </trkpt>
   <trkpt lat="47.641003" lon="12.263524">
    <ele>628.361</ele>
    <time>2026-06-26T08:21:56Z</time>
   </trkpt>
   <trkpt lat="47.641118" lon="12.262843">
    <ele>627.467</ele>
    <time>2026-06-26T08:22:02Z</time>
   </trkpt>
   <trkpt lat="47.641118" lon="12.262482">
    <ele>626.818</ele>
    <time>2026-06-26T08:22:05Z</time>
   </trkpt>
   <trkpt lat="47.640979" lon="12.261039">
    <ele>623.297</ele>
    <time>2026-06-26T08:22:17Z</time>
   </trkpt>
   <trkpt lat="47.640743" lon="12.260337">
    <ele>621.129</ele>
    <time>2026-06-26T08:22:23Z</time>
   </trkpt>
   <trkpt lat="47.640167" lon="12.259157">
    <ele>622.476</ele>
    <time>2026-06-26T08:22:37Z</time>
   </trkpt>
   <trkpt lat="47.639965" lon="12.258663">
    <ele>622.736</ele>
    <time>2026-06-26T08:22:44Z</time>
   </trkpt>
   <trkpt lat="47.639917" lon="12.258303">
    <ele>622.669</ele>
    <time>2026-06-26T08:22:48Z</time>
   </trkpt>
   <trkpt lat="47.639916" lon="12.257732">
    <ele>622.014</ele>
    <time>2026-06-26T08:22:54Z</time>
   </trkpt>
   <trkpt lat="47.639916" lon="12.257359">
    <ele>622.136</ele>
    <time>2026-06-26T08:22:58Z</time>
   </trkpt>
   <trkpt lat="47.639916" lon="12.256908">
    <ele>622.349</ele>
    <time>2026-06-26T08:23:04Z</time>
   </trkpt>
   <trkpt lat="47.639831" lon="12.255788">
    <ele>621.002</ele>
    <time>2026-06-26T08:23:18Z</time>
   </trkpt>
   <trkpt lat="47.639809" lon="12.255594">
    <ele>619.608</ele>
    <time>2026-06-26T08:23:21Z</time>
   </trkpt>
   <trkpt lat="47.639892" lon="12.255225">
    <ele>615.283</ele>
    <time>2026-06-26T08:23:26Z</time>
   </trkpt>
   <trkpt lat="47.640163" lon="12.255159">
    <ele>612.846</ele>
    <time>2026-06-26T08:23:29Z</time>
   </trkpt>
   <trkpt lat="47.641211" lon="12.254741">
    <ele>601.830</ele>
    <time>2026-06-26T08:23:39Z</time>
   </trkpt>
   <trkpt lat="47.641328" lon="12.254676">
    <ele>600.423</ele>
    <time>2026-06-26T08:23:40Z</time>
   </trkpt>
   <trkpt lat="47.641800" lon="12.254412">
    <ele>595.443</ele>
    <time>2026-06-26T08:23:44Z</time>
   </trkpt>
   <trkpt lat="47.642391" lon="12.253947">
    <ele>590.425</ele>
    <time>2026-06-26T08:23:49Z</time>
   </trkpt>
   <trkpt lat="47.642740" lon="12.253271">
    <ele>586.943</ele>
    <time>2026-06-26T08:23:54Z</time>
   </trkpt>
   <trkpt lat="47.642774" lon="12.252903">
    <ele>585.288</ele>
    <time>2026-06-26T08:23:56Z</time>
   </trkpt>
   <trkpt lat="47.642876" lon="12.251782">
    <ele>578.817</ele>
    <time>2026-06-26T08:24:02Z</time>
   </trkpt>
   <trkpt lat="47.643011" lon="12.251243">
    <ele>577.366</ele>
    <time>2026-06-26T08:24:05Z</time>
   </trkpt>
   <trkpt lat="47.642815" lon="12.250622">
    <ele>574.851</ele>
    <time>2026-06-26T08:24:10Z</time>
   </trkpt>
   <trkpt lat="47.642739" lon="12.250350">
    <ele>573.873</ele>
    <time>2026-06-26T08:24:12Z</time>
   </trkpt>
   <trkpt lat="47.642626" lon="12.249842">
    <ele>572.484</ele>
    <time>2026-06-26T08:24:15Z</time>
   </trkpt>
   <trkpt lat="47.642706" lon="12.249172">
    <ele>570.947</ele>
    <time>2026-06-26T08:24:19Z</time>
   </trkpt>
   <trkpt lat="47.642722" lon="12.248706">
    <ele>569.672</ele>
    <time>2026-06-26T08:24:22Z</time>
   </trkpt>
   <trkpt lat="47.642665" lon="12.248238">
    <ele>567.580</ele>
    <time>2026-06-26T08:24:25Z</time>
   </trkpt>
   <trkpt lat="47.642641" lon="12.247748">
    <ele>566.437</ele>
    <time>2026-06-26T08:24:28Z</time>
   </trkpt>
   <trkpt lat="47.642641" lon="12.247401">
    <ele>565.756</ele>
    <time>2026-06-26T08:24:30Z</time>
   </trkpt>
   <trkpt lat="47.642641" lon="12.246859">
    <ele>563.975</ele>
    <time>2026-06-26T08:24:33Z</time>
   </trkpt>
   <trkpt lat="47.642750" lon="12.246449">
    <ele>562.951</ele>
    <time>2026-06-26T08:24:36Z</time>
   </trkpt>
   <trkpt lat="47.643134" lon="12.246087">
    <ele>560.847</ele>
    <time>2026-06-26T08:24:40Z</time>
   </trkpt>
   <trkpt lat="47.643415" lon="12.245903">
    <ele>559.530</ele>
    <time>2026-06-26T08:24:43Z</time>
   </trkpt>
   <trkpt lat="47.644478" lon="12.245665">
    <ele>554.613</ele>
    <time>2026-06-26T08:24:53Z</time>
   </trkpt>
   <trkpt lat="47.644744" lon="12.245636">
    <ele>551.129</ele>
    <time>2026-06-26T08:24:56Z</time>
   </trkpt>
   <trkpt lat="47.644744" lon="12.245390">
    <ele>547.028</ele>
    <time>2026-06-26T08:25:01Z</time>
   </trkpt>
   <trkpt lat="47.644744" lon="12.245094">
    <ele>544.186</ele>
    <time>2026-06-26T08:25:07Z</time>
   </trkpt>
   <trkpt lat="47.644787" lon="12.244434">
    <ele>539.293</ele>
    <time>2026-06-26T08:25:18Z</time>
   </trkpt>
   <trkpt lat="47.644912" lon="12.243291">
    <ele>534.297</ele>
    <time>2026-06-26T08:25:33Z</time>
   </trkpt>
   <trkpt lat="47.645044" lon="12.241822">
    <ele>530.774</ele>
    <time>2026-06-26T08:25:49Z</time>
   </trkpt>
   <trkpt lat="47.645013" lon="12.241495">
    <ele>529.401</ele>
    <time>2026-06-26T08:25:53Z</time>
   </trkpt>
   <trkpt lat="47.644839" lon="12.240284">
    <ele>526.303</ele>
    <time>2026-06-26T08:26:07Z</time>
   </trkpt>
   <trkpt lat="47.644924" lon="12.239974">
    <ele>525.684</ele>
    <time>2026-06-26T08:26:11Z</time>
   </trkpt>
   <trkpt lat="47.645038" lon="12.239822">
    <ele>524.627</ele>
    <time>2026-06-26T08:26:14Z</time>
   </trkpt>
   <trkpt lat="47.645196" lon="12.239521">
    <ele>522.021</ele>
    <time>2026-06-26T08:26:19Z</time>
   </trkpt>
   <trkpt lat="47.645234" lon="12.239393">
    <ele>521.754</ele>
    <time>2026-06-26T08:26:21Z</time>
   </trkpt>
   <trkpt lat="47.645308" lon="12.239043">
    <ele>517.743</ele>
    <time>2026-06-26T08:26:26Z</time>
   </trkpt>
   <trkpt lat="47.645374" lon="12.238726">
    <ele>515.373</ele>
    <time>2026-06-26T08:26:31Z</time>
   </trkpt>
   <trkpt lat="47.645408" lon="12.238221">
    <ele>512.610</ele>
    <time>2026-06-26T08:26:36Z</time>
   </trkpt>
   <trkpt lat="47.645715" lon="12.237209">
    <ele>511.056</ele>
    <time>2026-06-26T08:26:46Z</time>
   </trkpt>
   <trkpt lat="47.645864" lon="12.236515">
    <ele>510.451</ele>
    <time>2026-06-26T08:26:53Z</time>
   </trkpt>
   <trkpt lat="47.645965" lon="12.236134">
    <ele>509.957</ele>
    <time>2026-06-26T08:26:57Z</time>
   </trkpt>
   <trkpt lat="47.646031" lon="12.236001">
    <ele>511.417</ele>
    <time>2026-06-26T08:27:04Z</time>
   </trkpt>
   <trkpt lat="47.646327" lon="12.235908">
    <ele>512.197</ele>
    <time>2026-06-26T08:27:18Z</time>
   </trkpt>
   <trkpt lat="47.646391" lon="12.235881">
    <ele>511.837</ele>
    <time>2026-06-26T08:27:20Z</time>
   </trkpt>
   <trkpt lat="47.646533" lon="12.235596">
    <ele>510.214</ele>
    <time>2026-06-26T08:27:28Z</time>
   </trkpt>
   <trkpt lat="47.646525" lon="12.235343">
    <ele>509.515</ele>
    <time>2026-06-26T08:27:32Z</time>
   </trkpt>
   <trkpt lat="47.646540" lon="12.235190">
    <ele>508.964</ele>
    <time>2026-06-26T08:27:34Z</time>
   </trkpt>
   <trkpt lat="47.646625" lon="12.234938">
    <ele>508.480</ele>
    <time>2026-06-26T08:27:38Z</time>
   </trkpt>
   <trkpt lat="47.646710" lon="12.234789">
    <ele>508.785</ele>
    <time>2026-06-26T08:27:41Z</time>
   </trkpt>
   <trkpt lat="47.646744" lon="12.234768">
    <ele>510.010</ele>
    <time>2026-06-26T08:27:45Z</time>
   </trkpt>
   <trkpt lat="47.646825" lon="12.234735">
    <ele>506.510</ele>
    <time>2026-06-26T08:27:54Z</time>
   </trkpt>
   <trkpt lat="47.646825" lon="12.234735">
    <ele>504.475</ele>
    <time>2026-06-26T08:28:13Z</time>
   </trkpt>
   <trkpt lat="47.646825" lon="12.234735">
    <ele>503.308</ele>
    <time>2026-06-26T08:29:23Z</time>
   </trkpt>
   <trkpt lat="47.647231" lon="12.234590">
    <ele>501.761</ele>
    <time>2026-06-26T08:29:32Z</time>
   </trkpt>
   <trkpt lat="47.647254" lon="12.234081">
    <ele>500.851</ele>
    <time>2026-06-26T08:29:43Z</time>
   </trkpt>
   <trkpt lat="47.647264" lon="12.233784">
    <ele>502.648</ele>
    <time>2026-06-26T08:29:48Z</time>
   </trkpt>
   <trkpt lat="47.647340" lon="12.233555">
    <ele>504.711</ele>
    <time>2026-06-26T08:29:52Z</time>
   </trkpt>
   <trkpt lat="47.647619" lon="12.233212">
    <ele>507.226</ele>
    <time>2026-06-26T08:30:05Z</time>
   </trkpt>
   <trkpt lat="47.647619" lon="12.233212">
    <ele>507.654</ele>
    <time>2026-06-26T08:30:20Z</time>
   </trkpt>
   <trkpt lat="47.647634" lon="12.232245">
    <ele>507.688</ele>
    <time>2026-06-26T08:30:31Z</time>
   </trkpt>
   <trkpt lat="47.647555" lon="12.230873">
    <ele>508.344</ele>
    <time>2026-06-26T08:30:47Z</time>
   </trkpt>
   <trkpt lat="47.647777" lon="12.230462">
    <ele>508.956</ele>
    <time>2026-06-26T08:30:53Z</time>
   </trkpt>
   <trkpt lat="47.648163" lon="12.230494">
    <ele>510.436</ele>
    <time>2026-06-26T08:31:09Z</time>
   </trkpt>
   <trkpt lat="47.648523" lon="12.230668">
    <ele>516.165</ele>
    <time>2026-06-26T08:31:28Z</time>
   </trkpt>
   <trkpt lat="47.648918" lon="12.230807">
    <ele>519.507</ele>
    <time>2026-06-26T08:31:48Z</time>
   </trkpt>
   <trkpt lat="47.649250" lon="12.230916">
    <ele>521.279</ele>
    <time>2026-06-26T08:32:10Z</time>
   </trkpt>
   <trkpt lat="47.649427" lon="12.230286">
    <ele>521.246</ele>
    <time>2026-06-26T08:32:23Z</time>
   </trkpt>
   <trkpt lat="47.649474" lon="12.230057">
    <ele>521.152</ele>
    <time>2026-06-26T08:32:27Z</time>
   </trkpt>
   <trkpt lat="47.649550" lon="12.229853">
    <ele>519.729</ele>
    <time>2026-06-26T08:32:30Z</time>
   </trkpt>
   <trkpt lat="47.649685" lon="12.229590">
    <ele>517.172</ele>
    <time>2026-06-26T08:32:33Z</time>
   </trkpt>
   <trkpt lat="47.649829" lon="12.229115">
    <ele>515.082</ele>
    <time>2026-06-26T08:32:37Z</time>
   </trkpt>
   <trkpt lat="47.649932" lon="12.228723">
    <ele>514.599</ele>
    <time>2026-06-26T08:32:40Z</time>
   </trkpt>
   <trkpt lat="47.650306" lon="12.228037">
    <ele>515.829</ele>
    <time>2026-06-26T08:32:48Z</time>
   </trkpt>
   <trkpt lat="47.650419" lon="12.227748">
    <ele>515.530</ele>
    <time>2026-06-26T08:32:51Z</time>
   </trkpt>
   <trkpt lat="47.650616" lon="12.227306">
    <ele>515.487</ele>
    <time>2026-06-26T08:32:56Z</time>
   </trkpt>
   <trkpt lat="47.650602" lon="12.226100">
    <ele>508.297</ele>
    <time>2026-06-26T08:33:05Z</time>
   </trkpt>
   <trkpt lat="47.650729" lon="12.225460">
    <ele>505.926</ele>
    <time>2026-06-26T08:33:10Z</time>
   </trkpt>
   <trkpt lat="47.650976" lon="12.224699">
    <ele>505.232</ele>
    <time>2026-06-26T08:33:17Z</time>
   </trkpt>
   <trkpt lat="47.651095" lon="12.222956">
    <ele>501.225</ele>
    <time>2026-06-26T08:33:31Z</time>
   </trkpt>
   <trkpt lat="47.650932" lon="12.221922">
    <ele>499.255</ele>
    <time>2026-06-26T08:33:40Z</time>
   </trkpt>
   <trkpt lat="47.650856" lon="12.221222">
    <ele>497.653</ele>
    <time>2026-06-26T08:33:46Z</time>
   </trkpt>
   <trkpt lat="47.651020" lon="12.220986">
    <ele>496.243</ele>
    <time>2026-06-26T08:33:51Z</time>
   </trkpt>
   <trkpt lat="47.652313" lon="12.220604">
    <ele>495.257</ele>
    <time>2026-06-26T08:34:12Z</time>
   </trkpt>
   <trkpt lat="47.652465" lon="12.220291">
    <ele>494.741</ele>
    <time>2026-06-26T08:34:17Z</time>
   </trkpt>
   <trkpt lat="47.652705" lon="12.219136">
    <ele>493.739</ele>
    <time>2026-06-26T08:34:31Z</time>
   </trkpt>
   <trkpt lat="47.652396" lon="12.218125">
    <ele>493.081</ele>
    <time>2026-06-26T08:34:43Z</time>
   </trkpt>
   <trkpt lat="47.651793" lon="12.216984">
    <ele>493.236</ele>
    <time>2026-06-26T08:34:59Z</time>
   </trkpt>
   <trkpt lat="47.650935" lon="12.215858">
    <ele>492.113</ele>
    <time>2026-06-26T08:35:18Z</time>
   </trkpt>
   <trkpt lat="47.650859" lon="12.215745">
    <ele>491.442</ele>
    <time>2026-06-26T08:35:23Z</time>
   </trkpt>
   <trkpt lat="47.650672" lon="12.215703">
    <ele>490.555</ele>
    <time>2026-06-26T08:35:28Z</time>
   </trkpt>
   <trkpt lat="47.650453" lon="12.215618">
    <ele>490.753</ele>
    <time>2026-06-26T08:35:35Z</time>
   </trkpt>
   <trkpt lat="47.650476" lon="12.215629">
    <ele>490.203</ele>
    <time>2026-06-26T08:35:41Z</time>
   </trkpt>
   <trkpt lat="47.650702" lon="12.215698">
    <ele>489.613</ele>
    <time>2026-06-26T08:35:52Z</time>
   </trkpt>
   <trkpt lat="47.650702" lon="12.215698">
    <ele>489.611</ele>
    <time>2026-06-26T08:35:53Z</time>
   </trkpt>
   <trkpt lat="47.650789" lon="12.215681">
    <ele>489.268</ele>
    <time>2026-06-26T08:35:58Z</time>
   </trkpt>
   <trkpt lat="47.650850" lon="12.215242">
    <ele>487.213</ele>
    <time>2026-06-26T08:36:10Z</time>
   </trkpt>
   <trkpt lat="47.650887" lon="12.215076">
    <ele>487.545</ele>
    <time>2026-06-26T08:36:13Z</time>
   </trkpt>
   <trkpt lat="47.650947" lon="12.214804">
    <ele>486.447</ele>
    <time>2026-06-26T08:36:17Z</time>
   </trkpt>
   <trkpt lat="47.651035" lon="12.214344">
    <ele>486.348</ele>
    <time>2026-06-26T08:36:23Z</time>
   </trkpt>
   <trkpt lat="47.651138" lon="12.214179">
    <ele>486.726</ele>
    <time>2026-06-26T08:36:29Z</time>
   </trkpt>
   <trkpt lat="47.652065" lon="12.213381">
    <ele>486.979</ele>
    <time>2026-06-26T08:36:44Z</time>
   </trkpt>
   <trkpt lat="47.652218" lon="12.213129">
    <ele>486.496</ele>
    <time>2026-06-26T08:36:48Z</time>
   </trkpt>
   <trkpt lat="47.652844" lon="12.211906">
    <ele>486.625</ele>
    <time>2026-06-26T08:37:07Z</time>
   </trkpt>
   <trkpt lat="47.653394" lon="12.211017">
    <ele>488.096</ele>
    <time>2026-06-26T08:37:22Z</time>
   </trkpt>
   <trkpt lat="47.653669" lon="12.210548">
    <ele>486.635</ele>
    <time>2026-06-26T08:37:33Z</time>
   </trkpt>
   <trkpt lat="47.653939" lon="12.210115">
    <ele>488.249</ele>
    <time>2026-06-26T08:37:49Z</time>
   </trkpt>
   <trkpt lat="47.654181" lon="12.209691">
    <ele>487.115</ele>
    <time>2026-06-26T08:38:01Z</time>
   </trkpt>
   <trkpt lat="47.654212" lon="12.209636">
    <ele>486.871</ele>
    <time>2026-06-26T08:38:02Z</time>
   </trkpt>
   <trkpt lat="47.654319" lon="12.209447">
    <ele>485.619</ele>
    <time>2026-06-26T08:38:05Z</time>
   </trkpt>
   <trkpt lat="47.654704" lon="12.208551">
    <ele>480.000</ele>
    <time>2026-06-26T08:38:16Z</time>
   </trkpt>
   <trkpt lat="47.655080" lon="12.207640">
    <ele>477.845</ele>
    <time>2026-06-26T08:38:28Z</time>
   </trkpt>
   <trkpt lat="47.655480" lon="12.206540">
    <ele>481.153</ele>
    <time>2026-06-26T08:38:42Z</time>
   </trkpt>
   <trkpt lat="47.655556" lon="12.206101">
    <ele>481.746</ele>
    <time>2026-06-26T08:38:48Z</time>
   </trkpt>
   <trkpt lat="47.655718" lon="12.205519">
    <ele>483.557</ele>
    <time>2026-06-26T08:38:56Z</time>
   </trkpt>
   <trkpt lat="47.655942" lon="12.205117">
    <ele>483.072</ele>
    <time>2026-06-26T08:39:03Z</time>
   </trkpt>
   <trkpt lat="47.656258" lon="12.204411">
    <ele>485.771</ele>
    <time>2026-06-26T08:39:16Z</time>
   </trkpt>
   <trkpt lat="47.656355" lon="12.204109">
    <ele>486.918</ele>
    <time>2026-06-26T08:39:20Z</time>
   </trkpt>
   <trkpt lat="47.656645" lon="12.203543">
    <ele>490.249</ele>
    <time>2026-06-26T08:39:32Z</time>
   </trkpt>
   <trkpt lat="47.656684" lon="12.203469">
    <ele>490.758</ele>
    <time>2026-06-26T08:39:33Z</time>
   </trkpt>
   <trkpt lat="47.657152" lon="12.202433">
    <ele>489.855</ele>
    <time>2026-06-26T08:39:45Z</time>
   </trkpt>
   <trkpt lat="47.657345" lon="12.201106">
    <ele>490.785</ele>
    <time>2026-06-26T08:39:59Z</time>
   </trkpt>
   <trkpt lat="47.657374" lon="12.200905">
    <ele>491.402</ele>
    <time>2026-06-26T08:40:01Z</time>
   </trkpt>
   <trkpt lat="47.657536" lon="12.199614">
    <ele>488.441</ele>
    <time>2026-06-26T08:40:15Z</time>
   </trkpt>
   <trkpt lat="47.657640" lon="12.197767">
    <ele>485.379</ele>
    <time>2026-06-26T08:40:32Z</time>
   </trkpt>
   <trkpt lat="47.657640" lon="12.197572">
    <ele>485.346</ele>
    <time>2026-06-26T08:40:34Z</time>
   </trkpt>
   <trkpt lat="47.657606" lon="12.196599">
    <ele>483.821</ele>
    <time>2026-06-26T08:40:44Z</time>
   </trkpt>
   <trkpt lat="47.657557" lon="12.195182">
    <ele>484.130</ele>
    <time>2026-06-26T08:40:58Z</time>
   </trkpt>
   <trkpt lat="47.657372" lon="12.194557">
    <ele>482.519</ele>
    <time>2026-06-26T08:41:05Z</time>
   </trkpt>
   <trkpt lat="47.657294" lon="12.194113">
    <ele>481.827</ele>
    <time>2026-06-26T08:41:09Z</time>
   </trkpt>
   <trkpt lat="47.657386" lon="12.193705">
    <ele>479.943</ele>
    <time>2026-06-26T08:41:13Z</time>
   </trkpt>
   <trkpt lat="47.657510" lon="12.193266">
    <ele>476.863</ele>
    <time>2026-06-26T08:41:17Z</time>
   </trkpt>
   <trkpt lat="47.657571" lon="12.192479">
    <ele>472.381</ele>
    <time>2026-06-26T08:41:24Z</time>
   </trkpt>
   <trkpt lat="47.657483" lon="12.191627">
    <ele>468.512</ele>
    <time>2026-06-26T08:41:33Z</time>
   </trkpt>
   <trkpt lat="47.657462" lon="12.191262">
    <ele>467.513</ele>
    <time>2026-06-26T08:41:35Z</time>
   </trkpt>
   <trkpt lat="47.657807" lon="12.190433">
    <ele>462.503</ele>
    <time>2026-06-26T08:41:42Z</time>
   </trkpt>
   <trkpt lat="47.657940" lon="12.190146">
    <ele>461.841</ele>
    <time>2026-06-26T08:41:45Z</time>
   </trkpt>
   <trkpt lat="47.658047" lon="12.189504">
    <ele>459.168</ele>
    <time>2026-06-26T08:41:51Z</time>
   </trkpt>
   <trkpt lat="47.658224" lon="12.188791">
    <ele>455.902</ele>
    <time>2026-06-26T08:41:57Z</time>
   </trkpt>
   <trkpt lat="47.658374" lon="12.188286">
    <ele>456.892</ele>
    <time>2026-06-26T08:42:01Z</time>
   </trkpt>
   <trkpt lat="47.658699" lon="12.187618">
    <ele>456.606</ele>
    <time>2026-06-26T08:42:08Z</time>
   </trkpt>
   <trkpt lat="47.659038" lon="12.187117">
    <ele>456.668</ele>
    <time>2026-06-26T08:42:16Z</time>
   </trkpt>
   <trkpt lat="47.659185" lon="12.186842">
    <ele>456.151</ele>
    <time>2026-06-26T08:42:21Z</time>
   </trkpt>
   <trkpt lat="47.659619" lon="12.186222">
    <ele>458.905</ele>
    <time>2026-06-26T08:42:31Z</time>
   </trkpt>
   <trkpt lat="47.660339" lon="12.185718">
    <ele>463.576</ele>
    <time>2026-06-26T08:42:50Z</time>
   </trkpt>
   <trkpt lat="47.660840" lon="12.185405">
    <ele>466.171</ele>
    <time>2026-06-26T08:43:06Z</time>
   </trkpt>
   <trkpt lat="47.661375" lon="12.185234">
    <ele>471.170</ele>
    <time>2026-06-26T08:43:21Z</time>
   </trkpt>
   <trkpt lat="47.661586" lon="12.185203">
    <ele>472.209</ele>
    <time>2026-06-26T08:43:26Z</time>
   </trkpt>
   <trkpt lat="47.661674" lon="12.185190">
    <ele>471.314</ele>
    <time>2026-06-26T08:43:30Z</time>
   </trkpt>
   <trkpt lat="47.662188" lon="12.185190">
    <ele>475.162</ele>
    <time>2026-06-26T08:43:41Z</time>
   </trkpt>
   <trkpt lat="47.662734" lon="12.185190">
    <ele>474.983</ele>
    <time>2026-06-26T08:43:55Z</time>
   </trkpt>
   <trkpt lat="47.662860" lon="12.185166">
    <ele>474.803</ele>
    <time>2026-06-26T08:43:58Z</time>
   </trkpt>
   <trkpt lat="47.662990" lon="12.185138">
    <ele>475.044</ele>
    <time>2026-06-26T08:44:01Z</time>
   </trkpt>
   <trkpt lat="47.663606" lon="12.185572">
    <ele>473.914</ele>
    <time>2026-06-26T08:44:13Z</time>
   </trkpt>
   <trkpt lat="47.664457" lon="12.185370">
    <ele>471.806</ele>
    <time>2026-06-26T08:44:26Z</time>
   </trkpt>
   <trkpt lat="47.664698" lon="12.185249">
    <ele>471.435</ele>
    <time>2026-06-26T08:44:30Z</time>
   </trkpt>
   <trkpt lat="47.664883" lon="12.185031">
    <ele>471.096</ele>
    <time>2026-06-26T08:44:34Z</time>
   </trkpt>
   <trkpt lat="47.665238" lon="12.184568">
    <ele>471.005</ele>
    <time>2026-06-26T08:44:44Z</time>
   </trkpt>
   <trkpt lat="47.665975" lon="12.184336">
    <ele>472.899</ele>
    <time>2026-06-26T08:45:00Z</time>
   </trkpt>
   <trkpt lat="47.666342" lon="12.184321">
    <ele>472.435</ele>
    <time>2026-06-26T08:45:07Z</time>
   </trkpt>
   <trkpt lat="47.667341" lon="12.184524">
    <ele>468.928</ele>
    <time>2026-06-26T08:45:25Z</time>
   </trkpt>
   <trkpt lat="47.668306" lon="12.184817">
    <ele>467.656</ele>
    <time>2026-06-26T08:45:42Z</time>
   </trkpt>
   <trkpt lat="47.668433" lon="12.184868">
    <ele>467.662</ele>
    <time>2026-06-26T08:45:50Z</time>
   </trkpt>
   <trkpt lat="47.668433" lon="12.184868">
    <ele>467.658</ele>
    <time>2026-06-26T08:45:52Z</time>
   </trkpt>
   <trkpt lat="47.668491" lon="12.184753">
    <ele>467.277</ele>
    <time>2026-06-26T08:45:56Z</time>
   </trkpt>
   <trkpt lat="47.668870" lon="12.184246">
    <ele>466.756</ele>
    <time>2026-06-26T08:46:07Z</time>
   </trkpt>
   <trkpt lat="47.669528" lon="12.183748">
    <ele>465.543</ele>
    <time>2026-06-26T08:46:20Z</time>
   </trkpt>
   <trkpt lat="47.670673" lon="12.182459">
    <ele>466.628</ele>
    <time>2026-06-26T08:46:45Z</time>
   </trkpt>
   <trkpt lat="47.671182" lon="12.181844">
    <ele>466.236</ele>
    <time>2026-06-26T08:46:56Z</time>
   </trkpt>
   <trkpt lat="47.672138" lon="12.180630">
    <ele>466.731</ele>
    <time>2026-06-26T08:47:17Z</time>
   </trkpt>
   <trkpt lat="47.673190" lon="12.179285">
    <ele>466.618</ele>
    <time>2026-06-26T08:47:41Z</time>
   </trkpt>
   <trkpt lat="47.673665" lon="12.178688">
    <ele>466.219</ele>
    <time>2026-06-26T08:47:52Z</time>
   </trkpt>
   <trkpt lat="47.673784" lon="12.178542">
    <ele>466.378</ele>
    <time>2026-06-26T08:47:55Z</time>
   </trkpt>
   <trkpt lat="47.673819" lon="12.178495">
    <ele>466.750</ele>
    <time>2026-06-26T08:47:59Z</time>
   </trkpt>
   <trkpt lat="47.673961" lon="12.178177">
    <ele>466.567</ele>
    <time>2026-06-26T08:48:04Z</time>
   </trkpt>
   <trkpt lat="47.673888" lon="12.177311">
    <ele>468.019</ele>
    <time>2026-06-26T08:48:19Z</time>
   </trkpt>
   <trkpt lat="47.673918" lon="12.176940">
    <ele>468.453</ele>
    <time>2026-06-26T08:48:45Z</time>
   </trkpt>
   <trkpt lat="47.674131" lon="12.175730">
    <ele>468.000</ele>
    <time>2026-06-26T08:49:01Z</time>
   </trkpt>
   <trkpt lat="47.674752" lon="12.174781">
    <ele>466.656</ele>
    <time>2026-06-26T08:49:17Z</time>
   </trkpt>
   <trkpt lat="47.676151" lon="12.172966">
    <ele>465.435</ele>
    <time>2026-06-26T08:49:49Z</time>
   </trkpt>
   <trkpt lat="47.677478" lon="12.171649">
    <ele>465.579</ele>
    <time>2026-06-26T08:50:16Z</time>
   </trkpt>
   <trkpt lat="47.678790" lon="12.170534">
    <ele>466.041</ele>
    <time>2026-06-26T08:50:42Z</time>
   </trkpt>
   <trkpt lat="47.680332" lon="12.169454">
    <ele>468.212</ele>
    <time>2026-06-26T08:51:12Z</time>
   </trkpt>
   <trkpt lat="47.681827" lon="12.168569">
    <ele>467.716</ele>
    <time>2026-06-26T08:51:40Z</time>
   </trkpt>
   <trkpt lat="47.682567" lon="12.168236">
    <ele>466.328</ele>
    <time>2026-06-26T08:51:56Z</time>
   </trkpt>
   <trkpt lat="47.684212" lon="12.167625">
    <ele>466.493</ele>
    <time>2026-06-26T08:52:26Z</time>
   </trkpt>
   <trkpt lat="47.686085" lon="12.166982">
    <ele>466.380</ele>
    <time>2026-06-26T08:52:59Z</time>
   </trkpt>
   <trkpt lat="47.687844" lon="12.166379">
    <ele>466.743</ele>
    <time>2026-06-26T08:53:29Z</time>
   </trkpt>
   <trkpt lat="47.690055" lon="12.165640">
    <ele>466.557</ele>
    <time>2026-06-26T08:54:07Z</time>
   </trkpt>
   <trkpt lat="47.691895" lon="12.165248">
    <ele>466.905</ele>
    <time>2026-06-26T08:54:39Z</time>
   </trkpt>
   <trkpt lat="47.693912" lon="12.164814">
    <ele>466.309</ele>
    <time>2026-06-26T08:55:13Z</time>
   </trkpt>
   <trkpt lat="47.695325" lon="12.164510">
    <ele>465.491</ele>
    <time>2026-06-26T08:55:38Z</time>
   </trkpt>
   <trkpt lat="47.697107" lon="12.164144">
    <ele>465.545</ele>
    <time>2026-06-26T08:56:09Z</time>
   </trkpt>
   <trkpt lat="47.699007" lon="12.163759">
    <ele>464.969</ele>
    <time>2026-06-26T08:56:42Z</time>
   </trkpt>
   <trkpt lat="47.700699" lon="12.163417">
    <ele>464.155</ele>
    <time>2026-06-26T08:57:11Z</time>
   </trkpt>
   <trkpt lat="47.702266" lon="12.163077">
    <ele>463.815</ele>
    <time>2026-06-26T08:57:38Z</time>
   </trkpt>
   <trkpt lat="47.704158" lon="12.162629">
    <ele>463.908</ele>
    <time>2026-06-26T08:58:10Z</time>
   </trkpt>
   <trkpt lat="47.704212" lon="12.162616">
    <ele>463.854</ele>
    <time>2026-06-26T08:58:11Z</time>
   </trkpt>
   <trkpt lat="47.704375" lon="12.162766">
    <ele>463.763</ele>
    <time>2026-06-26T08:58:16Z</time>
   </trkpt>
   <trkpt lat="47.704375" lon="12.162766">
    <ele>464.402</ele>
    <time>2026-06-26T08:58:20Z</time>
   </trkpt>
   <trkpt lat="47.704375" lon="12.162766">
    <ele>464.761</ele>
    <time>2026-06-26T08:58:22Z</time>
   </trkpt>
   <trkpt lat="47.704375" lon="12.162766">
    <ele>465.072</ele>
    <time>2026-06-26T08:58:27Z</time>
   </trkpt>
   <trkpt lat="47.705609" lon="12.162106">
    <ele>465.029</ele>
    <time>2026-06-26T08:58:44Z</time>
   </trkpt>
   <trkpt lat="47.707402" lon="12.161218">
    <ele>466.293</ele>
    <time>2026-06-26T08:59:16Z</time>
   </trkpt>
   <trkpt lat="47.708101" lon="12.160791">
    <ele>466.496</ele>
    <time>2026-06-26T08:59:30Z</time>
   </trkpt>
   <trkpt lat="47.708102" lon="12.160874">
    <ele>465.158</ele>
    <time>2026-06-26T08:59:35Z</time>
   </trkpt>
   <trkpt lat="47.708027" lon="12.160948">
    <ele>463.784</ele>
    <time>2026-06-26T08:59:37Z</time>
   </trkpt>
   <trkpt lat="47.707881" lon="12.161089">
    <ele>462.039</ele>
    <time>2026-06-26T08:59:40Z</time>
   </trkpt>
   <trkpt lat="47.707640" lon="12.161263">
    <ele>460.647</ele>
    <time>2026-06-26T08:59:44Z</time>
   </trkpt>
   <trkpt lat="47.707543" lon="12.161413">
    <ele>460.540</ele>
    <time>2026-06-26T08:59:52Z</time>
   </trkpt>
  </trkseg>
 </trk>
 <trk>
  <name>ACTIVE LOG023731</name>
  <trkseg>
   <trkpt lat="47.707573" lon="12.161358">
    <ele>464.749</ele>
    <time>2026-06-26T09:37:30Z</time>
   </trkpt>
   <trkpt lat="47.707697" lon="12.161249">
    <ele>464.156</ele>
    <time>2026-06-26T09:37:37Z</time>
   </trkpt>
   <trkpt lat="47.708047" lon="12.160961">
    <ele>468.144</ele>
    <time>2026-06-26T09:37:54Z</time>
   </trkpt>
   <trkpt lat="47.708196" lon="12.160778">
    <ele>470.377</ele>
    <time>2026-06-26T09:38:07Z</time>
   </trkpt>
   <trkpt lat="47.708543" lon="12.160539">
    <ele>469.833</ele>
    <time>2026-06-26T09:38:22Z</time>
   </trkpt>
   <trkpt lat="47.709116" lon="12.160125">
    <ele>470.016</ele>
    <time>2026-06-26T09:38:40Z</time>
   </trkpt>
   <trkpt lat="47.709238" lon="12.160037">
    <ele>470.065</ele>
    <time>2026-06-26T09:38:50Z</time>
   </trkpt>
   <trkpt lat="47.709459" lon="12.159879">
    <ele>470.206</ele>
    <time>2026-06-26T09:39:13Z</time>
   </trkpt>
   <trkpt lat="47.710688" lon="12.158969">
    <ele>470.631</ele>
    <time>2026-06-26T09:39:42Z</time>
   </trkpt>
   <trkpt lat="47.711767" lon="12.157954">
    <ele>470.835</ele>
    <time>2026-06-26T09:40:11Z</time>
   </trkpt>
   <trkpt lat="47.712688" lon="12.156835">
    <ele>470.345</ele>
    <time>2026-06-26T09:40:37Z</time>
   </trkpt>
   <trkpt lat="47.713567" lon="12.155448">
    <ele>471.374</ele>
    <time>2026-06-26T09:41:05Z</time>
   </trkpt>
   <trkpt lat="47.714620" lon="12.153621">
    <ele>470.223</ele>
    <time>2026-06-26T09:41:40Z</time>
   </trkpt>
   <trkpt lat="47.715639" lon="12.152078">
    <ele>471.262</ele>
    <time>2026-06-26T09:42:12Z</time>
   </trkpt>
   <trkpt lat="47.716605" lon="12.151048">
    <ele>471.870</ele>
    <time>2026-06-26T09:42:38Z</time>
   </trkpt>
   <trkpt lat="47.717831" lon="12.150147">
    <ele>470.814</ele>
    <time>2026-06-26T09:43:08Z</time>
   </trkpt>
   <trkpt lat="47.718000" lon="12.150068">
    <ele>470.943</ele>
    <time>2026-06-26T09:43:12Z</time>
   </trkpt>
   <trkpt lat="47.718169" lon="12.150078">
    <ele>471.320</ele>
    <time>2026-06-26T09:43:16Z</time>
   </trkpt>
   <trkpt lat="47.718259" lon="12.150107">
    <ele>471.087</ele>
    <time>2026-06-26T09:43:18Z</time>
   </trkpt>
   <trkpt lat="47.718518" lon="12.149856">
    <ele>470.112</ele>
    <time>2026-06-26T09:43:25Z</time>
   </trkpt>
   <trkpt lat="47.718688" lon="12.149624">
    <ele>470.119</ele>
    <time>2026-06-26T09:43:30Z</time>
   </trkpt>
   <trkpt lat="47.720008" lon="12.148774">
    <ele>470.351</ele>
    <time>2026-06-26T09:44:00Z</time>
   </trkpt>
   <trkpt lat="47.721413" lon="12.147900">
    <ele>470.259</ele>
    <time>2026-06-26T09:44:32Z</time>
   </trkpt>
   <trkpt lat="47.722851" lon="12.146980">
    <ele>470.334</ele>
    <time>2026-06-26T09:45:04Z</time>
   </trkpt>
   <trkpt lat="47.724121" lon="12.146176">
    <ele>469.375</ele>
    <time>2026-06-26T09:45:32Z</time>
   </trkpt>
   <trkpt lat="47.725755" lon="12.145158">
    <ele>468.902</ele>
    <time>2026-06-26T09:46:05Z</time>
   </trkpt>
   <trkpt lat="47.727561" lon="12.144004">
    <ele>468.079</ele>
    <time>2026-06-26T09:46:42Z</time>
   </trkpt>
   <trkpt lat="47.728664" lon="12.143364">
    <ele>469.295</ele>
    <time>2026-06-26T09:47:05Z</time>
   </trkpt>
   <trkpt lat="47.728996" lon="12.143161">
    <ele>469.206</ele>
    <time>2026-06-26T09:47:13Z</time>
   </trkpt>
   <trkpt lat="47.729161" lon="12.143018">
    <ele>468.781</ele>
    <time>2026-06-26T09:47:17Z</time>
   </trkpt>
   <trkpt lat="47.730249" lon="12.142324">
    <ele>468.185</ele>
    <time>2026-06-26T09:47:39Z</time>
   </trkpt>
   <trkpt lat="47.732025" lon="12.141212">
    <ele>467.939</ele>
    <time>2026-06-26T09:48:15Z</time>
   </trkpt>
   <trkpt lat="47.733808" lon="12.140098">
    <ele>468.106</ele>
    <time>2026-06-26T09:48:52Z</time>
   </trkpt>
   <trkpt lat="47.735484" lon="12.139048">
    <ele>467.733</ele>
    <time>2026-06-26T09:49:27Z</time>
   </trkpt>
   <trkpt lat="47.736856" lon="12.138270">
    <ele>468.118</ele>
    <time>2026-06-26T09:49:57Z</time>
   </trkpt>
   <trkpt lat="47.738270" lon="12.137558">
    <ele>467.955</ele>
    <time>2026-06-26T09:50:25Z</time>
   </trkpt>
   <trkpt lat="47.739492" lon="12.137043">
    <ele>467.847</ele>
    <time>2026-06-26T09:50:50Z</time>
   </trkpt>
   <trkpt lat="47.739973" lon="12.136942">
    <ele>469.905</ele>
    <time>2026-06-26T09:51:04Z</time>
   </trkpt>
   <trkpt lat="47.740090" lon="12.137572">
    <ele>468.221</ele>
    <time>2026-06-26T09:51:16Z</time>
   </trkpt>
   <trkpt lat="47.740252" lon="12.138296">
    <ele>466.635</ele>
    <time>2026-06-26T09:51:26Z</time>
   </trkpt>
   <trkpt lat="47.740307" lon="12.138533">
    <ele>465.626</ele>
    <time>2026-06-26T09:51:29Z</time>
   </trkpt>
   <trkpt lat="47.740443" lon="12.139033">
    <ele>464.159</ele>
    <time>2026-06-26T09:51:35Z</time>
   </trkpt>
   <trkpt lat="47.740363" lon="12.139342">
    <ele>463.283</ele>
    <time>2026-06-26T09:51:42Z</time>
   </trkpt>
   <trkpt lat="47.740433" lon="12.139336">
    <ele>463.191</ele>
    <time>2026-06-26T09:51:45Z</time>
   </trkpt>
   <trkpt lat="47.740703" lon="12.139127">
    <ele>463.984</ele>
    <time>2026-06-26T09:51:54Z</time>
   </trkpt>
   <trkpt lat="47.740700" lon="12.138975">
    <ele>463.681</ele>
    <time>2026-06-26T09:52:01Z</time>
   </trkpt>
   <trkpt lat="47.740675" lon="12.138975">
    <ele>463.771</ele>
    <time>2026-06-26T09:52:04Z</time>
   </trkpt>
   <trkpt lat="47.740660" lon="12.138996">
    <ele>463.222</ele>
    <time>2026-06-26T09:52:06Z</time>
   </trkpt>
   <trkpt lat="47.740691" lon="12.139074">
    <ele>463.621</ele>
    <time>2026-06-26T09:52:10Z</time>
   </trkpt>
   <trkpt lat="47.740820" lon="12.139039">
    <ele>463.786</ele>
    <time>2026-06-26T09:52:14Z</time>
   </trkpt>
   <trkpt lat="47.741133" lon="12.138774">
    <ele>463.660</ele>
    <time>2026-06-26T09:52:25Z</time>
   </trkpt>
   <trkpt lat="47.741160" lon="12.138282">
    <ele>462.976</ele>
    <time>2026-06-26T09:52:33Z</time>
   </trkpt>
   <trkpt lat="47.741203" lon="12.137674">
    <ele>463.586</ele>
    <time>2026-06-26T09:52:41Z</time>
   </trkpt>
   <trkpt lat="47.741430" lon="12.137326">
    <ele>463.435</ele>
    <time>2026-06-26T09:52:47Z</time>
   </trkpt>
   <trkpt lat="47.741537" lon="12.137248">
    <ele>463.564</ele>
    <time>2026-06-26T09:52:49Z</time>
   </trkpt>
   <trkpt lat="47.742587" lon="12.137052">
    <ele>463.624</ele>
    <time>2026-06-26T09:53:07Z</time>
   </trkpt>
   <trkpt lat="47.743482" lon="12.137424">
    <ele>463.542</ele>
    <time>2026-06-26T09:53:24Z</time>
   </trkpt>
   <trkpt lat="47.743897" lon="12.137609">
    <ele>464.778</ele>
    <time>2026-06-26T09:53:33Z</time>
   </trkpt>
   <trkpt lat="47.744072" lon="12.137710">
    <ele>464.198</ele>
    <time>2026-06-26T09:53:36Z</time>
   </trkpt>
   <trkpt lat="47.744818" lon="12.137730">
    <ele>463.981</ele>
    <time>2026-06-26T09:53:50Z</time>
   </trkpt>
   <trkpt lat="47.744870" lon="12.137711">
    <ele>464.092</ele>
    <time>2026-06-26T09:53:51Z</time>
   </trkpt>
   <trkpt lat="47.745040" lon="12.137634">
    <ele>464.504</ele>
    <time>2026-06-26T09:53:55Z</time>
   </trkpt>
   <trkpt lat="47.745184" lon="12.137632">
    <ele>463.963</ele>
    <time>2026-06-26T09:53:58Z</time>
   </trkpt>
   <trkpt lat="47.745495" lon="12.137534">
    <ele>464.004</ele>
    <time>2026-06-26T09:54:04Z</time>
   </trkpt>
   <trkpt lat="47.745737" lon="12.137341">
    <ele>463.315</ele>
    <time>2026-06-26T09:54:09Z</time>
   </trkpt>
   <trkpt lat="47.745880" lon="12.137112">
    <ele>463.566</ele>
    <time>2026-06-26T09:54:13Z</time>
   </trkpt>
   <trkpt lat="47.746272" lon="12.136208">
    <ele>462.979</ele>
    <time>2026-06-26T09:54:27Z</time>
   </trkpt>
   <trkpt lat="47.746501" lon="12.135947">
    <ele>463.278</ele>
    <time>2026-06-26T09:54:33Z</time>
   </trkpt>
   <trkpt lat="47.746635" lon="12.135868">
    <ele>463.457</ele>
    <time>2026-06-26T09:54:36Z</time>
   </trkpt>
   <trkpt lat="47.747006" lon="12.135762">
    <ele>462.110</ele>
    <time>2026-06-26T09:54:44Z</time>
   </trkpt>
   <trkpt lat="47.747521" lon="12.135660">
    <ele>460.237</ele>
    <time>2026-06-26T09:54:56Z</time>
   </trkpt>
   <trkpt lat="47.747748" lon="12.135610">
    <ele>460.386</ele>
    <time>2026-06-26T09:55:01Z</time>
   </trkpt>
   <trkpt lat="47.747867" lon="12.135592">
    <ele>460.251</ele>
    <time>2026-06-26T09:55:04Z</time>
   </trkpt>
   <trkpt lat="47.748031" lon="12.135579">
    <ele>460.189</ele>
    <time>2026-06-26T09:55:08Z</time>
   </trkpt>
   <trkpt lat="47.748246" lon="12.135723">
    <ele>458.152</ele>
    <time>2026-06-26T09:55:13Z</time>
   </trkpt>
   <trkpt lat="47.748398" lon="12.135738">
    <ele>458.157</ele>
    <time>2026-06-26T09:55:16Z</time>
   </trkpt>
   <trkpt lat="47.748624" lon="12.135590">
    <ele>459.239</ele>
    <time>2026-06-26T09:55:21Z</time>
   </trkpt>
   <trkpt lat="47.748702" lon="12.135474">
    <ele>459.414</ele>
    <time>2026-06-26T09:55:23Z</time>
   </trkpt>
   <trkpt lat="47.749457" lon="12.135305">
    <ele>460.196</ele>
    <time>2026-06-26T09:55:37Z</time>
   </trkpt>
   <trkpt lat="47.751310" lon="12.134949">
    <ele>462.338</ele>
    <time>2026-06-26T09:56:10Z</time>
   </trkpt>
   <trkpt lat="47.753231" lon="12.134605">
    <ele>461.545</ele>
    <time>2026-06-26T09:56:45Z</time>
   </trkpt>
   <trkpt lat="47.754744" lon="12.134325">
    <ele>462.548</ele>
    <time>2026-06-26T09:57:11Z</time>
   </trkpt>
   <trkpt lat="47.756245" lon="12.134049">
    <ele>462.137</ele>
    <time>2026-06-26T09:57:38Z</time>
   </trkpt>
   <trkpt lat="47.757930" lon="12.133741">
    <ele>461.644</ele>
    <time>2026-06-26T09:58:08Z</time>
   </trkpt>
   <trkpt lat="47.759387" lon="12.133630">
    <ele>461.062</ele>
    <time>2026-06-26T09:58:34Z</time>
   </trkpt>
   <trkpt lat="47.760700" lon="12.133728">
    <ele>461.942</ele>
    <time>2026-06-26T09:58:57Z</time>
   </trkpt>
   <trkpt lat="47.761684" lon="12.133898">
    <ele>461.701</ele>
    <time>2026-06-26T09:59:14Z</time>
   </trkpt>
   <trkpt lat="47.762614" lon="12.134123">
    <ele>461.800</ele>
    <time>2026-06-26T09:59:30Z</time>
   </trkpt>
   <trkpt lat="47.763893" lon="12.134380">
    <ele>461.485</ele>
    <time>2026-06-26T09:59:53Z</time>
   </trkpt>
   <trkpt lat="47.764703" lon="12.134547">
    <ele>461.694</ele>
    <time>2026-06-26T10:00:08Z</time>
   </trkpt>
   <trkpt lat="47.766048" lon="12.134846">
    <ele>461.493</ele>
    <time>2026-06-26T10:00:32Z</time>
   </trkpt>
   <trkpt lat="47.766944" lon="12.134963">
    <ele>462.310</ele>
    <time>2026-06-26T10:00:48Z</time>
   </trkpt>
   <trkpt lat="47.767678" lon="12.134996">
    <ele>462.376</ele>
    <time>2026-06-26T10:01:01Z</time>
   </trkpt>
   <trkpt lat="47.769058" lon="12.134813">
    <ele>461.348</ele>
    <time>2026-06-26T10:01:25Z</time>
   </trkpt>
   <trkpt lat="47.769696" lon="12.134691">
    <ele>461.486</ele>
    <time>2026-06-26T10:01:36Z</time>
   </trkpt>
   <trkpt lat="47.770051" lon="12.134649">
    <ele>461.111</ele>
    <time>2026-06-26T10:01:42Z</time>
   </trkpt>
   <trkpt lat="47.771635" lon="12.134296">
    <ele>460.719</ele>
    <time>2026-06-26T10:02:09Z</time>
   </trkpt>
   <trkpt lat="47.773041" lon="12.133874">
    <ele>459.556</ele>
    <time>2026-06-26T10:02:33Z</time>
   </trkpt>
   <trkpt lat="47.773864" lon="12.133576">
    <ele>460.255</ele>
    <time>2026-06-26T10:02:47Z</time>
   </trkpt>
   <trkpt lat="47.774214" lon="12.133431">
    <ele>460.710</ele>
    <time>2026-06-26T10:02:53Z</time>
   </trkpt>
   <trkpt lat="47.775478" lon="12.132714">
    <ele>461.001</ele>
    <time>2026-06-26T10:03:16Z</time>
   </trkpt>
   <trkpt lat="47.776425" lon="12.132170">
    <ele>460.220</ele>
    <time>2026-06-26T10:03:33Z</time>
   </trkpt>
   <trkpt lat="47.776822" lon="12.132114">
    <ele>458.760</ele>
    <time>2026-06-26T10:03:39Z</time>
   </trkpt>
   <trkpt lat="47.777293" lon="12.131784">
    <ele>460.770</ele>
    <time>2026-06-26T10:03:49Z</time>
   </trkpt>
   <trkpt lat="47.777666" lon="12.131199">
    <ele>461.412</ele>
    <time>2026-06-26T10:04:03Z</time>
   </trkpt>
   <trkpt lat="47.778480" lon="12.130039">
    <ele>461.068</ele>
    <time>2026-06-26T10:04:25Z</time>
   </trkpt>
   <trkpt lat="47.779347" lon="12.128948">
    <ele>461.489</ele>
    <time>2026-06-26T10:04:46Z</time>
   </trkpt>
   <trkpt lat="47.780556" lon="12.127713">
    <ele>460.403</ele>
    <time>2026-06-26T10:05:11Z</time>
   </trkpt>
   <trkpt lat="47.781347" lon="12.127132">
    <ele>459.869</ele>
    <time>2026-06-26T10:05:27Z</time>
   </trkpt>
   <trkpt lat="47.781592" lon="12.127091">
    <ele>459.298</ele>
    <time>2026-06-26T10:05:32Z</time>
   </trkpt>
   <trkpt lat="47.781975" lon="12.126899">
    <ele>460.385</ele>
    <time>2026-06-26T10:05:44Z</time>
   </trkpt>
   <trkpt lat="47.782018" lon="12.126774">
    <ele>461.082</ele>
    <time>2026-06-26T10:06:19Z</time>
   </trkpt>
   <trkpt lat="47.781805" lon="12.126084">
    <ele>461.777</ele>
    <time>2026-06-26T10:06:33Z</time>
   </trkpt>
   <trkpt lat="47.781353" lon="12.124620">
    <ele>460.834</ele>
    <time>2026-06-26T10:06:57Z</time>
   </trkpt>
   <trkpt lat="47.781289" lon="12.124395">
    <ele>460.194</ele>
    <time>2026-06-26T10:07:00Z</time>
   </trkpt>
   <trkpt lat="47.781323" lon="12.124226">
    <ele>459.434</ele>
    <time>2026-06-26T10:07:04Z</time>
   </trkpt>
   <trkpt lat="47.781464" lon="12.124100">
    <ele>458.856</ele>
    <time>2026-06-26T10:07:09Z</time>
   </trkpt>
   <trkpt lat="47.782272" lon="12.123615">
    <ele>459.595</ele>
    <time>2026-06-26T10:07:27Z</time>
   </trkpt>
   <trkpt lat="47.783584" lon="12.122929">
    <ele>459.959</ele>
    <time>2026-06-26T10:07:51Z</time>
   </trkpt>
   <trkpt lat="47.784913" lon="12.122447">
    <ele>459.450</ele>
    <time>2026-06-26T10:08:14Z</time>
   </trkpt>
   <trkpt lat="47.786288" lon="12.122150">
    <ele>459.206</ele>
    <time>2026-06-26T10:08:37Z</time>
   </trkpt>
   <trkpt lat="47.787484" lon="12.122061">
    <ele>459.299</ele>
    <time>2026-06-26T10:08:58Z</time>
   </trkpt>
   <trkpt lat="47.787647" lon="12.122022">
    <ele>459.900</ele>
    <time>2026-06-26T10:09:01Z</time>
   </trkpt>
   <trkpt lat="47.787911" lon="12.121789">
    <ele>459.864</ele>
    <time>2026-06-26T10:09:07Z</time>
   </trkpt>
   <trkpt lat="47.788374" lon="12.120776">
    <ele>462.035</ele>
    <time>2026-06-26T10:09:23Z</time>
   </trkpt>
   <trkpt lat="47.788485" lon="12.120582">
    <ele>460.768</ele>
    <time>2026-06-26T10:09:27Z</time>
   </trkpt>
   <trkpt lat="47.788772" lon="12.120933">
    <ele>459.729</ele>
    <time>2026-06-26T10:09:40Z</time>
   </trkpt>
   <trkpt lat="47.789500" lon="12.121900">
    <ele>459.407</ele>
    <time>2026-06-26T10:09:59Z</time>
   </trkpt>
   <trkpt lat="47.790188" lon="12.122554">
    <ele>458.952</ele>
    <time>2026-06-26T10:10:14Z</time>
   </trkpt>
   <trkpt lat="47.791085" lon="12.122850">
    <ele>459.132</ele>
    <time>2026-06-26T10:10:30Z</time>
   </trkpt>
   <trkpt lat="47.792426" lon="12.123421">
    <ele>459.247</ele>
    <time>2026-06-26T10:10:54Z</time>
   </trkpt>
   <trkpt lat="47.793803" lon="12.124209">
    <ele>458.929</ele>
    <time>2026-06-26T10:11:19Z</time>
   </trkpt>
   <trkpt lat="47.794860" lon="12.124933">
    <ele>458.896</ele>
    <time>2026-06-26T10:11:39Z</time>
   </trkpt>
   <trkpt lat="47.795943" lon="12.125578">
    <ele>459.395</ele>
    <time>2026-06-26T10:12:00Z</time>
   </trkpt>
   <trkpt lat="47.797301" lon="12.126054">
    <ele>460.173</ele>
    <time>2026-06-26T10:12:24Z</time>
   </trkpt>
   <trkpt lat="47.798620" lon="12.126210">
    <ele>459.451</ele>
    <time>2026-06-26T10:12:48Z</time>
   </trkpt>
   <trkpt lat="47.800231" lon="12.126077">
    <ele>458.887</ele>
    <time>2026-06-26T10:13:16Z</time>
   </trkpt>
   <trkpt lat="47.801626" lon="12.125786">
    <ele>459.843</ele>
    <time>2026-06-26T10:13:41Z</time>
   </trkpt>
   <trkpt lat="47.802778" lon="12.125542">
    <ele>459.652</ele>
    <time>2026-06-26T10:14:02Z</time>
   </trkpt>
   <trkpt lat="47.804366" lon="12.125204">
    <ele>459.595</ele>
    <time>2026-06-26T10:14:31Z</time>
   </trkpt>
   <trkpt lat="47.805848" lon="12.124987">
    <ele>459.899</ele>
    <time>2026-06-26T10:14:58Z</time>
   </trkpt>
   <trkpt lat="47.806844" lon="12.124984">
    <ele>460.388</ele>
    <time>2026-06-26T10:15:17Z</time>
   </trkpt>
   <trkpt lat="47.807055" lon="12.124939">
    <ele>457.511</ele>
    <time>2026-06-26T10:15:21Z</time>
   </trkpt>
   <trkpt lat="47.807379" lon="12.124912">
    <ele>448.975</ele>
    <time>2026-06-26T10:15:25Z</time>
   </trkpt>
   <trkpt lat="47.807599" lon="12.124871">
    <ele>443.268</ele>
    <time>2026-06-26T10:15:28Z</time>
   </trkpt>
   <trkpt lat="47.808301" lon="12.125147">
    <ele>451.133</ele>
    <time>2026-06-26T10:15:42Z</time>
   </trkpt>
   <trkpt lat="47.809340" lon="12.125436">
    <ele>452.382</ele>
    <time>2026-06-26T10:16:01Z</time>
   </trkpt>
   <trkpt lat="47.810477" lon="12.125911">
    <ele>453.702</ele>
    <time>2026-06-26T10:16:23Z</time>
   </trkpt>
   <trkpt lat="47.810566" lon="12.126102">
    <ele>455.498</ele>
    <time>2026-06-26T10:16:28Z</time>
   </trkpt>
   <trkpt lat="47.810549" lon="12.126162">
    <ele>456.218</ele>
    <time>2026-06-26T10:16:31Z</time>
   </trkpt>
   <trkpt lat="47.810548" lon="12.126268">
    <ele>457.162</ele>
    <time>2026-06-26T10:16:35Z</time>
   </trkpt>
   <trkpt lat="47.810621" lon="12.126371">
    <ele>457.706</ele>
    <time>2026-06-26T10:16:40Z</time>
   </trkpt>
   <trkpt lat="47.811255" lon="12.126809">
    <ele>458.014</ele>
    <time>2026-06-26T10:16:57Z</time>
   </trkpt>
   <trkpt lat="47.812379" lon="12.127719">
    <ele>458.408</ele>
    <time>2026-06-26T10:17:23Z</time>
   </trkpt>
   <trkpt lat="47.813300" lon="12.128614">
    <ele>460.488</ele>
    <time>2026-06-26T10:17:43Z</time>
   </trkpt>
   <trkpt lat="47.813997" lon="12.129393">
    <ele>459.104</ele>
    <time>2026-06-26T10:17:58Z</time>
   </trkpt>
   <trkpt lat="47.814890" lon="12.130425">
    <ele>456.808</ele>
    <time>2026-06-26T10:18:19Z</time>
   </trkpt>
   <trkpt lat="47.815672" lon="12.131305">
    <ele>455.254</ele>
    <time>2026-06-26T10:18:42Z</time>
   </trkpt>
   <trkpt lat="47.816692" lon="12.132482">
    <ele>453.684</ele>
    <time>2026-06-26T10:19:12Z</time>
   </trkpt>
   <trkpt lat="47.817456" lon="12.133376">
    <ele>455.144</ele>
    <time>2026-06-26T10:19:33Z</time>
   </trkpt>
   <trkpt lat="47.818325" lon="12.134349">
    <ele>454.950</ele>
    <time>2026-06-26T10:19:57Z</time>
   </trkpt>
   <trkpt lat="47.818480" lon="12.134518">
    <ele>453.891</ele>
    <time>2026-06-26T10:20:03Z</time>
   </trkpt>
   <trkpt lat="47.818519" lon="12.134539">
    <ele>454.256</ele>
    <time>2026-06-26T10:20:20Z</time>
   </trkpt>
   <trkpt lat="47.818529" lon="12.134549">
    <ele>454.109</ele>
    <time>2026-06-26T10:20:58Z</time>
   </trkpt>
   <trkpt lat="47.818373" lon="12.134370">
    <ele>454.707</ele>
    <time>2026-06-26T10:21:07Z</time>
   </trkpt>
   <trkpt lat="47.817720" lon="12.133657">
    <ele>455.089</ele>
    <time>2026-06-26T10:21:27Z</time>
   </trkpt>
   <trkpt lat="47.817688" lon="12.133622">
    <ele>454.989</ele>
    <time>2026-06-26T10:21:28Z</time>
   </trkpt>
   <trkpt lat="47.817749" lon="12.133597">
    <ele>453.572</ele>
    <time>2026-06-26T10:21:33Z</time>
   </trkpt>
   <trkpt lat="47.818282" lon="12.134103">
    <ele>451.961</ele>
    <time>2026-06-26T10:21:44Z</time>
   </trkpt>
   <trkpt lat="47.818463" lon="12.134305">
    <ele>451.694</ele>
    <time>2026-06-26T10:21:49Z</time>
   </trkpt>
   <trkpt lat="47.818595" lon="12.134221">
    <ele>452.167</ele>
    <time>2026-06-26T10:21:53Z</time>
   </trkpt>
   <trkpt lat="47.818797" lon="12.133882">
    <ele>455.458</ele>
    <time>2026-06-26T10:22:01Z</time>
   </trkpt>
   <trkpt lat="47.818829" lon="12.133787">
    <ele>455.069</ele>
    <time>2026-06-26T10:22:03Z</time>
   </trkpt>
   <trkpt lat="47.818921" lon="12.133644">
    <ele>454.497</ele>
    <time>2026-06-26T10:22:06Z</time>
   </trkpt>
   <trkpt lat="47.819064" lon="12.133199">
    <ele>454.363</ele>
    <time>2026-06-26T10:22:14Z</time>
   </trkpt>
   <trkpt lat="47.819546" lon="12.132366">
    <ele>452.105</ele>
    <time>2026-06-26T10:22:30Z</time>
   </trkpt>
   <trkpt lat="47.819696" lon="12.132217">
    <ele>452.374</ele>
    <time>2026-06-26T10:22:34Z</time>
   </trkpt>
   <trkpt lat="47.819771" lon="12.132190">
    <ele>453.359</ele>
    <time>2026-06-26T10:22:36Z</time>
   </trkpt>
   <trkpt lat="47.819998" lon="12.132205">
    <ele>454.002</ele>
    <time>2026-06-26T10:22:41Z</time>
   </trkpt>
   <trkpt lat="47.820202" lon="12.132098">
    <ele>454.314</ele>
    <time>2026-06-26T10:22:46Z</time>
   </trkpt>
   <trkpt lat="47.820222" lon="12.131679">
    <ele>455.496</ele>
    <time>2026-06-26T10:22:53Z</time>
   </trkpt>
   <trkpt lat="47.820169" lon="12.131538">
    <ele>455.735</ele>
    <time>2026-06-26T10:22:55Z</time>
   </trkpt>
   <trkpt lat="47.820129" lon="12.131234">
    <ele>454.678</ele>
    <time>2026-06-26T10:22:59Z</time>
   </trkpt>
   <trkpt lat="47.820132" lon="12.131089">
    <ele>454.553</ele>
    <time>2026-06-26T10:23:01Z</time>
   </trkpt>
   <trkpt lat="47.820215" lon="12.130754">
    <ele>453.904</ele>
    <time>2026-06-26T10:23:07Z</time>
   </trkpt>
   <trkpt lat="47.820356" lon="12.130474">
    <ele>451.375</ele>
    <time>2026-06-26T10:23:12Z</time>
   </trkpt>
   <trkpt lat="47.820434" lon="12.130383">
    <ele>450.643</ele>
    <time>2026-06-26T10:23:14Z</time>
   </trkpt>
   <trkpt lat="47.820935" lon="12.130169">
    <ele>451.032</ele>
    <time>2026-06-26T10:23:24Z</time>
   </trkpt>
   <trkpt lat="47.821209" lon="12.130235">
    <ele>450.638</ele>
    <time>2026-06-26T10:23:31Z</time>
   </trkpt>
   <trkpt lat="47.821202" lon="12.130383">
    <ele>450.262</ele>
    <time>2026-06-26T10:23:33Z</time>
   </trkpt>
   <trkpt lat="47.821356" lon="12.130647">
    <ele>450.449</ele>
    <time>2026-06-26T10:23:39Z</time>
   </trkpt>
   <trkpt lat="47.822460" lon="12.130483">
    <ele>449.428</ele>
    <time>2026-06-26T10:24:00Z</time>
   </trkpt>
   <trkpt lat="47.822612" lon="12.130459">
    <ele>449.207</ele>
    <time>2026-06-26T10:24:03Z</time>
   </trkpt>
   <trkpt lat="47.822729" lon="12.130245">
    <ele>448.793</ele>
    <time>2026-06-26T10:24:08Z</time>
   </trkpt>
   <trkpt lat="47.822788" lon="12.128554">
    <ele>447.297</ele>
    <time>2026-06-26T10:24:31Z</time>
   </trkpt>
   <trkpt lat="47.822833" lon="12.127622">
    <ele>446.802</ele>
    <time>2026-06-26T10:24:43Z</time>
   </trkpt>
   <trkpt lat="47.823040" lon="12.127206">
    <ele>447.931</ele>
    <time>2026-06-26T10:24:51Z</time>
   </trkpt>
   <trkpt lat="47.823621" lon="12.127020">
    <ele>449.566</ele>
    <time>2026-06-26T10:25:06Z</time>
   </trkpt>
   <trkpt lat="47.824739" lon="12.126868">
    <ele>450.375</ele>
    <time>2026-06-26T10:25:27Z</time>
   </trkpt>
   <trkpt lat="47.825902" lon="12.126876">
    <ele>451.938</ele>
    <time>2026-06-26T10:25:48Z</time>
   </trkpt>
   <trkpt lat="47.826345" lon="12.126838">
    <ele>451.341</ele>
    <time>2026-06-26T10:25:56Z</time>
   </trkpt>
   <trkpt lat="47.826503" lon="12.126781">
    <ele>450.752</ele>
    <time>2026-06-26T10:25:59Z</time>
   </trkpt>
   <trkpt lat="47.826767" lon="12.126873">
    <ele>449.470</ele>
    <time>2026-06-26T10:26:04Z</time>
   </trkpt>
   <trkpt lat="47.827464" lon="12.127676">
    <ele>449.037</ele>
    <time>2026-06-26T10:26:19Z</time>
   </trkpt>
   <trkpt lat="47.827763" lon="12.127812">
    <ele>450.124</ele>
    <time>2026-06-26T10:26:25Z</time>
   </trkpt>
   <trkpt lat="47.828462" lon="12.127679">
    <ele>451.044</ele>
    <time>2026-06-26T10:26:41Z</time>
   </trkpt>
   <trkpt lat="47.828586" lon="12.127708">
    <ele>451.305</ele>
    <time>2026-06-26T10:26:44Z</time>
   </trkpt>
   <trkpt lat="47.829010" lon="12.127702">
    <ele>449.913</ele>
    <time>2026-06-26T10:26:58Z</time>
   </trkpt>
   <trkpt lat="47.829141" lon="12.127701">
    <ele>450.792</ele>
    <time>2026-06-26T10:27:12Z</time>
   </trkpt>
   <trkpt lat="47.830073" lon="12.127612">
    <ele>452.994</ele>
    <time>2026-06-26T10:27:32Z</time>
   </trkpt>
   <trkpt lat="47.830875" lon="12.127487">
    <ele>453.970</ele>
    <time>2026-06-26T10:27:53Z</time>
   </trkpt>
   <trkpt lat="47.831283" lon="12.127476">
    <ele>453.084</ele>
    <time>2026-06-26T10:28:03Z</time>
   </trkpt>
   <trkpt lat="47.831969" lon="12.127515">
    <ele>452.267</ele>
    <time>2026-06-26T10:28:18Z</time>
   </trkpt>
   <trkpt lat="47.833424" lon="12.127340">
    <ele>451.317</ele>
    <time>2026-06-26T10:28:46Z</time>
   </trkpt>
   <trkpt lat="47.834757" lon="12.127026">
    <ele>449.779</ele>
    <time>2026-06-26T10:29:10Z</time>
   </trkpt>
   <trkpt lat="47.835458" lon="12.126816">
    <ele>450.521</ele>
    <time>2026-06-26T10:29:24Z</time>
   </trkpt>
   <trkpt lat="47.836397" lon="12.126547">
    <ele>452.346</ele>
    <time>2026-06-26T10:29:42Z</time>
   </trkpt>
   <trkpt lat="47.836499" lon="12.126508">
    <ele>452.392</ele>
    <time>2026-06-26T10:29:44Z</time>
   </trkpt>
   <trkpt lat="47.837421" lon="12.126232">
    <ele>453.227</ele>
    <time>2026-06-26T10:30:01Z</time>
   </trkpt>
   <trkpt lat="47.837731" lon="12.126169">
    <ele>452.969</ele>
    <time>2026-06-26T10:30:06Z</time>
   </trkpt>
   <trkpt lat="47.837996" lon="12.126182">
    <ele>452.157</ele>
    <time>2026-06-26T10:30:10Z</time>
   </trkpt>
   <trkpt lat="47.838683" lon="12.126118">
    <ele>451.545</ele>
    <time>2026-06-26T10:30:21Z</time>
   </trkpt>
   <trkpt lat="47.838921" lon="12.125913">
    <ele>452.634</ele>
    <time>2026-06-26T10:30:27Z</time>
   </trkpt>
   <trkpt lat="47.839411" lon="12.125360">
    <ele>452.731</ele>
    <time>2026-06-26T10:30:39Z</time>
   </trkpt>
   <trkpt lat="47.840330" lon="12.124374">
    <ele>452.080</ele>
    <time>2026-06-26T10:31:00Z</time>
   </trkpt>
   <trkpt lat="47.840354" lon="12.124377">
    <ele>452.628</ele>
    <time>2026-06-26T10:31:08Z</time>
   </trkpt>
   <trkpt lat="47.840542" lon="12.124184">
    <ele>452.844</ele>
    <time>2026-06-26T10:32:19Z</time>
   </trkpt>
   <trkpt lat="47.841189" lon="12.123250">
    <ele>452.825</ele>
    <time>2026-06-26T10:32:33Z</time>
   </trkpt>
   <trkpt lat="47.841538" lon="12.122655">
    <ele>451.778</ele>
    <time>2026-06-26T10:32:45Z</time>
   </trkpt>
   <trkpt lat="47.841676" lon="12.122572">
    <ele>452.103</ele>
    <time>2026-06-26T10:33:45Z</time>
   </trkpt>
   <trkpt lat="47.842410" lon="12.123113">
    <ele>452.265</ele>
    <time>2026-06-26T10:34:00Z</time>
   </trkpt>
   <trkpt lat="47.842755" lon="12.123434">
    <ele>452.328</ele>
    <time>2026-06-26T10:34:07Z</time>
   </trkpt>
   <trkpt lat="47.842999" lon="12.123609">
    <ele>455.284</ele>
    <time>2026-06-26T10:34:12Z</time>
   </trkpt>
   <trkpt lat="47.843871" lon="12.124070">
    <ele>456.548</ele>
    <time>2026-06-26T10:34:28Z</time>
   </trkpt>
   <trkpt lat="47.844547" lon="12.124255">
    <ele>458.390</ele>
    <time>2026-06-26T10:34:42Z</time>
   </trkpt>
   <trkpt lat="47.845217" lon="12.124493">
    <ele>453.553</ele>
    <time>2026-06-26T10:35:01Z</time>
   </trkpt>
   <trkpt lat="47.845282" lon="12.124663">
    <ele>453.261</ele>
    <time>2026-06-26T10:35:05Z</time>
   </trkpt>
   <trkpt lat="47.845335" lon="12.125058">
    <ele>453.163</ele>
    <time>2026-06-26T10:35:13Z</time>
   </trkpt>
   <trkpt lat="47.845271" lon="12.125070">
    <ele>451.263</ele>
    <time>2026-06-26T10:35:17Z</time>
   </trkpt>
   <trkpt lat="47.845196" lon="12.124813">
    <ele>450.624</ele>
    <time>2026-06-26T10:35:21Z</time>
   </trkpt>
   <trkpt lat="47.845164" lon="12.124497">
    <ele>448.414</ele>
    <time>2026-06-26T10:35:25Z</time>
   </trkpt>
   <trkpt lat="47.845340" lon="12.124048">
    <ele>449.606</ele>
    <time>2026-06-26T10:35:33Z</time>
   </trkpt>
   <trkpt lat="47.845517" lon="12.123615">
    <ele>449.899</ele>
    <time>2026-06-26T10:35:41Z</time>
   </trkpt>
   <trkpt lat="47.845659" lon="12.123140">
    <ele>449.274</ele>
    <time>2026-06-26T10:35:48Z</time>
   </trkpt>
   <trkpt lat="47.845468" lon="12.122924">
    <ele>449.993</ele>
    <time>2026-06-26T10:35:56Z</time>
   </trkpt>
   <trkpt lat="47.845436" lon="12.122699">
    <ele>449.582</ele>
    <time>2026-06-26T10:36:00Z</time>
   </trkpt>
   <trkpt lat="47.845466" lon="12.122438">
    <ele>449.370</ele>
    <time>2026-06-26T10:36:04Z</time>
   </trkpt>
   <trkpt lat="47.845544" lon="12.122189">
    <ele>449.569</ele>
    <time>2026-06-26T10:36:08Z</time>
   </trkpt>
   <trkpt lat="47.845680" lon="12.121635">
    <ele>449.816</ele>
    <time>2026-06-26T10:36:16Z</time>
   </trkpt>
   <trkpt lat="47.845846" lon="12.121284">
    <ele>450.020</ele>
    <time>2026-06-26T10:36:22Z</time>
   </trkpt>
   <trkpt lat="47.845997" lon="12.121078">
    <ele>450.637</ele>
    <time>2026-06-26T10:36:26Z</time>
   </trkpt>
   <trkpt lat="47.846125" lon="12.120743">
    <ele>450.845</ele>
    <time>2026-06-26T10:36:31Z</time>
   </trkpt>
   <trkpt lat="47.846488" lon="12.119894">
    <ele>451.283</ele>
    <time>2026-06-26T10:36:44Z</time>
   </trkpt>
   <trkpt lat="47.846582" lon="12.119625">
    <ele>451.736</ele>
    <time>2026-06-26T10:36:53Z</time>
   </trkpt>
   <trkpt lat="47.846560" lon="12.119587">
    <ele>451.609</ele>
    <time>2026-06-26T10:37:17Z</time>
   </trkpt>
   <trkpt lat="47.846691" lon="12.119323">
    <ele>451.438</ele>
    <time>2026-06-26T10:37:37Z</time>
   </trkpt>
   <trkpt lat="47.847030" lon="12.118402">
    <ele>451.144</ele>
    <time>2026-06-26T10:37:51Z</time>
   </trkpt>
   <trkpt lat="47.847191" lon="12.117946">
    <ele>451.008</ele>
    <time>2026-06-26T10:37:58Z</time>
   </trkpt>
   <trkpt lat="47.847178" lon="12.117563">
    <ele>449.788</ele>
    <time>2026-06-26T10:38:03Z</time>
   </trkpt>
   <trkpt lat="47.846910" lon="12.116389">
    <ele>448.750</ele>
    <time>2026-06-26T10:38:19Z</time>
   </trkpt>
   <trkpt lat="47.846876" lon="12.116111">
    <ele>447.319</ele>
    <time>2026-06-26T10:38:23Z</time>
   </trkpt>
   <trkpt lat="47.846856" lon="12.115893">
    <ele>447.884</ele>
    <time>2026-06-26T10:38:26Z</time>
   </trkpt>
   <trkpt lat="47.846762" lon="12.115428">
    <ele>449.180</ele>
    <time>2026-06-26T10:38:33Z</time>
   </trkpt>
   <trkpt lat="47.846587" lon="12.115103">
    <ele>449.710</ele>
    <time>2026-06-26T10:38:39Z</time>
   </trkpt>
   <trkpt lat="47.846504" lon="12.114821">
    <ele>449.649</ele>
    <time>2026-06-26T10:38:43Z</time>
   </trkpt>
   <trkpt lat="47.846520" lon="12.113675">
    <ele>449.244</ele>
    <time>2026-06-26T10:38:57Z</time>
   </trkpt>
   <trkpt lat="47.846526" lon="12.113340">
    <ele>448.564</ele>
    <time>2026-06-26T10:39:01Z</time>
   </trkpt>
   <trkpt lat="47.846729" lon="12.112947">
    <ele>448.424</ele>
    <time>2026-06-26T10:39:07Z</time>
   </trkpt>
   <trkpt lat="47.847086" lon="12.112687">
    <ele>448.375</ele>
    <time>2026-06-26T10:39:14Z</time>
   </trkpt>
   <trkpt lat="47.847225" lon="12.112429">
    <ele>448.653</ele>
    <time>2026-06-26T10:39:18Z</time>
   </trkpt>
   <trkpt lat="47.847303" lon="12.112099">
    <ele>449.474</ele>
    <time>2026-06-26T10:39:22Z</time>
   </trkpt>
   <trkpt lat="47.847557" lon="12.111084">
    <ele>450.766</ele>
    <time>2026-06-26T10:39:35Z</time>
   </trkpt>
   <trkpt lat="47.847551" lon="12.110581">
    <ele>449.754</ele>
    <time>2026-06-26T10:39:44Z</time>
   </trkpt>
   <trkpt lat="47.847429" lon="12.110507">
    <ele>449.615</ele>
    <time>2026-06-26T10:39:49Z</time>
   </trkpt>
   <trkpt lat="47.846571" lon="12.110757">
    <ele>451.719</ele>
    <time>2026-06-26T10:40:05Z</time>
   </trkpt>
   <trkpt lat="47.845962" lon="12.110960">
    <ele>452.754</ele>
    <time>2026-06-26T10:40:17Z</time>
   </trkpt>
   <trkpt lat="47.845898" lon="12.110824">
    <ele>451.764</ele>
    <time>2026-06-26T10:40:21Z</time>
   </trkpt>
   <trkpt lat="47.845961" lon="12.110531">
    <ele>449.944</ele>
    <time>2026-06-26T10:40:25Z</time>
   </trkpt>
   <trkpt lat="47.845961" lon="12.110162">
    <ele>448.488</ele>
    <time>2026-06-26T10:40:29Z</time>
   </trkpt>
   <trkpt lat="47.845945" lon="12.109966">
    <ele>448.048</ele>
    <time>2026-06-26T10:40:31Z</time>
   </trkpt>
   <trkpt lat="47.845937" lon="12.109569">
    <ele>446.679</ele>
    <time>2026-06-26T10:40:35Z</time>
   </trkpt>
   <trkpt lat="47.845894" lon="12.109233">
    <ele>447.731</ele>
    <time>2026-06-26T10:40:39Z</time>
   </trkpt>
   <trkpt lat="47.845887" lon="12.109096">
    <ele>448.243</ele>
    <time>2026-06-26T10:40:41Z</time>
   </trkpt>
   <trkpt lat="47.845887" lon="12.107950">
    <ele>446.949</ele>
    <time>2026-06-26T10:40:56Z</time>
   </trkpt>
   <trkpt lat="47.845868" lon="12.107540">
    <ele>447.983</ele>
    <time>2026-06-26T10:41:03Z</time>
   </trkpt>
   <trkpt lat="47.845838" lon="12.107346">
    <ele>447.654</ele>
    <time>2026-06-26T10:41:06Z</time>
   </trkpt>
   <trkpt lat="47.845787" lon="12.107173">
    <ele>447.223</ele>
    <time>2026-06-26T10:41:09Z</time>
   </trkpt>
   <trkpt lat="47.845877" lon="12.106780">
    <ele>447.728</ele>
    <time>2026-06-26T10:41:15Z</time>
   </trkpt>
   <trkpt lat="47.845901" lon="12.106091">
    <ele>450.606</ele>
    <time>2026-06-26T10:41:28Z</time>
   </trkpt>
   <trkpt lat="47.845889" lon="12.105845">
    <ele>451.432</ele>
    <time>2026-06-26T10:41:32Z</time>
   </trkpt>
   <trkpt lat="47.845857" lon="12.105509">
    <ele>451.131</ele>
    <time>2026-06-26T10:41:37Z</time>
   </trkpt>
   <trkpt lat="47.845858" lon="12.105131">
    <ele>451.434</ele>
    <time>2026-06-26T10:41:43Z</time>
   </trkpt>
   <trkpt lat="47.845852" lon="12.104933">
    <ele>452.352</ele>
    <time>2026-06-26T10:41:46Z</time>
   </trkpt>
   <trkpt lat="47.845815" lon="12.104541">
    <ele>449.864</ele>
    <time>2026-06-26T10:41:52Z</time>
   </trkpt>
   <trkpt lat="47.845812" lon="12.104307">
    <ele>449.755</ele>
    <time>2026-06-26T10:41:55Z</time>
   </trkpt>
   <trkpt lat="47.845770" lon="12.102972">
    <ele>450.730</ele>
    <time>2026-06-26T10:42:12Z</time>
   </trkpt>
   <trkpt lat="47.845688" lon="12.101281">
    <ele>455.405</ele>
    <time>2026-06-26T10:42:34Z</time>
   </trkpt>
   <trkpt lat="47.845664" lon="12.101064">
    <ele>455.869</ele>
    <time>2026-06-26T10:42:37Z</time>
   </trkpt>
   <trkpt lat="47.845632" lon="12.100617">
    <ele>459.958</ele>
    <time>2026-06-26T10:42:43Z</time>
   </trkpt>
   <trkpt lat="47.845593" lon="12.100064">
    <ele>460.507</ele>
    <time>2026-06-26T10:42:51Z</time>
   </trkpt>
   <trkpt lat="47.845594" lon="12.099774">
    <ele>458.234</ele>
    <time>2026-06-26T10:42:55Z</time>
   </trkpt>
   <trkpt lat="47.845595" lon="12.099251">
    <ele>457.390</ele>
    <time>2026-06-26T10:43:02Z</time>
   </trkpt>
   <trkpt lat="47.845579" lon="12.098783">
    <ele>457.475</ele>
    <time>2026-06-26T10:43:08Z</time>
   </trkpt>
   <trkpt lat="47.845582" lon="12.098466">
    <ele>457.972</ele>
    <time>2026-06-26T10:43:12Z</time>
   </trkpt>
   <trkpt lat="47.845577" lon="12.098010">
    <ele>457.570</ele>
    <time>2026-06-26T10:43:23Z</time>
   </trkpt>
   <trkpt lat="47.845569" lon="12.097938">
    <ele>456.512</ele>
    <time>2026-06-26T10:43:26Z</time>
   </trkpt>
   <trkpt lat="47.845550" lon="12.097454">
    <ele>456.177</ele>
    <time>2026-06-26T10:43:33Z</time>
   </trkpt>
   <trkpt lat="47.845314" lon="12.095985">
    <ele>453.828</ele>
    <time>2026-06-26T10:43:54Z</time>
   </trkpt>
   <trkpt lat="47.845200" lon="12.095596">
    <ele>453.544</ele>
    <time>2026-06-26T10:44:00Z</time>
   </trkpt>
   <trkpt lat="47.844572" lon="12.094828">
    <ele>453.705</ele>
    <time>2026-06-26T10:44:16Z</time>
   </trkpt>
   <trkpt lat="47.844247" lon="12.094694">
    <ele>454.547</ele>
    <time>2026-06-26T10:44:23Z</time>
   </trkpt>
   <trkpt lat="47.843714" lon="12.093992">
    <ele>455.020</ele>
    <time>2026-06-26T10:44:39Z</time>
   </trkpt>
   <trkpt lat="47.843400" lon="12.092681">
    <ele>453.704</ele>
    <time>2026-06-26T10:44:56Z</time>
   </trkpt>
   <trkpt lat="47.843356" lon="12.092180">
    <ele>453.855</ele>
    <time>2026-06-26T10:45:02Z</time>
   </trkpt>
   <trkpt lat="47.843576" lon="12.090730">
    <ele>454.796</ele>
    <time>2026-06-26T10:45:20Z</time>
   </trkpt>
   <trkpt lat="47.843924" lon="12.089665">
    <ele>454.316</ele>
    <time>2026-06-26T10:45:36Z</time>
   </trkpt>
   <trkpt lat="47.843999" lon="12.089471">
    <ele>453.612</ele>
    <time>2026-06-26T10:45:39Z</time>
   </trkpt>
   <trkpt lat="47.844071" lon="12.089205">
    <ele>453.405</ele>
    <time>2026-06-26T10:45:43Z</time>
   </trkpt>
   <trkpt lat="47.844172" lon="12.089020">
    <ele>452.747</ele>
    <time>2026-06-26T10:45:46Z</time>
   </trkpt>
   <trkpt lat="47.844446" lon="12.088393">
    <ele>450.102</ele>
    <time>2026-06-26T10:45:54Z</time>
   </trkpt>
   <trkpt lat="47.844534" lon="12.087810">
    <ele>454.005</ele>
    <time>2026-06-26T10:46:04Z</time>
   </trkpt>
   <trkpt lat="47.844965" lon="12.086687">
    <ele>455.890</ele>
    <time>2026-06-26T10:46:23Z</time>
   </trkpt>
   <trkpt lat="47.845597" lon="12.085179">
    <ele>457.928</ele>
    <time>2026-06-26T10:46:44Z</time>
   </trkpt>
   <trkpt lat="47.846243" lon="12.083538">
    <ele>457.652</ele>
    <time>2026-06-26T10:47:07Z</time>
   </trkpt>
   <trkpt lat="47.846633" lon="12.082155">
    <ele>457.976</ele>
    <time>2026-06-26T10:47:25Z</time>
   </trkpt>
   <trkpt lat="47.846731" lon="12.081347">
    <ele>456.889</ele>
    <time>2026-06-26T10:47:35Z</time>
   </trkpt>
   <trkpt lat="47.846700" lon="12.081014">
    <ele>455.821</ele>
    <time>2026-06-26T10:47:39Z</time>
   </trkpt>
   <trkpt lat="47.846721" lon="12.080616">
    <ele>454.598</ele>
    <time>2026-06-26T10:47:43Z</time>
   </trkpt>
   <trkpt lat="47.846881" lon="12.079443">
    <ele>456.695</ele>
    <time>2026-06-26T10:47:58Z</time>
   </trkpt>
   <trkpt lat="47.846888" lon="12.079199">
    <ele>456.878</ele>
    <time>2026-06-26T10:48:01Z</time>
   </trkpt>
   <trkpt lat="47.847054" lon="12.077425">
    <ele>456.446</ele>
    <time>2026-06-26T10:48:23Z</time>
   </trkpt>
   <trkpt lat="47.847193" lon="12.075635">
    <ele>454.806</ele>
    <time>2026-06-26T10:48:43Z</time>
   </trkpt>
   <trkpt lat="47.847351" lon="12.073635">
    <ele>455.526</ele>
    <time>2026-06-26T10:49:06Z</time>
   </trkpt>
   <trkpt lat="47.847527" lon="12.071150">
    <ele>456.442</ele>
    <time>2026-06-26T10:49:34Z</time>
   </trkpt>
   <trkpt lat="47.847629" lon="12.069606">
    <ele>456.017</ele>
    <time>2026-06-26T10:49:51Z</time>
   </trkpt>
   <trkpt lat="47.847875" lon="12.067677">
    <ele>457.197</ele>
    <time>2026-06-26T10:50:13Z</time>
   </trkpt>
   <trkpt lat="47.847944" lon="12.067018">
    <ele>456.843</ele>
    <time>2026-06-26T10:50:25Z</time>
   </trkpt>
   <trkpt lat="47.847998" lon="12.066635">
    <ele>457.135</ele>
    <time>2026-06-26T10:50:44Z</time>
   </trkpt>
   <trkpt lat="47.848161" lon="12.065415">
    <ele>456.709</ele>
    <time>2026-06-26T10:50:59Z</time>
   </trkpt>
   <trkpt lat="47.848390" lon="12.063557">
    <ele>456.370</ele>
    <time>2026-06-26T10:51:20Z</time>
   </trkpt>
   <trkpt lat="47.848596" lon="12.061797">
    <ele>456.524</ele>
    <time>2026-06-26T10:51:40Z</time>
   </trkpt>
   <trkpt lat="47.848644" lon="12.061546">
    <ele>456.394</ele>
    <time>2026-06-26T10:51:43Z</time>
   </trkpt>
   <trkpt lat="47.848858" lon="12.059866">
    <ele>457.944</ele>
    <time>2026-06-26T10:52:04Z</time>
   </trkpt>
   <trkpt lat="47.848856" lon="12.059811">
    <ele>457.085</ele>
    <time>2026-06-26T10:52:13Z</time>
   </trkpt>
   <trkpt lat="47.848896" lon="12.059433">
    <ele>458.579</ele>
    <time>2026-06-26T10:52:26Z</time>
   </trkpt>
   <trkpt lat="47.849036" lon="12.058452">
    <ele>457.233</ele>
    <time>2026-06-26T10:52:39Z</time>
   </trkpt>
   <trkpt lat="47.849214" lon="12.056836">
    <ele>458.538</ele>
    <time>2026-06-26T10:52:58Z</time>
   </trkpt>
   <trkpt lat="47.849239" lon="12.056279">
    <ele>458.759</ele>
    <time>2026-06-26T10:53:05Z</time>
   </trkpt>
   <trkpt lat="47.849258" lon="12.056077">
    <ele>458.978</ele>
    <time>2026-06-26T10:53:08Z</time>
   </trkpt>
   <trkpt lat="47.849182" lon="12.054989">
    <ele>460.043</ele>
    <time>2026-06-26T10:53:26Z</time>
   </trkpt>
   <trkpt lat="47.848971" lon="12.053766">
    <ele>460.201</ele>
    <time>2026-06-26T10:53:45Z</time>
   </trkpt>
   <trkpt lat="47.848871" lon="12.053264">
    <ele>460.769</ele>
    <time>2026-06-26T10:53:52Z</time>
   </trkpt>
   <trkpt lat="47.848406" lon="12.052124">
    <ele>461.867</ele>
    <time>2026-06-26T10:54:12Z</time>
   </trkpt>
   <trkpt lat="47.848148" lon="12.051243">
    <ele>462.706</ele>
    <time>2026-06-26T10:54:29Z</time>
   </trkpt>
   <trkpt lat="47.847670" lon="12.049782">
    <ele>462.433</ele>
    <time>2026-06-26T10:54:52Z</time>
   </trkpt>
   <trkpt lat="47.847122" lon="12.047860">
    <ele>463.874</ele>
    <time>2026-06-26T10:55:20Z</time>
   </trkpt>
   <trkpt lat="47.846647" lon="12.046040">
    <ele>464.408</ele>
    <time>2026-06-26T10:55:45Z</time>
   </trkpt>
   <trkpt lat="47.846236" lon="12.044601">
    <ele>463.412</ele>
    <time>2026-06-26T10:56:05Z</time>
   </trkpt>
   <trkpt lat="47.846035" lon="12.044003">
    <ele>462.789</ele>
    <time>2026-06-26T10:56:12Z</time>
   </trkpt>
   <trkpt lat="47.845894" lon="12.043224">
    <ele>462.708</ele>
    <time>2026-06-26T10:56:21Z</time>
   </trkpt>
   <trkpt lat="47.845822" lon="12.042984">
    <ele>461.974</ele>
    <time>2026-06-26T10:56:24Z</time>
   </trkpt>
   <trkpt lat="47.845825" lon="12.042553">
    <ele>462.531</ele>
    <time>2026-06-26T10:56:30Z</time>
   </trkpt>
   <trkpt lat="47.845967" lon="12.041909">
    <ele>464.446</ele>
    <time>2026-06-26T10:56:43Z</time>
   </trkpt>
   <trkpt lat="47.846125" lon="12.040784">
    <ele>464.022</ele>
    <time>2026-06-26T10:56:59Z</time>
   </trkpt>
   <trkpt lat="47.846419" lon="12.039080">
    <ele>464.464</ele>
    <time>2026-06-26T10:57:22Z</time>
   </trkpt>
   <trkpt lat="47.846670" lon="12.037642">
    <ele>464.690</ele>
    <time>2026-06-26T10:57:42Z</time>
   </trkpt>
   <trkpt lat="47.846769" lon="12.036670">
    <ele>464.838</ele>
    <time>2026-06-26T10:57:56Z</time>
   </trkpt>
   <trkpt lat="47.846895" lon="12.034614">
    <ele>465.756</ele>
    <time>2026-06-26T10:58:24Z</time>
   </trkpt>
   <trkpt lat="47.846967" lon="12.033279">
    <ele>465.250</ele>
    <time>2026-06-26T10:58:42Z</time>
   </trkpt>
   <trkpt lat="47.846876" lon="12.032420">
    <ele>465.675</ele>
    <time>2026-06-26T10:58:54Z</time>
   </trkpt>
   <trkpt lat="47.846944" lon="12.032053">
    <ele>464.821</ele>
    <time>2026-06-26T10:58:59Z</time>
   </trkpt>
   <trkpt lat="47.847007" lon="12.031924">
    <ele>464.741</ele>
    <time>2026-06-26T10:59:01Z</time>
   </trkpt>
   <trkpt lat="47.847091" lon="12.031628">
    <ele>464.985</ele>
    <time>2026-06-26T10:59:05Z</time>
   </trkpt>
   <trkpt lat="47.847143" lon="12.031080">
    <ele>465.110</ele>
    <time>2026-06-26T10:59:12Z</time>
   </trkpt>
   <trkpt lat="47.847323" lon="12.028965">
    <ele>464.215</ele>
    <time>2026-06-26T10:59:38Z</time>
   </trkpt>
   <trkpt lat="47.847530" lon="12.026756">
    <ele>464.886</ele>
    <time>2026-06-26T11:00:05Z</time>
   </trkpt>
   <trkpt lat="47.847848" lon="12.024901">
    <ele>465.120</ele>
    <time>2026-06-26T11:00:28Z</time>
   </trkpt>
   <trkpt lat="47.848351" lon="12.022864">
    <ele>466.132</ele>
    <time>2026-06-26T11:00:55Z</time>
   </trkpt>
   <trkpt lat="47.848877" lon="12.021801">
    <ele>468.123</ele>
    <time>2026-06-26T11:01:12Z</time>
   </trkpt>
   <trkpt lat="47.849499" lon="12.020790">
    <ele>469.118</ele>
    <time>2026-06-26T11:01:29Z</time>
   </trkpt>
   <trkpt lat="47.850219" lon="12.020202">
    <ele>469.547</ele>
    <time>2026-06-26T11:01:45Z</time>
   </trkpt>
   <trkpt lat="47.851122" lon="12.019290">
    <ele>470.196</ele>
    <time>2026-06-26T11:02:05Z</time>
   </trkpt>
   <trkpt lat="47.852021" lon="12.018391">
    <ele>469.906</ele>
    <time>2026-06-26T11:02:25Z</time>
   </trkpt>
   <trkpt lat="47.852530" lon="12.017861">
    <ele>470.873</ele>
    <time>2026-06-26T11:02:38Z</time>
   </trkpt>
   <trkpt lat="47.852498" lon="12.017838">
    <ele>470.343</ele>
    <time>2026-06-26T11:02:44Z</time>
   </trkpt>
   <trkpt lat="47.852518" lon="12.017845">
    <ele>470.632</ele>
    <time>2026-06-26T11:07:51Z</time>
   </trkpt>
   <trkpt lat="47.852710" lon="12.017734">
    <ele>468.354</ele>
    <time>2026-06-26T11:07:58Z</time>
   </trkpt>
   <trkpt lat="47.852874" lon="12.017527">
    <ele>466.343</ele>
    <time>2026-06-26T11:08:02Z</time>
   </trkpt>
   <trkpt lat="47.853063" lon="12.017130">
    <ele>470.981</ele>
    <time>2026-06-26T11:08:11Z</time>
   </trkpt>
   <trkpt lat="47.853133" lon="12.016987">
    <ele>470.987</ele>
    <time>2026-06-26T11:08:14Z</time>
   </trkpt>
   <trkpt lat="47.853670" lon="12.016011">
    <ele>470.956</ele>
    <time>2026-06-26T11:08:34Z</time>
   </trkpt>
   <trkpt lat="47.854017" lon="12.014588">
    <ele>472.246</ele>
    <time>2026-06-26T11:08:54Z</time>
   </trkpt>
   <trkpt lat="47.854074" lon="12.013480">
    <ele>470.190</ele>
    <time>2026-06-26T11:09:07Z</time>
   </trkpt>
   <trkpt lat="47.854064" lon="12.012873">
    <ele>470.857</ele>
    <time>2026-06-26T11:09:19Z</time>
   </trkpt>
   <trkpt lat="47.854026" lon="12.011254">
    <ele>469.993</ele>
    <time>2026-06-26T11:09:43Z</time>
   </trkpt>
   <trkpt lat="47.853969" lon="12.009856">
    <ele>470.182</ele>
    <time>2026-06-26T11:10:04Z</time>
   </trkpt>
   <trkpt lat="47.853898" lon="12.007717">
    <ele>469.693</ele>
    <time>2026-06-26T11:10:33Z</time>
   </trkpt>
   <trkpt lat="47.853802" lon="12.005346">
    <ele>470.397</ele>
    <time>2026-06-26T11:11:03Z</time>
   </trkpt>
   <trkpt lat="47.853792" lon="12.005095">
    <ele>470.311</ele>
    <time>2026-06-26T11:11:06Z</time>
   </trkpt>
   <trkpt lat="47.853820" lon="12.003462">
    <ele>471.286</ele>
    <time>2026-06-26T11:11:26Z</time>
   </trkpt>
   <trkpt lat="47.853855" lon="12.002979">
    <ele>471.550</ele>
    <time>2026-06-26T11:11:32Z</time>
   </trkpt>
   <trkpt lat="47.854265" lon="12.001251">
    <ele>474.052</ele>
    <time>2026-06-26T11:11:54Z</time>
   </trkpt>
   <trkpt lat="47.854954" lon="11.999780">
    <ele>474.720</ele>
    <time>2026-06-26T11:12:16Z</time>
   </trkpt>
   <trkpt lat="47.855995" lon="11.997810">
    <ele>478.406</ele>
    <time>2026-06-26T11:12:47Z</time>
   </trkpt>
   <trkpt lat="47.856985" lon="11.995968">
    <ele>478.934</ele>
    <time>2026-06-26T11:13:15Z</time>
   </trkpt>
   <trkpt lat="47.857777" lon="11.994171">
    <ele>480.968</ele>
    <time>2026-06-26T11:13:41Z</time>
   </trkpt>
   <trkpt lat="47.857795" lon="11.994032">
    <ele>481.011</ele>
    <time>2026-06-26T11:13:44Z</time>
   </trkpt>
   <trkpt lat="47.857915" lon="11.993860">
    <ele>480.575</ele>
    <time>2026-06-26T11:13:49Z</time>
   </trkpt>
   <trkpt lat="47.858401" lon="11.992751">
    <ele>479.502</ele>
    <time>2026-06-26T11:14:08Z</time>
   </trkpt>
   <trkpt lat="47.859283" lon="11.990844">
    <ele>482.267</ele>
    <time>2026-06-26T11:14:39Z</time>
   </trkpt>
   <trkpt lat="47.859862" lon="11.989613">
    <ele>481.370</ele>
    <time>2026-06-26T11:15:00Z</time>
   </trkpt>
   <trkpt lat="47.859922" lon="11.989368">
    <ele>481.096</ele>
    <time>2026-06-26T11:15:04Z</time>
   </trkpt>
   <trkpt lat="47.859962" lon="11.989111">
    <ele>480.722</ele>
    <time>2026-06-26T11:15:08Z</time>
   </trkpt>
   <trkpt lat="47.860116" lon="11.988915">
    <ele>481.246</ele>
    <time>2026-06-26T11:15:14Z</time>
   </trkpt>
   <trkpt lat="47.860240" lon="11.988874">
    <ele>480.438</ele>
    <time>2026-06-26T11:15:18Z</time>
   </trkpt>
   <trkpt lat="47.860673" lon="11.987666">
    <ele>480.593</ele>
    <time>2026-06-26T11:15:34Z</time>
   </trkpt>
   <trkpt lat="47.860766" lon="11.987205">
    <ele>480.400</ele>
    <time>2026-06-26T11:15:40Z</time>
   </trkpt>
   <trkpt lat="47.860797" lon="11.986899">
    <ele>480.605</ele>
    <time>2026-06-26T11:15:44Z</time>
   </trkpt>
   <trkpt lat="47.860833" lon="11.985999">
    <ele>480.762</ele>
    <time>2026-06-26T11:15:58Z</time>
   </trkpt>
   <trkpt lat="47.860978" lon="11.984603">
    <ele>479.850</ele>
    <time>2026-06-26T11:16:18Z</time>
   </trkpt>
   <trkpt lat="47.861407" lon="11.983257">
    <ele>481.784</ele>
    <time>2026-06-26T11:16:38Z</time>
   </trkpt>
   <trkpt lat="47.862026" lon="11.982295">
    <ele>482.487</ele>
    <time>2026-06-26T11:16:56Z</time>
   </trkpt>
   <trkpt lat="47.862813" lon="11.981069">
    <ele>483.049</ele>
    <time>2026-06-26T11:17:19Z</time>
   </trkpt>
   <trkpt lat="47.863156" lon="11.979775">
    <ele>482.594</ele>
    <time>2026-06-26T11:17:38Z</time>
   </trkpt>
   <trkpt lat="47.863173" lon="11.979414">
    <ele>482.312</ele>
    <time>2026-06-26T11:17:47Z</time>
   </trkpt>
   <trkpt lat="47.863154" lon="11.979077">
    <ele>482.994</ele>
    <time>2026-06-26T11:18:09Z</time>
   </trkpt>
   <trkpt lat="47.863143" lon="11.979006">
    <ele>483.037</ele>
    <time>2026-06-26T11:18:10Z</time>
   </trkpt>
   <trkpt lat="47.862826" lon="11.977685">
    <ele>484.397</ele>
    <time>2026-06-26T11:18:30Z</time>
   </trkpt>
   <trkpt lat="47.862611" lon="11.976196">
    <ele>483.226</ele>
    <time>2026-06-26T11:18:52Z</time>
   </trkpt>
   <trkpt lat="47.862744" lon="11.974756">
    <ele>483.213</ele>
    <time>2026-06-26T11:19:13Z</time>
   </trkpt>
   <trkpt lat="47.863173" lon="11.973665">
    <ele>484.730</ele>
    <time>2026-06-26T11:19:31Z</time>
   </trkpt>
   <trkpt lat="47.863182" lon="11.973655">
    <ele>484.905</ele>
    <time>2026-06-26T11:19:42Z</time>
   </trkpt>
   <trkpt lat="47.863185" lon="11.973656">
    <ele>484.939</ele>
    <time>2026-06-26T11:19:47Z</time>
   </trkpt>
   <trkpt lat="47.863435" lon="11.973326">
    <ele>485.240</ele>
    <time>2026-06-26T11:19:58Z</time>
   </trkpt>
   <trkpt lat="47.864109" lon="11.972779">
    <ele>485.684</ele>
    <time>2026-06-26T11:20:15Z</time>
   </trkpt>
   <trkpt lat="47.864811" lon="11.972388">
    <ele>486.767</ele>
    <time>2026-06-26T11:20:31Z</time>
   </trkpt>
   <trkpt lat="47.865532" lon="11.971542">
    <ele>487.067</ele>
    <time>2026-06-26T11:20:50Z</time>
   </trkpt>
   <trkpt lat="47.865813" lon="11.970784">
    <ele>487.512</ele>
    <time>2026-06-26T11:21:03Z</time>
   </trkpt>
   <trkpt lat="47.865851" lon="11.970547">
    <ele>488.160</ele>
    <time>2026-06-26T11:21:10Z</time>
   </trkpt>
   <trkpt lat="47.866397" lon="11.970706">
    <ele>487.810</ele>
    <time>2026-06-26T11:21:29Z</time>
   </trkpt>
   <trkpt lat="47.866430" lon="11.970596">
    <ele>487.282</ele>
    <time>2026-06-26T11:21:33Z</time>
   </trkpt>
   <trkpt lat="47.866406" lon="11.970512">
    <ele>487.072</ele>
    <time>2026-06-26T11:21:35Z</time>
   </trkpt>
   <trkpt lat="47.866339" lon="11.969490">
    <ele>483.697</ele>
    <time>2026-06-26T11:21:47Z</time>
   </trkpt>
   <trkpt lat="47.866375" lon="11.967637">
    <ele>483.401</ele>
    <time>2026-06-26T11:22:07Z</time>
   </trkpt>
   <trkpt lat="47.866567" lon="11.966235">
    <ele>483.592</ele>
    <time>2026-06-26T11:22:24Z</time>
   </trkpt>
   <trkpt lat="47.866910" lon="11.964925">
    <ele>484.466</ele>
    <time>2026-06-26T11:22:41Z</time>
   </trkpt>
   <trkpt lat="47.867182" lon="11.964397">
    <ele>486.634</ele>
    <time>2026-06-26T11:22:54Z</time>
   </trkpt>
   <trkpt lat="47.867542" lon="11.962950">
    <ele>488.115</ele>
    <time>2026-06-26T11:23:19Z</time>
   </trkpt>
   <trkpt lat="47.868014" lon="11.960931">
    <ele>490.206</ele>
    <time>2026-06-26T11:23:48Z</time>
   </trkpt>
   <trkpt lat="47.868357" lon="11.959159">
    <ele>489.898</ele>
    <time>2026-06-26T11:24:13Z</time>
   </trkpt>
   <trkpt lat="47.868506" lon="11.958572">
    <ele>490.795</ele>
    <time>2026-06-26T11:24:26Z</time>
   </trkpt>
   <trkpt lat="47.868589" lon="11.958242">
    <ele>491.015</ele>
    <time>2026-06-26T11:25:08Z</time>
   </trkpt>
   <trkpt lat="47.868855" lon="11.956834">
    <ele>491.328</ele>
    <time>2026-06-26T11:25:28Z</time>
   </trkpt>
   <trkpt lat="47.869001" lon="11.955207">
    <ele>491.713</ele>
    <time>2026-06-26T11:25:50Z</time>
   </trkpt>
   <trkpt lat="47.869047" lon="11.953366">
    <ele>493.068</ele>
    <time>2026-06-26T11:26:15Z</time>
   </trkpt>
   <trkpt lat="47.868971" lon="11.952357">
    <ele>493.317</ele>
    <time>2026-06-26T11:26:29Z</time>
   </trkpt>
   <trkpt lat="47.868747" lon="11.950682">
    <ele>493.164</ele>
    <time>2026-06-26T11:26:54Z</time>
   </trkpt>
   <trkpt lat="47.868623" lon="11.949342">
    <ele>494.414</ele>
    <time>2026-06-26T11:27:13Z</time>
   </trkpt>
   <trkpt lat="47.868333" lon="11.947401">
    <ele>494.814</ele>
    <time>2026-06-26T11:27:40Z</time>
   </trkpt>
   <trkpt lat="47.868261" lon="11.945766">
    <ele>495.069</ele>
    <time>2026-06-26T11:28:02Z</time>
   </trkpt>
   <trkpt lat="47.868437" lon="11.944613">
    <ele>495.845</ele>
    <time>2026-06-26T11:28:21Z</time>
   </trkpt>
   <trkpt lat="47.868419" lon="11.944571">
    <ele>495.514</ele>
    <time>2026-06-26T11:28:31Z</time>
   </trkpt>
   <trkpt lat="47.868402" lon="11.944592">
    <ele>495.840</ele>
    <time>2026-06-26T11:29:19Z</time>
   </trkpt>
   <trkpt lat="47.868403" lon="11.944594">
    <ele>495.967</ele>
    <time>2026-06-26T11:29:20Z</time>
   </trkpt>
   <trkpt lat="47.868182" lon="11.944537">
    <ele>498.730</ele>
    <time>2026-06-26T11:29:31Z</time>
   </trkpt>
   <trkpt lat="47.867774" lon="11.944361">
    <ele>497.108</ele>
    <time>2026-06-26T11:29:45Z</time>
   </trkpt>
   <trkpt lat="47.867762" lon="11.944355">
    <ele>497.345</ele>
    <time>2026-06-26T11:30:01Z</time>
   </trkpt>
   <trkpt lat="47.867760" lon="11.944356">
    <ele>497.398</ele>
    <time>2026-06-26T11:30:36Z</time>
   </trkpt>
   <trkpt lat="47.867785" lon="11.944380">
    <ele>497.332</ele>
    <time>2026-06-26T11:30:40Z</time>
   </trkpt>
   <trkpt lat="47.867896" lon="11.944241">
    <ele>496.216</ele>
    <time>2026-06-26T11:30:46Z</time>
   </trkpt>
   <trkpt lat="47.868004" lon="11.944009">
    <ele>494.479</ele>
    <time>2026-06-26T11:30:50Z</time>
   </trkpt>
   <trkpt lat="47.868066" lon="11.943815">
    <ele>494.464</ele>
    <time>2026-06-26T11:30:53Z</time>
   </trkpt>
   <trkpt lat="47.868164" lon="11.943477">
    <ele>494.821</ele>
    <time>2026-06-26T11:30:59Z</time>
   </trkpt>
   <trkpt lat="47.868277" lon="11.943050">
    <ele>495.075</ele>
    <time>2026-06-26T11:31:06Z</time>
   </trkpt>
   <trkpt lat="47.868360" lon="11.942739">
    <ele>495.075</ele>
    <time>2026-06-26T11:31:11Z</time>
   </trkpt>
   <trkpt lat="47.868432" lon="11.942412">
    <ele>494.767</ele>
    <time>2026-06-26T11:31:16Z</time>
   </trkpt>
   <trkpt lat="47.868528" lon="11.941724">
    <ele>496.181</ele>
    <time>2026-06-26T11:31:29Z</time>
   </trkpt>
   <trkpt lat="47.868803" lon="11.940775">
    <ele>496.968</ele>
    <time>2026-06-26T11:31:48Z</time>
   </trkpt>
   <trkpt lat="47.869208" lon="11.939269">
    <ele>496.550</ele>
    <time>2026-06-26T11:32:14Z</time>
   </trkpt>
   <trkpt lat="47.869480" lon="11.938486">
    <ele>496.187</ele>
    <time>2026-06-26T11:32:26Z</time>
   </trkpt>
   <trkpt lat="47.869815" lon="11.937568">
    <ele>497.540</ele>
    <time>2026-06-26T11:32:42Z</time>
   </trkpt>
   <trkpt lat="47.869870" lon="11.937460">
    <ele>497.790</ele>
    <time>2026-06-26T11:32:44Z</time>
   </trkpt>
   <trkpt lat="47.870658" lon="11.936190">
    <ele>498.570</ele>
    <time>2026-06-26T11:33:08Z</time>
   </trkpt>
   <trkpt lat="47.871355" lon="11.935117">
    <ele>498.360</ele>
    <time>2026-06-26T11:33:29Z</time>
   </trkpt>
   <trkpt lat="47.872169" lon="11.933839">
    <ele>497.943</ele>
    <time>2026-06-26T11:33:53Z</time>
   </trkpt>
   <trkpt lat="47.872246" lon="11.933671">
    <ele>498.870</ele>
    <time>2026-06-26T11:33:56Z</time>
   </trkpt>
   <trkpt lat="47.872838" lon="11.932751">
    <ele>498.703</ele>
    <time>2026-06-26T11:34:14Z</time>
   </trkpt>
   <trkpt lat="47.873851" lon="11.931165">
    <ele>500.268</ele>
    <time>2026-06-26T11:34:45Z</time>
   </trkpt>
   <trkpt lat="47.874503" lon="11.929935">
    <ele>501.101</ele>
    <time>2026-06-26T11:35:07Z</time>
   </trkpt>
   <trkpt lat="47.875017" lon="11.928737">
    <ele>501.421</ele>
    <time>2026-06-26T11:35:27Z</time>
   </trkpt>
   <trkpt lat="47.875354" lon="11.927259">
    <ele>502.360</ele>
    <time>2026-06-26T11:35:50Z</time>
   </trkpt>
   <trkpt lat="47.875374" lon="11.926974">
    <ele>502.806</ele>
    <time>2026-06-26T11:35:54Z</time>
   </trkpt>
   <trkpt lat="47.875316" lon="11.925432">
    <ele>502.073</ele>
    <time>2026-06-26T11:36:17Z</time>
   </trkpt>
   <trkpt lat="47.875223" lon="11.924389">
    <ele>502.225</ele>
    <time>2026-06-26T11:36:33Z</time>
   </trkpt>
   <trkpt lat="47.875381" lon="11.923074">
    <ele>503.862</ele>
    <time>2026-06-26T11:36:53Z</time>
   </trkpt>
   <trkpt lat="47.875881" lon="11.922072">
    <ele>503.297</ele>
    <time>2026-06-26T11:37:12Z</time>
   </trkpt>
   <trkpt lat="47.876700" lon="11.921203">
    <ele>503.914</ele>
    <time>2026-06-26T11:37:33Z</time>
   </trkpt>
   <trkpt lat="47.877670" lon="11.920223">
    <ele>504.698</ele>
    <time>2026-06-26T11:37:59Z</time>
   </trkpt>
   <trkpt lat="47.877882" lon="11.919939">
    <ele>505.432</ele>
    <time>2026-06-26T11:38:11Z</time>
   </trkpt>
   <trkpt lat="47.877989" lon="11.919681">
    <ele>505.398</ele>
    <time>2026-06-26T11:38:47Z</time>
   </trkpt>
   <trkpt lat="47.878121" lon="11.918942">
    <ele>505.607</ele>
    <time>2026-06-26T11:38:57Z</time>
   </trkpt>
   <trkpt lat="47.878040" lon="11.917632">
    <ele>504.488</ele>
    <time>2026-06-26T11:39:16Z</time>
   </trkpt>
   <trkpt lat="47.877919" lon="11.916427">
    <ele>505.175</ele>
    <time>2026-06-26T11:39:35Z</time>
   </trkpt>
   <trkpt lat="47.877950" lon="11.916103">
    <ele>505.678</ele>
    <time>2026-06-26T11:39:40Z</time>
   </trkpt>
   <trkpt lat="47.878103" lon="11.915044">
    <ele>505.548</ele>
    <time>2026-06-26T11:39:56Z</time>
   </trkpt>
   <trkpt lat="47.878394" lon="11.914209">
    <ele>505.851</ele>
    <time>2026-06-26T11:40:11Z</time>
   </trkpt>
   <trkpt lat="47.878434" lon="11.914083">
    <ele>505.927</ele>
    <time>2026-06-26T11:40:13Z</time>
   </trkpt>
   <trkpt lat="47.879071" lon="11.913085">
    <ele>506.614</ele>
    <time>2026-06-26T11:40:32Z</time>
   </trkpt>
   <trkpt lat="47.879964" lon="11.911823">
    <ele>506.937</ele>
    <time>2026-06-26T11:40:58Z</time>
   </trkpt>
   <trkpt lat="47.880060" lon="11.911693">
    <ele>507.070</ele>
    <time>2026-06-26T11:41:01Z</time>
   </trkpt>
   <trkpt lat="47.880315" lon="11.911072">
    <ele>504.214</ele>
    <time>2026-06-26T11:41:12Z</time>
   </trkpt>
   <trkpt lat="47.880365" lon="11.910848">
    <ele>505.122</ele>
    <time>2026-06-26T11:41:15Z</time>
   </trkpt>
   <trkpt lat="47.880338" lon="11.910684">
    <ele>506.507</ele>
    <time>2026-06-26T11:41:20Z</time>
   </trkpt>
   <trkpt lat="47.880296" lon="11.910665">
    <ele>506.873</ele>
    <time>2026-06-26T11:41:26Z</time>
   </trkpt>
   <trkpt lat="47.880255" lon="11.910958">
    <ele>507.620</ele>
    <time>2026-06-26T11:41:40Z</time>
   </trkpt>
   <trkpt lat="47.880254" lon="11.910958">
    <ele>507.652</ele>
    <time>2026-06-26T11:41:44Z</time>
   </trkpt>
   <trkpt lat="47.880334" lon="11.911142">
    <ele>508.176</ele>
    <time>2026-06-26T11:41:50Z</time>
   </trkpt>
   <trkpt lat="47.881020" lon="11.911672">
    <ele>507.639</ele>
    <time>2026-06-26T11:42:08Z</time>
   </trkpt>
   <trkpt lat="47.881163" lon="11.911899">
    <ele>507.738</ele>
    <time>2026-06-26T11:42:12Z</time>
   </trkpt>
   <trkpt lat="47.881300" lon="11.912099">
    <ele>507.575</ele>
    <time>2026-06-26T11:42:16Z</time>
   </trkpt>
   <trkpt lat="47.881424" lon="11.912529">
    <ele>507.493</ele>
    <time>2026-06-26T11:42:23Z</time>
   </trkpt>
   <trkpt lat="47.881425" lon="11.912743">
    <ele>507.283</ele>
    <time>2026-06-26T11:42:26Z</time>
   </trkpt>
   <trkpt lat="47.881333" lon="11.913609">
    <ele>507.331</ele>
    <time>2026-06-26T11:42:38Z</time>
   </trkpt>
   <trkpt lat="47.881284" lon="11.914404">
    <ele>507.204</ele>
    <time>2026-06-26T11:42:52Z</time>
   </trkpt>
   <trkpt lat="47.881263" lon="11.915225">
    <ele>509.195</ele>
    <time>2026-06-26T11:43:10Z</time>
   </trkpt>
   <trkpt lat="47.881531" lon="11.915569">
    <ele>510.636</ele>
    <time>2026-06-26T11:43:23Z</time>
   </trkpt>
   <trkpt lat="47.881831" lon="11.915605">
    <ele>510.837</ele>
    <time>2026-06-26T11:43:38Z</time>
   </trkpt>
   <trkpt lat="47.881896" lon="11.915628">
    <ele>510.688</ele>
    <time>2026-06-26T11:43:42Z</time>
   </trkpt>
   <trkpt lat="47.881912" lon="11.915602">
    <ele>510.292</ele>
    <time>2026-06-26T11:43:44Z</time>
   </trkpt>
   <trkpt lat="47.881815" lon="11.915510">
    <ele>509.696</ele>
    <time>2026-06-26T11:43:49Z</time>
   </trkpt>
   <trkpt lat="47.881583" lon="11.915444">
    <ele>510.984</ele>
    <time>2026-06-26T11:43:54Z</time>
   </trkpt>
   <trkpt lat="47.881443" lon="11.915351">
    <ele>512.011</ele>
    <time>2026-06-26T11:44:03Z</time>
   </trkpt>
  </trkseg>
 </trk>
 <trk>
  <name>ACTIVE LOG053646</name>
  <trkseg>
   <trkpt lat="47.881455" lon="11.915440">
    <ele>509.473</ele>
    <time>2026-06-26T12:36:45Z</time>
   </trkpt>
   <trkpt lat="47.881339" lon="11.915088">
    <ele>504.624</ele>
    <time>2026-06-26T12:36:54Z</time>
   </trkpt>
   <trkpt lat="47.881340" lon="11.915017">
    <ele>504.198</ele>
    <time>2026-06-26T12:36:55Z</time>
   </trkpt>
   <trkpt lat="47.881413" lon="11.913962">
    <ele>500.121</ele>
    <time>2026-06-26T12:37:11Z</time>
   </trkpt>
   <trkpt lat="47.881427" lon="11.913910">
    <ele>501.206</ele>
    <time>2026-06-26T12:37:19Z</time>
   </trkpt>
   <trkpt lat="47.881430" lon="11.913389">
    <ele>501.508</ele>
    <time>2026-06-26T12:37:28Z</time>
   </trkpt>
   <trkpt lat="47.881514" lon="11.912679">
    <ele>503.105</ele>
    <time>2026-06-26T12:37:37Z</time>
   </trkpt>
   <trkpt lat="47.881472" lon="11.912294">
    <ele>503.203</ele>
    <time>2026-06-26T12:37:42Z</time>
   </trkpt>
   <trkpt lat="47.881369" lon="11.912025">
    <ele>503.482</ele>
    <time>2026-06-26T12:37:46Z</time>
   </trkpt>
   <trkpt lat="47.880720" lon="11.911283">
    <ele>505.330</ele>
    <time>2026-06-26T12:38:05Z</time>
   </trkpt>
   <trkpt lat="47.880137" lon="11.910950">
    <ele>503.866</ele>
    <time>2026-06-26T12:38:20Z</time>
   </trkpt>
   <trkpt lat="47.880154" lon="11.910906">
    <ele>501.981</ele>
    <time>2026-06-26T12:38:24Z</time>
   </trkpt>
   <trkpt lat="47.880227" lon="11.910931">
    <ele>502.272</ele>
    <time>2026-06-26T12:38:28Z</time>
   </trkpt>
   <trkpt lat="47.880288" lon="11.910788">
    <ele>502.001</ele>
    <time>2026-06-26T12:38:32Z</time>
   </trkpt>
   <trkpt lat="47.880303" lon="11.910362">
    <ele>501.565</ele>
    <time>2026-06-26T12:38:39Z</time>
   </trkpt>
   <trkpt lat="47.879977" lon="11.908897">
    <ele>503.082</ele>
    <time>2026-06-26T12:39:01Z</time>
   </trkpt>
   <trkpt lat="47.879638" lon="11.907412">
    <ele>505.511</ele>
    <time>2026-06-26T12:39:23Z</time>
   </trkpt>
   <trkpt lat="47.879294" lon="11.905819">
    <ele>506.140</ele>
    <time>2026-06-26T12:39:46Z</time>
   </trkpt>
   <trkpt lat="47.878898" lon="11.904089">
    <ele>507.779</ele>
    <time>2026-06-26T12:40:11Z</time>
   </trkpt>
   <trkpt lat="47.878747" lon="11.903401">
    <ele>508.640</ele>
    <time>2026-06-26T12:40:21Z</time>
   </trkpt>
   <trkpt lat="47.878346" lon="11.901608">
    <ele>509.098</ele>
    <time>2026-06-26T12:40:48Z</time>
   </trkpt>
   <trkpt lat="47.877999" lon="11.899957">
    <ele>509.243</ele>
    <time>2026-06-26T12:41:14Z</time>
   </trkpt>
   <trkpt lat="47.877970" lon="11.899832">
    <ele>509.799</ele>
    <time>2026-06-26T12:41:17Z</time>
   </trkpt>
   <trkpt lat="47.878307" lon="11.899655">
    <ele>511.109</ele>
    <time>2026-06-26T12:41:29Z</time>
   </trkpt>
   <trkpt lat="47.878592" lon="11.899521">
    <ele>510.279</ele>
    <time>2026-06-26T12:41:41Z</time>
   </trkpt>
   <trkpt lat="47.878590" lon="11.899517">
    <ele>510.392</ele>
    <time>2026-06-26T12:42:15Z</time>
   </trkpt>
   <trkpt lat="47.878802" lon="11.899531">
    <ele>509.924</ele>
    <time>2026-06-26T12:42:23Z</time>
   </trkpt>
   <trkpt lat="47.878829" lon="11.899477">
    <ele>509.948</ele>
    <time>2026-06-26T12:42:24Z</time>
   </trkpt>
   <trkpt lat="47.878905" lon="11.899300">
    <ele>509.935</ele>
    <time>2026-06-26T12:42:27Z</time>
   </trkpt>
   <trkpt lat="47.879194" lon="11.899013">
    <ele>510.760</ele>
    <time>2026-06-26T12:42:38Z</time>
   </trkpt>
   <trkpt lat="47.879200" lon="11.899011">
    <ele>510.545</ele>
    <time>2026-06-26T12:42:56Z</time>
   </trkpt>
   <trkpt lat="47.879222" lon="11.898782">
    <ele>509.269</ele>
    <time>2026-06-26T12:43:01Z</time>
   </trkpt>
   <trkpt lat="47.879218" lon="11.897401">
    <ele>510.277</ele>
    <time>2026-06-26T12:43:19Z</time>
   </trkpt>
   <trkpt lat="47.879243" lon="11.897023">
    <ele>510.581</ele>
    <time>2026-06-26T12:43:24Z</time>
   </trkpt>
   <trkpt lat="47.879628" lon="11.895356">
    <ele>512.982</ele>
    <time>2026-06-26T12:43:46Z</time>
   </trkpt>
   <trkpt lat="47.879733" lon="11.895175">
    <ele>514.127</ele>
    <time>2026-06-26T12:43:49Z</time>
   </trkpt>
   <trkpt lat="47.880191" lon="11.893917">
    <ele>515.595</ele>
    <time>2026-06-26T12:44:10Z</time>
   </trkpt>
   <trkpt lat="47.880896" lon="11.892483">
    <ele>514.351</ele>
    <time>2026-06-26T12:44:33Z</time>
   </trkpt>
   <trkpt lat="47.881507" lon="11.891225">
    <ele>514.372</ele>
    <time>2026-06-26T12:44:52Z</time>
   </trkpt>
   <trkpt lat="47.881948" lon="11.890287">
    <ele>513.004</ele>
    <time>2026-06-26T12:45:08Z</time>
   </trkpt>
   <trkpt lat="47.882540" lon="11.889035">
    <ele>513.088</ele>
    <time>2026-06-26T12:45:31Z</time>
   </trkpt>
   <trkpt lat="47.883164" lon="11.887748">
    <ele>513.773</ele>
    <time>2026-06-26T12:45:52Z</time>
   </trkpt>
   <trkpt lat="47.883907" lon="11.886161">
    <ele>515.612</ele>
    <time>2026-06-26T12:46:18Z</time>
   </trkpt>
   <trkpt lat="47.884364" lon="11.885108">
    <ele>515.311</ele>
    <time>2026-06-26T12:46:35Z</time>
   </trkpt>
   <trkpt lat="47.884448" lon="11.884650">
    <ele>515.013</ele>
    <time>2026-06-26T12:46:41Z</time>
   </trkpt>
   <trkpt lat="47.884587" lon="11.884324">
    <ele>515.979</ele>
    <time>2026-06-26T12:46:46Z</time>
   </trkpt>
   <trkpt lat="47.884741" lon="11.884123">
    <ele>516.102</ele>
    <time>2026-06-26T12:46:50Z</time>
   </trkpt>
   <trkpt lat="47.884812" lon="11.883583">
    <ele>516.513</ele>
    <time>2026-06-26T12:46:58Z</time>
   </trkpt>
   <trkpt lat="47.884772" lon="11.883456">
    <ele>516.417</ele>
    <time>2026-06-26T12:47:00Z</time>
   </trkpt>
   <trkpt lat="47.884809" lon="11.882819">
    <ele>515.849</ele>
    <time>2026-06-26T12:47:09Z</time>
   </trkpt>
   <trkpt lat="47.885453" lon="11.881620">
    <ele>517.410</ele>
    <time>2026-06-26T12:47:29Z</time>
   </trkpt>
   <trkpt lat="47.885602" lon="11.881396">
    <ele>517.448</ele>
    <time>2026-06-26T12:47:33Z</time>
   </trkpt>
   <trkpt lat="47.885984" lon="11.880852">
    <ele>517.551</ele>
    <time>2026-06-26T12:47:43Z</time>
   </trkpt>
   <trkpt lat="47.886606" lon="11.879773">
    <ele>512.903</ele>
    <time>2026-06-26T12:48:02Z</time>
   </trkpt>
   <trkpt lat="47.886751" lon="11.879647">
    <ele>511.601</ele>
    <time>2026-06-26T12:48:06Z</time>
   </trkpt>
   <trkpt lat="47.886937" lon="11.879585">
    <ele>510.632</ele>
    <time>2026-06-26T12:48:10Z</time>
   </trkpt>
   <trkpt lat="47.887226" lon="11.879616">
    <ele>511.117</ele>
    <time>2026-06-26T12:48:16Z</time>
   </trkpt>
   <trkpt lat="47.887493" lon="11.879430">
    <ele>513.746</ele>
    <time>2026-06-26T12:48:22Z</time>
   </trkpt>
   <trkpt lat="47.888183" lon="11.878484">
    <ele>517.900</ele>
    <time>2026-06-26T12:48:39Z</time>
   </trkpt>
   <trkpt lat="47.888532" lon="11.877535">
    <ele>521.696</ele>
    <time>2026-06-26T12:48:55Z</time>
   </trkpt>
   <trkpt lat="47.888695" lon="11.877448">
    <ele>520.538</ele>
    <time>2026-06-26T12:49:00Z</time>
   </trkpt>
   <trkpt lat="47.888988" lon="11.877251">
    <ele>521.730</ele>
    <time>2026-06-26T12:49:07Z</time>
   </trkpt>
   <trkpt lat="47.889199" lon="11.877064">
    <ele>521.688</ele>
    <time>2026-06-26T12:49:12Z</time>
   </trkpt>
   <trkpt lat="47.889483" lon="11.876650">
    <ele>521.922</ele>
    <time>2026-06-26T12:49:20Z</time>
   </trkpt>
   <trkpt lat="47.889571" lon="11.876468">
    <ele>522.167</ele>
    <time>2026-06-26T12:49:23Z</time>
   </trkpt>
   <trkpt lat="47.889946" lon="11.875539">
    <ele>521.188</ele>
    <time>2026-06-26T12:49:38Z</time>
   </trkpt>
   <trkpt lat="47.890385" lon="11.874469">
    <ele>520.933</ele>
    <time>2026-06-26T12:49:53Z</time>
   </trkpt>
   <trkpt lat="47.890794" lon="11.873032">
    <ele>522.683</ele>
    <time>2026-06-26T12:50:11Z</time>
   </trkpt>
   <trkpt lat="47.890997" lon="11.871322">
    <ele>524.576</ele>
    <time>2026-06-26T12:50:33Z</time>
   </trkpt>
   <trkpt lat="47.891172" lon="11.869586">
    <ele>526.693</ele>
    <time>2026-06-26T12:50:57Z</time>
   </trkpt>
   <trkpt lat="47.891363" lon="11.867507">
    <ele>526.591</ele>
    <time>2026-06-26T12:51:23Z</time>
   </trkpt>
   <trkpt lat="47.891541" lon="11.865504">
    <ele>526.245</ele>
    <time>2026-06-26T12:51:46Z</time>
   </trkpt>
   <trkpt lat="47.891699" lon="11.864165">
    <ele>526.694</ele>
    <time>2026-06-26T12:52:03Z</time>
   </trkpt>
   <trkpt lat="47.891881" lon="11.862139">
    <ele>527.998</ele>
    <time>2026-06-26T12:52:27Z</time>
   </trkpt>
   <trkpt lat="47.892095" lon="11.859950">
    <ele>528.685</ele>
    <time>2026-06-26T12:52:54Z</time>
   </trkpt>
   <trkpt lat="47.892138" lon="11.859717">
    <ele>528.171</ele>
    <time>2026-06-26T12:52:57Z</time>
   </trkpt>
   <trkpt lat="47.892405" lon="11.859328">
    <ele>528.076</ele>
    <time>2026-06-26T12:53:04Z</time>
   </trkpt>
   <trkpt lat="47.892805" lon="11.858171">
    <ele>526.544</ele>
    <time>2026-06-26T12:53:19Z</time>
   </trkpt>
   <trkpt lat="47.892760" lon="11.856818">
    <ele>526.424</ele>
    <time>2026-06-26T12:53:35Z</time>
   </trkpt>
   <trkpt lat="47.892700" lon="11.855622">
    <ele>529.378</ele>
    <time>2026-06-26T12:53:52Z</time>
   </trkpt>
   <trkpt lat="47.892825" lon="11.855478">
    <ele>528.843</ele>
    <time>2026-06-26T12:53:56Z</time>
   </trkpt>
   <trkpt lat="47.893368" lon="11.854753">
    <ele>526.965</ele>
    <time>2026-06-26T12:54:10Z</time>
   </trkpt>
   <trkpt lat="47.893615" lon="11.854161">
    <ele>526.691</ele>
    <time>2026-06-26T12:54:19Z</time>
   </trkpt>
   <trkpt lat="47.893880" lon="11.853828">
    <ele>527.678</ele>
    <time>2026-06-26T12:54:26Z</time>
   </trkpt>
   <trkpt lat="47.894547" lon="11.853521">
    <ele>528.113</ele>
    <time>2026-06-26T12:54:40Z</time>
   </trkpt>
   <trkpt lat="47.894673" lon="11.853459">
    <ele>528.526</ele>
    <time>2026-06-26T12:54:43Z</time>
   </trkpt>
   <trkpt lat="47.894787" lon="11.853406">
    <ele>528.618</ele>
    <time>2026-06-26T12:54:46Z</time>
   </trkpt>
   <trkpt lat="47.894898" lon="11.853185">
    <ele>529.364</ele>
    <time>2026-06-26T12:54:51Z</time>
   </trkpt>
   <trkpt lat="47.895131" lon="11.853174">
    <ele>530.093</ele>
    <time>2026-06-26T12:55:02Z</time>
   </trkpt>
   <trkpt lat="47.895198" lon="11.853184">
    <ele>529.914</ele>
    <time>2026-06-26T12:55:05Z</time>
   </trkpt>
   <trkpt lat="47.895260" lon="11.853105">
    <ele>530.882</ele>
    <time>2026-06-26T12:55:09Z</time>
   </trkpt>
   <trkpt lat="47.895460" lon="11.852422">
    <ele>535.809</ele>
    <time>2026-06-26T12:55:33Z</time>
   </trkpt>
   <trkpt lat="47.895626" lon="11.851552">
    <ele>538.059</ele>
    <time>2026-06-26T12:55:50Z</time>
   </trkpt>
   <trkpt lat="47.896013" lon="11.849933">
    <ele>538.748</ele>
    <time>2026-06-26T12:56:16Z</time>
   </trkpt>
   <trkpt lat="47.896533" lon="11.848298">
    <ele>539.180</ele>
    <time>2026-06-26T12:56:40Z</time>
   </trkpt>
   <trkpt lat="47.897091" lon="11.846781">
    <ele>540.730</ele>
    <time>2026-06-26T12:57:03Z</time>
   </trkpt>
   <trkpt lat="47.897769" lon="11.845012">
    <ele>541.105</ele>
    <time>2026-06-26T12:57:29Z</time>
   </trkpt>
   <trkpt lat="47.898511" lon="11.843066">
    <ele>542.593</ele>
    <time>2026-06-26T12:57:56Z</time>
   </trkpt>
   <trkpt lat="47.899172" lon="11.841278">
    <ele>542.284</ele>
    <time>2026-06-26T12:58:21Z</time>
   </trkpt>
   <trkpt lat="47.899839" lon="11.839578">
    <ele>543.477</ele>
    <time>2026-06-26T12:58:45Z</time>
   </trkpt>
   <trkpt lat="47.900519" lon="11.837687">
    <ele>544.657</ele>
    <time>2026-06-26T12:59:11Z</time>
   </trkpt>
   <trkpt lat="47.900776" lon="11.837008">
    <ele>545.003</ele>
    <time>2026-06-26T12:59:22Z</time>
   </trkpt>
   <trkpt lat="47.900890" lon="11.837024">
    <ele>544.894</ele>
    <time>2026-06-26T12:59:26Z</time>
   </trkpt>
   <trkpt lat="47.901578" lon="11.837779">
    <ele>544.288</ele>
    <time>2026-06-26T12:59:45Z</time>
   </trkpt>
   <trkpt lat="47.902039" lon="11.838283">
    <ele>543.461</ele>
    <time>2026-06-26T12:59:57Z</time>
   </trkpt>
   <trkpt lat="47.902255" lon="11.838180">
    <ele>542.644</ele>
    <time>2026-06-26T13:00:03Z</time>
   </trkpt>
   <trkpt lat="47.902464" lon="11.837853">
    <ele>543.208</ele>
    <time>2026-06-26T13:00:09Z</time>
   </trkpt>
   <trkpt lat="47.903175" lon="11.836830">
    <ele>544.136</ele>
    <time>2026-06-26T13:00:28Z</time>
   </trkpt>
   <trkpt lat="47.903986" lon="11.835685">
    <ele>545.412</ele>
    <time>2026-06-26T13:00:51Z</time>
   </trkpt>
   <trkpt lat="47.904684" lon="11.834694">
    <ele>545.765</ele>
    <time>2026-06-26T13:01:11Z</time>
   </trkpt>
   <trkpt lat="47.904817" lon="11.834518">
    <ele>546.111</ele>
    <time>2026-06-26T13:01:15Z</time>
   </trkpt>
   <trkpt lat="47.904905" lon="11.834350">
    <ele>546.653</ele>
    <time>2026-06-26T13:01:18Z</time>
   </trkpt>
   <trkpt lat="47.905545" lon="11.833361">
    <ele>546.957</ele>
    <time>2026-06-26T13:01:38Z</time>
   </trkpt>
   <trkpt lat="47.905633" lon="11.833216">
    <ele>546.605</ele>
    <time>2026-06-26T13:01:41Z</time>
   </trkpt>
   <trkpt lat="47.906180" lon="11.832411">
    <ele>548.047</ele>
    <time>2026-06-26T13:02:00Z</time>
   </trkpt>
   <trkpt lat="47.906486" lon="11.832137">
    <ele>550.121</ele>
    <time>2026-06-26T13:02:15Z</time>
   </trkpt>
   <trkpt lat="47.906673" lon="11.832010">
    <ele>550.407</ele>
    <time>2026-06-26T13:02:29Z</time>
   </trkpt>
   <trkpt lat="47.906835" lon="11.831904">
    <ele>551.111</ele>
    <time>2026-06-26T13:02:43Z</time>
   </trkpt>
   <trkpt lat="47.907043" lon="11.831801">
    <ele>555.856</ele>
    <time>2026-06-26T13:02:57Z</time>
   </trkpt>
   <trkpt lat="47.907199" lon="11.831799">
    <ele>556.927</ele>
    <time>2026-06-26T13:03:09Z</time>
   </trkpt>
   <trkpt lat="47.907361" lon="11.831835">
    <ele>559.500</ele>
    <time>2026-06-26T13:03:22Z</time>
   </trkpt>
   <trkpt lat="47.907376" lon="11.831844">
    <ele>559.902</ele>
    <time>2026-06-26T13:03:23Z</time>
   </trkpt>
   <trkpt lat="47.907533" lon="11.832065">
    <ele>563.128</ele>
    <time>2026-06-26T13:03:38Z</time>
   </trkpt>
   <trkpt lat="47.907712" lon="11.832057">
    <ele>564.467</ele>
    <time>2026-06-26T13:03:51Z</time>
   </trkpt>
   <trkpt lat="47.907863" lon="11.831901">
    <ele>565.992</ele>
    <time>2026-06-26T13:04:04Z</time>
   </trkpt>
   <trkpt lat="47.907893" lon="11.831872">
    <ele>566.843</ele>
    <time>2026-06-26T13:04:06Z</time>
   </trkpt>
   <trkpt lat="47.907927" lon="11.831823">
    <ele>567.080</ele>
    <time>2026-06-26T13:04:09Z</time>
   </trkpt>
   <trkpt lat="47.908252" lon="11.831501">
    <ele>570.774</ele>
    <time>2026-06-26T13:04:29Z</time>
   </trkpt>
   <trkpt lat="47.908523" lon="11.831194">
    <ele>577.861</ele>
    <time>2026-06-26T13:04:47Z</time>
   </trkpt>
   <trkpt lat="47.908684" lon="11.831069">
    <ele>578.452</ele>
    <time>2026-06-26T13:04:59Z</time>
   </trkpt>
   <trkpt lat="47.908806" lon="11.830977">
    <ele>578.169</ele>
    <time>2026-06-26T13:05:09Z</time>
   </trkpt>
   <trkpt lat="47.908954" lon="11.830792">
    <ele>582.692</ele>
    <time>2026-06-26T13:05:19Z</time>
   </trkpt>
   <trkpt lat="47.909156" lon="11.830570">
    <ele>586.238</ele>
    <time>2026-06-26T13:05:31Z</time>
   </trkpt>
   <trkpt lat="47.909260" lon="11.830380">
    <ele>588.489</ele>
    <time>2026-06-26T13:05:41Z</time>
   </trkpt>
   <trkpt lat="47.909370" lon="11.830024">
    <ele>588.896</ele>
    <time>2026-06-26T13:05:55Z</time>
   </trkpt>
   <trkpt lat="47.909392" lon="11.829981">
    <ele>588.415</ele>
    <time>2026-06-26T13:05:57Z</time>
   </trkpt>
   <trkpt lat="47.909486" lon="11.829818">
    <ele>585.537</ele>
    <time>2026-06-26T13:06:13Z</time>
   </trkpt>
   <trkpt lat="47.909497" lon="11.829809">
    <ele>587.147</ele>
    <time>2026-06-26T13:07:36Z</time>
   </trkpt>
   <trkpt lat="47.909530" lon="11.829776">
    <ele>587.369</ele>
    <time>2026-06-26T13:07:52Z</time>
   </trkpt>
   <trkpt lat="47.909548" lon="11.829742">
    <ele>587.292</ele>
    <time>2026-06-26T13:07:54Z</time>
   </trkpt>
   <trkpt lat="47.909585" lon="11.829681">
    <ele>587.681</ele>
    <time>2026-06-26T13:07:58Z</time>
   </trkpt>
   <trkpt lat="47.909676" lon="11.829368">
    <ele>587.135</ele>
    <time>2026-06-26T13:08:09Z</time>
   </trkpt>
   <trkpt lat="47.909731" lon="11.829212">
    <ele>587.222</ele>
    <time>2026-06-26T13:08:15Z</time>
   </trkpt>
   <trkpt lat="47.909871" lon="11.828887">
    <ele>584.799</ele>
    <time>2026-06-26T13:08:27Z</time>
   </trkpt>
   <trkpt lat="47.910108" lon="11.828499">
    <ele>583.865</ele>
    <time>2026-06-26T13:08:36Z</time>
   </trkpt>
   <trkpt lat="47.910215" lon="11.828166">
    <ele>584.388</ele>
    <time>2026-06-26T13:08:41Z</time>
   </trkpt>
   <trkpt lat="47.910342" lon="11.827873">
    <ele>585.612</ele>
    <time>2026-06-26T13:08:46Z</time>
   </trkpt>
   <trkpt lat="47.910959" lon="11.827376">
    <ele>587.250</ele>
    <time>2026-06-26T13:09:03Z</time>
   </trkpt>
   <trkpt lat="47.911607" lon="11.826841">
    <ele>587.884</ele>
    <time>2026-06-26T13:09:20Z</time>
   </trkpt>
   <trkpt lat="47.912092" lon="11.825954">
    <ele>590.602</ele>
    <time>2026-06-26T13:09:39Z</time>
   </trkpt>
   <trkpt lat="47.912396" lon="11.825409">
    <ele>593.855</ele>
    <time>2026-06-26T13:09:57Z</time>
   </trkpt>
   <trkpt lat="47.912486" lon="11.824717">
    <ele>595.678</ele>
    <time>2026-06-26T13:10:13Z</time>
   </trkpt>
   <trkpt lat="47.912402" lon="11.823415">
    <ele>596.700</ele>
    <time>2026-06-26T13:10:34Z</time>
   </trkpt>
   <trkpt lat="47.912356" lon="11.821837">
    <ele>598.651</ele>
    <time>2026-06-26T13:10:57Z</time>
   </trkpt>
   <trkpt lat="47.912330" lon="11.820235">
    <ele>602.097</ele>
    <time>2026-06-26T13:11:19Z</time>
   </trkpt>
   <trkpt lat="47.912227" lon="11.819469">
    <ele>605.506</ele>
    <time>2026-06-26T13:11:37Z</time>
   </trkpt>
   <trkpt lat="47.912191" lon="11.818742">
    <ele>605.416</ele>
    <time>2026-06-26T13:11:51Z</time>
   </trkpt>
   <trkpt lat="47.912626" lon="11.818009">
    <ele>604.465</ele>
    <time>2026-06-26T13:12:04Z</time>
   </trkpt>
   <trkpt lat="47.912670" lon="11.817968">
    <ele>604.584</ele>
    <time>2026-06-26T13:12:05Z</time>
   </trkpt>
   <trkpt lat="47.912786" lon="11.817750">
    <ele>605.152</ele>
    <time>2026-06-26T13:12:09Z</time>
   </trkpt>
   <trkpt lat="47.913060" lon="11.816755">
    <ele>607.845</ele>
    <time>2026-06-26T13:12:28Z</time>
   </trkpt>
   <trkpt lat="47.913293" lon="11.815941">
    <ele>612.001</ele>
    <time>2026-06-26T13:12:53Z</time>
   </trkpt>
   <trkpt lat="47.913431" lon="11.815420">
    <ele>615.349</ele>
    <time>2026-06-26T13:13:12Z</time>
   </trkpt>
   <trkpt lat="47.913583" lon="11.814721">
    <ele>618.173</ele>
    <time>2026-06-26T13:13:32Z</time>
   </trkpt>
   <trkpt lat="47.913877" lon="11.813945">
    <ele>619.995</ele>
    <time>2026-06-26T13:13:52Z</time>
   </trkpt>
   <trkpt lat="47.914250" lon="11.813991">
    <ele>620.777</ele>
    <time>2026-06-26T13:14:06Z</time>
   </trkpt>
   <trkpt lat="47.914612" lon="11.814296">
    <ele>622.540</ele>
    <time>2026-06-26T13:14:26Z</time>
   </trkpt>
   <trkpt lat="47.915089" lon="11.814314">
    <ele>623.254</ele>
    <time>2026-06-26T13:14:43Z</time>
   </trkpt>
   <trkpt lat="47.915204" lon="11.814217">
    <ele>622.791</ele>
    <time>2026-06-26T13:14:46Z</time>
   </trkpt>
   <trkpt lat="47.915403" lon="11.813883">
    <ele>621.665</ele>
    <time>2026-06-26T13:14:52Z</time>
   </trkpt>
   <trkpt lat="47.915882" lon="11.812871">
    <ele>621.743</ele>
    <time>2026-06-26T13:15:08Z</time>
   </trkpt>
   <trkpt lat="47.916090" lon="11.812777">
    <ele>623.376</ele>
    <time>2026-06-26T13:15:14Z</time>
   </trkpt>
   <trkpt lat="47.916607" lon="11.812865">
    <ele>626.687</ele>
    <time>2026-06-26T13:15:30Z</time>
   </trkpt>
   <trkpt lat="47.917190" lon="11.812921">
    <ele>628.546</ele>
    <time>2026-06-26T13:15:48Z</time>
   </trkpt>
   <trkpt lat="47.917695" lon="11.813031">
    <ele>629.050</ele>
    <time>2026-06-26T13:16:08Z</time>
   </trkpt>
   <trkpt lat="47.918279" lon="11.812859">
    <ele>628.122</ele>
    <time>2026-06-26T13:16:24Z</time>
   </trkpt>
   <trkpt lat="47.918985" lon="11.812628">
    <ele>629.791</ele>
    <time>2026-06-26T13:16:42Z</time>
   </trkpt>
   <trkpt lat="47.919342" lon="11.812800">
    <ele>632.684</ele>
    <time>2026-06-26T13:16:56Z</time>
   </trkpt>
   <trkpt lat="47.919867" lon="11.813436">
    <ele>636.345</ele>
    <time>2026-06-26T13:17:21Z</time>
   </trkpt>
   <trkpt lat="47.920119" lon="11.813910">
    <ele>636.050</ele>
    <time>2026-06-26T13:17:36Z</time>
   </trkpt>
   <trkpt lat="47.920451" lon="11.813742">
    <ele>635.150</ele>
    <time>2026-06-26T13:17:46Z</time>
   </trkpt>
   <trkpt lat="47.920770" lon="11.813481">
    <ele>631.657</ele>
    <time>2026-06-26T13:17:52Z</time>
   </trkpt>
   <trkpt lat="47.920927" lon="11.813399">
    <ele>629.689</ele>
    <time>2026-06-26T13:17:54Z</time>
   </trkpt>
   <trkpt lat="47.921619" lon="11.813356">
    <ele>625.688</ele>
    <time>2026-06-26T13:18:02Z</time>
   </trkpt>
   <trkpt lat="47.921731" lon="11.813346">
    <ele>625.654</ele>
    <time>2026-06-26T13:18:08Z</time>
   </trkpt>
   <trkpt lat="47.921964" lon="11.813463">
    <ele>625.125</ele>
    <time>2026-06-26T13:18:15Z</time>
   </trkpt>
   <trkpt lat="47.922540" lon="11.813661">
    <ele>620.184</ele>
    <time>2026-06-26T13:18:27Z</time>
   </trkpt>
   <trkpt lat="47.923228" lon="11.813773">
    <ele>621.159</ele>
    <time>2026-06-26T13:18:40Z</time>
   </trkpt>
   <trkpt lat="47.923353" lon="11.813647">
    <ele>621.402</ele>
    <time>2026-06-26T13:18:44Z</time>
   </trkpt>
   <trkpt lat="47.923955" lon="11.813803">
    <ele>625.053</ele>
    <time>2026-06-26T13:18:58Z</time>
   </trkpt>
   <trkpt lat="47.924359" lon="11.813940">
    <ele>623.065</ele>
    <time>2026-06-26T13:19:08Z</time>
   </trkpt>
   <trkpt lat="47.924657" lon="11.814050">
    <ele>623.230</ele>
    <time>2026-06-26T13:19:16Z</time>
   </trkpt>
   <trkpt lat="47.925178" lon="11.813923">
    <ele>618.381</ele>
    <time>2026-06-26T13:19:28Z</time>
   </trkpt>
   <trkpt lat="47.925643" lon="11.813797">
    <ele>621.567</ele>
    <time>2026-06-26T13:19:37Z</time>
   </trkpt>
   <trkpt lat="47.926142" lon="11.813739">
    <ele>625.510</ele>
    <time>2026-06-26T13:19:51Z</time>
   </trkpt>
   <trkpt lat="47.926641" lon="11.813435">
    <ele>624.707</ele>
    <time>2026-06-26T13:20:02Z</time>
   </trkpt>
   <trkpt lat="47.926993" lon="11.813193">
    <ele>627.034</ele>
    <time>2026-06-26T13:20:10Z</time>
   </trkpt>
   <trkpt lat="47.927406" lon="11.812843">
    <ele>634.665</ele>
    <time>2026-06-26T13:20:18Z</time>
   </trkpt>
   <trkpt lat="47.927471" lon="11.812800">
    <ele>634.342</ele>
    <time>2026-06-26T13:20:20Z</time>
   </trkpt>
   <trkpt lat="47.927871" lon="11.812400">
    <ele>632.517</ele>
    <time>2026-06-26T13:20:34Z</time>
   </trkpt>
   <trkpt lat="47.928529" lon="11.811888">
    <ele>632.836</ele>
    <time>2026-06-26T13:20:55Z</time>
   </trkpt>
   <trkpt lat="47.929091" lon="11.811754">
    <ele>635.125</ele>
    <time>2026-06-26T13:21:15Z</time>
   </trkpt>
   <trkpt lat="47.929484" lon="11.811798">
    <ele>637.604</ele>
    <time>2026-06-26T13:21:30Z</time>
   </trkpt>
   <trkpt lat="47.929903" lon="11.811835">
    <ele>641.196</ele>
    <time>2026-06-26T13:21:51Z</time>
   </trkpt>
   <trkpt lat="47.930211" lon="11.811766">
    <ele>642.848</ele>
    <time>2026-06-26T13:22:07Z</time>
   </trkpt>
   <trkpt lat="47.930616" lon="11.811539">
    <ele>642.244</ele>
    <time>2026-06-26T13:22:26Z</time>
   </trkpt>
   <trkpt lat="47.930715" lon="11.811468">
    <ele>641.090</ele>
    <time>2026-06-26T13:22:28Z</time>
   </trkpt>
   <trkpt lat="47.930913" lon="11.811198">
    <ele>638.670</ele>
    <time>2026-06-26T13:22:32Z</time>
   </trkpt>
   <trkpt lat="47.931779" lon="11.810580">
    <ele>628.885</ele>
    <time>2026-06-26T13:22:42Z</time>
   </trkpt>
   <trkpt lat="47.932984" lon="11.810259">
    <ele>623.900</ele>
    <time>2026-06-26T13:22:54Z</time>
   </trkpt>
   <trkpt lat="47.933492" lon="11.810089">
    <ele>623.803</ele>
    <time>2026-06-26T13:23:01Z</time>
   </trkpt>
   <trkpt lat="47.933845" lon="11.809728">
    <ele>625.781</ele>
    <time>2026-06-26T13:23:12Z</time>
   </trkpt>
   <trkpt lat="47.934082" lon="11.809521">
    <ele>626.923</ele>
    <time>2026-06-26T13:23:24Z</time>
   </trkpt>
   <trkpt lat="47.934110" lon="11.809501">
    <ele>626.791</ele>
    <time>2026-06-26T13:23:26Z</time>
   </trkpt>
   <trkpt lat="47.934324" lon="11.809200">
    <ele>629.086</ele>
    <time>2026-06-26T13:23:39Z</time>
   </trkpt>
   <trkpt lat="47.934510" lon="11.808976">
    <ele>631.899</ele>
    <time>2026-06-26T13:23:49Z</time>
   </trkpt>
   <trkpt lat="47.934687" lon="11.808884">
    <ele>633.098</ele>
    <time>2026-06-26T13:23:57Z</time>
   </trkpt>
   <trkpt lat="47.934730" lon="11.808854">
    <ele>632.909</ele>
    <time>2026-06-26T13:23:59Z</time>
   </trkpt>
   <trkpt lat="47.934986" lon="11.808749">
    <ele>632.643</ele>
    <time>2026-06-26T13:24:11Z</time>
   </trkpt>
   <trkpt lat="47.935326" lon="11.808422">
    <ele>631.692</ele>
    <time>2026-06-26T13:24:22Z</time>
   </trkpt>
   <trkpt lat="47.935566" lon="11.808112">
    <ele>632.360</ele>
    <time>2026-06-26T13:24:32Z</time>
   </trkpt>
   <trkpt lat="47.935714" lon="11.808021">
    <ele>632.340</ele>
    <time>2026-06-26T13:24:39Z</time>
   </trkpt>
   <trkpt lat="47.936155" lon="11.807946">
    <ele>632.956</ele>
    <time>2026-06-26T13:24:53Z</time>
   </trkpt>
   <trkpt lat="47.936425" lon="11.807975">
    <ele>633.274</ele>
    <time>2026-06-26T13:25:01Z</time>
   </trkpt>
   <trkpt lat="47.936773" lon="11.807915">
    <ele>636.096</ele>
    <time>2026-06-26T13:25:12Z</time>
   </trkpt>
   <trkpt lat="47.936982" lon="11.807824">
    <ele>635.172</ele>
    <time>2026-06-26T13:25:21Z</time>
   </trkpt>
   <trkpt lat="47.937137" lon="11.807763">
    <ele>632.709</ele>
    <time>2026-06-26T13:25:29Z</time>
   </trkpt>
   <trkpt lat="47.937299" lon="11.807743">
    <ele>632.463</ele>
    <time>2026-06-26T13:25:33Z</time>
   </trkpt>
   <trkpt lat="47.937769" lon="11.807461">
    <ele>640.894</ele>
    <time>2026-06-26T13:25:47Z</time>
   </trkpt>
   <trkpt lat="47.938363" lon="11.807190">
    <ele>644.472</ele>
    <time>2026-06-26T13:26:07Z</time>
   </trkpt>
   <trkpt lat="47.939022" lon="11.806801">
    <ele>642.732</ele>
    <time>2026-06-26T13:26:24Z</time>
   </trkpt>
   <trkpt lat="47.939561" lon="11.806495">
    <ele>643.277</ele>
    <time>2026-06-26T13:26:41Z</time>
   </trkpt>
   <trkpt lat="47.940230" lon="11.806204">
    <ele>641.675</ele>
    <time>2026-06-26T13:27:00Z</time>
   </trkpt>
   <trkpt lat="47.940324" lon="11.806162">
    <ele>641.271</ele>
    <time>2026-06-26T13:27:02Z</time>
   </trkpt>
   <trkpt lat="47.941070" lon="11.805700">
    <ele>635.500</ele>
    <time>2026-06-26T13:27:13Z</time>
   </trkpt>
   <trkpt lat="47.941813" lon="11.805646">
    <ele>633.812</ele>
    <time>2026-06-26T13:27:22Z</time>
   </trkpt>
   <trkpt lat="47.942239" lon="11.805457">
    <ele>635.641</ele>
    <time>2026-06-26T13:27:29Z</time>
   </trkpt>
   <trkpt lat="47.942372" lon="11.805332">
    <ele>636.750</ele>
    <time>2026-06-26T13:27:38Z</time>
   </trkpt>
   <trkpt lat="47.942379" lon="11.805335">
    <ele>636.980</ele>
    <time>2026-06-26T13:27:45Z</time>
   </trkpt>
   <trkpt lat="47.942491" lon="11.804751">
    <ele>636.737</ele>
    <time>2026-06-26T13:27:56Z</time>
   </trkpt>
   <trkpt lat="47.942618" lon="11.803936">
    <ele>638.253</ele>
    <time>2026-06-26T13:28:10Z</time>
   </trkpt>
   <trkpt lat="47.943065" lon="11.803778">
    <ele>638.866</ele>
    <time>2026-06-26T13:28:22Z</time>
   </trkpt>
   <trkpt lat="47.943246" lon="11.803672">
    <ele>640.485</ele>
    <time>2026-06-26T13:28:28Z</time>
   </trkpt>
   <trkpt lat="47.943279" lon="11.803438">
    <ele>639.554</ele>
    <time>2026-06-26T13:28:33Z</time>
   </trkpt>
   <trkpt lat="47.943179" lon="11.802708">
    <ele>641.766</ele>
    <time>2026-06-26T13:28:50Z</time>
   </trkpt>
   <trkpt lat="47.943296" lon="11.802081">
    <ele>644.040</ele>
    <time>2026-06-26T13:29:04Z</time>
   </trkpt>
   <trkpt lat="47.943649" lon="11.801005">
    <ele>644.133</ele>
    <time>2026-06-26T13:29:24Z</time>
   </trkpt>
   <trkpt lat="47.944068" lon="11.800113">
    <ele>642.320</ele>
    <time>2026-06-26T13:29:39Z</time>
   </trkpt>
   <trkpt lat="47.944693" lon="11.798306">
    <ele>640.044</ele>
    <time>2026-06-26T13:30:00Z</time>
   </trkpt>
   <trkpt lat="47.945369" lon="11.797057">
    <ele>638.260</ele>
    <time>2026-06-26T13:30:17Z</time>
   </trkpt>
   <trkpt lat="47.945452" lon="11.796957">
    <ele>637.862</ele>
    <time>2026-06-26T13:30:21Z</time>
   </trkpt>
   <trkpt lat="47.945571" lon="11.796703">
    <ele>638.119</ele>
    <time>2026-06-26T13:30:26Z</time>
   </trkpt>
   <trkpt lat="47.946101" lon="11.795910">
    <ele>636.162</ele>
    <time>2026-06-26T13:30:41Z</time>
   </trkpt>
   <trkpt lat="47.946737" lon="11.794745">
    <ele>634.836</ele>
    <time>2026-06-26T13:30:57Z</time>
   </trkpt>
   <trkpt lat="47.947027" lon="11.794002">
    <ele>634.828</ele>
    <time>2026-06-26T13:31:06Z</time>
   </trkpt>
   <trkpt lat="47.947253" lon="11.793913">
    <ele>634.569</ele>
    <time>2026-06-26T13:31:11Z</time>
   </trkpt>
   <trkpt lat="47.947351" lon="11.793973">
    <ele>634.495</ele>
    <time>2026-06-26T13:31:13Z</time>
   </trkpt>
   <trkpt lat="47.948464" lon="11.794295">
    <ele>631.846</ele>
    <time>2026-06-26T13:31:32Z</time>
   </trkpt>
   <trkpt lat="47.949652" lon="11.794448">
    <ele>628.397</ele>
    <time>2026-06-26T13:31:51Z</time>
   </trkpt>
   <trkpt lat="47.950785" lon="11.794671">
    <ele>627.306</ele>
    <time>2026-06-26T13:32:11Z</time>
   </trkpt>
   <trkpt lat="47.951739" lon="11.795378">
    <ele>627.881</ele>
    <time>2026-06-26T13:32:34Z</time>
   </trkpt>
   <trkpt lat="47.951977" lon="11.795525">
    <ele>628.780</ele>
    <time>2026-06-26T13:32:40Z</time>
   </trkpt>
   <trkpt lat="47.952024" lon="11.795738">
    <ele>629.191</ele>
    <time>2026-06-26T13:32:44Z</time>
   </trkpt>
   <trkpt lat="47.952061" lon="11.797331">
    <ele>631.673</ele>
    <time>2026-06-26T13:33:10Z</time>
   </trkpt>
   <trkpt lat="47.952079" lon="11.797442">
    <ele>631.827</ele>
    <time>2026-06-26T13:33:12Z</time>
   </trkpt>
   <trkpt lat="47.952267" lon="11.797539">
    <ele>630.660</ele>
    <time>2026-06-26T13:33:17Z</time>
   </trkpt>
   <trkpt lat="47.952516" lon="11.797515">
    <ele>630.941</ele>
    <time>2026-06-26T13:33:22Z</time>
   </trkpt>
   <trkpt lat="47.952822" lon="11.797486">
    <ele>631.702</ele>
    <time>2026-06-26T13:33:28Z</time>
   </trkpt>
   <trkpt lat="47.953024" lon="11.797336">
    <ele>630.930</ele>
    <time>2026-06-26T13:33:32Z</time>
   </trkpt>
   <trkpt lat="47.954059" lon="11.796002">
    <ele>629.046</ele>
    <time>2026-06-26T13:33:56Z</time>
   </trkpt>
   <trkpt lat="47.954343" lon="11.795534">
    <ele>629.047</ele>
    <time>2026-06-26T13:34:03Z</time>
   </trkpt>
   <trkpt lat="47.955157" lon="11.794797">
    <ele>630.232</ele>
    <time>2026-06-26T13:34:20Z</time>
   </trkpt>
   <trkpt lat="47.955425" lon="11.794589">
    <ele>632.196</ele>
    <time>2026-06-26T13:34:31Z</time>
   </trkpt>
   <trkpt lat="47.955733" lon="11.794354">
    <ele>633.667</ele>
    <time>2026-06-26T13:34:51Z</time>
   </trkpt>
   <trkpt lat="47.956027" lon="11.794103">
    <ele>636.501</ele>
    <time>2026-06-26T13:35:05Z</time>
   </trkpt>
   <trkpt lat="47.956062" lon="11.794072">
    <ele>637.315</ele>
    <time>2026-06-26T13:35:08Z</time>
   </trkpt>
   <trkpt lat="47.956255" lon="11.793917">
    <ele>642.093</ele>
    <time>2026-06-26T13:35:19Z</time>
   </trkpt>
   <trkpt lat="47.956531" lon="11.793680">
    <ele>645.914</ele>
    <time>2026-06-26T13:35:30Z</time>
   </trkpt>
   <trkpt lat="47.956600" lon="11.793604">
    <ele>647.521</ele>
    <time>2026-06-26T13:35:35Z</time>
   </trkpt>
   <trkpt lat="47.956731" lon="11.793486">
    <ele>651.781</ele>
    <time>2026-06-26T13:35:40Z</time>
   </trkpt>
   <trkpt lat="47.956966" lon="11.793214">
    <ele>656.211</ele>
    <time>2026-06-26T13:35:52Z</time>
   </trkpt>
   <trkpt lat="47.957153" lon="11.793094">
    <ele>657.045</ele>
    <time>2026-06-26T13:36:01Z</time>
   </trkpt>
   <trkpt lat="47.957328" lon="11.793038">
    <ele>657.294</ele>
    <time>2026-06-26T13:36:08Z</time>
   </trkpt>
   <trkpt lat="47.957532" lon="11.792940">
    <ele>657.573</ele>
    <time>2026-06-26T13:36:19Z</time>
   </trkpt>
   <trkpt lat="47.957755" lon="11.792817">
    <ele>659.219</ele>
    <time>2026-06-26T13:36:33Z</time>
   </trkpt>
   <trkpt lat="47.957796" lon="11.792795">
    <ele>659.410</ele>
    <time>2026-06-26T13:36:37Z</time>
   </trkpt>
   <trkpt lat="47.958001" lon="11.792652">
    <ele>663.263</ele>
    <time>2026-06-26T13:36:49Z</time>
   </trkpt>
   <trkpt lat="47.958040" lon="11.792618">
    <ele>662.673</ele>
    <time>2026-06-26T13:36:52Z</time>
   </trkpt>
   <trkpt lat="47.958209" lon="11.792424">
    <ele>660.504</ele>
    <time>2026-06-26T13:37:01Z</time>
   </trkpt>
   <trkpt lat="47.958502" lon="11.792067">
    <ele>658.356</ele>
    <time>2026-06-26T13:37:11Z</time>
   </trkpt>
   <trkpt lat="47.959146" lon="11.791043">
    <ele>653.574</ele>
    <time>2026-06-26T13:37:23Z</time>
   </trkpt>
   <trkpt lat="47.959669" lon="11.790510">
    <ele>653.563</ele>
    <time>2026-06-26T13:37:33Z</time>
   </trkpt>
   <trkpt lat="47.959989" lon="11.790312">
    <ele>651.268</ele>
    <time>2026-06-26T13:37:46Z</time>
   </trkpt>
   <trkpt lat="47.960287" lon="11.790132">
    <ele>643.276</ele>
    <time>2026-06-26T13:37:58Z</time>
   </trkpt>
   <trkpt lat="47.960799" lon="11.790196">
    <ele>637.697</ele>
    <time>2026-06-26T13:38:10Z</time>
   </trkpt>
   <trkpt lat="47.961129" lon="11.790136">
    <ele>637.218</ele>
    <time>2026-06-26T13:38:17Z</time>
   </trkpt>
   <trkpt lat="47.961512" lon="11.790017">
    <ele>635.826</ele>
    <time>2026-06-26T13:38:23Z</time>
   </trkpt>
   <trkpt lat="47.961769" lon="11.789959">
    <ele>634.971</ele>
    <time>2026-06-26T13:38:27Z</time>
   </trkpt>
   <trkpt lat="47.962372" lon="11.789818">
    <ele>641.496</ele>
    <time>2026-06-26T13:38:36Z</time>
   </trkpt>
   <trkpt lat="47.962912" lon="11.789629">
    <ele>642.422</ele>
    <time>2026-06-26T13:38:45Z</time>
   </trkpt>
   <trkpt lat="47.963289" lon="11.789618">
    <ele>645.462</ele>
    <time>2026-06-26T13:38:53Z</time>
   </trkpt>
   <trkpt lat="47.963464" lon="11.789557">
    <ele>646.030</ele>
    <time>2026-06-26T13:38:57Z</time>
   </trkpt>
   <trkpt lat="47.963957" lon="11.789340">
    <ele>642.858</ele>
    <time>2026-06-26T13:39:08Z</time>
   </trkpt>
   <trkpt lat="47.964232" lon="11.789261">
    <ele>642.685</ele>
    <time>2026-06-26T13:39:18Z</time>
   </trkpt>
   <trkpt lat="47.964567" lon="11.789125">
    <ele>639.742</ele>
    <time>2026-06-26T13:39:29Z</time>
   </trkpt>
   <trkpt lat="47.964976" lon="11.789043">
    <ele>637.430</ele>
    <time>2026-06-26T13:39:38Z</time>
   </trkpt>
   <trkpt lat="47.965272" lon="11.788812">
    <ele>639.898</ele>
    <time>2026-06-26T13:39:46Z</time>
   </trkpt>
   <trkpt lat="47.965672" lon="11.788261">
    <ele>636.489</ele>
    <time>2026-06-26T13:39:56Z</time>
   </trkpt>
   <trkpt lat="47.966284" lon="11.786975">
    <ele>631.802</ele>
    <time>2026-06-26T13:40:12Z</time>
   </trkpt>
   <trkpt lat="47.966478" lon="11.786361">
    <ele>628.735</ele>
    <time>2026-06-26T13:40:17Z</time>
   </trkpt>
   <trkpt lat="47.966730" lon="11.785907">
    <ele>626.319</ele>
    <time>2026-06-26T13:40:21Z</time>
   </trkpt>
   <trkpt lat="47.967262" lon="11.785454">
    <ele>622.905</ele>
    <time>2026-06-26T13:40:27Z</time>
   </trkpt>
   <trkpt lat="47.967801" lon="11.784582">
    <ele>618.396</ele>
    <time>2026-06-26T13:40:35Z</time>
   </trkpt>
   <trkpt lat="47.967927" lon="11.784002">
    <ele>616.702</ele>
    <time>2026-06-26T13:40:39Z</time>
   </trkpt>
   <trkpt lat="47.967999" lon="11.783092">
    <ele>613.794</ele>
    <time>2026-06-26T13:40:45Z</time>
   </trkpt>
   <trkpt lat="47.968154" lon="11.782497">
    <ele>609.934</ele>
    <time>2026-06-26T13:40:50Z</time>
   </trkpt>
   <trkpt lat="47.968214" lon="11.781469">
    <ele>604.175</ele>
    <time>2026-06-26T13:40:58Z</time>
   </trkpt>
   <trkpt lat="47.968174" lon="11.780811">
    <ele>602.357</ele>
    <time>2026-06-26T13:41:04Z</time>
   </trkpt>
   <trkpt lat="47.968199" lon="11.780379">
    <ele>600.398</ele>
    <time>2026-06-26T13:41:08Z</time>
   </trkpt>
   <trkpt lat="47.968392" lon="11.779956">
    <ele>599.676</ele>
    <time>2026-06-26T13:41:13Z</time>
   </trkpt>
   <trkpt lat="47.968571" lon="11.779540">
    <ele>599.837</ele>
    <time>2026-06-26T13:41:18Z</time>
   </trkpt>
   <trkpt lat="47.968755" lon="11.779387">
    <ele>599.089</ele>
    <time>2026-06-26T13:41:22Z</time>
   </trkpt>
   <trkpt lat="47.969678" lon="11.779819">
    <ele>598.857</ele>
    <time>2026-06-26T13:41:42Z</time>
   </trkpt>
   <trkpt lat="47.970173" lon="11.780297">
    <ele>600.837</ele>
    <time>2026-06-26T13:41:57Z</time>
   </trkpt>
   <trkpt lat="47.970200" lon="11.780345">
    <ele>600.811</ele>
    <time>2026-06-26T13:41:58Z</time>
   </trkpt>
   <trkpt lat="47.970305" lon="11.780470">
    <ele>600.934</ele>
    <time>2026-06-26T13:42:01Z</time>
   </trkpt>
   <trkpt lat="47.970611" lon="11.780519">
    <ele>601.082</ele>
    <time>2026-06-26T13:42:09Z</time>
   </trkpt>
   <trkpt lat="47.970827" lon="11.780423">
    <ele>599.962</ele>
    <time>2026-06-26T13:42:21Z</time>
   </trkpt>
   <trkpt lat="47.970842" lon="11.780387">
    <ele>600.676</ele>
    <time>2026-06-26T13:42:32Z</time>
   </trkpt>
   <trkpt lat="47.970877" lon="11.780231">
    <ele>602.118</ele>
    <time>2026-06-26T13:42:46Z</time>
   </trkpt>
   <trkpt lat="47.970932" lon="11.780255">
    <ele>602.921</ele>
    <time>2026-06-26T13:42:58Z</time>
   </trkpt>
   <trkpt lat="47.971047" lon="11.780235">
    <ele>602.049</ele>
    <time>2026-06-26T13:43:13Z</time>
   </trkpt>
   <trkpt lat="47.971018" lon="11.780237">
    <ele>601.420</ele>
    <time>2026-06-26T13:43:24Z</time>
   </trkpt>
  </trkseg>
 </trk>
 <trk>
  <name>ACTIVE LOG071816</name>
  <trkseg>
   <trkpt lat="47.970827" lon="11.780294">
    <ele>610.546</ele>
    <time>2026-06-26T14:18:16Z</time>
   </trkpt>
   <trkpt lat="47.970867" lon="11.780323">
    <ele>610.561</ele>
    <time>2026-06-26T14:18:22Z</time>
   </trkpt>
   <trkpt lat="47.970969" lon="11.780307">
    <ele>609.086</ele>
    <time>2026-06-26T14:18:27Z</time>
   </trkpt>
   <trkpt lat="47.971430" lon="11.780041">
    <ele>603.490</ele>
    <time>2026-06-26T14:18:42Z</time>
   </trkpt>
   <trkpt lat="47.971509" lon="11.780001">
    <ele>602.968</ele>
    <time>2026-06-26T14:18:44Z</time>
   </trkpt>
   <trkpt lat="47.971686" lon="11.779934">
    <ele>603.111</ele>
    <time>2026-06-26T14:18:48Z</time>
   </trkpt>
   <trkpt lat="47.972124" lon="11.779777">
    <ele>602.904</ele>
    <time>2026-06-26T14:18:59Z</time>
   </trkpt>
   <trkpt lat="47.972212" lon="11.779769">
    <ele>602.924</ele>
    <time>2026-06-26T14:19:01Z</time>
   </trkpt>
   <trkpt lat="47.972481" lon="11.779821">
    <ele>602.805</ele>
    <time>2026-06-26T14:19:07Z</time>
   </trkpt>
   <trkpt lat="47.972710" lon="11.779768">
    <ele>603.283</ele>
    <time>2026-06-26T14:19:12Z</time>
   </trkpt>
   <trkpt lat="47.972767" lon="11.779437">
    <ele>603.427</ele>
    <time>2026-06-26T14:19:18Z</time>
   </trkpt>
   <trkpt lat="47.972715" lon="11.779141">
    <ele>603.952</ele>
    <time>2026-06-26T14:19:22Z</time>
   </trkpt>
   <trkpt lat="47.972665" lon="11.778513">
    <ele>603.099</ele>
    <time>2026-06-26T14:19:30Z</time>
   </trkpt>
   <trkpt lat="47.972769" lon="11.777439">
    <ele>600.655</ele>
    <time>2026-06-26T14:19:44Z</time>
   </trkpt>
   <trkpt lat="47.973115" lon="11.776965">
    <ele>599.275</ele>
    <time>2026-06-26T14:19:53Z</time>
   </trkpt>
   <trkpt lat="47.973389" lon="11.776982">
    <ele>598.298</ele>
    <time>2026-06-26T14:19:57Z</time>
   </trkpt>
   <trkpt lat="47.974643" lon="11.776589">
    <ele>592.621</ele>
    <time>2026-06-26T14:20:15Z</time>
   </trkpt>
   <trkpt lat="47.975774" lon="11.776188">
    <ele>590.962</ele>
    <time>2026-06-26T14:20:32Z</time>
   </trkpt>
   <trkpt lat="47.976345" lon="11.776027">
    <ele>590.760</ele>
    <time>2026-06-26T14:20:41Z</time>
   </trkpt>
   <trkpt lat="47.976639" lon="11.775812">
    <ele>590.342</ele>
    <time>2026-06-26T14:20:46Z</time>
   </trkpt>
   <trkpt lat="47.976829" lon="11.775534">
    <ele>590.260</ele>
    <time>2026-06-26T14:20:50Z</time>
   </trkpt>
   <trkpt lat="47.977093" lon="11.774971">
    <ele>589.668</ele>
    <time>2026-06-26T14:20:57Z</time>
   </trkpt>
   <trkpt lat="47.978013" lon="11.774149">
    <ele>589.094</ele>
    <time>2026-06-26T14:21:14Z</time>
   </trkpt>
   <trkpt lat="47.979156" lon="11.773215">
    <ele>589.313</ele>
    <time>2026-06-26T14:21:37Z</time>
   </trkpt>
   <trkpt lat="47.980238" lon="11.772314">
    <ele>592.750</ele>
    <time>2026-06-26T14:22:03Z</time>
   </trkpt>
   <trkpt lat="47.980469" lon="11.771878">
    <ele>594.489</ele>
    <time>2026-06-26T14:22:17Z</time>
   </trkpt>
   <trkpt lat="47.980738" lon="11.770864">
    <ele>594.143</ele>
    <time>2026-06-26T14:22:35Z</time>
   </trkpt>
   <trkpt lat="47.981137" lon="11.770037">
    <ele>594.470</ele>
    <time>2026-06-26T14:22:51Z</time>
   </trkpt>
   <trkpt lat="47.981878" lon="11.768939">
    <ele>593.357</ele>
    <time>2026-06-26T14:23:13Z</time>
   </trkpt>
   <trkpt lat="47.982620" lon="11.767894">
    <ele>593.189</ele>
    <time>2026-06-26T14:23:33Z</time>
   </trkpt>
   <trkpt lat="47.983224" lon="11.766854">
    <ele>592.329</ele>
    <time>2026-06-26T14:23:53Z</time>
   </trkpt>
   <trkpt lat="47.983368" lon="11.766594">
    <ele>592.860</ele>
    <time>2026-06-26T14:24:17Z</time>
   </trkpt>
   <trkpt lat="47.983716" lon="11.766106">
    <ele>594.147</ele>
    <time>2026-06-26T14:24:28Z</time>
   </trkpt>
   <trkpt lat="47.984279" lon="11.765721">
    <ele>594.042</ele>
    <time>2026-06-26T14:24:42Z</time>
   </trkpt>
   <trkpt lat="47.984735" lon="11.765374">
    <ele>595.838</ele>
    <time>2026-06-26T14:24:53Z</time>
   </trkpt>
   <trkpt lat="47.985078" lon="11.765178">
    <ele>597.292</ele>
    <time>2026-06-26T14:25:00Z</time>
   </trkpt>
   <trkpt lat="47.985355" lon="11.764974">
    <ele>600.224</ele>
    <time>2026-06-26T14:25:06Z</time>
   </trkpt>
   <trkpt lat="47.985927" lon="11.764659">
    <ele>601.184</ele>
    <time>2026-06-26T14:25:18Z</time>
   </trkpt>
   <trkpt lat="47.986036" lon="11.764593">
    <ele>601.393</ele>
    <time>2026-06-26T14:25:20Z</time>
   </trkpt>
   <trkpt lat="47.986452" lon="11.764278">
    <ele>603.324</ele>
    <time>2026-06-26T14:25:29Z</time>
   </trkpt>
   <trkpt lat="47.986648" lon="11.764155">
    <ele>602.346</ele>
    <time>2026-06-26T14:25:33Z</time>
   </trkpt>
   <trkpt lat="47.987362" lon="11.763629">
    <ele>598.117</ele>
    <time>2026-06-26T14:25:49Z</time>
   </trkpt>
   <trkpt lat="47.988402" lon="11.762940">
    <ele>594.082</ele>
    <time>2026-06-26T14:26:11Z</time>
   </trkpt>
   <trkpt lat="47.988708" lon="11.762751">
    <ele>595.690</ele>
    <time>2026-06-26T14:26:18Z</time>
   </trkpt>
   <trkpt lat="47.989145" lon="11.762423">
    <ele>597.696</ele>
    <time>2026-06-26T14:26:29Z</time>
   </trkpt>
   <trkpt lat="47.989719" lon="11.762010">
    <ele>595.227</ele>
    <time>2026-06-26T14:26:40Z</time>
   </trkpt>
   <trkpt lat="47.990074" lon="11.761774">
    <ele>593.600</ele>
    <time>2026-06-26T14:26:47Z</time>
   </trkpt>
   <trkpt lat="47.990413" lon="11.761525">
    <ele>592.808</ele>
    <time>2026-06-26T14:26:55Z</time>
   </trkpt>
   <trkpt lat="47.990834" lon="11.761118">
    <ele>591.113</ele>
    <time>2026-06-26T14:27:04Z</time>
   </trkpt>
   <trkpt lat="47.990889" lon="11.761041">
    <ele>590.345</ele>
    <time>2026-06-26T14:27:05Z</time>
   </trkpt>
   <trkpt lat="47.990968" lon="11.760899">
    <ele>589.652</ele>
    <time>2026-06-26T14:27:07Z</time>
   </trkpt>
   <trkpt lat="47.991691" lon="11.759771">
    <ele>590.502</ele>
    <time>2026-06-26T14:27:24Z</time>
   </trkpt>
   <trkpt lat="47.992168" lon="11.759059">
    <ele>590.778</ele>
    <time>2026-06-26T14:27:37Z</time>
   </trkpt>
   <trkpt lat="47.992395" lon="11.758623">
    <ele>589.894</ele>
    <time>2026-06-26T14:27:44Z</time>
   </trkpt>
   <trkpt lat="47.992540" lon="11.758295">
    <ele>589.722</ele>
    <time>2026-06-26T14:27:49Z</time>
   </trkpt>
   <trkpt lat="47.993048" lon="11.758135">
    <ele>589.835</ele>
    <time>2026-06-26T14:27:58Z</time>
   </trkpt>
   <trkpt lat="47.993653" lon="11.757985">
    <ele>591.495</ele>
    <time>2026-06-26T14:28:08Z</time>
   </trkpt>
   <trkpt lat="47.994075" lon="11.757876">
    <ele>590.251</ele>
    <time>2026-06-26T14:28:15Z</time>
   </trkpt>
   <trkpt lat="47.994650" lon="11.757741">
    <ele>588.791</ele>
    <time>2026-06-26T14:28:25Z</time>
   </trkpt>
   <trkpt lat="47.994931" lon="11.757686">
    <ele>588.634</ele>
    <time>2026-06-26T14:28:30Z</time>
   </trkpt>
   <trkpt lat="47.995550" lon="11.757532">
    <ele>590.060</ele>
    <time>2026-06-26T14:28:41Z</time>
   </trkpt>
   <trkpt lat="47.995767" lon="11.757466">
    <ele>590.477</ele>
    <time>2026-06-26T14:28:45Z</time>
   </trkpt>
   <trkpt lat="47.996129" lon="11.757373">
    <ele>591.498</ele>
    <time>2026-06-26T14:28:55Z</time>
   </trkpt>
   <trkpt lat="47.996593" lon="11.757263">
    <ele>587.554</ele>
    <time>2026-06-26T14:29:05Z</time>
   </trkpt>
   <trkpt lat="47.997224" lon="11.757105">
    <ele>583.004</ele>
    <time>2026-06-26T14:29:17Z</time>
   </trkpt>
   <trkpt lat="47.997707" lon="11.757013">
    <ele>583.261</ele>
    <time>2026-06-26T14:29:27Z</time>
   </trkpt>
   <trkpt lat="47.998017" lon="11.756898">
    <ele>581.997</ele>
    <time>2026-06-26T14:29:33Z</time>
   </trkpt>
   <trkpt lat="47.998712" lon="11.756716">
    <ele>586.057</ele>
    <time>2026-06-26T14:29:45Z</time>
   </trkpt>
   <trkpt lat="47.999834" lon="11.756453">
    <ele>589.126</ele>
    <time>2026-06-26T14:30:05Z</time>
   </trkpt>
   <trkpt lat="48.000783" lon="11.756207">
    <ele>588.908</ele>
    <time>2026-06-26T14:30:23Z</time>
   </trkpt>
   <trkpt lat="48.001343" lon="11.756057">
    <ele>589.125</ele>
    <time>2026-06-26T14:30:34Z</time>
   </trkpt>
   <trkpt lat="48.001455" lon="11.756025">
    <ele>589.552</ele>
    <time>2026-06-26T14:30:36Z</time>
   </trkpt>
   <trkpt lat="48.002266" lon="11.755828">
    <ele>588.826</ele>
    <time>2026-06-26T14:30:52Z</time>
   </trkpt>
   <trkpt lat="48.002858" lon="11.755660">
    <ele>589.544</ele>
    <time>2026-06-26T14:31:05Z</time>
   </trkpt>
   <trkpt lat="48.003291" lon="11.755560">
    <ele>588.240</ele>
    <time>2026-06-26T14:31:15Z</time>
   </trkpt>
   <trkpt lat="48.003575" lon="11.755492">
    <ele>588.289</ele>
    <time>2026-06-26T14:31:22Z</time>
   </trkpt>
   <trkpt lat="48.003629" lon="11.755480">
    <ele>588.602</ele>
    <time>2026-06-26T14:31:24Z</time>
   </trkpt>
   <trkpt lat="48.003769" lon="11.755445">
    <ele>587.168</ele>
    <time>2026-06-26T14:31:28Z</time>
   </trkpt>
   <trkpt lat="48.004274" lon="11.755295">
    <ele>585.964</ele>
    <time>2026-06-26T14:31:39Z</time>
   </trkpt>
   <trkpt lat="48.004845" lon="11.755114">
    <ele>587.073</ele>
    <time>2026-06-26T14:31:51Z</time>
   </trkpt>
   <trkpt lat="48.005082" lon="11.755048">
    <ele>585.019</ele>
    <time>2026-06-26T14:31:57Z</time>
   </trkpt>
   <trkpt lat="48.005752" lon="11.754916">
    <ele>582.334</ele>
    <time>2026-06-26T14:32:11Z</time>
   </trkpt>
   <trkpt lat="48.005832" lon="11.754911">
    <ele>582.715</ele>
    <time>2026-06-26T14:32:13Z</time>
   </trkpt>
   <trkpt lat="48.006429" lon="11.754764">
    <ele>577.489</ele>
    <time>2026-06-26T14:32:25Z</time>
   </trkpt>
   <trkpt lat="48.006853" lon="11.754663">
    <ele>577.648</ele>
    <time>2026-06-26T14:32:35Z</time>
   </trkpt>
   <trkpt lat="48.007578" lon="11.754485">
    <ele>582.028</ele>
    <time>2026-06-26T14:32:50Z</time>
   </trkpt>
   <trkpt lat="48.008022" lon="11.754360">
    <ele>584.877</ele>
    <time>2026-06-26T14:32:59Z</time>
   </trkpt>
   <trkpt lat="48.008882" lon="11.754173">
    <ele>585.575</ele>
    <time>2026-06-26T14:33:15Z</time>
   </trkpt>
   <trkpt lat="48.009821" lon="11.753937">
    <ele>586.337</ele>
    <time>2026-06-26T14:33:33Z</time>
   </trkpt>
   <trkpt lat="48.010326" lon="11.753827">
    <ele>586.335</ele>
    <time>2026-06-26T14:33:43Z</time>
   </trkpt>
   <trkpt lat="48.010604" lon="11.753751">
    <ele>586.240</ele>
    <time>2026-06-26T14:33:49Z</time>
   </trkpt>
   <trkpt lat="48.011391" lon="11.753556">
    <ele>582.036</ele>
    <time>2026-06-26T14:34:05Z</time>
   </trkpt>
   <trkpt lat="48.011851" lon="11.753453">
    <ele>577.242</ele>
    <time>2026-06-26T14:34:16Z</time>
   </trkpt>
   <trkpt lat="48.012228" lon="11.753308">
    <ele>579.375</ele>
    <time>2026-06-26T14:34:25Z</time>
   </trkpt>
   <trkpt lat="48.012677" lon="11.753197">
    <ele>585.757</ele>
    <time>2026-06-26T14:34:35Z</time>
   </trkpt>
   <trkpt lat="48.013143" lon="11.753113">
    <ele>585.930</ele>
    <time>2026-06-26T14:34:45Z</time>
   </trkpt>
   <trkpt lat="48.013369" lon="11.753072">
    <ele>585.079</ele>
    <time>2026-06-26T14:34:50Z</time>
   </trkpt>
   <trkpt lat="48.013737" lon="11.752992">
    <ele>586.259</ele>
    <time>2026-06-26T14:34:59Z</time>
   </trkpt>
   <trkpt lat="48.014059" lon="11.752916">
    <ele>582.618</ele>
    <time>2026-06-26T14:35:08Z</time>
   </trkpt>
   <trkpt lat="48.014385" lon="11.752838">
    <ele>582.188</ele>
    <time>2026-06-26T14:35:19Z</time>
   </trkpt>
   <trkpt lat="48.015058" lon="11.752702">
    <ele>581.695</ele>
    <time>2026-06-26T14:35:37Z</time>
   </trkpt>
   <trkpt lat="48.015618" lon="11.752566">
    <ele>579.978</ele>
    <time>2026-06-26T14:35:52Z</time>
   </trkpt>
   <trkpt lat="48.016231" lon="11.752428">
    <ele>577.846</ele>
    <time>2026-06-26T14:36:07Z</time>
   </trkpt>
   <trkpt lat="48.016411" lon="11.752382">
    <ele>577.784</ele>
    <time>2026-06-26T14:36:11Z</time>
   </trkpt>
   <trkpt lat="48.016854" lon="11.752278">
    <ele>573.119</ele>
    <time>2026-06-26T14:36:21Z</time>
   </trkpt>
   <trkpt lat="48.017405" lon="11.752163">
    <ele>571.099</ele>
    <time>2026-06-26T14:36:34Z</time>
   </trkpt>
   <trkpt lat="48.017932" lon="11.752025">
    <ele>572.971</ele>
    <time>2026-06-26T14:36:46Z</time>
   </trkpt>
   <trkpt lat="48.018406" lon="11.751923">
    <ele>573.804</ele>
    <time>2026-06-26T14:36:58Z</time>
   </trkpt>
   <trkpt lat="48.018662" lon="11.751880">
    <ele>574.726</ele>
    <time>2026-06-26T14:37:04Z</time>
   </trkpt>
   <trkpt lat="48.019102" lon="11.751762">
    <ele>576.047</ele>
    <time>2026-06-26T14:37:13Z</time>
   </trkpt>
   <trkpt lat="48.019204" lon="11.751732">
    <ele>577.907</ele>
    <time>2026-06-26T14:37:15Z</time>
   </trkpt>
   <trkpt lat="48.019691" lon="11.751592">
    <ele>576.988</ele>
    <time>2026-06-26T14:37:24Z</time>
   </trkpt>
   <trkpt lat="48.020148" lon="11.751483">
    <ele>577.454</ele>
    <time>2026-06-26T14:37:35Z</time>
   </trkpt>
   <trkpt lat="48.020555" lon="11.751391">
    <ele>579.897</ele>
    <time>2026-06-26T14:37:45Z</time>
   </trkpt>
   <trkpt lat="48.021116" lon="11.751228">
    <ele>577.593</ele>
    <time>2026-06-26T14:37:56Z</time>
   </trkpt>
   <trkpt lat="48.021498" lon="11.751144">
    <ele>577.439</ele>
    <time>2026-06-26T14:38:05Z</time>
   </trkpt>
   <trkpt lat="48.021864" lon="11.751036">
    <ele>582.097</ele>
    <time>2026-06-26T14:38:13Z</time>
   </trkpt>
   <trkpt lat="48.022810" lon="11.750819">
    <ele>578.726</ele>
    <time>2026-06-26T14:38:33Z</time>
   </trkpt>
   <trkpt lat="48.023344" lon="11.750706">
    <ele>577.433</ele>
    <time>2026-06-26T14:38:44Z</time>
   </trkpt>
   <trkpt lat="48.023947" lon="11.750534">
    <ele>576.957</ele>
    <time>2026-06-26T14:38:56Z</time>
   </trkpt>
   <trkpt lat="48.024466" lon="11.750391">
    <ele>579.903</ele>
    <time>2026-06-26T14:39:06Z</time>
   </trkpt>
   <trkpt lat="48.025588" lon="11.750153">
    <ele>579.319</ele>
    <time>2026-06-26T14:39:26Z</time>
   </trkpt>
   <trkpt lat="48.026121" lon="11.750025">
    <ele>579.232</ele>
    <time>2026-06-26T14:39:36Z</time>
   </trkpt>
   <trkpt lat="48.026600" lon="11.749922">
    <ele>577.986</ele>
    <time>2026-06-26T14:39:45Z</time>
   </trkpt>
   <trkpt lat="48.026756" lon="11.749881">
    <ele>576.767</ele>
    <time>2026-06-26T14:39:48Z</time>
   </trkpt>
   <trkpt lat="48.027071" lon="11.749834">
    <ele>577.649</ele>
    <time>2026-06-26T14:39:55Z</time>
   </trkpt>
   <trkpt lat="48.027261" lon="11.749752">
    <ele>578.530</ele>
    <time>2026-06-26T14:39:58Z</time>
   </trkpt>
   <trkpt lat="48.027722" lon="11.749644">
    <ele>579.248</ele>
    <time>2026-06-26T14:40:08Z</time>
   </trkpt>
   <trkpt lat="48.027870" lon="11.749619">
    <ele>578.877</ele>
    <time>2026-06-26T14:40:11Z</time>
   </trkpt>
   <trkpt lat="48.028221" lon="11.749545">
    <ele>574.441</ele>
    <time>2026-06-26T14:40:18Z</time>
   </trkpt>
   <trkpt lat="48.028677" lon="11.749387">
    <ele>574.511</ele>
    <time>2026-06-26T14:40:26Z</time>
   </trkpt>
   <trkpt lat="48.029117" lon="11.749290">
    <ele>574.107</ele>
    <time>2026-06-26T14:40:34Z</time>
   </trkpt>
   <trkpt lat="48.029573" lon="11.749163">
    <ele>573.580</ele>
    <time>2026-06-26T14:40:42Z</time>
   </trkpt>
   <trkpt lat="48.029637" lon="11.749156">
    <ele>574.293</ele>
    <time>2026-06-26T14:40:43Z</time>
   </trkpt>
   <trkpt lat="48.030055" lon="11.749035">
    <ele>574.767</ele>
    <time>2026-06-26T14:40:50Z</time>
   </trkpt>
   <trkpt lat="48.030483" lon="11.748975">
    <ele>575.290</ele>
    <time>2026-06-26T14:41:00Z</time>
   </trkpt>
   <trkpt lat="48.030875" lon="11.748853">
    <ele>574.148</ele>
    <time>2026-06-26T14:41:07Z</time>
   </trkpt>
   <trkpt lat="48.031480" lon="11.748693">
    <ele>575.806</ele>
    <time>2026-06-26T14:41:18Z</time>
   </trkpt>
   <trkpt lat="48.032077" lon="11.748563">
    <ele>575.506</ele>
    <time>2026-06-26T14:41:30Z</time>
   </trkpt>
   <trkpt lat="48.032421" lon="11.748488">
    <ele>572.529</ele>
    <time>2026-06-26T14:41:37Z</time>
   </trkpt>
   <trkpt lat="48.032844" lon="11.748343">
    <ele>570.354</ele>
    <time>2026-06-26T14:41:45Z</time>
   </trkpt>
   <trkpt lat="48.033286" lon="11.748238">
    <ele>570.632</ele>
    <time>2026-06-26T14:41:54Z</time>
   </trkpt>
   <trkpt lat="48.033764" lon="11.748168">
    <ele>571.505</ele>
    <time>2026-06-26T14:42:03Z</time>
   </trkpt>
   <trkpt lat="48.034197" lon="11.748076">
    <ele>575.941</ele>
    <time>2026-06-26T14:42:13Z</time>
   </trkpt>
   <trkpt lat="48.034706" lon="11.748057">
    <ele>577.339</ele>
    <time>2026-06-26T14:42:23Z</time>
   </trkpt>
   <trkpt lat="48.035054" lon="11.748031">
    <ele>578.715</ele>
    <time>2026-06-26T14:42:29Z</time>
   </trkpt>
   <trkpt lat="48.035701" lon="11.747911">
    <ele>583.127</ele>
    <time>2026-06-26T14:42:40Z</time>
   </trkpt>
   <trkpt lat="48.035852" lon="11.747889">
    <ele>583.746</ele>
    <time>2026-06-26T14:42:43Z</time>
   </trkpt>
   <trkpt lat="48.036338" lon="11.747796">
    <ele>577.796</ele>
    <time>2026-06-26T14:42:51Z</time>
   </trkpt>
   <trkpt lat="48.036640" lon="11.747781">
    <ele>577.145</ele>
    <time>2026-06-26T14:42:57Z</time>
   </trkpt>
   <trkpt lat="48.037245" lon="11.747578">
    <ele>569.783</ele>
    <time>2026-06-26T14:43:09Z</time>
   </trkpt>
   <trkpt lat="48.037515" lon="11.747315">
    <ele>571.106</ele>
    <time>2026-06-26T14:43:17Z</time>
   </trkpt>
   <trkpt lat="48.037977" lon="11.747126">
    <ele>573.126</ele>
    <time>2026-06-26T14:43:28Z</time>
   </trkpt>
   <trkpt lat="48.038472" lon="11.746995">
    <ele>572.673</ele>
    <time>2026-06-26T14:43:38Z</time>
   </trkpt>
   <trkpt lat="48.039026" lon="11.746863">
    <ele>573.617</ele>
    <time>2026-06-26T14:43:48Z</time>
   </trkpt>
   <trkpt lat="48.039382" lon="11.746781">
    <ele>572.724</ele>
    <time>2026-06-26T14:43:55Z</time>
   </trkpt>
   <trkpt lat="48.039804" lon="11.746665">
    <ele>571.681</ele>
    <time>2026-06-26T14:44:03Z</time>
   </trkpt>
   <trkpt lat="48.040303" lon="11.746522">
    <ele>569.502</ele>
    <time>2026-06-26T14:44:13Z</time>
   </trkpt>
   <trkpt lat="48.040393" lon="11.746510">
    <ele>569.449</ele>
    <time>2026-06-26T14:44:15Z</time>
   </trkpt>
   <trkpt lat="48.040803" lon="11.746404">
    <ele>571.182</ele>
    <time>2026-06-26T14:44:22Z</time>
   </trkpt>
   <trkpt lat="48.041482" lon="11.746255">
    <ele>574.049</ele>
    <time>2026-06-26T14:44:33Z</time>
   </trkpt>
   <trkpt lat="48.041945" lon="11.746122">
    <ele>573.338</ele>
    <time>2026-06-26T14:44:41Z</time>
   </trkpt>
   <trkpt lat="48.042649" lon="11.745956">
    <ele>570.821</ele>
    <time>2026-06-26T14:44:54Z</time>
   </trkpt>
   <trkpt lat="48.043075" lon="11.745895">
    <ele>566.875</ele>
    <time>2026-06-26T14:45:03Z</time>
   </trkpt>
   <trkpt lat="48.043531" lon="11.745798">
    <ele>567.979</ele>
    <time>2026-06-26T14:45:12Z</time>
   </trkpt>
   <trkpt lat="48.044022" lon="11.745672">
    <ele>565.402</ele>
    <time>2026-06-26T14:45:22Z</time>
   </trkpt>
   <trkpt lat="48.044405" lon="11.745565">
    <ele>564.928</ele>
    <time>2026-06-26T14:45:30Z</time>
   </trkpt>
   <trkpt lat="48.044787" lon="11.745464">
    <ele>563.782</ele>
    <time>2026-06-26T14:45:38Z</time>
   </trkpt>
   <trkpt lat="48.045370" lon="11.745304">
    <ele>563.579</ele>
    <time>2026-06-26T14:45:49Z</time>
   </trkpt>
   <trkpt lat="48.045720" lon="11.745209">
    <ele>563.721</ele>
    <time>2026-06-26T14:45:55Z</time>
   </trkpt>
   <trkpt lat="48.046284" lon="11.745038">
    <ele>562.864</ele>
    <time>2026-06-26T14:46:06Z</time>
   </trkpt>
   <trkpt lat="48.046668" lon="11.744999">
    <ele>563.524</ele>
    <time>2026-06-26T14:46:14Z</time>
   </trkpt>
   <trkpt lat="48.047054" lon="11.744883">
    <ele>567.029</ele>
    <time>2026-06-26T14:46:21Z</time>
   </trkpt>
   <trkpt lat="48.047369" lon="11.744831">
    <ele>565.860</ele>
    <time>2026-06-26T14:46:29Z</time>
   </trkpt>
   <trkpt lat="48.047695" lon="11.744752">
    <ele>566.490</ele>
    <time>2026-06-26T14:46:37Z</time>
   </trkpt>
   <trkpt lat="48.048085" lon="11.744642">
    <ele>566.252</ele>
    <time>2026-06-26T14:46:44Z</time>
   </trkpt>
   <trkpt lat="48.048556" lon="11.744512">
    <ele>566.517</ele>
    <time>2026-06-26T14:46:54Z</time>
   </trkpt>
   <trkpt lat="48.048618" lon="11.744479">
    <ele>567.104</ele>
    <time>2026-06-26T14:46:55Z</time>
   </trkpt>
   <trkpt lat="48.048713" lon="11.744242">
    <ele>566.987</ele>
    <time>2026-06-26T14:46:59Z</time>
   </trkpt>
   <trkpt lat="48.048712" lon="11.743880">
    <ele>565.398</ele>
    <time>2026-06-26T14:47:04Z</time>
   </trkpt>
   <trkpt lat="48.048799" lon="11.743304">
    <ele>564.003</ele>
    <time>2026-06-26T14:47:11Z</time>
   </trkpt>
   <trkpt lat="48.048844" lon="11.742821">
    <ele>564.428</ele>
    <time>2026-06-26T14:47:17Z</time>
   </trkpt>
   <trkpt lat="48.048905" lon="11.742477">
    <ele>564.309</ele>
    <time>2026-06-26T14:47:21Z</time>
   </trkpt>
   <trkpt lat="48.048960" lon="11.742232">
    <ele>563.529</ele>
    <time>2026-06-26T14:47:24Z</time>
   </trkpt>
   <trkpt lat="48.048999" lon="11.741726">
    <ele>560.812</ele>
    <time>2026-06-26T14:47:30Z</time>
   </trkpt>
   <trkpt lat="48.048981" lon="11.741562">
    <ele>560.664</ele>
    <time>2026-06-26T14:47:32Z</time>
   </trkpt>
   <trkpt lat="48.048948" lon="11.741141">
    <ele>559.515</ele>
    <time>2026-06-26T14:47:37Z</time>
   </trkpt>
   <trkpt lat="48.048929" lon="11.740906">
    <ele>558.614</ele>
    <time>2026-06-26T14:47:40Z</time>
   </trkpt>
   <trkpt lat="48.048920" lon="11.740597">
    <ele>558.128</ele>
    <time>2026-06-26T14:47:44Z</time>
   </trkpt>
   <trkpt lat="48.048943" lon="11.739735">
    <ele>558.238</ele>
    <time>2026-06-26T14:47:54Z</time>
   </trkpt>
   <trkpt lat="48.048901" lon="11.738760">
    <ele>559.263</ele>
    <time>2026-06-26T14:48:06Z</time>
   </trkpt>
   <trkpt lat="48.048868" lon="11.737808">
    <ele>560.611</ele>
    <time>2026-06-26T14:48:18Z</time>
   </trkpt>
   <trkpt lat="48.048858" lon="11.737492">
    <ele>560.528</ele>
    <time>2026-06-26T14:48:22Z</time>
   </trkpt>
   <trkpt lat="48.048857" lon="11.737098">
    <ele>561.688</ele>
    <time>2026-06-26T14:48:27Z</time>
   </trkpt>
   <trkpt lat="48.048815" lon="11.736635">
    <ele>564.665</ele>
    <time>2026-06-26T14:48:33Z</time>
   </trkpt>
   <trkpt lat="48.048860" lon="11.736309">
    <ele>567.505</ele>
    <time>2026-06-26T14:48:37Z</time>
   </trkpt>
   <trkpt lat="48.048894" lon="11.735443">
    <ele>562.979</ele>
    <time>2026-06-26T14:48:48Z</time>
   </trkpt>
   <trkpt lat="48.048883" lon="11.735192">
    <ele>563.462</ele>
    <time>2026-06-26T14:48:51Z</time>
   </trkpt>
   <trkpt lat="48.048862" lon="11.734804">
    <ele>562.269</ele>
    <time>2026-06-26T14:48:56Z</time>
   </trkpt>
   <trkpt lat="48.048852" lon="11.734643">
    <ele>562.529</ele>
    <time>2026-06-26T14:48:58Z</time>
   </trkpt>
   <trkpt lat="48.048856" lon="11.734307">
    <ele>562.408</ele>
    <time>2026-06-26T14:49:02Z</time>
   </trkpt>
   <trkpt lat="48.048824" lon="11.733821">
    <ele>561.117</ele>
    <time>2026-06-26T14:49:08Z</time>
   </trkpt>
   <trkpt lat="48.048810" lon="11.733390">
    <ele>560.362</ele>
    <time>2026-06-26T14:49:13Z</time>
   </trkpt>
   <trkpt lat="48.048765" lon="11.733151">
    <ele>559.637</ele>
    <time>2026-06-26T14:49:16Z</time>
   </trkpt>
   <trkpt lat="48.048825" lon="11.732887">
    <ele>555.673</ele>
    <time>2026-06-26T14:49:19Z</time>
   </trkpt>
   <trkpt lat="48.048801" lon="11.731891">
    <ele>559.981</ele>
    <time>2026-06-26T14:49:31Z</time>
   </trkpt>
   <trkpt lat="48.048767" lon="11.730538">
    <ele>560.486</ele>
    <time>2026-06-26T14:49:47Z</time>
   </trkpt>
   <trkpt lat="48.048760" lon="11.729041">
    <ele>558.904</ele>
    <time>2026-06-26T14:50:05Z</time>
   </trkpt>
   <trkpt lat="48.048706" lon="11.728085">
    <ele>561.013</ele>
    <time>2026-06-26T14:50:16Z</time>
   </trkpt>
   <trkpt lat="48.048645" lon="11.726794">
    <ele>561.511</ele>
    <time>2026-06-26T14:50:30Z</time>
   </trkpt>
   <trkpt lat="48.048622" lon="11.725448">
    <ele>561.625</ele>
    <time>2026-06-26T14:50:45Z</time>
   </trkpt>
   <trkpt lat="48.048607" lon="11.725002">
    <ele>559.810</ele>
    <time>2026-06-26T14:50:50Z</time>
   </trkpt>
   <trkpt lat="48.048571" lon="11.724579">
    <ele>557.970</ele>
    <time>2026-06-26T14:50:55Z</time>
   </trkpt>
   <trkpt lat="48.048679" lon="11.724348">
    <ele>563.244</ele>
    <time>2026-06-26T14:51:00Z</time>
   </trkpt>
   <trkpt lat="48.048828" lon="11.724328">
    <ele>565.831</ele>
    <time>2026-06-26T14:51:04Z</time>
   </trkpt>
   <trkpt lat="48.049235" lon="11.724151">
    <ele>571.527</ele>
    <time>2026-06-26T14:51:14Z</time>
   </trkpt>
   <trkpt lat="48.049485" lon="11.723997">
    <ele>572.341</ele>
    <time>2026-06-26T14:51:19Z</time>
   </trkpt>
   <trkpt lat="48.049969" lon="11.723726">
    <ele>575.884</ele>
    <time>2026-06-26T14:51:29Z</time>
   </trkpt>
   <trkpt lat="48.050126" lon="11.723610">
    <ele>576.808</ele>
    <time>2026-06-26T14:51:31Z</time>
   </trkpt>
   <trkpt lat="48.050662" lon="11.723391">
    <ele>568.635</ele>
    <time>2026-06-26T14:51:38Z</time>
   </trkpt>
   <trkpt lat="48.051305" lon="11.723294">
    <ele>568.051</ele>
    <time>2026-06-26T14:51:48Z</time>
   </trkpt>
   <trkpt lat="48.051454" lon="11.723252">
    <ele>569.540</ele>
    <time>2026-06-26T14:51:50Z</time>
   </trkpt>
   <trkpt lat="48.051757" lon="11.723246">
    <ele>569.336</ele>
    <time>2026-06-26T14:51:54Z</time>
   </trkpt>
   <trkpt lat="48.052154" lon="11.723149">
    <ele>569.120</ele>
    <time>2026-06-26T14:52:01Z</time>
   </trkpt>
   <trkpt lat="48.052647" lon="11.722957">
    <ele>569.652</ele>
    <time>2026-06-26T14:52:12Z</time>
   </trkpt>
   <trkpt lat="48.053314" lon="11.722887">
    <ele>569.607</ele>
    <time>2026-06-26T14:52:22Z</time>
   </trkpt>
   <trkpt lat="48.053964" lon="11.722706">
    <ele>567.087</ele>
    <time>2026-06-26T14:52:33Z</time>
   </trkpt>
   <trkpt lat="48.054685" lon="11.722635">
    <ele>564.187</ele>
    <time>2026-06-26T14:52:45Z</time>
   </trkpt>
   <trkpt lat="48.055358" lon="11.722519">
    <ele>563.839</ele>
    <time>2026-06-26T14:52:56Z</time>
   </trkpt>
   <trkpt lat="48.055599" lon="11.722488">
    <ele>562.647</ele>
    <time>2026-06-26T14:53:00Z</time>
   </trkpt>
   <trkpt lat="48.055820" lon="11.722422">
    <ele>562.679</ele>
    <time>2026-06-26T14:53:04Z</time>
   </trkpt>
   <trkpt lat="48.056462" lon="11.722261">
    <ele>562.030</ele>
    <time>2026-06-26T14:53:15Z</time>
   </trkpt>
   <trkpt lat="48.056690" lon="11.722202">
    <ele>561.469</ele>
    <time>2026-06-26T14:53:19Z</time>
   </trkpt>
   <trkpt lat="48.057187" lon="11.722065">
    <ele>559.280</ele>
    <time>2026-06-26T14:53:29Z</time>
   </trkpt>
   <trkpt lat="48.057971" lon="11.721835">
    <ele>560.875</ele>
    <time>2026-06-26T14:53:42Z</time>
   </trkpt>
   <trkpt lat="48.058828" lon="11.721511">
    <ele>559.237</ele>
    <time>2026-06-26T14:53:58Z</time>
   </trkpt>
   <trkpt lat="48.059077" lon="11.721410">
    <ele>558.099</ele>
    <time>2026-06-26T14:54:03Z</time>
   </trkpt>
   <trkpt lat="48.059444" lon="11.721320">
    <ele>558.421</ele>
    <time>2026-06-26T14:54:13Z</time>
   </trkpt>
   <trkpt lat="48.059676" lon="11.721232">
    <ele>559.544</ele>
    <time>2026-06-26T14:54:18Z</time>
   </trkpt>
   <trkpt lat="48.060226" lon="11.721107">
    <ele>559.257</ele>
    <time>2026-06-26T14:54:29Z</time>
   </trkpt>
   <trkpt lat="48.060339" lon="11.721088">
    <ele>558.536</ele>
    <time>2026-06-26T14:54:31Z</time>
   </trkpt>
   <trkpt lat="48.060831" lon="11.720951">
    <ele>557.387</ele>
    <time>2026-06-26T14:54:40Z</time>
   </trkpt>
   <trkpt lat="48.061297" lon="11.720780">
    <ele>553.281</ele>
    <time>2026-06-26T14:54:51Z</time>
   </trkpt>
   <trkpt lat="48.061792" lon="11.720517">
    <ele>555.970</ele>
    <time>2026-06-26T14:55:04Z</time>
   </trkpt>
   <trkpt lat="48.061849" lon="11.720474">
    <ele>556.130</ele>
    <time>2026-06-26T14:55:05Z</time>
   </trkpt>
   <trkpt lat="48.062081" lon="11.720268">
    <ele>554.449</ele>
    <time>2026-06-26T14:55:10Z</time>
   </trkpt>
   <trkpt lat="48.063523" lon="11.719809">
    <ele>557.437</ele>
    <time>2026-06-26T14:55:34Z</time>
   </trkpt>
   <trkpt lat="48.063575" lon="11.719804">
    <ele>557.675</ele>
    <time>2026-06-26T14:55:35Z</time>
   </trkpt>
   <trkpt lat="48.064050" lon="11.719730">
    <ele>561.714</ele>
    <time>2026-06-26T14:55:44Z</time>
   </trkpt>
   <trkpt lat="48.064335" lon="11.719664">
    <ele>561.293</ele>
    <time>2026-06-26T14:55:51Z</time>
   </trkpt>
   <trkpt lat="48.064403" lon="11.719854">
    <ele>556.976</ele>
    <time>2026-06-26T14:55:55Z</time>
   </trkpt>
   <trkpt lat="48.064607" lon="11.720046">
    <ele>557.569</ele>
    <time>2026-06-26T14:56:00Z</time>
   </trkpt>
   <trkpt lat="48.064762" lon="11.720043">
    <ele>558.005</ele>
    <time>2026-06-26T14:56:03Z</time>
   </trkpt>
   <trkpt lat="48.065406" lon="11.720059">
    <ele>558.169</ele>
    <time>2026-06-26T14:56:16Z</time>
   </trkpt>
   <trkpt lat="48.065457" lon="11.720075">
    <ele>558.266</ele>
    <time>2026-06-26T14:56:17Z</time>
   </trkpt>
   <trkpt lat="48.066301" lon="11.719979">
    <ele>555.201</ele>
    <time>2026-06-26T14:56:32Z</time>
   </trkpt>
   <trkpt lat="48.067538" lon="11.719643">
    <ele>551.790</ele>
    <time>2026-06-26T14:56:52Z</time>
   </trkpt>
   <trkpt lat="48.068129" lon="11.719420">
    <ele>548.857</ele>
    <time>2026-06-26T14:57:00Z</time>
   </trkpt>
   <trkpt lat="48.068474" lon="11.719097">
    <ele>547.832</ele>
    <time>2026-06-26T14:57:06Z</time>
   </trkpt>
   <trkpt lat="48.069156" lon="11.718866">
    <ele>551.123</ele>
    <time>2026-06-26T14:57:16Z</time>
   </trkpt>
   <trkpt lat="48.069638" lon="11.718624">
    <ele>552.531</ele>
    <time>2026-06-26T14:57:28Z</time>
   </trkpt>
   <trkpt lat="48.070082" lon="11.718362">
    <ele>552.989</ele>
    <time>2026-06-26T14:57:38Z</time>
   </trkpt>
   <trkpt lat="48.071247" lon="11.717456">
    <ele>552.795</ele>
    <time>2026-06-26T14:58:00Z</time>
   </trkpt>
   <trkpt lat="48.071296" lon="11.717403">
    <ele>552.844</ele>
    <time>2026-06-26T14:58:01Z</time>
   </trkpt>
   <trkpt lat="48.072195" lon="11.716800">
    <ele>551.315</ele>
    <time>2026-06-26T14:58:17Z</time>
   </trkpt>
   <trkpt lat="48.072606" lon="11.716627">
    <ele>551.205</ele>
    <time>2026-06-26T14:58:24Z</time>
   </trkpt>
   <trkpt lat="48.073475" lon="11.716452">
    <ele>550.038</ele>
    <time>2026-06-26T14:58:39Z</time>
   </trkpt>
   <trkpt lat="48.074566" lon="11.716032">
    <ele>549.563</ele>
    <time>2026-06-26T14:58:57Z</time>
   </trkpt>
   <trkpt lat="48.075319" lon="11.715725">
    <ele>551.063</ele>
    <time>2026-06-26T14:59:12Z</time>
   </trkpt>
   <trkpt lat="48.075328" lon="11.715728">
    <ele>550.394</ele>
    <time>2026-06-26T14:59:27Z</time>
   </trkpt>
   <trkpt lat="48.075453" lon="11.715797">
    <ele>550.361</ele>
    <time>2026-06-26T14:59:32Z</time>
   </trkpt>
   <trkpt lat="48.076272" lon="11.715617">
    <ele>548.932</ele>
    <time>2026-06-26T14:59:46Z</time>
   </trkpt>
   <trkpt lat="48.077453" lon="11.715398">
    <ele>547.157</ele>
    <time>2026-06-26T15:00:06Z</time>
   </trkpt>
   <trkpt lat="48.078369" lon="11.715861">
    <ele>546.498</ele>
    <time>2026-06-26T15:00:23Z</time>
   </trkpt>
   <trkpt lat="48.078422" lon="11.715898">
    <ele>546.842</ele>
    <time>2026-06-26T15:00:24Z</time>
   </trkpt>
   <trkpt lat="48.078725" lon="11.715747">
    <ele>547.854</ele>
    <time>2026-06-26T15:00:30Z</time>
   </trkpt>
   <trkpt lat="48.078807" lon="11.715634">
    <ele>547.468</ele>
    <time>2026-06-26T15:00:32Z</time>
   </trkpt>
   <trkpt lat="48.080063" lon="11.714958">
    <ele>548.144</ele>
    <time>2026-06-26T15:00:55Z</time>
   </trkpt>
   <trkpt lat="48.080545" lon="11.714764">
    <ele>548.047</ele>
    <time>2026-06-26T15:01:04Z</time>
   </trkpt>
   <trkpt lat="48.080736" lon="11.714618">
    <ele>547.381</ele>
    <time>2026-06-26T15:01:08Z</time>
   </trkpt>
   <trkpt lat="48.081655" lon="11.714550">
    <ele>546.321</ele>
    <time>2026-06-26T15:01:25Z</time>
   </trkpt>
   <trkpt lat="48.082579" lon="11.714280">
    <ele>543.977</ele>
    <time>2026-06-26T15:01:43Z</time>
   </trkpt>
   <trkpt lat="48.083278" lon="11.714062">
    <ele>539.736</ele>
    <time>2026-06-26T15:01:53Z</time>
   </trkpt>
   <trkpt lat="48.083674" lon="11.713978">
    <ele>542.065</ele>
    <time>2026-06-26T15:01:59Z</time>
   </trkpt>
   <trkpt lat="48.084041" lon="11.713821">
    <ele>544.070</ele>
    <time>2026-06-26T15:02:13Z</time>
   </trkpt>
   <trkpt lat="48.084569" lon="11.713455">
    <ele>543.973</ele>
    <time>2026-06-26T15:02:30Z</time>
   </trkpt>
   <trkpt lat="48.085451" lon="11.712757">
    <ele>543.057</ele>
    <time>2026-06-26T15:02:49Z</time>
   </trkpt>
   <trkpt lat="48.086263" lon="11.711873">
    <ele>542.255</ele>
    <time>2026-06-26T15:03:06Z</time>
   </trkpt>
   <trkpt lat="48.086958" lon="11.711032">
    <ele>542.723</ele>
    <time>2026-06-26T15:03:22Z</time>
   </trkpt>
   <trkpt lat="48.087141" lon="11.710937">
    <ele>542.573</ele>
    <time>2026-06-26T15:03:26Z</time>
   </trkpt>
   <trkpt lat="48.088069" lon="11.709813">
    <ele>542.954</ele>
    <time>2026-06-26T15:03:48Z</time>
   </trkpt>
   <trkpt lat="48.089051" lon="11.708542">
    <ele>542.938</ele>
    <time>2026-06-26T15:04:13Z</time>
   </trkpt>
   <trkpt lat="48.090077" lon="11.707177">
    <ele>541.778</ele>
    <time>2026-06-26T15:04:38Z</time>
   </trkpt>
   <trkpt lat="48.091060" lon="11.705852">
    <ele>541.206</ele>
    <time>2026-06-26T15:05:03Z</time>
   </trkpt>
   <trkpt lat="48.091290" lon="11.705541">
    <ele>541.074</ele>
    <time>2026-06-26T15:05:09Z</time>
   </trkpt>
   <trkpt lat="48.091402" lon="11.705391">
    <ele>541.180</ele>
    <time>2026-06-26T15:05:12Z</time>
   </trkpt>
   <trkpt lat="48.091466" lon="11.705300">
    <ele>541.068</ele>
    <time>2026-06-26T15:05:14Z</time>
   </trkpt>
   <trkpt lat="48.092017" lon="11.704614">
    <ele>540.288</ele>
    <time>2026-06-26T15:05:28Z</time>
   </trkpt>
   <trkpt lat="48.092681" lon="11.703505">
    <ele>539.321</ele>
    <time>2026-06-26T15:05:45Z</time>
   </trkpt>
   <trkpt lat="48.092999" lon="11.703045">
    <ele>537.129</ele>
    <time>2026-06-26T15:05:53Z</time>
   </trkpt>
   <trkpt lat="48.093115" lon="11.702864">
    <ele>538.032</ele>
    <time>2026-06-26T15:05:56Z</time>
   </trkpt>
   <trkpt lat="48.093692" lon="11.702245">
    <ele>539.911</ele>
    <time>2026-06-26T15:06:09Z</time>
   </trkpt>
   <trkpt lat="48.094053" lon="11.701856">
    <ele>541.532</ele>
    <time>2026-06-26T15:06:20Z</time>
   </trkpt>
   <trkpt lat="48.094550" lon="11.701277">
    <ele>537.757</ele>
    <time>2026-06-26T15:06:30Z</time>
   </trkpt>
   <trkpt lat="48.094641" lon="11.701121">
    <ele>535.526</ele>
    <time>2026-06-26T15:06:32Z</time>
   </trkpt>
   <trkpt lat="48.094704" lon="11.700963">
    <ele>536.576</ele>
    <time>2026-06-26T15:06:34Z</time>
   </trkpt>
   <trkpt lat="48.095428" lon="11.699173">
    <ele>537.269</ele>
    <time>2026-06-26T15:06:57Z</time>
   </trkpt>
   <trkpt lat="48.095819" lon="11.697849">
    <ele>537.929</ele>
    <time>2026-06-26T15:07:14Z</time>
   </trkpt>
   <trkpt lat="48.095873" lon="11.697692">
    <ele>537.583</ele>
    <time>2026-06-26T15:07:16Z</time>
   </trkpt>
   <trkpt lat="48.095961" lon="11.697448">
    <ele>537.576</ele>
    <time>2026-06-26T15:07:19Z</time>
   </trkpt>
   <trkpt lat="48.096008" lon="11.697295">
    <ele>537.521</ele>
    <time>2026-06-26T15:07:21Z</time>
   </trkpt>
   <trkpt lat="48.096147" lon="11.696842">
    <ele>536.711</ele>
    <time>2026-06-26T15:07:27Z</time>
   </trkpt>
   <trkpt lat="48.096359" lon="11.696278">
    <ele>533.801</ele>
    <time>2026-06-26T15:07:35Z</time>
   </trkpt>
   <trkpt lat="48.096758" lon="11.695336">
    <ele>533.755</ele>
    <time>2026-06-26T15:07:48Z</time>
   </trkpt>
   <trkpt lat="48.096889" lon="11.694946">
    <ele>534.717</ele>
    <time>2026-06-26T15:07:53Z</time>
   </trkpt>
   <trkpt lat="48.097060" lon="11.694514">
    <ele>535.211</ele>
    <time>2026-06-26T15:07:59Z</time>
   </trkpt>
   <trkpt lat="48.097163" lon="11.694357">
    <ele>535.561</ele>
    <time>2026-06-26T15:08:02Z</time>
   </trkpt>
   <trkpt lat="48.097192" lon="11.694208">
    <ele>536.465</ele>
    <time>2026-06-26T15:08:05Z</time>
   </trkpt>
   <trkpt lat="48.097472" lon="11.693662">
    <ele>539.511</ele>
    <time>2026-06-26T15:08:12Z</time>
   </trkpt>
   <trkpt lat="48.097566" lon="11.693377">
    <ele>540.066</ele>
    <time>2026-06-26T15:08:16Z</time>
   </trkpt>
   <trkpt lat="48.097594" lon="11.693191">
    <ele>540.599</ele>
    <time>2026-06-26T15:08:19Z</time>
   </trkpt>
   <trkpt lat="48.097712" lon="11.692823">
    <ele>540.579</ele>
    <time>2026-06-26T15:08:24Z</time>
   </trkpt>
   <trkpt lat="48.097778" lon="11.692677">
    <ele>539.645</ele>
    <time>2026-06-26T15:08:26Z</time>
   </trkpt>
   <trkpt lat="48.097905" lon="11.692361">
    <ele>540.815</ele>
    <time>2026-06-26T15:08:30Z</time>
   </trkpt>
   <trkpt lat="48.098063" lon="11.692108">
    <ele>541.444</ele>
    <time>2026-06-26T15:08:34Z</time>
   </trkpt>
   <trkpt lat="48.098586" lon="11.690957">
    <ele>538.440</ele>
    <time>2026-06-26T15:08:50Z</time>
   </trkpt>
   <trkpt lat="48.098619" lon="11.690889">
    <ele>538.210</ele>
    <time>2026-06-26T15:08:51Z</time>
   </trkpt>
   <trkpt lat="48.098716" lon="11.690456">
    <ele>535.744</ele>
    <time>2026-06-26T15:08:57Z</time>
   </trkpt>
   <trkpt lat="48.098784" lon="11.690170">
    <ele>534.148</ele>
    <time>2026-06-26T15:09:01Z</time>
   </trkpt>
   <trkpt lat="48.099123" lon="11.689223">
    <ele>534.627</ele>
    <time>2026-06-26T15:09:13Z</time>
   </trkpt>
   <trkpt lat="48.099535" lon="11.687879">
    <ele>533.069</ele>
    <time>2026-06-26T15:09:30Z</time>
   </trkpt>
   <trkpt lat="48.100236" lon="11.686621">
    <ele>535.399</ele>
    <time>2026-06-26T15:09:50Z</time>
   </trkpt>
   <trkpt lat="48.100418" lon="11.686316">
    <ele>535.196</ele>
    <time>2026-06-26T15:09:55Z</time>
   </trkpt>
   <trkpt lat="48.101070" lon="11.685419">
    <ele>536.783</ele>
    <time>2026-06-26T15:10:13Z</time>
   </trkpt>
   <trkpt lat="48.101691" lon="11.684257">
    <ele>535.618</ele>
    <time>2026-06-26T15:10:31Z</time>
   </trkpt>
   <trkpt lat="48.102197" lon="11.683345">
    <ele>535.969</ele>
    <time>2026-06-26T15:10:44Z</time>
   </trkpt>
   <trkpt lat="48.102398" lon="11.683126">
    <ele>535.591</ele>
    <time>2026-06-26T15:10:48Z</time>
   </trkpt>
   <trkpt lat="48.103650" lon="11.682164">
    <ele>534.397</ele>
    <time>2026-06-26T15:11:12Z</time>
   </trkpt>
   <trkpt lat="48.103749" lon="11.682075">
    <ele>534.282</ele>
    <time>2026-06-26T15:11:14Z</time>
   </trkpt>
   <trkpt lat="48.104412" lon="11.681348">
    <ele>533.661</ele>
    <time>2026-06-26T15:11:29Z</time>
   </trkpt>
   <trkpt lat="48.104658" lon="11.681127">
    <ele>532.917</ele>
    <time>2026-06-26T15:11:34Z</time>
   </trkpt>
   <trkpt lat="48.105567" lon="11.680464">
    <ele>532.693</ele>
    <time>2026-06-26T15:11:52Z</time>
   </trkpt>
   <trkpt lat="48.106124" lon="11.680109">
    <ele>531.471</ele>
    <time>2026-06-26T15:12:03Z</time>
   </trkpt>
   <trkpt lat="48.106333" lon="11.680005">
    <ele>532.331</ele>
    <time>2026-06-26T15:12:07Z</time>
   </trkpt>
   <trkpt lat="48.106575" lon="11.679746">
    <ele>533.091</ele>
    <time>2026-06-26T15:12:12Z</time>
   </trkpt>
   <trkpt lat="48.106831" lon="11.679115">
    <ele>532.467</ele>
    <time>2026-06-26T15:12:21Z</time>
   </trkpt>
   <trkpt lat="48.107038" lon="11.678624">
    <ele>534.319</ele>
    <time>2026-06-26T15:12:28Z</time>
   </trkpt>
   <trkpt lat="48.107303" lon="11.677513">
    <ele>534.402</ele>
    <time>2026-06-26T15:12:42Z</time>
   </trkpt>
   <trkpt lat="48.107527" lon="11.676814">
    <ele>531.947</ele>
    <time>2026-06-26T15:12:52Z</time>
   </trkpt>
   <trkpt lat="48.107565" lon="11.676518">
    <ele>531.686</ele>
    <time>2026-06-26T15:12:56Z</time>
   </trkpt>
   <trkpt lat="48.107975" lon="11.676155">
    <ele>531.696</ele>
    <time>2026-06-26T15:13:05Z</time>
   </trkpt>
   <trkpt lat="48.108472" lon="11.675433">
    <ele>532.998</ele>
    <time>2026-06-26T15:13:17Z</time>
   </trkpt>
   <trkpt lat="48.108974" lon="11.674773">
    <ele>533.899</ele>
    <time>2026-06-26T15:13:29Z</time>
   </trkpt>
   <trkpt lat="48.109730" lon="11.674220">
    <ele>534.704</ele>
    <time>2026-06-26T15:13:45Z</time>
   </trkpt>
   <trkpt lat="48.110642" lon="11.673405">
    <ele>535.137</ele>
    <time>2026-06-26T15:14:05Z</time>
   </trkpt>
   <trkpt lat="48.111113" lon="11.673051">
    <ele>534.518</ele>
    <time>2026-06-26T15:14:20Z</time>
   </trkpt>
   <trkpt lat="48.111283" lon="11.672816">
    <ele>533.452</ele>
    <time>2026-06-26T15:14:26Z</time>
   </trkpt>
   <trkpt lat="48.111680" lon="11.672050">
    <ele>532.313</ele>
    <time>2026-06-26T15:14:38Z</time>
   </trkpt>
   <trkpt lat="48.112130" lon="11.671459">
    <ele>530.517</ele>
    <time>2026-06-26T15:14:48Z</time>
   </trkpt>
   <trkpt lat="48.112594" lon="11.670708">
    <ele>530.260</ele>
    <time>2026-06-26T15:14:59Z</time>
   </trkpt>
   <trkpt lat="48.113170" lon="11.669889">
    <ele>529.799</ele>
    <time>2026-06-26T15:15:12Z</time>
   </trkpt>
   <trkpt lat="48.113465" lon="11.669300">
    <ele>528.129</ele>
    <time>2026-06-26T15:15:20Z</time>
   </trkpt>
   <trkpt lat="48.113857" lon="11.668612">
    <ele>527.032</ele>
    <time>2026-06-26T15:15:30Z</time>
   </trkpt>
   <trkpt lat="48.114133" lon="11.667662">
    <ele>525.249</ele>
    <time>2026-06-26T15:15:41Z</time>
   </trkpt>
   <trkpt lat="48.114251" lon="11.667279">
    <ele>524.504</ele>
    <time>2026-06-26T15:15:47Z</time>
   </trkpt>
   <trkpt lat="48.114325" lon="11.667159">
    <ele>524.225</ele>
    <time>2026-06-26T15:15:56Z</time>
   </trkpt>
   <trkpt lat="48.114341" lon="11.667116">
    <ele>524.752</ele>
    <time>2026-06-26T15:15:57Z</time>
   </trkpt>
   <trkpt lat="48.114412" lon="11.667038">
    <ele>525.090</ele>
    <time>2026-06-26T15:16:00Z</time>
   </trkpt>
   <trkpt lat="48.114450" lon="11.666870">
    <ele>524.315</ele>
    <time>2026-06-26T15:16:05Z</time>
   </trkpt>
   <trkpt lat="48.114570" lon="11.666518">
    <ele>525.673</ele>
    <time>2026-06-26T15:16:12Z</time>
   </trkpt>
   <trkpt lat="48.114606" lon="11.666023">
    <ele>525.947</ele>
    <time>2026-06-26T15:16:19Z</time>
   </trkpt>
   <trkpt lat="48.114413" lon="11.665034">
    <ele>526.122</ele>
    <time>2026-06-26T15:16:33Z</time>
   </trkpt>
   <trkpt lat="48.114330" lon="11.664719">
    <ele>527.088</ele>
    <time>2026-06-26T15:16:38Z</time>
   </trkpt>
   <trkpt lat="48.114200" lon="11.664533">
    <ele>527.276</ele>
    <time>2026-06-26T15:16:42Z</time>
   </trkpt>
   <trkpt lat="48.114122" lon="11.664460">
    <ele>528.114</ele>
    <time>2026-06-26T15:16:44Z</time>
   </trkpt>
   <trkpt lat="48.114090" lon="11.663894">
    <ele>527.543</ele>
    <time>2026-06-26T15:16:52Z</time>
   </trkpt>
   <trkpt lat="48.114120" lon="11.663834">
    <ele>527.562</ele>
    <time>2026-06-26T15:16:53Z</time>
   </trkpt>
   <trkpt lat="48.114653" lon="11.662733">
    <ele>527.689</ele>
    <time>2026-06-26T15:17:08Z</time>
   </trkpt>
   <trkpt lat="48.115482" lon="11.660751">
    <ele>527.157</ele>
    <time>2026-06-26T15:17:32Z</time>
   </trkpt>
   <trkpt lat="48.116112" lon="11.659213">
    <ele>527.260</ele>
    <time>2026-06-26T15:17:51Z</time>
   </trkpt>
   <trkpt lat="48.116761" lon="11.657628">
    <ele>526.039</ele>
    <time>2026-06-26T15:18:11Z</time>
   </trkpt>
   <trkpt lat="48.117051" lon="11.656925">
    <ele>526.181</ele>
    <time>2026-06-26T15:18:23Z</time>
   </trkpt>
   <trkpt lat="48.117087" lon="11.656818">
    <ele>526.468</ele>
    <time>2026-06-26T15:18:26Z</time>
   </trkpt>
   <trkpt lat="48.117276" lon="11.656303">
    <ele>527.130</ele>
    <time>2026-06-26T15:18:34Z</time>
   </trkpt>
   <trkpt lat="48.117816" lon="11.654730">
    <ele>526.338</ele>
    <time>2026-06-26T15:18:53Z</time>
   </trkpt>
   <trkpt lat="48.118307" lon="11.653281">
    <ele>527.866</ele>
    <time>2026-06-26T15:19:11Z</time>
   </trkpt>
   <trkpt lat="48.118467" lon="11.652764">
    <ele>527.985</ele>
    <time>2026-06-26T15:19:18Z</time>
   </trkpt>
   <trkpt lat="48.118757" lon="11.651980">
    <ele>527.332</ele>
    <time>2026-06-26T15:19:30Z</time>
   </trkpt>
   <trkpt lat="48.118936" lon="11.651879">
    <ele>527.783</ele>
    <time>2026-06-26T15:19:34Z</time>
   </trkpt>
   <trkpt lat="48.119128" lon="11.651984">
    <ele>527.312</ele>
    <time>2026-06-26T15:19:38Z</time>
   </trkpt>
   <trkpt lat="48.119336" lon="11.651764">
    <ele>527.283</ele>
    <time>2026-06-26T15:19:43Z</time>
   </trkpt>
   <trkpt lat="48.119940" lon="11.650017">
    <ele>526.305</ele>
    <time>2026-06-26T15:20:06Z</time>
   </trkpt>
   <trkpt lat="48.120174" lon="11.648976">
    <ele>525.632</ele>
    <time>2026-06-26T15:20:19Z</time>
   </trkpt>
   <trkpt lat="48.120557" lon="11.647578">
    <ele>526.901</ele>
    <time>2026-06-26T15:20:36Z</time>
   </trkpt>
   <trkpt lat="48.120897" lon="11.646091">
    <ele>527.359</ele>
    <time>2026-06-26T15:20:54Z</time>
   </trkpt>
   <trkpt lat="48.121243" lon="11.644486">
    <ele>527.070</ele>
    <time>2026-06-26T15:21:13Z</time>
   </trkpt>
   <trkpt lat="48.121592" lon="11.642705">
    <ele>526.611</ele>
    <time>2026-06-26T15:21:34Z</time>
   </trkpt>
   <trkpt lat="48.121634" lon="11.642492">
    <ele>527.358</ele>
    <time>2026-06-26T15:21:37Z</time>
   </trkpt>
   <trkpt lat="48.121662" lon="11.642311">
    <ele>526.619</ele>
    <time>2026-06-26T15:21:45Z</time>
   </trkpt>
   <trkpt lat="48.121662" lon="11.642311">
    <ele>527.050</ele>
    <time>2026-06-26T15:21:51Z</time>
   </trkpt>
   <trkpt lat="48.121614" lon="11.641766">
    <ele>527.234</ele>
    <time>2026-06-26T15:22:03Z</time>
   </trkpt>
   <trkpt lat="48.121652" lon="11.641594">
    <ele>527.308</ele>
    <time>2026-06-26T15:22:06Z</time>
   </trkpt>
   <trkpt lat="48.121856" lon="11.641203">
    <ele>524.960</ele>
    <time>2026-06-26T15:22:13Z</time>
   </trkpt>
   <trkpt lat="48.121818" lon="11.641056">
    <ele>524.078</ele>
    <time>2026-06-26T15:22:17Z</time>
   </trkpt>
   <trkpt lat="48.121671" lon="11.640762">
    <ele>524.853</ele>
    <time>2026-06-26T15:22:23Z</time>
   </trkpt>
   <trkpt lat="48.121658" lon="11.640186">
    <ele>525.450</ele>
    <time>2026-06-26T15:22:33Z</time>
   </trkpt>
   <trkpt lat="48.121662" lon="11.640067">
    <ele>524.974</ele>
    <time>2026-06-26T15:22:35Z</time>
   </trkpt>
   <trkpt lat="48.121945" lon="11.638687">
    <ele>525.940</ele>
    <time>2026-06-26T15:22:54Z</time>
   </trkpt>
   <trkpt lat="48.122025" lon="11.638288">
    <ele>525.584</ele>
    <time>2026-06-26T15:23:01Z</time>
   </trkpt>
   <trkpt lat="48.122135" lon="11.638110">
    <ele>525.563</ele>
    <time>2026-06-26T15:23:07Z</time>
   </trkpt>
   <trkpt lat="48.122259" lon="11.637890">
    <ele>524.873</ele>
    <time>2026-06-26T15:23:12Z</time>
   </trkpt>
   <trkpt lat="48.122478" lon="11.637204">
    <ele>525.954</ele>
    <time>2026-06-26T15:23:25Z</time>
   </trkpt>
   <trkpt lat="48.122477" lon="11.636463">
    <ele>526.065</ele>
    <time>2026-06-26T15:23:38Z</time>
   </trkpt>
   <trkpt lat="48.122456" lon="11.635951">
    <ele>525.819</ele>
    <time>2026-06-26T15:23:46Z</time>
   </trkpt>
   <trkpt lat="48.122711" lon="11.635589">
    <ele>524.250</ele>
    <time>2026-06-26T15:23:54Z</time>
   </trkpt>
   <trkpt lat="48.122828" lon="11.635229">
    <ele>524.915</ele>
    <time>2026-06-26T15:24:00Z</time>
   </trkpt>
   <trkpt lat="48.122966" lon="11.634668">
    <ele>524.396</ele>
    <time>2026-06-26T15:24:08Z</time>
   </trkpt>
   <trkpt lat="48.123128" lon="11.634431">
    <ele>524.488</ele>
    <time>2026-06-26T15:24:13Z</time>
   </trkpt>
   <trkpt lat="48.123209" lon="11.634367">
    <ele>524.100</ele>
    <time>2026-06-26T15:24:15Z</time>
   </trkpt>
   <trkpt lat="48.123581" lon="11.634153">
    <ele>523.165</ele>
    <time>2026-06-26T15:24:24Z</time>
   </trkpt>
   <trkpt lat="48.124408" lon="11.634109">
    <ele>523.551</ele>
    <time>2026-06-26T15:24:40Z</time>
   </trkpt>
   <trkpt lat="48.124458" lon="11.634098">
    <ele>523.389</ele>
    <time>2026-06-26T15:24:41Z</time>
   </trkpt>
   <trkpt lat="48.124699" lon="11.634059">
    <ele>522.466</ele>
    <time>2026-06-26T15:24:46Z</time>
   </trkpt>
   <trkpt lat="48.124887" lon="11.634091">
    <ele>522.246</ele>
    <time>2026-06-26T15:24:50Z</time>
   </trkpt>
   <trkpt lat="48.125196" lon="11.634200">
    <ele>521.687</ele>
    <time>2026-06-26T15:24:57Z</time>
   </trkpt>
   <trkpt lat="48.125842" lon="11.634047">
    <ele>522.506</ele>
    <time>2026-06-26T15:25:12Z</time>
   </trkpt>
   <trkpt lat="48.125995" lon="11.634111">
    <ele>521.740</ele>
    <time>2026-06-26T15:25:16Z</time>
   </trkpt>
   <trkpt lat="48.126106" lon="11.634205">
    <ele>522.082</ele>
    <time>2026-06-26T15:25:18Z</time>
   </trkpt>
   <trkpt lat="48.127065" lon="11.634627">
    <ele>521.806</ele>
    <time>2026-06-26T15:25:36Z</time>
   </trkpt>
   <trkpt lat="48.127155" lon="11.634715">
    <ele>520.907</ele>
    <time>2026-06-26T15:25:44Z</time>
   </trkpt>
   <trkpt lat="48.127456" lon="11.634843">
    <ele>520.894</ele>
    <time>2026-06-26T15:26:05Z</time>
   </trkpt>
   <trkpt lat="48.127520" lon="11.634543">
    <ele>521.027</ele>
    <time>2026-06-26T15:26:10Z</time>
   </trkpt>
   <trkpt lat="48.127520" lon="11.634543">
    <ele>521.235</ele>
    <time>2026-06-26T15:26:13Z</time>
   </trkpt>
   <trkpt lat="48.127875" lon="11.632814">
    <ele>522.572</ele>
    <time>2026-06-26T15:26:30Z</time>
   </trkpt>
   <trkpt lat="48.128284" lon="11.631206">
    <ele>522.100</ele>
    <time>2026-06-26T15:26:51Z</time>
   </trkpt>
   <trkpt lat="48.128416" lon="11.630738">
    <ele>521.523</ele>
    <time>2026-06-26T15:27:03Z</time>
   </trkpt>
   <trkpt lat="48.128416" lon="11.630738">
    <ele>521.536</ele>
    <time>2026-06-26T15:27:30Z</time>
   </trkpt>
   <trkpt lat="48.128421" lon="11.630723">
    <ele>522.244</ele>
    <time>2026-06-26T15:27:45Z</time>
   </trkpt>
   <trkpt lat="48.128657" lon="11.630681">
    <ele>523.217</ele>
    <time>2026-06-26T15:27:52Z</time>
   </trkpt>
   <trkpt lat="48.129296" lon="11.631089">
    <ele>523.157</ele>
    <time>2026-06-26T15:28:06Z</time>
   </trkpt>
   <trkpt lat="48.129908" lon="11.631403">
    <ele>524.854</ele>
    <time>2026-06-26T15:28:21Z</time>
   </trkpt>
   <trkpt lat="48.130674" lon="11.631818">
    <ele>527.445</ele>
    <time>2026-06-26T15:28:39Z</time>
   </trkpt>
   <trkpt lat="48.131470" lon="11.632127">
    <ele>525.291</ele>
    <time>2026-06-26T15:28:53Z</time>
   </trkpt>
   <trkpt lat="48.132223" lon="11.632308">
    <ele>523.100</ele>
    <time>2026-06-26T15:29:07Z</time>
   </trkpt>
   <trkpt lat="48.133011" lon="11.632593">
    <ele>524.953</ele>
    <time>2026-06-26T15:29:22Z</time>
   </trkpt>
   <trkpt lat="48.133101" lon="11.632649">
    <ele>525.409</ele>
    <time>2026-06-26T15:29:24Z</time>
   </trkpt>
   <trkpt lat="48.133255" lon="11.632880">
    <ele>524.325</ele>
    <time>2026-06-26T15:29:28Z</time>
   </trkpt>
   <trkpt lat="48.133541" lon="11.632997">
    <ele>524.110</ele>
    <time>2026-06-26T15:29:34Z</time>
   </trkpt>
   <trkpt lat="48.133754" lon="11.633192">
    <ele>521.631</ele>
    <time>2026-06-26T15:29:39Z</time>
   </trkpt>
   <trkpt lat="48.134110" lon="11.633299">
    <ele>519.930</ele>
    <time>2026-06-26T15:29:47Z</time>
   </trkpt>
   <trkpt lat="48.134193" lon="11.633316">
    <ele>519.302</ele>
    <time>2026-06-26T15:29:51Z</time>
   </trkpt>
   <trkpt lat="48.134420" lon="11.633364">
    <ele>521.771</ele>
    <time>2026-06-26T15:29:59Z</time>
   </trkpt>
   <trkpt lat="48.134980" lon="11.633481">
    <ele>515.041</ele>
    <time>2026-06-26T15:30:03Z</time>
   </trkpt>
   <trkpt lat="48.135536" lon="11.633570">
    <ele>515.923</ele>
    <time>2026-06-26T15:30:14Z</time>
   </trkpt>
   <trkpt lat="48.135626" lon="11.633592">
    <ele>517.160</ele>
    <time>2026-06-26T15:30:16Z</time>
   </trkpt>
   <trkpt lat="48.136082" lon="11.633899">
    <ele>518.019</ele>
    <time>2026-06-26T15:30:28Z</time>
   </trkpt>
   <trkpt lat="48.136168" lon="11.633964">
    <ele>519.782</ele>
    <time>2026-06-26T15:30:37Z</time>
   </trkpt>
   <trkpt lat="48.136168" lon="11.633964">
    <ele>519.803</ele>
    <time>2026-06-26T15:30:50Z</time>
   </trkpt>
   <trkpt lat="48.136275" lon="11.633743">
    <ele>520.308</ele>
    <time>2026-06-26T15:30:55Z</time>
   </trkpt>
   <trkpt lat="48.136082" lon="11.632142">
    <ele>522.334</ele>
    <time>2026-06-26T15:31:16Z</time>
   </trkpt>
   <trkpt lat="48.135990" lon="11.630098">
    <ele>523.292</ele>
    <time>2026-06-26T15:31:43Z</time>
   </trkpt>
   <trkpt lat="48.135904" lon="11.628422">
    <ele>525.363</ele>
    <time>2026-06-26T15:32:05Z</time>
   </trkpt>
   <trkpt lat="48.135803" lon="11.626402">
    <ele>526.503</ele>
    <time>2026-06-26T15:32:32Z</time>
   </trkpt>
   <trkpt lat="48.135760" lon="11.625079">
    <ele>526.772</ele>
    <time>2026-06-26T15:32:50Z</time>
   </trkpt>
   <trkpt lat="48.135803" lon="11.624672">
    <ele>526.209</ele>
    <time>2026-06-26T15:32:56Z</time>
   </trkpt>
   <trkpt lat="48.135910" lon="11.624436">
    <ele>525.381</ele>
    <time>2026-06-26T15:33:02Z</time>
   </trkpt>
   <trkpt lat="48.135953" lon="11.624029">
    <ele>525.426</ele>
    <time>2026-06-26T15:33:05Z</time>
   </trkpt>
   <trkpt lat="48.136453" lon="11.622783">
    <ele>523.710</ele>
    <time>2026-06-26T15:33:21Z</time>
   </trkpt>
   <trkpt lat="48.137006" lon="11.621319">
    <ele>524.649</ele>
    <time>2026-06-26T15:33:41Z</time>
   </trkpt>
   <trkpt lat="48.137262" lon="11.620767">
    <ele>526.457</ele>
    <time>2026-06-26T15:33:54Z</time>
   </trkpt>
   <trkpt lat="48.137304" lon="11.620072">
    <ele>526.205</ele>
    <time>2026-06-26T15:34:05Z</time>
   </trkpt>
   <trkpt lat="48.137304" lon="11.620072">
    <ele>526.814</ele>
    <time>2026-06-26T15:34:20Z</time>
   </trkpt>
   <trkpt lat="48.137684" lon="11.619963">
    <ele>526.761</ele>
    <time>2026-06-26T15:34:31Z</time>
   </trkpt>
   <trkpt lat="48.137941" lon="11.619931">
    <ele>526.040</ele>
    <time>2026-06-26T15:34:37Z</time>
   </trkpt>
   <trkpt lat="48.138013" lon="11.619887">
    <ele>525.258</ele>
    <time>2026-06-26T15:34:44Z</time>
   </trkpt>
   <trkpt lat="48.138013" lon="11.619887">
    <ele>525.240</ele>
    <time>2026-06-26T15:34:55Z</time>
   </trkpt>
   <trkpt lat="48.138013" lon="11.619887">
    <ele>524.683</ele>
    <time>2026-06-26T15:34:58Z</time>
   </trkpt>
   <trkpt lat="48.138270" lon="11.619995">
    <ele>521.437</ele>
    <time>2026-06-26T15:35:05Z</time>
   </trkpt>
   <trkpt lat="48.138270" lon="11.619995">
    <ele>521.479</ele>
    <time>2026-06-26T15:35:07Z</time>
   </trkpt>
   <trkpt lat="48.138270" lon="11.619995">
    <ele>522.719</ele>
    <time>2026-06-26T15:35:09Z</time>
   </trkpt>
   <trkpt lat="48.138932" lon="11.619884">
    <ele>525.517</ele>
    <time>2026-06-26T15:35:16Z</time>
   </trkpt>
   <trkpt lat="48.139103" lon="11.619866">
    <ele>534.375</ele>
    <time>2026-06-26T15:35:24Z</time>
   </trkpt>
  </trkseg>
 </trk>
</gpx>
