<?xml version="1.0" encoding="UTF-8" standalone="no" ?>
<gpx xmlns="http://www.topografix.com/GPX/1/1" creator="" version="1.1" xmlns:xsi="http://www.w3.org/2001/XMLSchema-instance" xsi:schemaLocation="http://www.topografix.com/GPX/1/1 http://www.topografix.com/GPX/1/1/gpx.xsd">
 <trk>
  <name>ACTIVE LOG000229</name>
  <trkseg>
   <trkpt lat="48.139116" lon="11.619522">
    <ele>549.109</ele>
    <time>2026-06-16T07:02:29Z</time>
   </trkpt>
  </trkseg>
 </trk>
 <trk>
  <name>ACTIVE LOG004403</name>
  <trkseg>
   <trkpt lat="48.139389" lon="11.621292">
    <ele>560.385</ele>
    <time>2026-06-16T07:44:03Z</time>
   </trkpt>
   <trkpt lat="48.139366" lon="11.621384">
    <ele>558.581</ele>
    <time>2026-06-16T07:44:04Z</time>
   </trkpt>
   <trkpt lat="48.139489" lon="11.621615">
    <ele>557.732</ele>
    <time>2026-06-16T07:44:09Z</time>
   </trkpt>
   <trkpt lat="48.140367" lon="11.621973">
    <ele>547.519</ele>
    <time>2026-06-16T07:44:24Z</time>
   </trkpt>
   <trkpt lat="48.140927" lon="11.622201">
    <ele>546.090</ele>
    <time>2026-06-16T07:44:33Z</time>
   </trkpt>
   <trkpt lat="48.141021" lon="11.622117">
    <ele>547.083</ele>
    <time>2026-06-16T07:44:39Z</time>
   </trkpt>
   <trkpt lat="48.141054" lon="11.621978">
    <ele>547.801</ele>
    <time>2026-06-16T07:44:41Z</time>
   </trkpt>
   <trkpt lat="48.141340" lon="11.621905">
    <ele>548.875</ele>
    <time>2026-06-16T07:44:45Z</time>
   </trkpt>
   <trkpt lat="48.141975" lon="11.622031">
    <ele>554.779</ele>
    <time>2026-06-16T07:44:55Z</time>
   </trkpt>
   <trkpt lat="48.142142" lon="11.622073">
    <ele>556.659</ele>
    <time>2026-06-16T07:44:58Z</time>
   </trkpt>
   <trkpt lat="48.142239" lon="11.622118">
    <ele>557.604</ele>
    <time>2026-06-16T07:45:00Z</time>
   </trkpt>
   <trkpt lat="48.142711" lon="11.622399">
    <ele>562.390</ele>
    <time>2026-06-16T07:45:08Z</time>
   </trkpt>
   <trkpt lat="48.143243" lon="11.622734">
    <ele>564.949</ele>
    <time>2026-06-16T07:45:17Z</time>
   </trkpt>
   <trkpt lat="48.143525" lon="11.622911">
    <ele>569.128</ele>
    <time>2026-06-16T07:45:22Z</time>
   </trkpt>
   <trkpt lat="48.143528" lon="11.622913">
    <ele>568.754</ele>
    <time>2026-06-16T07:45:24Z</time>
   </trkpt>
   <trkpt lat="48.143921" lon="11.623158">
    <ele>571.502</ele>
    <time>2026-06-16T07:45:33Z</time>
   </trkpt>
   <trkpt lat="48.144279" lon="11.623170">
    <ele>574.427</ele>
    <time>2026-06-16T07:45:40Z</time>
   </trkpt>
   <trkpt lat="48.144506" lon="11.623170">
    <ele>573.276</ele>
    <time>2026-06-16T07:45:44Z</time>
   </trkpt>
   <trkpt lat="48.144708" lon="11.623170">
    <ele>574.117</ele>
    <time>2026-06-16T07:45:49Z</time>
   </trkpt>
   <trkpt lat="48.144719" lon="11.623061">
    <ele>573.584</ele>
    <time>2026-06-16T07:45:55Z</time>
   </trkpt>
   <trkpt lat="48.145061" lon="11.622937">
    <ele>573.493</ele>
    <time>2026-06-16T07:45:58Z</time>
   </trkpt>
   <trkpt lat="48.145051" lon="11.622698">
    <ele>574.293</ele>
    <time>2026-06-16T07:46:02Z</time>
   </trkpt>
   <trkpt lat="48.145697" lon="11.622667">
    <ele>573.868</ele>
    <time>2026-06-16T07:46:08Z</time>
   </trkpt>
   <trkpt lat="48.145966" lon="11.622741">
    <ele>568.880</ele>
    <time>2026-06-16T07:46:13Z</time>
   </trkpt>
   <trkpt lat="48.146225" lon="11.622533">
    <ele>568.399</ele>
    <time>2026-06-16T07:46:23Z</time>
   </trkpt>
   <trkpt lat="48.146403" lon="11.622419">
    <ele>567.092</ele>
    <time>2026-06-16T07:46:28Z</time>
   </trkpt>
   <trkpt lat="48.146659" lon="11.622601">
    <ele>564.060</ele>
    <time>2026-06-16T07:46:32Z</time>
   </trkpt>
   <trkpt lat="48.146801" lon="11.622970">
    <ele>562.279</ele>
    <time>2026-06-16T07:46:38Z</time>
   </trkpt>
   <trkpt lat="48.146850" lon="11.623092">
    <ele>562.782</ele>
    <time>2026-06-16T07:46:40Z</time>
   </trkpt>
   <trkpt lat="48.147033" lon="11.623330">
    <ele>560.587</ele>
    <time>2026-06-16T07:46:44Z</time>
   </trkpt>
   <trkpt lat="48.147139" lon="11.623454">
    <ele>560.365</ele>
    <time>2026-06-16T07:46:46Z</time>
   </trkpt>
   <trkpt lat="48.147077" lon="11.623831">
    <ele>559.481</ele>
    <time>2026-06-16T07:46:50Z</time>
   </trkpt>
   <trkpt lat="48.147025" lon="11.624184">
    <ele>559.078</ele>
    <time>2026-06-16T07:46:53Z</time>
   </trkpt>
   <trkpt lat="48.147287" lon="11.624615">
    <ele>556.715</ele>
    <time>2026-06-16T07:46:59Z</time>
   </trkpt>
   <trkpt lat="48.147368" lon="11.624844">
    <ele>557.181</ele>
    <time>2026-06-16T07:47:01Z</time>
   </trkpt>
   <trkpt lat="48.147558" lon="11.625026">
    <ele>556.799</ele>
    <time>2026-06-16T07:47:07Z</time>
   </trkpt>
   <trkpt lat="48.147512" lon="11.625467">
    <ele>556.934</ele>
    <time>2026-06-16T07:47:15Z</time>
   </trkpt>
   <trkpt lat="48.147348" lon="11.625441">
    <ele>556.338</ele>
    <time>2026-06-16T07:47:20Z</time>
   </trkpt>
   <trkpt lat="48.147259" lon="11.625427">
    <ele>555.924</ele>
    <time>2026-06-16T07:47:23Z</time>
   </trkpt>
   <trkpt lat="48.147212" lon="11.625419">
    <ele>555.481</ele>
    <time>2026-06-16T07:47:25Z</time>
   </trkpt>
   <trkpt lat="48.147004" lon="11.625659">
    <ele>554.268</ele>
    <time>2026-06-16T07:47:31Z</time>
   </trkpt>
   <trkpt lat="48.147194" lon="11.626528">
    <ele>551.644</ele>
    <time>2026-06-16T07:47:40Z</time>
   </trkpt>
   <trkpt lat="48.147372" lon="11.626940">
    <ele>548.870</ele>
    <time>2026-06-16T07:47:45Z</time>
   </trkpt>
   <trkpt lat="48.147540" lon="11.627421">
    <ele>549.506</ele>
    <time>2026-06-16T07:47:52Z</time>
   </trkpt>
   <trkpt lat="48.147503" lon="11.627610">
    <ele>549.644</ele>
    <time>2026-06-16T07:47:55Z</time>
   </trkpt>
   <trkpt lat="48.147475" lon="11.627752">
    <ele>549.658</ele>
    <time>2026-06-16T07:47:57Z</time>
   </trkpt>
   <trkpt lat="48.147430" lon="11.627987">
    <ele>549.460</ele>
    <time>2026-06-16T07:48:00Z</time>
   </trkpt>
   <trkpt lat="48.147411" lon="11.628428">
    <ele>546.236</ele>
    <time>2026-06-16T07:48:08Z</time>
   </trkpt>
   <trkpt lat="48.147411" lon="11.628428">
    <ele>543.257</ele>
    <time>2026-06-16T07:48:33Z</time>
   </trkpt>
   <trkpt lat="48.147454" lon="11.628428">
    <ele>540.445</ele>
    <time>2026-06-16T07:48:38Z</time>
   </trkpt>
   <trkpt lat="48.147105" lon="11.630172">
    <ele>537.251</ele>
    <time>2026-06-16T07:48:58Z</time>
   </trkpt>
   <trkpt lat="48.146738" lon="11.632163">
    <ele>539.161</ele>
    <time>2026-06-16T07:49:21Z</time>
   </trkpt>
   <trkpt lat="48.146544" lon="11.633761">
    <ele>540.734</ele>
    <time>2026-06-16T07:49:39Z</time>
   </trkpt>
   <trkpt lat="48.146376" lon="11.635638">
    <ele>543.320</ele>
    <time>2026-06-16T07:49:57Z</time>
   </trkpt>
   <trkpt lat="48.146274" lon="11.637441">
    <ele>542.732</ele>
    <time>2026-06-16T07:50:14Z</time>
   </trkpt>
   <trkpt lat="48.146338" lon="11.639485">
    <ele>529.552</ele>
    <time>2026-06-16T07:50:34Z</time>
   </trkpt>
   <trkpt lat="48.146287" lon="11.639826">
    <ele>526.796</ele>
    <time>2026-06-16T07:50:46Z</time>
   </trkpt>
   <trkpt lat="48.146403" lon="11.640198">
    <ele>525.052</ele>
    <time>2026-06-16T07:51:27Z</time>
   </trkpt>
   <trkpt lat="48.146573" lon="11.641429">
    <ele>521.574</ele>
    <time>2026-06-16T07:51:41Z</time>
   </trkpt>
   <trkpt lat="48.146839" lon="11.642405">
    <ele>520.654</ele>
    <time>2026-06-16T07:51:53Z</time>
   </trkpt>
   <trkpt lat="48.147170" lon="11.643880">
    <ele>518.321</ele>
    <time>2026-06-16T07:52:08Z</time>
   </trkpt>
   <trkpt lat="48.147188" lon="11.645047">
    <ele>519.277</ele>
    <time>2026-06-16T07:52:19Z</time>
   </trkpt>
   <trkpt lat="48.147115" lon="11.645739">
    <ele>518.962</ele>
    <time>2026-06-16T07:52:26Z</time>
   </trkpt>
   <trkpt lat="48.147538" lon="11.646838">
    <ele>517.466</ele>
    <time>2026-06-16T07:52:39Z</time>
   </trkpt>
   <trkpt lat="48.148194" lon="11.647734">
    <ele>517.039</ele>
    <time>2026-06-16T07:52:52Z</time>
   </trkpt>
   <trkpt lat="48.148281" lon="11.647874">
    <ele>517.335</ele>
    <time>2026-06-16T07:52:54Z</time>
   </trkpt>
   <trkpt lat="48.148693" lon="11.649263">
    <ele>518.636</ele>
    <time>2026-06-16T07:53:10Z</time>
   </trkpt>
   <trkpt lat="48.149002" lon="11.650702">
    <ele>517.846</ele>
    <time>2026-06-16T07:53:26Z</time>
   </trkpt>
   <trkpt lat="48.148806" lon="11.650958">
    <ele>517.468</ele>
    <time>2026-06-16T07:53:31Z</time>
   </trkpt>
   <trkpt lat="48.148806" lon="11.650958">
    <ele>516.969</ele>
    <time>2026-06-16T07:53:33Z</time>
   </trkpt>
   <trkpt lat="48.148683" lon="11.650969">
    <ele>516.266</ele>
    <time>2026-06-16T07:53:37Z</time>
   </trkpt>
   <trkpt lat="48.148762" lon="11.650962">
    <ele>515.986</ele>
    <time>2026-06-16T07:53:40Z</time>
   </trkpt>
   <trkpt lat="48.148775" lon="11.651133">
    <ele>516.375</ele>
    <time>2026-06-16T07:53:44Z</time>
   </trkpt>
   <trkpt lat="48.148727" lon="11.651267">
    <ele>516.275</ele>
    <time>2026-06-16T07:53:46Z</time>
   </trkpt>
   <trkpt lat="48.148619" lon="11.651572">
    <ele>516.054</ele>
    <time>2026-06-16T07:53:50Z</time>
   </trkpt>
   <trkpt lat="48.148065" lon="11.653068">
    <ele>516.864</ele>
    <time>2026-06-16T07:54:08Z</time>
   </trkpt>
   <trkpt lat="48.147970" lon="11.653320">
    <ele>516.387</ele>
    <time>2026-06-16T07:54:11Z</time>
   </trkpt>
   <trkpt lat="48.147879" lon="11.653560">
    <ele>516.517</ele>
    <time>2026-06-16T07:54:14Z</time>
   </trkpt>
   <trkpt lat="48.147742" lon="11.653961">
    <ele>516.819</ele>
    <time>2026-06-16T07:54:19Z</time>
   </trkpt>
   <trkpt lat="48.147509" lon="11.654673">
    <ele>516.579</ele>
    <time>2026-06-16T07:54:27Z</time>
   </trkpt>
   <trkpt lat="48.147157" lon="11.656273">
    <ele>516.443</ele>
    <time>2026-06-16T07:54:45Z</time>
   </trkpt>
   <trkpt lat="48.147111" lon="11.656559">
    <ele>516.263</ele>
    <time>2026-06-16T07:54:49Z</time>
   </trkpt>
   <trkpt lat="48.147090" lon="11.657507">
    <ele>516.193</ele>
    <time>2026-06-16T07:54:59Z</time>
   </trkpt>
   <trkpt lat="48.147042" lon="11.658153">
    <ele>516.548</ele>
    <time>2026-06-16T07:55:06Z</time>
   </trkpt>
   <trkpt lat="48.147025" lon="11.658382">
    <ele>517.186</ele>
    <time>2026-06-16T07:55:09Z</time>
   </trkpt>
   <trkpt lat="48.146919" lon="11.659445">
    <ele>515.912</ele>
    <time>2026-06-16T07:55:22Z</time>
   </trkpt>
   <trkpt lat="48.146585" lon="11.661623">
    <ele>515.274</ele>
    <time>2026-06-16T07:55:45Z</time>
   </trkpt>
   <trkpt lat="48.146295" lon="11.663812">
    <ele>515.786</ele>
    <time>2026-06-16T07:56:08Z</time>
   </trkpt>
   <trkpt lat="48.146188" lon="11.664701">
    <ele>514.982</ele>
    <time>2026-06-16T07:56:18Z</time>
   </trkpt>
   <trkpt lat="48.145967" lon="11.665816">
    <ele>515.617</ele>
    <time>2026-06-16T07:56:31Z</time>
   </trkpt>
   <trkpt lat="48.145583" lon="11.666671">
    <ele>515.634</ele>
    <time>2026-06-16T07:56:43Z</time>
   </trkpt>
   <trkpt lat="48.144947" lon="11.667824">
    <ele>515.821</ele>
    <time>2026-06-16T07:56:59Z</time>
   </trkpt>
   <trkpt lat="48.144579" lon="11.668929">
    <ele>516.109</ele>
    <time>2026-06-16T07:57:13Z</time>
   </trkpt>
   <trkpt lat="48.144457" lon="11.669223">
    <ele>515.748</ele>
    <time>2026-06-16T07:57:17Z</time>
   </trkpt>
   <trkpt lat="48.144264" lon="11.669426">
    <ele>515.610</ele>
    <time>2026-06-16T07:57:21Z</time>
   </trkpt>
   <trkpt lat="48.143677" lon="11.669846">
    <ele>514.419</ele>
    <time>2026-06-16T07:57:32Z</time>
   </trkpt>
   <trkpt lat="48.143399" lon="11.669753">
    <ele>515.486</ele>
    <time>2026-06-16T07:57:39Z</time>
   </trkpt>
   <trkpt lat="48.143294" lon="11.670135">
    <ele>515.350</ele>
    <time>2026-06-16T07:57:44Z</time>
   </trkpt>
   <trkpt lat="48.143328" lon="11.670406">
    <ele>515.640</ele>
    <time>2026-06-16T07:57:47Z</time>
   </trkpt>
   <trkpt lat="48.143369" lon="11.670729">
    <ele>515.813</ele>
    <time>2026-06-16T07:57:51Z</time>
   </trkpt>
   <trkpt lat="48.143518" lon="11.671877">
    <ele>515.053</ele>
    <time>2026-06-16T07:58:03Z</time>
   </trkpt>
   <trkpt lat="48.143669" lon="11.672998">
    <ele>517.379</ele>
    <time>2026-06-16T07:58:15Z</time>
   </trkpt>
   <trkpt lat="48.143814" lon="11.674073">
    <ele>518.787</ele>
    <time>2026-06-16T07:58:30Z</time>
   </trkpt>
   <trkpt lat="48.143817" lon="11.674094">
    <ele>518.708</ele>
    <time>2026-06-16T07:58:49Z</time>
   </trkpt>
   <trkpt lat="48.143676" lon="11.674469">
    <ele>519.189</ele>
    <time>2026-06-16T08:00:30Z</time>
   </trkpt>
   <trkpt lat="48.142994" lon="11.675740">
    <ele>518.945</ele>
    <time>2026-06-16T08:00:46Z</time>
   </trkpt>
   <trkpt lat="48.142353" lon="11.677051">
    <ele>519.431</ele>
    <time>2026-06-16T08:01:01Z</time>
   </trkpt>
   <trkpt lat="48.141597" lon="11.678492">
    <ele>518.936</ele>
    <time>2026-06-16T08:01:18Z</time>
   </trkpt>
   <trkpt lat="48.141118" lon="11.679407">
    <ele>521.256</ele>
    <time>2026-06-16T08:01:29Z</time>
   </trkpt>
   <trkpt lat="48.140691" lon="11.680277">
    <ele>520.688</ele>
    <time>2026-06-16T08:01:40Z</time>
   </trkpt>
   <trkpt lat="48.140548" lon="11.680407">
    <ele>520.617</ele>
    <time>2026-06-16T08:01:44Z</time>
   </trkpt>
   <trkpt lat="48.140566" lon="11.680666">
    <ele>520.922</ele>
    <time>2026-06-16T08:01:50Z</time>
   </trkpt>
   <trkpt lat="48.140717" lon="11.682029">
    <ele>521.291</ele>
    <time>2026-06-16T08:02:07Z</time>
   </trkpt>
   <trkpt lat="48.140620" lon="11.683646">
    <ele>521.298</ele>
    <time>2026-06-16T08:02:22Z</time>
   </trkpt>
   <trkpt lat="48.140585" lon="11.684551">
    <ele>521.723</ele>
    <time>2026-06-16T08:02:31Z</time>
   </trkpt>
   <trkpt lat="48.140746" lon="11.685358">
    <ele>521.738</ele>
    <time>2026-06-16T08:02:40Z</time>
   </trkpt>
   <trkpt lat="48.141146" lon="11.686664">
    <ele>522.631</ele>
    <time>2026-06-16T08:02:58Z</time>
   </trkpt>
   <trkpt lat="48.141418" lon="11.686691">
    <ele>521.768</ele>
    <time>2026-06-16T08:03:03Z</time>
   </trkpt>
   <trkpt lat="48.141418" lon="11.686691">
    <ele>521.232</ele>
    <time>2026-06-16T08:03:12Z</time>
   </trkpt>
   <trkpt lat="48.141418" lon="11.686691">
    <ele>521.874</ele>
    <time>2026-06-16T08:03:25Z</time>
   </trkpt>
   <trkpt lat="48.141557" lon="11.687114">
    <ele>521.571</ele>
    <time>2026-06-16T08:03:36Z</time>
   </trkpt>
   <trkpt lat="48.141649" lon="11.687445">
    <ele>521.210</ele>
    <time>2026-06-16T08:03:40Z</time>
   </trkpt>
   <trkpt lat="48.141826" lon="11.688238">
    <ele>523.705</ele>
    <time>2026-06-16T08:03:49Z</time>
   </trkpt>
   <trkpt lat="48.142046" lon="11.689031">
    <ele>525.095</ele>
    <time>2026-06-16T08:03:59Z</time>
   </trkpt>
   <trkpt lat="48.142412" lon="11.690269">
    <ele>521.927</ele>
    <time>2026-06-16T08:04:14Z</time>
   </trkpt>
   <trkpt lat="48.142636" lon="11.691646">
    <ele>525.047</ele>
    <time>2026-06-16T08:04:33Z</time>
   </trkpt>
   <trkpt lat="48.142645" lon="11.691839">
    <ele>526.163</ele>
    <time>2026-06-16T08:04:36Z</time>
   </trkpt>
   <trkpt lat="48.142477" lon="11.693098">
    <ele>527.970</ele>
    <time>2026-06-16T08:04:55Z</time>
   </trkpt>
   <trkpt lat="48.141940" lon="11.694088">
    <ele>529.645</ele>
    <time>2026-06-16T08:05:11Z</time>
   </trkpt>
   <trkpt lat="48.140857" lon="11.695428">
    <ele>526.289</ele>
    <time>2026-06-16T08:05:33Z</time>
   </trkpt>
   <trkpt lat="48.140616" lon="11.695781">
    <ele>525.356</ele>
    <time>2026-06-16T08:05:38Z</time>
   </trkpt>
   <trkpt lat="48.140384" lon="11.697569">
    <ele>522.726</ele>
    <time>2026-06-16T08:05:55Z</time>
   </trkpt>
   <trkpt lat="48.140345" lon="11.697771">
    <ele>523.760</ele>
    <time>2026-06-16T08:05:57Z</time>
   </trkpt>
   <trkpt lat="48.140029" lon="11.699329">
    <ele>523.960</ele>
    <time>2026-06-16T08:06:13Z</time>
   </trkpt>
   <trkpt lat="48.139844" lon="11.700235">
    <ele>524.074</ele>
    <time>2026-06-16T08:06:23Z</time>
   </trkpt>
   <trkpt lat="48.139517" lon="11.701859">
    <ele>525.850</ele>
    <time>2026-06-16T08:06:41Z</time>
   </trkpt>
   <trkpt lat="48.139244" lon="11.703041">
    <ele>528.019</ele>
    <time>2026-06-16T08:06:55Z</time>
   </trkpt>
   <trkpt lat="48.138636" lon="11.705310">
    <ele>527.179</ele>
    <time>2026-06-16T08:07:21Z</time>
   </trkpt>
   <trkpt lat="48.138341" lon="11.706985">
    <ele>526.993</ele>
    <time>2026-06-16T08:07:41Z</time>
   </trkpt>
   <trkpt lat="48.138295" lon="11.707418">
    <ele>526.986</ele>
    <time>2026-06-16T08:07:47Z</time>
   </trkpt>
   <trkpt lat="48.138293" lon="11.707441">
    <ele>525.939</ele>
    <time>2026-06-16T08:07:53Z</time>
   </trkpt>
   <trkpt lat="48.138249" lon="11.707177">
    <ele>525.265</ele>
    <time>2026-06-16T08:08:04Z</time>
   </trkpt>
   <trkpt lat="48.138249" lon="11.707177">
    <ele>524.807</ele>
    <time>2026-06-16T08:08:05Z</time>
   </trkpt>
   <trkpt lat="48.138131" lon="11.707259">
    <ele>524.630</ele>
    <time>2026-06-16T08:08:07Z</time>
   </trkpt>
   <trkpt lat="48.137495" lon="11.706888">
    <ele>525.113</ele>
    <time>2026-06-16T08:08:19Z</time>
   </trkpt>
   <trkpt lat="48.136148" lon="11.706113">
    <ele>525.687</ele>
    <time>2026-06-16T08:08:43Z</time>
   </trkpt>
   <trkpt lat="48.135233" lon="11.705868">
    <ele>524.591</ele>
    <time>2026-06-16T08:08:59Z</time>
   </trkpt>
   <trkpt lat="48.133679" lon="11.705881">
    <ele>527.006</ele>
    <time>2026-06-16T08:09:27Z</time>
   </trkpt>
   <trkpt lat="48.133632" lon="11.705863">
    <ele>526.959</ele>
    <time>2026-06-16T08:09:28Z</time>
   </trkpt>
   <trkpt lat="48.133517" lon="11.706074">
    <ele>527.276</ele>
    <time>2026-06-16T08:09:32Z</time>
   </trkpt>
   <trkpt lat="48.133511" lon="11.706107">
    <ele>527.028</ele>
    <time>2026-06-16T08:09:44Z</time>
   </trkpt>
   <trkpt lat="48.133322" lon="11.706126">
    <ele>527.569</ele>
    <time>2026-06-16T08:09:50Z</time>
   </trkpt>
   <trkpt lat="48.133271" lon="11.706696">
    <ele>528.314</ele>
    <time>2026-06-16T08:09:59Z</time>
   </trkpt>
   <trkpt lat="48.133292" lon="11.708366">
    <ele>529.152</ele>
    <time>2026-06-16T08:10:19Z</time>
   </trkpt>
   <trkpt lat="48.133292" lon="11.710253">
    <ele>529.591</ele>
    <time>2026-06-16T08:10:41Z</time>
   </trkpt>
   <trkpt lat="48.133316" lon="11.710592">
    <ele>529.362</ele>
    <time>2026-06-16T08:10:45Z</time>
   </trkpt>
   <trkpt lat="48.133291" lon="11.712272">
    <ele>529.215</ele>
    <time>2026-06-16T08:11:04Z</time>
   </trkpt>
   <trkpt lat="48.132970" lon="11.712724">
    <ele>530.161</ele>
    <time>2026-06-16T08:11:13Z</time>
   </trkpt>
   <trkpt lat="48.132436" lon="11.713348">
    <ele>530.435</ele>
    <time>2026-06-16T08:11:28Z</time>
   </trkpt>
   <trkpt lat="48.131783" lon="11.714046">
    <ele>529.097</ele>
    <time>2026-06-16T08:11:42Z</time>
   </trkpt>
   <trkpt lat="48.131042" lon="11.714782">
    <ele>528.235</ele>
    <time>2026-06-16T08:11:56Z</time>
   </trkpt>
   <trkpt lat="48.130902" lon="11.714971">
    <ele>527.904</ele>
    <time>2026-06-16T08:11:59Z</time>
   </trkpt>
   <trkpt lat="48.130774" lon="11.715937">
    <ele>528.508</ele>
    <time>2026-06-16T08:12:10Z</time>
   </trkpt>
   <trkpt lat="48.130760" lon="11.716189">
    <ele>528.414</ele>
    <time>2026-06-16T08:12:13Z</time>
   </trkpt>
   <trkpt lat="48.130665" lon="11.716469">
    <ele>527.845</ele>
    <time>2026-06-16T08:12:17Z</time>
   </trkpt>
   <trkpt lat="48.130670" lon="11.717082">
    <ele>527.129</ele>
    <time>2026-06-16T08:12:23Z</time>
   </trkpt>
   <trkpt lat="48.130654" lon="11.717267">
    <ele>527.351</ele>
    <time>2026-06-16T08:12:25Z</time>
   </trkpt>
   <trkpt lat="48.130903" lon="11.718573">
    <ele>528.780</ele>
    <time>2026-06-16T08:12:40Z</time>
   </trkpt>
   <trkpt lat="48.130921" lon="11.719053">
    <ele>529.444</ele>
    <time>2026-06-16T08:12:46Z</time>
   </trkpt>
   <trkpt lat="48.130682" lon="11.719670">
    <ele>530.562</ele>
    <time>2026-06-16T08:12:54Z</time>
   </trkpt>
   <trkpt lat="48.130592" lon="11.720018">
    <ele>531.284</ele>
    <time>2026-06-16T08:12:58Z</time>
   </trkpt>
   <trkpt lat="48.130534" lon="11.721299">
    <ele>531.956</ele>
    <time>2026-06-16T08:13:12Z</time>
   </trkpt>
   <trkpt lat="48.130546" lon="11.721489">
    <ele>532.176</ele>
    <time>2026-06-16T08:13:16Z</time>
   </trkpt>
   <trkpt lat="48.130472" lon="11.723511">
    <ele>531.551</ele>
    <time>2026-06-16T08:13:37Z</time>
   </trkpt>
   <trkpt lat="48.130438" lon="11.724989">
    <ele>532.045</ele>
    <time>2026-06-16T08:13:54Z</time>
   </trkpt>
   <trkpt lat="48.130438" lon="11.725256">
    <ele>531.815</ele>
    <time>2026-06-16T08:13:57Z</time>
   </trkpt>
   <trkpt lat="48.130374" lon="11.727712">
    <ele>533.059</ele>
    <time>2026-06-16T08:14:22Z</time>
   </trkpt>
   <trkpt lat="48.130331" lon="11.730016">
    <ele>532.187</ele>
    <time>2026-06-16T08:14:45Z</time>
   </trkpt>
   <trkpt lat="48.130256" lon="11.732760">
    <ele>530.835</ele>
    <time>2026-06-16T08:15:13Z</time>
   </trkpt>
   <trkpt lat="48.130228" lon="11.733549">
    <ele>530.336</ele>
    <time>2026-06-16T08:15:21Z</time>
   </trkpt>
   <trkpt lat="48.130206" lon="11.734197">
    <ele>530.040</ele>
    <time>2026-06-16T08:15:28Z</time>
   </trkpt>
   <trkpt lat="48.130202" lon="11.734607">
    <ele>530.880</ele>
    <time>2026-06-16T08:15:33Z</time>
   </trkpt>
   <trkpt lat="48.130320" lon="11.736164">
    <ele>531.722</ele>
    <time>2026-06-16T08:15:50Z</time>
   </trkpt>
   <trkpt lat="48.130226" lon="11.736807">
    <ele>532.263</ele>
    <time>2026-06-16T08:15:58Z</time>
   </trkpt>
   <trkpt lat="48.130159" lon="11.738215">
    <ele>532.418</ele>
    <time>2026-06-16T08:16:14Z</time>
   </trkpt>
   <trkpt lat="48.130126" lon="11.738561">
    <ele>532.604</ele>
    <time>2026-06-16T08:16:18Z</time>
   </trkpt>
   <trkpt lat="48.130067" lon="11.738755">
    <ele>533.848</ele>
    <time>2026-06-16T08:16:21Z</time>
   </trkpt>
   <trkpt lat="48.129883" lon="11.739437">
    <ele>536.070</ele>
    <time>2026-06-16T08:16:31Z</time>
   </trkpt>
   <trkpt lat="48.129483" lon="11.739736">
    <ele>534.213</ele>
    <time>2026-06-16T08:16:42Z</time>
   </trkpt>
   <trkpt lat="48.128444" lon="11.740267">
    <ele>534.200</ele>
    <time>2026-06-16T08:17:02Z</time>
   </trkpt>
   <trkpt lat="48.127737" lon="11.740782">
    <ele>534.298</ele>
    <time>2026-06-16T08:17:17Z</time>
   </trkpt>
   <trkpt lat="48.127472" lon="11.740962">
    <ele>533.502</ele>
    <time>2026-06-16T08:17:28Z</time>
   </trkpt>
   <trkpt lat="48.127472" lon="11.740962">
    <ele>533.320</ele>
    <time>2026-06-16T08:17:31Z</time>
   </trkpt>
   <trkpt lat="48.127456" lon="11.741059">
    <ele>533.289</ele>
    <time>2026-06-16T08:17:39Z</time>
   </trkpt>
   <trkpt lat="48.127143" lon="11.742130">
    <ele>533.280</ele>
    <time>2026-06-16T08:17:52Z</time>
   </trkpt>
   <trkpt lat="48.126490" lon="11.743561">
    <ele>532.100</ele>
    <time>2026-06-16T08:18:13Z</time>
   </trkpt>
   <trkpt lat="48.126103" lon="11.744302">
    <ele>532.473</ele>
    <time>2026-06-16T08:18:24Z</time>
   </trkpt>
   <trkpt lat="48.125923" lon="11.744540">
    <ele>532.633</ele>
    <time>2026-06-16T08:18:29Z</time>
   </trkpt>
   <trkpt lat="48.125770" lon="11.744561">
    <ele>532.418</ele>
    <time>2026-06-16T08:18:33Z</time>
   </trkpt>
   <trkpt lat="48.125642" lon="11.744689">
    <ele>532.968</ele>
    <time>2026-06-16T08:18:37Z</time>
   </trkpt>
   <trkpt lat="48.125510" lon="11.745200">
    <ele>533.237</ele>
    <time>2026-06-16T08:18:44Z</time>
   </trkpt>
   <trkpt lat="48.125066" lon="11.746173">
    <ele>533.692</ele>
    <time>2026-06-16T08:18:58Z</time>
   </trkpt>
   <trkpt lat="48.124282" lon="11.747826">
    <ele>534.282</ele>
    <time>2026-06-16T08:19:21Z</time>
   </trkpt>
   <trkpt lat="48.123559" lon="11.750101">
    <ele>535.140</ele>
    <time>2026-06-16T08:19:49Z</time>
   </trkpt>
   <trkpt lat="48.122877" lon="11.752242">
    <ele>535.751</ele>
    <time>2026-06-16T08:20:16Z</time>
   </trkpt>
   <trkpt lat="48.122150" lon="11.754053">
    <ele>534.386</ele>
    <time>2026-06-16T08:20:40Z</time>
   </trkpt>
   <trkpt lat="48.121195" lon="11.755577">
    <ele>535.741</ele>
    <time>2026-06-16T08:21:02Z</time>
   </trkpt>
   <trkpt lat="48.120195" lon="11.757250">
    <ele>535.264</ele>
    <time>2026-06-16T08:21:22Z</time>
   </trkpt>
   <trkpt lat="48.119996" lon="11.757763">
    <ele>535.693</ele>
    <time>2026-06-16T08:21:27Z</time>
   </trkpt>
   <trkpt lat="48.119736" lon="11.757892">
    <ele>535.781</ele>
    <time>2026-06-16T08:21:30Z</time>
   </trkpt>
   <trkpt lat="48.119432" lon="11.758221">
    <ele>535.729</ele>
    <time>2026-06-16T08:21:36Z</time>
   </trkpt>
   <trkpt lat="48.119327" lon="11.758998">
    <ele>537.089</ele>
    <time>2026-06-16T08:21:41Z</time>
   </trkpt>
   <trkpt lat="48.119008" lon="11.759918">
    <ele>539.649</ele>
    <time>2026-06-16T08:21:58Z</time>
   </trkpt>
   <trkpt lat="48.118479" lon="11.761346">
    <ele>545.581</ele>
    <time>2026-06-16T08:22:25Z</time>
   </trkpt>
   <trkpt lat="48.118049" lon="11.762580">
    <ele>546.776</ele>
    <time>2026-06-16T08:22:44Z</time>
   </trkpt>
   <trkpt lat="48.117853" lon="11.763196">
    <ele>548.964</ele>
    <time>2026-06-16T08:22:52Z</time>
   </trkpt>
   <trkpt lat="48.117782" lon="11.763430">
    <ele>549.804</ele>
    <time>2026-06-16T08:22:55Z</time>
   </trkpt>
   <trkpt lat="48.117656" lon="11.763807">
    <ele>550.763</ele>
    <time>2026-06-16T08:23:00Z</time>
   </trkpt>
   <trkpt lat="48.117250" lon="11.765006">
    <ele>554.110</ele>
    <time>2026-06-16T08:23:16Z</time>
   </trkpt>
   <trkpt lat="48.116770" lon="11.766574">
    <ele>556.081</ele>
    <time>2026-06-16T08:23:36Z</time>
   </trkpt>
   <trkpt lat="48.116383" lon="11.767629">
    <ele>554.660</ele>
    <time>2026-06-16T08:23:49Z</time>
   </trkpt>
   <trkpt lat="48.116198" lon="11.768261">
    <ele>543.967</ele>
    <time>2026-06-16T08:23:57Z</time>
   </trkpt>
   <trkpt lat="48.116171" lon="11.768818">
    <ele>543.169</ele>
    <time>2026-06-16T08:24:04Z</time>
   </trkpt>
   <trkpt lat="48.116101" lon="11.769064">
    <ele>542.835</ele>
    <time>2026-06-16T08:24:08Z</time>
   </trkpt>
   <trkpt lat="48.116148" lon="11.769406">
    <ele>541.210</ele>
    <time>2026-06-16T08:24:14Z</time>
   </trkpt>
   <trkpt lat="48.116257" lon="11.769744">
    <ele>540.898</ele>
    <time>2026-06-16T08:24:19Z</time>
   </trkpt>
   <trkpt lat="48.116267" lon="11.772074">
    <ele>539.209</ele>
    <time>2026-06-16T08:24:44Z</time>
   </trkpt>
   <trkpt lat="48.116261" lon="11.772442">
    <ele>539.449</ele>
    <time>2026-06-16T08:24:48Z</time>
   </trkpt>
   <trkpt lat="48.116050" lon="11.773201">
    <ele>539.299</ele>
    <time>2026-06-16T08:24:57Z</time>
   </trkpt>
   <trkpt lat="48.115169" lon="11.774035">
    <ele>538.704</ele>
    <time>2026-06-16T08:25:15Z</time>
   </trkpt>
   <trkpt lat="48.114979" lon="11.774216">
    <ele>538.653</ele>
    <time>2026-06-16T08:25:19Z</time>
   </trkpt>
   <trkpt lat="48.114382" lon="11.774797">
    <ele>540.583</ele>
    <time>2026-06-16T08:25:32Z</time>
   </trkpt>
   <trkpt lat="48.113511" lon="11.776257">
    <ele>540.134</ele>
    <time>2026-06-16T08:25:54Z</time>
   </trkpt>
   <trkpt lat="48.112803" lon="11.777142">
    <ele>538.786</ele>
    <time>2026-06-16T08:26:11Z</time>
   </trkpt>
   <trkpt lat="48.112674" lon="11.777376">
    <ele>538.464</ele>
    <time>2026-06-16T08:26:15Z</time>
   </trkpt>
   <trkpt lat="48.112523" lon="11.777963">
    <ele>539.154</ele>
    <time>2026-06-16T08:26:23Z</time>
   </trkpt>
   <trkpt lat="48.112414" lon="11.778268">
    <ele>538.840</ele>
    <time>2026-06-16T08:26:27Z</time>
   </trkpt>
   <trkpt lat="48.111652" lon="11.779220">
    <ele>539.461</ele>
    <time>2026-06-16T08:26:45Z</time>
   </trkpt>
   <trkpt lat="48.111222" lon="11.779697">
    <ele>539.804</ele>
    <time>2026-06-16T08:26:58Z</time>
   </trkpt>
   <trkpt lat="48.111201" lon="11.779713">
    <ele>539.852</ele>
    <time>2026-06-16T08:26:59Z</time>
   </trkpt>
   <trkpt lat="48.111321" lon="11.779703">
    <ele>539.975</ele>
    <time>2026-06-16T08:27:05Z</time>
   </trkpt>
   <trkpt lat="48.111360" lon="11.779654">
    <ele>540.052</ele>
    <time>2026-06-16T08:27:06Z</time>
   </trkpt>
   <trkpt lat="48.111440" lon="11.779560">
    <ele>539.625</ele>
    <time>2026-06-16T08:27:08Z</time>
   </trkpt>
   <trkpt lat="48.111571" lon="11.779673">
    <ele>540.272</ele>
    <time>2026-06-16T08:27:12Z</time>
   </trkpt>
   <trkpt lat="48.111807" lon="11.780636">
    <ele>541.672</ele>
    <time>2026-06-16T08:27:25Z</time>
   </trkpt>
   <trkpt lat="48.111662" lon="11.780785">
    <ele>539.220</ele>
    <time>2026-06-16T08:27:30Z</time>
   </trkpt>
   <trkpt lat="48.111612" lon="11.781047">
    <ele>539.134</ele>
    <time>2026-06-16T08:27:35Z</time>
   </trkpt>
   <trkpt lat="48.111650" lon="11.781191">
    <ele>539.232</ele>
    <time>2026-06-16T08:27:38Z</time>
   </trkpt>
   <trkpt lat="48.111588" lon="11.781088">
    <ele>538.614</ele>
    <time>2026-06-16T08:27:45Z</time>
   </trkpt>
   <trkpt lat="48.111618" lon="11.781001">
    <ele>538.592</ele>
    <time>2026-06-16T08:27:48Z</time>
   </trkpt>
   <trkpt lat="48.111661" lon="11.780958">
    <ele>539.018</ele>
    <time>2026-06-16T08:28:01Z</time>
   </trkpt>
   <trkpt lat="48.111665" lon="11.780967">
    <ele>538.912</ele>
    <time>2026-06-16T08:28:15Z</time>
   </trkpt>
   <trkpt lat="48.111676" lon="11.781345">
    <ele>539.745</ele>
    <time>2026-06-16T08:28:25Z</time>
   </trkpt>
   <trkpt lat="48.111608" lon="11.781499">
    <ele>540.277</ele>
    <time>2026-06-16T08:28:29Z</time>
   </trkpt>
   <trkpt lat="48.111170" lon="11.781754">
    <ele>540.487</ele>
    <time>2026-06-16T08:28:42Z</time>
   </trkpt>
   <trkpt lat="48.111247" lon="11.782432">
    <ele>540.128</ele>
    <time>2026-06-16T08:28:52Z</time>
   </trkpt>
   <trkpt lat="48.111304" lon="11.782926">
    <ele>539.723</ele>
    <time>2026-06-16T08:28:58Z</time>
   </trkpt>
   <trkpt lat="48.111312" lon="11.783093">
    <ele>540.643</ele>
    <time>2026-06-16T08:29:00Z</time>
   </trkpt>
   <trkpt lat="48.111296" lon="11.783270">
    <ele>540.729</ele>
    <time>2026-06-16T08:29:02Z</time>
   </trkpt>
   <trkpt lat="48.111267" lon="11.783426">
    <ele>542.058</ele>
    <time>2026-06-16T08:29:04Z</time>
   </trkpt>
   <trkpt lat="48.110887" lon="11.783921">
    <ele>541.405</ele>
    <time>2026-06-16T08:29:13Z</time>
   </trkpt>
   <trkpt lat="48.109888" lon="11.784515">
    <ele>540.786</ele>
    <time>2026-06-16T08:29:32Z</time>
   </trkpt>
   <trkpt lat="48.108937" lon="11.785156">
    <ele>541.800</ele>
    <time>2026-06-16T08:29:50Z</time>
   </trkpt>
   <trkpt lat="48.107989" lon="11.785973">
    <ele>540.949</ele>
    <time>2026-06-16T08:30:08Z</time>
   </trkpt>
   <trkpt lat="48.107654" lon="11.786479">
    <ele>541.050</ele>
    <time>2026-06-16T08:30:16Z</time>
   </trkpt>
   <trkpt lat="48.107224" lon="11.788073">
    <ele>542.872</ele>
    <time>2026-06-16T08:30:36Z</time>
   </trkpt>
   <trkpt lat="48.107205" lon="11.788159">
    <ele>542.800</ele>
    <time>2026-06-16T08:30:37Z</time>
   </trkpt>
   <trkpt lat="48.106835" lon="11.790098">
    <ele>543.991</ele>
    <time>2026-06-16T08:30:58Z</time>
   </trkpt>
   <trkpt lat="48.106767" lon="11.791807">
    <ele>543.795</ele>
    <time>2026-06-16T08:31:15Z</time>
   </trkpt>
   <trkpt lat="48.106723" lon="11.792632">
    <ele>543.687</ele>
    <time>2026-06-16T08:31:27Z</time>
   </trkpt>
   <trkpt lat="48.106724" lon="11.792627">
    <ele>542.902</ele>
    <time>2026-06-16T08:31:32Z</time>
   </trkpt>
   <trkpt lat="48.106692" lon="11.793192">
    <ele>542.432</ele>
    <time>2026-06-16T08:31:42Z</time>
   </trkpt>
   <trkpt lat="48.106625" lon="11.793617">
    <ele>543.467</ele>
    <time>2026-06-16T08:31:47Z</time>
   </trkpt>
   <trkpt lat="48.106589" lon="11.793893">
    <ele>544.066</ele>
    <time>2026-06-16T08:31:50Z</time>
   </trkpt>
   <trkpt lat="48.106490" lon="11.794841">
    <ele>548.125</ele>
    <time>2026-06-16T08:32:00Z</time>
   </trkpt>
   <trkpt lat="48.106234" lon="11.795025">
    <ele>538.055</ele>
    <time>2026-06-16T08:32:05Z</time>
   </trkpt>
   <trkpt lat="48.106033" lon="11.795007">
    <ele>538.019</ele>
    <time>2026-06-16T08:32:09Z</time>
   </trkpt>
   <trkpt lat="48.105355" lon="11.794872">
    <ele>537.504</ele>
    <time>2026-06-16T08:32:21Z</time>
   </trkpt>
   <trkpt lat="48.104615" lon="11.794692">
    <ele>539.495</ele>
    <time>2026-06-16T08:32:34Z</time>
   </trkpt>
   <trkpt lat="48.104456" lon="11.794902">
    <ele>540.590</ele>
    <time>2026-06-16T08:32:39Z</time>
   </trkpt>
   <trkpt lat="48.104269" lon="11.796509">
    <ele>541.411</ele>
    <time>2026-06-16T08:32:57Z</time>
   </trkpt>
   <trkpt lat="48.104212" lon="11.796871">
    <ele>540.979</ele>
    <time>2026-06-16T08:33:01Z</time>
   </trkpt>
   <trkpt lat="48.104191" lon="11.797772">
    <ele>540.451</ele>
    <time>2026-06-16T08:33:11Z</time>
   </trkpt>
   <trkpt lat="48.104201" lon="11.798765">
    <ele>543.114</ele>
    <time>2026-06-16T08:33:22Z</time>
   </trkpt>
   <trkpt lat="48.103982" lon="11.800198">
    <ele>545.553</ele>
    <time>2026-06-16T08:33:38Z</time>
   </trkpt>
   <trkpt lat="48.103931" lon="11.800357">
    <ele>545.113</ele>
    <time>2026-06-16T08:33:40Z</time>
   </trkpt>
   <trkpt lat="48.103879" lon="11.800614">
    <ele>545.049</ele>
    <time>2026-06-16T08:33:43Z</time>
   </trkpt>
   <trkpt lat="48.103866" lon="11.800780">
    <ele>545.223</ele>
    <time>2026-06-16T08:33:45Z</time>
   </trkpt>
   <trkpt lat="48.103876" lon="11.801118">
    <ele>546.743</ele>
    <time>2026-06-16T08:33:49Z</time>
   </trkpt>
   <trkpt lat="48.103826" lon="11.802011">
    <ele>554.571</ele>
    <time>2026-06-16T08:33:59Z</time>
   </trkpt>
   <trkpt lat="48.103802" lon="11.803657">
    <ele>557.094</ele>
    <time>2026-06-16T08:34:17Z</time>
   </trkpt>
   <trkpt lat="48.103814" lon="11.804389">
    <ele>563.895</ele>
    <time>2026-06-16T08:34:25Z</time>
   </trkpt>
   <trkpt lat="48.103846" lon="11.804650">
    <ele>567.315</ele>
    <time>2026-06-16T08:34:28Z</time>
   </trkpt>
   <trkpt lat="48.103918" lon="11.804897">
    <ele>570.753</ele>
    <time>2026-06-16T08:34:31Z</time>
   </trkpt>
   <trkpt lat="48.103925" lon="11.805186">
    <ele>573.889</ele>
    <time>2026-06-16T08:34:34Z</time>
   </trkpt>
   <trkpt lat="48.103987" lon="11.805954">
    <ele>576.457</ele>
    <time>2026-06-16T08:34:42Z</time>
   </trkpt>
   <trkpt lat="48.103973" lon="11.806314">
    <ele>578.830</ele>
    <time>2026-06-16T08:34:46Z</time>
   </trkpt>
   <trkpt lat="48.104025" lon="11.806981">
    <ele>581.617</ele>
    <time>2026-06-16T08:34:54Z</time>
   </trkpt>
   <trkpt lat="48.104069" lon="11.807439">
    <ele>582.177</ele>
    <time>2026-06-16T08:35:00Z</time>
   </trkpt>
   <trkpt lat="48.104057" lon="11.807680">
    <ele>583.466</ele>
    <time>2026-06-16T08:35:03Z</time>
   </trkpt>
   <trkpt lat="48.104104" lon="11.808051">
    <ele>585.091</ele>
    <time>2026-06-16T08:35:07Z</time>
   </trkpt>
   <trkpt lat="48.104121" lon="11.808206">
    <ele>583.725</ele>
    <time>2026-06-16T08:35:09Z</time>
   </trkpt>
   <trkpt lat="48.104070" lon="11.808906">
    <ele>574.516</ele>
    <time>2026-06-16T08:35:17Z</time>
   </trkpt>
   <trkpt lat="48.104108" lon="11.808999">
    <ele>573.745</ele>
    <time>2026-06-16T08:35:18Z</time>
   </trkpt>
   <trkpt lat="48.104254" lon="11.810137">
    <ele>552.889</ele>
    <time>2026-06-16T08:35:29Z</time>
   </trkpt>
   <trkpt lat="48.104381" lon="11.812129">
    <ele>542.934</ele>
    <time>2026-06-16T08:35:51Z</time>
   </trkpt>
   <trkpt lat="48.104491" lon="11.814086">
    <ele>540.570</ele>
    <time>2026-06-16T08:36:12Z</time>
   </trkpt>
   <trkpt lat="48.104611" lon="11.816076">
    <ele>538.525</ele>
    <time>2026-06-16T08:36:33Z</time>
   </trkpt>
   <trkpt lat="48.104517" lon="11.818124">
    <ele>540.213</ele>
    <time>2026-06-16T08:36:56Z</time>
   </trkpt>
   <trkpt lat="48.104424" lon="11.819337">
    <ele>542.267</ele>
    <time>2026-06-16T08:37:12Z</time>
   </trkpt>
   <trkpt lat="48.104411" lon="11.819944">
    <ele>545.209</ele>
    <time>2026-06-16T08:37:26Z</time>
   </trkpt>
   <trkpt lat="48.104437" lon="11.820539">
    <ele>546.479</ele>
    <time>2026-06-16T08:37:46Z</time>
   </trkpt>
   <trkpt lat="48.104362" lon="11.821309">
    <ele>551.555</ele>
    <time>2026-06-16T08:38:08Z</time>
   </trkpt>
   <trkpt lat="48.104175" lon="11.822082">
    <ele>552.619</ele>
    <time>2026-06-16T08:38:24Z</time>
   </trkpt>
   <trkpt lat="48.104161" lon="11.823317">
    <ele>549.897</ele>
    <time>2026-06-16T08:38:38Z</time>
   </trkpt>
   <trkpt lat="48.103993" lon="11.823680">
    <ele>549.550</ele>
    <time>2026-06-16T08:38:43Z</time>
   </trkpt>
   <trkpt lat="48.103808" lon="11.823790">
    <ele>550.336</ele>
    <time>2026-06-16T08:38:46Z</time>
   </trkpt>
   <trkpt lat="48.103691" lon="11.824268">
    <ele>551.357</ele>
    <time>2026-06-16T08:38:52Z</time>
   </trkpt>
   <trkpt lat="48.103775" lon="11.824887">
    <ele>553.460</ele>
    <time>2026-06-16T08:39:01Z</time>
   </trkpt>
   <trkpt lat="48.103515" lon="11.825080">
    <ele>553.233</ele>
    <time>2026-06-16T08:39:08Z</time>
   </trkpt>
   <trkpt lat="48.102768" lon="11.825162">
    <ele>553.370</ele>
    <time>2026-06-16T08:39:21Z</time>
   </trkpt>
   <trkpt lat="48.102577" lon="11.825368">
    <ele>554.104</ele>
    <time>2026-06-16T08:39:26Z</time>
   </trkpt>
   <trkpt lat="48.102552" lon="11.825553">
    <ele>554.302</ele>
    <time>2026-06-16T08:39:28Z</time>
   </trkpt>
   <trkpt lat="48.102562" lon="11.827457">
    <ele>547.892</ele>
    <time>2026-06-16T08:39:44Z</time>
   </trkpt>
   <trkpt lat="48.102601" lon="11.830232">
    <ele>542.231</ele>
    <time>2026-06-16T08:40:06Z</time>
   </trkpt>
   <trkpt lat="48.102603" lon="11.830456">
    <ele>542.102</ele>
    <time>2026-06-16T08:40:08Z</time>
   </trkpt>
   <trkpt lat="48.102550" lon="11.830895">
    <ele>541.587</ele>
    <time>2026-06-16T08:40:16Z</time>
   </trkpt>
   <trkpt lat="48.102546" lon="11.831290">
    <ele>541.830</ele>
    <time>2026-06-16T08:40:29Z</time>
   </trkpt>
   <trkpt lat="48.102538" lon="11.831595">
    <ele>541.535</ele>
    <time>2026-06-16T08:40:33Z</time>
   </trkpt>
   <trkpt lat="48.102642" lon="11.831837">
    <ele>541.447</ele>
    <time>2026-06-16T08:40:37Z</time>
   </trkpt>
   <trkpt lat="48.102724" lon="11.832760">
    <ele>540.277</ele>
    <time>2026-06-16T08:40:47Z</time>
   </trkpt>
   <trkpt lat="48.102776" lon="11.834329">
    <ele>539.935</ele>
    <time>2026-06-16T08:41:03Z</time>
   </trkpt>
   <trkpt lat="48.102654" lon="11.834710">
    <ele>540.396</ele>
    <time>2026-06-16T08:41:08Z</time>
   </trkpt>
   <trkpt lat="48.102391" lon="11.835055">
    <ele>541.366</ele>
    <time>2026-06-16T08:41:14Z</time>
   </trkpt>
   <trkpt lat="48.102247" lon="11.835670">
    <ele>541.096</ele>
    <time>2026-06-16T08:41:23Z</time>
   </trkpt>
   <trkpt lat="48.102301" lon="11.835686">
    <ele>540.741</ele>
    <time>2026-06-16T08:41:25Z</time>
   </trkpt>
   <trkpt lat="48.102532" lon="11.835891">
    <ele>538.495</ele>
    <time>2026-06-16T08:41:33Z</time>
   </trkpt>
   <trkpt lat="48.102630" lon="11.836027">
    <ele>537.181</ele>
    <time>2026-06-16T08:41:36Z</time>
   </trkpt>
   <trkpt lat="48.102689" lon="11.836134">
    <ele>536.350</ele>
    <time>2026-06-16T08:41:38Z</time>
   </trkpt>
   <trkpt lat="48.102732" lon="11.836429">
    <ele>534.958</ele>
    <time>2026-06-16T08:41:42Z</time>
   </trkpt>
   <trkpt lat="48.102563" lon="11.837450">
    <ele>534.878</ele>
    <time>2026-06-16T08:41:55Z</time>
   </trkpt>
   <trkpt lat="48.102383" lon="11.838601">
    <ele>536.256</ele>
    <time>2026-06-16T08:42:09Z</time>
   </trkpt>
   <trkpt lat="48.102191" lon="11.839770">
    <ele>537.974</ele>
    <time>2026-06-16T08:42:23Z</time>
   </trkpt>
   <trkpt lat="48.101971" lon="11.841115">
    <ele>539.906</ele>
    <time>2026-06-16T08:42:40Z</time>
   </trkpt>
   <trkpt lat="48.101863" lon="11.841749">
    <ele>540.898</ele>
    <time>2026-06-16T08:42:48Z</time>
   </trkpt>
   <trkpt lat="48.101578" lon="11.843769">
    <ele>548.465</ele>
    <time>2026-06-16T08:43:12Z</time>
   </trkpt>
   <trkpt lat="48.101554" lon="11.843936">
    <ele>549.714</ele>
    <time>2026-06-16T08:43:14Z</time>
   </trkpt>
   <trkpt lat="48.101407" lon="11.845027">
    <ele>555.555</ele>
    <time>2026-06-16T08:43:27Z</time>
   </trkpt>
   <trkpt lat="48.101368" lon="11.845283">
    <ele>556.094</ele>
    <time>2026-06-16T08:43:30Z</time>
   </trkpt>
   <trkpt lat="48.101209" lon="11.846388">
    <ele>557.794</ele>
    <time>2026-06-16T08:43:43Z</time>
   </trkpt>
   <trkpt lat="48.101141" lon="11.846708">
    <ele>558.770</ele>
    <time>2026-06-16T08:43:47Z</time>
   </trkpt>
   <trkpt lat="48.100844" lon="11.848689">
    <ele>554.768</ele>
    <time>2026-06-16T08:44:10Z</time>
   </trkpt>
   <trkpt lat="48.100501" lon="11.850892">
    <ele>554.097</ele>
    <time>2026-06-16T08:44:35Z</time>
   </trkpt>
   <trkpt lat="48.100334" lon="11.852010">
    <ele>559.627</ele>
    <time>2026-06-16T08:44:48Z</time>
   </trkpt>
   <trkpt lat="48.100015" lon="11.853964">
    <ele>552.662</ele>
    <time>2026-06-16T08:45:11Z</time>
   </trkpt>
   <trkpt lat="48.099705" lon="11.855943">
    <ele>556.720</ele>
    <time>2026-06-16T08:45:34Z</time>
   </trkpt>
   <trkpt lat="48.099394" lon="11.857895">
    <ele>552.648</ele>
    <time>2026-06-16T08:45:57Z</time>
   </trkpt>
   <trkpt lat="48.099103" lon="11.859713">
    <ele>559.762</ele>
    <time>2026-06-16T08:46:19Z</time>
   </trkpt>
   <trkpt lat="48.098912" lon="11.860951">
    <ele>560.676</ele>
    <time>2026-06-16T08:46:34Z</time>
   </trkpt>
   <trkpt lat="48.098768" lon="11.861691">
    <ele>554.286</ele>
    <time>2026-06-16T08:46:43Z</time>
   </trkpt>
   <trkpt lat="48.098614" lon="11.862688">
    <ele>550.107</ele>
    <time>2026-06-16T08:46:55Z</time>
   </trkpt>
   <trkpt lat="48.098582" lon="11.862939">
    <ele>550.147</ele>
    <time>2026-06-16T08:46:58Z</time>
   </trkpt>
   <trkpt lat="48.098406" lon="11.864177">
    <ele>556.301</ele>
    <time>2026-06-16T08:47:13Z</time>
   </trkpt>
   <trkpt lat="48.098320" lon="11.864787">
    <ele>562.504</ele>
    <time>2026-06-16T08:47:20Z</time>
   </trkpt>
   <trkpt lat="48.098212" lon="11.865561">
    <ele>565.905</ele>
    <time>2026-06-16T08:47:29Z</time>
   </trkpt>
   <trkpt lat="48.098152" lon="11.865828">
    <ele>567.088</ele>
    <time>2026-06-16T08:47:32Z</time>
   </trkpt>
   <trkpt lat="48.097986" lon="11.866768">
    <ele>560.588</ele>
    <time>2026-06-16T08:47:43Z</time>
   </trkpt>
   <trkpt lat="48.097648" lon="11.868913">
    <ele>558.879</ele>
    <time>2026-06-16T08:48:08Z</time>
   </trkpt>
   <trkpt lat="48.097417" lon="11.870383">
    <ele>558.361</ele>
    <time>2026-06-16T08:48:25Z</time>
   </trkpt>
   <trkpt lat="48.097337" lon="11.871056">
    <ele>552.822</ele>
    <time>2026-06-16T08:48:33Z</time>
   </trkpt>
   <trkpt lat="48.097311" lon="11.871304">
    <ele>552.238</ele>
    <time>2026-06-16T08:48:36Z</time>
   </trkpt>
   <trkpt lat="48.097194" lon="11.872141">
    <ele>546.488</ele>
    <time>2026-06-16T08:48:46Z</time>
   </trkpt>
   <trkpt lat="48.096986" lon="11.873493">
    <ele>544.915</ele>
    <time>2026-06-16T08:49:03Z</time>
   </trkpt>
   <trkpt lat="48.096936" lon="11.873811">
    <ele>545.075</ele>
    <time>2026-06-16T08:49:07Z</time>
   </trkpt>
   <trkpt lat="48.096715" lon="11.875100">
    <ele>553.763</ele>
    <time>2026-06-16T08:49:27Z</time>
   </trkpt>
   <trkpt lat="48.096683" lon="11.875281">
    <ele>554.477</ele>
    <time>2026-06-16T08:49:30Z</time>
   </trkpt>
   <trkpt lat="48.096635" lon="11.875597">
    <ele>554.301</ele>
    <time>2026-06-16T08:49:35Z</time>
   </trkpt>
   <trkpt lat="48.096400" lon="11.877132">
    <ele>552.546</ele>
    <time>2026-06-16T08:49:57Z</time>
   </trkpt>
   <trkpt lat="48.096274" lon="11.877992">
    <ele>555.904</ele>
    <time>2026-06-16T08:50:14Z</time>
   </trkpt>
   <trkpt lat="48.096240" lon="11.878155">
    <ele>559.266</ele>
    <time>2026-06-16T08:50:20Z</time>
   </trkpt>
   <trkpt lat="48.096208" lon="11.878546">
    <ele>566.083</ele>
    <time>2026-06-16T08:50:30Z</time>
   </trkpt>
   <trkpt lat="48.096064" lon="11.879429">
    <ele>565.065</ele>
    <time>2026-06-16T08:50:46Z</time>
   </trkpt>
   <trkpt lat="48.095915" lon="11.880226">
    <ele>561.789</ele>
    <time>2026-06-16T08:50:58Z</time>
   </trkpt>
   <trkpt lat="48.095890" lon="11.880493">
    <ele>561.663</ele>
    <time>2026-06-16T08:51:02Z</time>
   </trkpt>
   <trkpt lat="48.095837" lon="11.880723">
    <ele>561.849</ele>
    <time>2026-06-16T08:51:06Z</time>
   </trkpt>
   <trkpt lat="48.095542" lon="11.882490">
    <ele>560.136</ele>
    <time>2026-06-16T08:51:30Z</time>
   </trkpt>
   <trkpt lat="48.095469" lon="11.882898">
    <ele>559.451</ele>
    <time>2026-06-16T08:51:35Z</time>
   </trkpt>
   <trkpt lat="48.095323" lon="11.883571">
    <ele>558.370</ele>
    <time>2026-06-16T08:51:44Z</time>
   </trkpt>
   <trkpt lat="48.095235" lon="11.884179">
    <ele>561.267</ele>
    <time>2026-06-16T08:51:52Z</time>
   </trkpt>
   <trkpt lat="48.094995" lon="11.885779">
    <ele>572.189</ele>
    <time>2026-06-16T08:52:13Z</time>
   </trkpt>
   <trkpt lat="48.094788" lon="11.887151">
    <ele>570.761</ele>
    <time>2026-06-16T08:52:31Z</time>
   </trkpt>
   <trkpt lat="48.094684" lon="11.887886">
    <ele>569.646</ele>
    <time>2026-06-16T08:52:41Z</time>
   </trkpt>
   <trkpt lat="48.094674" lon="11.887961">
    <ele>570.162</ele>
    <time>2026-06-16T08:52:42Z</time>
   </trkpt>
   <trkpt lat="48.094605" lon="11.888411">
    <ele>571.660</ele>
    <time>2026-06-16T08:52:48Z</time>
   </trkpt>
   <trkpt lat="48.094487" lon="11.889248">
    <ele>574.142</ele>
    <time>2026-06-16T08:53:00Z</time>
   </trkpt>
   <trkpt lat="48.094314" lon="11.890291">
    <ele>573.072</ele>
    <time>2026-06-16T08:53:14Z</time>
   </trkpt>
   <trkpt lat="48.094259" lon="11.890566">
    <ele>573.661</ele>
    <time>2026-06-16T08:53:18Z</time>
   </trkpt>
   <trkpt lat="48.094214" lon="11.890845">
    <ele>573.902</ele>
    <time>2026-06-16T08:53:22Z</time>
   </trkpt>
   <trkpt lat="48.094185" lon="11.891063">
    <ele>572.940</ele>
    <time>2026-06-16T08:53:25Z</time>
   </trkpt>
   <trkpt lat="48.094069" lon="11.891885">
    <ele>570.372</ele>
    <time>2026-06-16T08:53:37Z</time>
   </trkpt>
   <trkpt lat="48.093908" lon="11.892886">
    <ele>570.233</ele>
    <time>2026-06-16T08:53:51Z</time>
   </trkpt>
   <trkpt lat="48.093900" lon="11.892952">
    <ele>570.223</ele>
    <time>2026-06-16T08:53:52Z</time>
   </trkpt>
   <trkpt lat="48.093857" lon="11.893376">
    <ele>568.404</ele>
    <time>2026-06-16T08:53:58Z</time>
   </trkpt>
   <trkpt lat="48.093590" lon="11.894727">
    <ele>565.913</ele>
    <time>2026-06-16T08:54:17Z</time>
   </trkpt>
   <trkpt lat="48.093329" lon="11.896328">
    <ele>560.192</ele>
    <time>2026-06-16T08:54:39Z</time>
   </trkpt>
   <trkpt lat="48.093298" lon="11.896554">
    <ele>559.563</ele>
    <time>2026-06-16T08:54:42Z</time>
   </trkpt>
   <trkpt lat="48.093099" lon="11.897818">
    <ele>561.314</ele>
    <time>2026-06-16T08:54:59Z</time>
   </trkpt>
   <trkpt lat="48.093087" lon="11.898017">
    <ele>560.475</ele>
    <time>2026-06-16T08:55:02Z</time>
   </trkpt>
   <trkpt lat="48.092798" lon="11.899754">
    <ele>559.048</ele>
    <time>2026-06-16T08:55:24Z</time>
   </trkpt>
   <trkpt lat="48.092635" lon="11.900774">
    <ele>562.831</ele>
    <time>2026-06-16T08:55:36Z</time>
   </trkpt>
   <trkpt lat="48.092561" lon="11.901293">
    <ele>565.327</ele>
    <time>2026-06-16T08:55:43Z</time>
   </trkpt>
   <trkpt lat="48.092517" lon="11.901616">
    <ele>563.325</ele>
    <time>2026-06-16T08:55:48Z</time>
   </trkpt>
   <trkpt lat="48.092432" lon="11.902168">
    <ele>559.720</ele>
    <time>2026-06-16T08:55:58Z</time>
   </trkpt>
   <trkpt lat="48.092299" lon="11.903012">
    <ele>560.039</ele>
    <time>2026-06-16T08:56:13Z</time>
   </trkpt>
   <trkpt lat="48.092218" lon="11.903544">
    <ele>560.210</ele>
    <time>2026-06-16T08:56:22Z</time>
   </trkpt>
   <trkpt lat="48.092490" lon="11.903753">
    <ele>556.382</ele>
    <time>2026-06-16T08:56:30Z</time>
   </trkpt>
   <trkpt lat="48.093479" lon="11.904050">
    <ele>551.237</ele>
    <time>2026-06-16T08:56:47Z</time>
   </trkpt>
   <trkpt lat="48.094258" lon="11.904309">
    <ele>550.429</ele>
    <time>2026-06-16T08:56:58Z</time>
   </trkpt>
   <trkpt lat="48.094819" lon="11.904495">
    <ele>548.549</ele>
    <time>2026-06-16T08:57:07Z</time>
   </trkpt>
   <trkpt lat="48.095334" lon="11.904707">
    <ele>551.258</ele>
    <time>2026-06-16T08:57:17Z</time>
   </trkpt>
   <trkpt lat="48.095668" lon="11.904821">
    <ele>548.537</ele>
    <time>2026-06-16T08:57:24Z</time>
   </trkpt>
   <trkpt lat="48.095839" lon="11.904964">
    <ele>546.824</ele>
    <time>2026-06-16T08:57:28Z</time>
   </trkpt>
   <trkpt lat="48.095797" lon="11.906271">
    <ele>546.463</ele>
    <time>2026-06-16T08:57:42Z</time>
   </trkpt>
   <trkpt lat="48.095741" lon="11.906836">
    <ele>546.599</ele>
    <time>2026-06-16T08:57:49Z</time>
   </trkpt>
   <trkpt lat="48.095538" lon="11.908162">
    <ele>560.125</ele>
    <time>2026-06-16T08:58:07Z</time>
   </trkpt>
   <trkpt lat="48.095343" lon="11.909342">
    <ele>563.980</ele>
    <time>2026-06-16T08:58:23Z</time>
   </trkpt>
   <trkpt lat="48.095205" lon="11.910317">
    <ele>563.891</ele>
    <time>2026-06-16T08:58:36Z</time>
   </trkpt>
   <trkpt lat="48.095049" lon="11.911297">
    <ele>563.767</ele>
    <time>2026-06-16T08:58:49Z</time>
   </trkpt>
   <trkpt lat="48.095004" lon="11.911586">
    <ele>563.949</ele>
    <time>2026-06-16T08:58:53Z</time>
   </trkpt>
   <trkpt lat="48.094943" lon="11.912082">
    <ele>565.665</ele>
    <time>2026-06-16T08:59:00Z</time>
   </trkpt>
   <trkpt lat="48.094733" lon="11.913149">
    <ele>573.385</ele>
    <time>2026-06-16T08:59:14Z</time>
   </trkpt>
   <trkpt lat="48.094662" lon="11.913504">
    <ele>576.401</ele>
    <time>2026-06-16T08:59:18Z</time>
   </trkpt>
   <trkpt lat="48.094452" lon="11.915155">
    <ele>578.874</ele>
    <time>2026-06-16T08:59:36Z</time>
   </trkpt>
   <trkpt lat="48.094420" lon="11.915313">
    <ele>579.185</ele>
    <time>2026-06-16T08:59:38Z</time>
   </trkpt>
   <trkpt lat="48.094208" lon="11.916478">
    <ele>579.721</ele>
    <time>2026-06-16T08:59:54Z</time>
   </trkpt>
   <trkpt lat="48.094169" lon="11.916672">
    <ele>579.281</ele>
    <time>2026-06-16T08:59:57Z</time>
   </trkpt>
   <trkpt lat="48.094122" lon="11.916834">
    <ele>577.799</ele>
    <time>2026-06-16T09:00:00Z</time>
   </trkpt>
   <trkpt lat="48.094087" lon="11.917210">
    <ele>576.705</ele>
    <time>2026-06-16T09:00:05Z</time>
   </trkpt>
   <trkpt lat="48.093981" lon="11.917970">
    <ele>578.263</ele>
    <time>2026-06-16T09:00:16Z</time>
   </trkpt>
   <trkpt lat="48.093931" lon="11.918398">
    <ele>577.190</ele>
    <time>2026-06-16T09:00:22Z</time>
   </trkpt>
   <trkpt lat="48.093888" lon="11.918594">
    <ele>577.337</ele>
    <time>2026-06-16T09:00:25Z</time>
   </trkpt>
   <trkpt lat="48.093745" lon="11.919573">
    <ele>582.022</ele>
    <time>2026-06-16T09:00:39Z</time>
   </trkpt>
   <trkpt lat="48.093704" lon="11.919843">
    <ele>582.185</ele>
    <time>2026-06-16T09:00:43Z</time>
   </trkpt>
   <trkpt lat="48.093619" lon="11.920270">
    <ele>582.222</ele>
    <time>2026-06-16T09:00:49Z</time>
   </trkpt>
   <trkpt lat="48.093564" lon="11.920616">
    <ele>580.972</ele>
    <time>2026-06-16T09:00:54Z</time>
   </trkpt>
   <trkpt lat="48.093523" lon="11.920869">
    <ele>580.230</ele>
    <time>2026-06-16T09:00:58Z</time>
   </trkpt>
   <trkpt lat="48.093412" lon="11.921450">
    <ele>566.235</ele>
    <time>2026-06-16T09:01:07Z</time>
   </trkpt>
   <trkpt lat="48.093356" lon="11.921626">
    <ele>561.857</ele>
    <time>2026-06-16T09:01:10Z</time>
   </trkpt>
   <trkpt lat="48.093259" lon="11.922462">
    <ele>563.592</ele>
    <time>2026-06-16T09:01:23Z</time>
   </trkpt>
   <trkpt lat="48.093103" lon="11.923340">
    <ele>566.199</ele>
    <time>2026-06-16T09:01:36Z</time>
   </trkpt>
   <trkpt lat="48.093019" lon="11.923725">
    <ele>569.168</ele>
    <time>2026-06-16T09:01:42Z</time>
   </trkpt>
   <trkpt lat="48.092844" lon="11.924904">
    <ele>566.751</ele>
    <time>2026-06-16T09:01:59Z</time>
   </trkpt>
   <trkpt lat="48.092700" lon="11.925858">
    <ele>567.866</ele>
    <time>2026-06-16T09:02:13Z</time>
   </trkpt>
   <trkpt lat="48.092569" lon="11.926687">
    <ele>572.576</ele>
    <time>2026-06-16T09:02:26Z</time>
   </trkpt>
   <trkpt lat="48.092607" lon="11.927080">
    <ele>572.766</ele>
    <time>2026-06-16T09:02:32Z</time>
   </trkpt>
   <trkpt lat="48.092672" lon="11.927287">
    <ele>573.653</ele>
    <time>2026-06-16T09:02:36Z</time>
   </trkpt>
   <trkpt lat="48.092830" lon="11.927463">
    <ele>573.002</ele>
    <time>2026-06-16T09:02:41Z</time>
   </trkpt>
   <trkpt lat="48.092965" lon="11.927537">
    <ele>573.426</ele>
    <time>2026-06-16T09:02:44Z</time>
   </trkpt>
   <trkpt lat="48.093557" lon="11.927743">
    <ele>568.726</ele>
    <time>2026-06-16T09:02:55Z</time>
   </trkpt>
   <trkpt lat="48.093919" lon="11.927863">
    <ele>567.842</ele>
    <time>2026-06-16T09:03:01Z</time>
   </trkpt>
   <trkpt lat="48.094174" lon="11.928202">
    <ele>567.529</ele>
    <time>2026-06-16T09:03:07Z</time>
   </trkpt>
   <trkpt lat="48.094305" lon="11.928579">
    <ele>568.087</ele>
    <time>2026-06-16T09:03:12Z</time>
   </trkpt>
   <trkpt lat="48.094481" lon="11.929059">
    <ele>568.893</ele>
    <time>2026-06-16T09:03:19Z</time>
   </trkpt>
   <trkpt lat="48.094568" lon="11.929318">
    <ele>569.180</ele>
    <time>2026-06-16T09:03:23Z</time>
   </trkpt>
   <trkpt lat="48.094632" lon="11.929488">
    <ele>569.807</ele>
    <time>2026-06-16T09:03:26Z</time>
   </trkpt>
   <trkpt lat="48.094909" lon="11.930289">
    <ele>570.009</ele>
    <time>2026-06-16T09:03:44Z</time>
   </trkpt>
   <trkpt lat="48.095091" lon="11.930599">
    <ele>570.440</ele>
    <time>2026-06-16T09:03:54Z</time>
   </trkpt>
   <trkpt lat="48.095367" lon="11.930962">
    <ele>566.824</ele>
    <time>2026-06-16T09:04:02Z</time>
   </trkpt>
   <trkpt lat="48.095676" lon="11.931430">
    <ele>565.559</ele>
    <time>2026-06-16T09:04:13Z</time>
   </trkpt>
   <trkpt lat="48.095724" lon="11.931979">
    <ele>567.707</ele>
    <time>2026-06-16T09:04:23Z</time>
   </trkpt>
   <trkpt lat="48.095613" lon="11.932705">
    <ele>575.362</ele>
    <time>2026-06-16T09:04:40Z</time>
   </trkpt>
   <trkpt lat="48.095544" lon="11.933231">
    <ele>576.974</ele>
    <time>2026-06-16T09:04:53Z</time>
   </trkpt>
   <trkpt lat="48.095494" lon="11.933704">
    <ele>577.840</ele>
    <time>2026-06-16T09:05:02Z</time>
   </trkpt>
   <trkpt lat="48.095534" lon="11.934068">
    <ele>579.018</ele>
    <time>2026-06-16T09:05:08Z</time>
   </trkpt>
   <trkpt lat="48.095733" lon="11.934416">
    <ele>578.357</ele>
    <time>2026-06-16T09:05:15Z</time>
   </trkpt>
   <trkpt lat="48.095866" lon="11.934565">
    <ele>578.117</ele>
    <time>2026-06-16T09:05:18Z</time>
   </trkpt>
   <trkpt lat="48.096346" lon="11.935248">
    <ele>574.481</ele>
    <time>2026-06-16T09:05:29Z</time>
   </trkpt>
   <trkpt lat="48.096582" lon="11.935605">
    <ele>572.482</ele>
    <time>2026-06-16T09:05:36Z</time>
   </trkpt>
   <trkpt lat="48.096745" lon="11.935854">
    <ele>570.488</ele>
    <time>2026-06-16T09:05:40Z</time>
   </trkpt>
   <trkpt lat="48.097352" lon="11.936510">
    <ele>563.345</ele>
    <time>2026-06-16T09:05:50Z</time>
   </trkpt>
   <trkpt lat="48.097563" lon="11.936662">
    <ele>560.380</ele>
    <time>2026-06-16T09:05:54Z</time>
   </trkpt>
   <trkpt lat="48.098009" lon="11.936957">
    <ele>556.161</ele>
    <time>2026-06-16T09:06:00Z</time>
   </trkpt>
   <trkpt lat="48.098597" lon="11.937184">
    <ele>553.089</ele>
    <time>2026-06-16T09:06:06Z</time>
   </trkpt>
   <trkpt lat="48.099053" lon="11.937511">
    <ele>548.408</ele>
    <time>2026-06-16T09:06:15Z</time>
   </trkpt>
   <trkpt lat="48.099169" lon="11.937565">
    <ele>547.851</ele>
    <time>2026-06-16T09:06:17Z</time>
   </trkpt>
   <trkpt lat="48.099814" lon="11.937759">
    <ele>549.744</ele>
    <time>2026-06-16T09:06:26Z</time>
   </trkpt>
   <trkpt lat="48.100191" lon="11.937902">
    <ele>550.551</ele>
    <time>2026-06-16T09:06:33Z</time>
   </trkpt>
   <trkpt lat="48.100321" lon="11.937969">
    <ele>551.430</ele>
    <time>2026-06-16T09:06:35Z</time>
   </trkpt>
   <trkpt lat="48.100582" lon="11.938140">
    <ele>550.460</ele>
    <time>2026-06-16T09:06:41Z</time>
   </trkpt>
   <trkpt lat="48.100773" lon="11.938193">
    <ele>550.591</ele>
    <time>2026-06-16T09:06:44Z</time>
   </trkpt>
   <trkpt lat="48.100955" lon="11.938237">
    <ele>551.678</ele>
    <time>2026-06-16T09:06:47Z</time>
   </trkpt>
   <trkpt lat="48.101606" lon="11.938518">
    <ele>551.757</ele>
    <time>2026-06-16T09:06:58Z</time>
   </trkpt>
   <trkpt lat="48.102130" lon="11.938686">
    <ele>552.052</ele>
    <time>2026-06-16T09:07:07Z</time>
   </trkpt>
   <trkpt lat="48.102168" lon="11.938996">
    <ele>551.903</ele>
    <time>2026-06-16T09:07:13Z</time>
   </trkpt>
   <trkpt lat="48.101953" lon="11.939900">
    <ele>554.006</ele>
    <time>2026-06-16T09:07:27Z</time>
   </trkpt>
   <trkpt lat="48.101765" lon="11.940493">
    <ele>558.659</ele>
    <time>2026-06-16T09:07:35Z</time>
   </trkpt>
   <trkpt lat="48.101627" lon="11.941031">
    <ele>562.362</ele>
    <time>2026-06-16T09:07:43Z</time>
   </trkpt>
   <trkpt lat="48.101595" lon="11.941179">
    <ele>563.884</ele>
    <time>2026-06-16T09:07:45Z</time>
   </trkpt>
   <trkpt lat="48.101522" lon="11.941461">
    <ele>564.545</ele>
    <time>2026-06-16T09:07:49Z</time>
   </trkpt>
   <trkpt lat="48.101424" lon="11.941709">
    <ele>564.648</ele>
    <time>2026-06-16T09:07:53Z</time>
   </trkpt>
   <trkpt lat="48.101258" lon="11.942345">
    <ele>566.009</ele>
    <time>2026-06-16T09:08:02Z</time>
   </trkpt>
   <trkpt lat="48.101138" lon="11.942853">
    <ele>568.281</ele>
    <time>2026-06-16T09:08:11Z</time>
   </trkpt>
   <trkpt lat="48.100973" lon="11.943455">
    <ele>569.289</ele>
    <time>2026-06-16T09:08:19Z</time>
   </trkpt>
   <trkpt lat="48.100949" lon="11.943529">
    <ele>569.868</ele>
    <time>2026-06-16T09:08:20Z</time>
   </trkpt>
   <trkpt lat="48.100573" lon="11.944683">
    <ele>564.369</ele>
    <time>2026-06-16T09:08:35Z</time>
   </trkpt>
   <trkpt lat="48.100258" lon="11.945526">
    <ele>569.620</ele>
    <time>2026-06-16T09:08:47Z</time>
   </trkpt>
   <trkpt lat="48.100179" lon="11.945768">
    <ele>570.927</ele>
    <time>2026-06-16T09:08:50Z</time>
   </trkpt>
   <trkpt lat="48.100054" lon="11.946070">
    <ele>571.997</ele>
    <time>2026-06-16T09:08:54Z</time>
   </trkpt>
   <trkpt lat="48.099895" lon="11.946425">
    <ele>570.184</ele>
    <time>2026-06-16T09:08:59Z</time>
   </trkpt>
   <trkpt lat="48.099784" lon="11.946724">
    <ele>569.824</ele>
    <time>2026-06-16T09:09:04Z</time>
   </trkpt>
   <trkpt lat="48.099393" lon="11.947523">
    <ele>566.464</ele>
    <time>2026-06-16T09:09:14Z</time>
   </trkpt>
   <trkpt lat="48.099283" lon="11.947761">
    <ele>565.448</ele>
    <time>2026-06-16T09:09:17Z</time>
   </trkpt>
   <trkpt lat="48.099004" lon="11.948392">
    <ele>562.673</ele>
    <time>2026-06-16T09:09:25Z</time>
   </trkpt>
   <trkpt lat="48.098408" lon="11.949637">
    <ele>559.755</ele>
    <time>2026-06-16T09:09:42Z</time>
   </trkpt>
   <trkpt lat="48.097977" lon="11.950627">
    <ele>561.400</ele>
    <time>2026-06-16T09:09:55Z</time>
   </trkpt>
   <trkpt lat="48.097734" lon="11.951227">
    <ele>562.890</ele>
    <time>2026-06-16T09:10:04Z</time>
   </trkpt>
   <trkpt lat="48.097611" lon="11.951469">
    <ele>562.895</ele>
    <time>2026-06-16T09:10:07Z</time>
   </trkpt>
   <trkpt lat="48.097221" lon="11.952345">
    <ele>564.942</ele>
    <time>2026-06-16T09:10:19Z</time>
   </trkpt>
   <trkpt lat="48.096561" lon="11.953748">
    <ele>563.299</ele>
    <time>2026-06-16T09:10:39Z</time>
   </trkpt>
   <trkpt lat="48.095814" lon="11.955368">
    <ele>564.346</ele>
    <time>2026-06-16T09:11:03Z</time>
   </trkpt>
   <trkpt lat="48.095788" lon="11.955440">
    <ele>563.781</ele>
    <time>2026-06-16T09:11:04Z</time>
   </trkpt>
   <trkpt lat="48.095684" lon="11.955907">
    <ele>564.349</ele>
    <time>2026-06-16T09:11:12Z</time>
   </trkpt>
   <trkpt lat="48.095642" lon="11.956088">
    <ele>565.092</ele>
    <time>2026-06-16T09:11:15Z</time>
   </trkpt>
   <trkpt lat="48.095542" lon="11.956452">
    <ele>563.241</ele>
    <time>2026-06-16T09:11:20Z</time>
   </trkpt>
   <trkpt lat="48.095523" lon="11.957126">
    <ele>562.443</ele>
    <time>2026-06-16T09:11:27Z</time>
   </trkpt>
   <trkpt lat="48.095852" lon="11.958369">
    <ele>565.746</ele>
    <time>2026-06-16T09:11:47Z</time>
   </trkpt>
   <trkpt lat="48.096106" lon="11.959364">
    <ele>568.862</ele>
    <time>2026-06-16T09:12:05Z</time>
   </trkpt>
   <trkpt lat="48.096007" lon="11.959741">
    <ele>569.777</ele>
    <time>2026-06-16T09:12:12Z</time>
   </trkpt>
   <trkpt lat="48.095269" lon="11.960320">
    <ele>568.963</ele>
    <time>2026-06-16T09:12:27Z</time>
   </trkpt>
   <trkpt lat="48.095133" lon="11.960596">
    <ele>569.486</ele>
    <time>2026-06-16T09:12:31Z</time>
   </trkpt>
   <trkpt lat="48.094830" lon="11.962329">
    <ele>570.444</ele>
    <time>2026-06-16T09:12:53Z</time>
   </trkpt>
   <trkpt lat="48.094654" lon="11.962839">
    <ele>570.172</ele>
    <time>2026-06-16T09:13:00Z</time>
   </trkpt>
   <trkpt lat="48.094387" lon="11.963228">
    <ele>570.564</ele>
    <time>2026-06-16T09:13:07Z</time>
   </trkpt>
   <trkpt lat="48.094081" lon="11.963671">
    <ele>569.802</ele>
    <time>2026-06-16T09:13:15Z</time>
   </trkpt>
   <trkpt lat="48.094144" lon="11.964088">
    <ele>570.251</ele>
    <time>2026-06-16T09:13:21Z</time>
   </trkpt>
   <trkpt lat="48.094396" lon="11.964565">
    <ele>572.627</ele>
    <time>2026-06-16T09:13:34Z</time>
   </trkpt>
   <trkpt lat="48.094534" lon="11.964876">
    <ele>573.856</ele>
    <time>2026-06-16T09:13:48Z</time>
   </trkpt>
   <trkpt lat="48.094725" lon="11.964894">
    <ele>573.877</ele>
    <time>2026-06-16T09:13:54Z</time>
   </trkpt>
   <trkpt lat="48.095251" lon="11.964551">
    <ele>573.852</ele>
    <time>2026-06-16T09:14:05Z</time>
   </trkpt>
   <trkpt lat="48.095598" lon="11.964793">
    <ele>573.238</ele>
    <time>2026-06-16T09:14:12Z</time>
   </trkpt>
   <trkpt lat="48.095901" lon="11.965451">
    <ele>572.399</ele>
    <time>2026-06-16T09:14:21Z</time>
   </trkpt>
   <trkpt lat="48.095923" lon="11.965708">
    <ele>573.085</ele>
    <time>2026-06-16T09:14:25Z</time>
   </trkpt>
   <trkpt lat="48.095972" lon="11.966251">
    <ele>572.745</ele>
    <time>2026-06-16T09:14:35Z</time>
   </trkpt>
   <trkpt lat="48.095979" lon="11.966416">
    <ele>569.634</ele>
    <time>2026-06-16T09:14:42Z</time>
   </trkpt>
   <trkpt lat="48.095980" lon="11.966428">
    <ele>569.043</ele>
    <time>2026-06-16T09:14:43Z</time>
   </trkpt>
   <trkpt lat="48.095784" lon="11.966559">
    <ele>567.471</ele>
    <time>2026-06-16T09:14:55Z</time>
   </trkpt>
   <trkpt lat="48.095710" lon="11.967056">
    <ele>567.401</ele>
    <time>2026-06-16T09:15:04Z</time>
   </trkpt>
   <trkpt lat="48.095742" lon="11.967273">
    <ele>567.361</ele>
    <time>2026-06-16T09:15:07Z</time>
   </trkpt>
   <trkpt lat="48.095556" lon="11.968042">
    <ele>569.237</ele>
    <time>2026-06-16T09:15:17Z</time>
   </trkpt>
   <trkpt lat="48.095503" lon="11.968194">
    <ele>570.633</ele>
    <time>2026-06-16T09:15:20Z</time>
   </trkpt>
   <trkpt lat="48.095381" lon="11.968394">
    <ele>572.916</ele>
    <time>2026-06-16T09:15:23Z</time>
   </trkpt>
   <trkpt lat="48.095197" lon="11.969000">
    <ele>576.893</ele>
    <time>2026-06-16T09:15:31Z</time>
   </trkpt>
   <trkpt lat="48.095191" lon="11.969290">
    <ele>576.600</ele>
    <time>2026-06-16T09:15:35Z</time>
   </trkpt>
   <trkpt lat="48.095048" lon="11.969909">
    <ele>580.236</ele>
    <time>2026-06-16T09:15:46Z</time>
   </trkpt>
   <trkpt lat="48.094696" lon="11.970318">
    <ele>585.886</ele>
    <time>2026-06-16T09:15:58Z</time>
   </trkpt>
   <trkpt lat="48.094252" lon="11.970642">
    <ele>589.903</ele>
    <time>2026-06-16T09:16:10Z</time>
   </trkpt>
   <trkpt lat="48.093719" lon="11.971142">
    <ele>582.234</ele>
    <time>2026-06-16T09:16:26Z</time>
   </trkpt>
   <trkpt lat="48.093205" lon="11.971845">
    <ele>581.648</ele>
    <time>2026-06-16T09:16:43Z</time>
   </trkpt>
   <trkpt lat="48.092778" lon="11.972610">
    <ele>582.515</ele>
    <time>2026-06-16T09:16:57Z</time>
   </trkpt>
   <trkpt lat="48.092348" lon="11.972926">
    <ele>586.008</ele>
    <time>2026-06-16T09:17:11Z</time>
   </trkpt>
   <trkpt lat="48.092022" lon="11.973029">
    <ele>585.885</ele>
    <time>2026-06-16T09:17:19Z</time>
   </trkpt>
   <trkpt lat="48.091877" lon="11.973310">
    <ele>585.087</ele>
    <time>2026-06-16T09:17:27Z</time>
   </trkpt>
   <trkpt lat="48.091942" lon="11.973388">
    <ele>585.462</ele>
    <time>2026-06-16T09:17:29Z</time>
   </trkpt>
   <trkpt lat="48.092757" lon="11.974405">
    <ele>587.217</ele>
    <time>2026-06-16T09:17:49Z</time>
   </trkpt>
   <trkpt lat="48.093178" lon="11.974794">
    <ele>587.394</ele>
    <time>2026-06-16T09:17:57Z</time>
   </trkpt>
   <trkpt lat="48.093158" lon="11.975183">
    <ele>586.566</ele>
    <time>2026-06-16T09:18:03Z</time>
   </trkpt>
   <trkpt lat="48.093096" lon="11.975212">
    <ele>586.568</ele>
    <time>2026-06-16T09:18:04Z</time>
   </trkpt>
   <trkpt lat="48.092907" lon="11.975287">
    <ele>585.936</ele>
    <time>2026-06-16T09:18:07Z</time>
   </trkpt>
   <trkpt lat="48.092800" lon="11.975773">
    <ele>584.161</ele>
    <time>2026-06-16T09:18:13Z</time>
   </trkpt>
   <trkpt lat="48.093450" lon="11.977870">
    <ele>582.502</ele>
    <time>2026-06-16T09:18:34Z</time>
   </trkpt>
   <trkpt lat="48.093752" lon="11.978704">
    <ele>584.840</ele>
    <time>2026-06-16T09:18:46Z</time>
   </trkpt>
   <trkpt lat="48.094290" lon="11.980010">
    <ele>589.506</ele>
    <time>2026-06-16T09:19:12Z</time>
   </trkpt>
   <trkpt lat="48.094483" lon="11.980452">
    <ele>589.995</ele>
    <time>2026-06-16T09:19:20Z</time>
   </trkpt>
   <trkpt lat="48.094855" lon="11.980495">
    <ele>590.036</ele>
    <time>2026-06-16T09:19:28Z</time>
   </trkpt>
   <trkpt lat="48.095089" lon="11.980965">
    <ele>589.044</ele>
    <time>2026-06-16T09:19:36Z</time>
   </trkpt>
   <trkpt lat="48.095093" lon="11.981056">
    <ele>588.749</ele>
    <time>2026-06-16T09:19:37Z</time>
   </trkpt>
   <trkpt lat="48.095347" lon="11.982651">
    <ele>585.340</ele>
    <time>2026-06-16T09:19:52Z</time>
   </trkpt>
   <trkpt lat="48.095617" lon="11.983092">
    <ele>584.814</ele>
    <time>2026-06-16T09:19:57Z</time>
   </trkpt>
   <trkpt lat="48.096770" lon="11.984053">
    <ele>582.395</ele>
    <time>2026-06-16T09:20:15Z</time>
   </trkpt>
   <trkpt lat="48.097798" lon="11.985054">
    <ele>578.462</ele>
    <time>2026-06-16T09:20:30Z</time>
   </trkpt>
   <trkpt lat="48.098592" lon="11.986398">
    <ele>575.576</ele>
    <time>2026-06-16T09:20:47Z</time>
   </trkpt>
   <trkpt lat="48.098514" lon="11.986674">
    <ele>575.473</ele>
    <time>2026-06-16T09:20:51Z</time>
   </trkpt>
   <trkpt lat="48.098232" lon="11.986821">
    <ele>574.609</ele>
    <time>2026-06-16T09:20:55Z</time>
   </trkpt>
   <trkpt lat="48.097468" lon="11.987861">
    <ele>569.413</ele>
    <time>2026-06-16T09:21:07Z</time>
   </trkpt>
   <trkpt lat="48.097250" lon="11.988502">
    <ele>569.451</ele>
    <time>2026-06-16T09:21:12Z</time>
   </trkpt>
   <trkpt lat="48.096617" lon="11.989200">
    <ele>567.731</ele>
    <time>2026-06-16T09:21:21Z</time>
   </trkpt>
   <trkpt lat="48.095126" lon="11.989581">
    <ele>569.527</ele>
    <time>2026-06-16T09:21:41Z</time>
   </trkpt>
   <trkpt lat="48.093570" lon="11.990005">
    <ele>568.343</ele>
    <time>2026-06-16T09:22:04Z</time>
   </trkpt>
   <trkpt lat="48.092295" lon="11.990356">
    <ele>568.948</ele>
    <time>2026-06-16T09:22:23Z</time>
   </trkpt>
   <trkpt lat="48.092200" lon="11.990655">
    <ele>568.680</ele>
    <time>2026-06-16T09:22:29Z</time>
   </trkpt>
   <trkpt lat="48.092636" lon="11.991978">
    <ele>570.111</ele>
    <time>2026-06-16T09:22:49Z</time>
   </trkpt>
   <trkpt lat="48.093097" lon="11.993337">
    <ele>567.259</ele>
    <time>2026-06-16T09:23:05Z</time>
   </trkpt>
   <trkpt lat="48.093419" lon="11.994132">
    <ele>565.458</ele>
    <time>2026-06-16T09:23:14Z</time>
   </trkpt>
   <trkpt lat="48.093437" lon="11.994472">
    <ele>566.094</ele>
    <time>2026-06-16T09:23:18Z</time>
   </trkpt>
   <trkpt lat="48.093191" lon="11.994918">
    <ele>565.791</ele>
    <time>2026-06-16T09:23:24Z</time>
   </trkpt>
   <trkpt lat="48.093178" lon="11.995297">
    <ele>565.868</ele>
    <time>2026-06-16T09:23:29Z</time>
   </trkpt>
   <trkpt lat="48.093358" lon="11.995959">
    <ele>570.004</ele>
    <time>2026-06-16T09:23:44Z</time>
   </trkpt>
   <trkpt lat="48.093621" lon="11.996874">
    <ele>572.804</ele>
    <time>2026-06-16T09:24:08Z</time>
   </trkpt>
   <trkpt lat="48.093887" lon="11.997989">
    <ele>575.273</ele>
    <time>2026-06-16T09:24:30Z</time>
   </trkpt>
   <trkpt lat="48.094210" lon="11.999376">
    <ele>572.010</ele>
    <time>2026-06-16T09:24:48Z</time>
   </trkpt>
   <trkpt lat="48.094742" lon="12.001267">
    <ele>568.303</ele>
    <time>2026-06-16T09:25:07Z</time>
   </trkpt>
   <trkpt lat="48.094940" lon="12.002660">
    <ele>566.072</ele>
    <time>2026-06-16T09:25:18Z</time>
   </trkpt>
   <trkpt lat="48.094953" lon="12.003055">
    <ele>565.621</ele>
    <time>2026-06-16T09:25:21Z</time>
   </trkpt>
   <trkpt lat="48.094995" lon="12.003308">
    <ele>565.562</ele>
    <time>2026-06-16T09:25:23Z</time>
   </trkpt>
   <trkpt lat="48.095573" lon="12.004651">
    <ele>558.899</ele>
    <time>2026-06-16T09:25:34Z</time>
   </trkpt>
   <trkpt lat="48.095747" lon="12.005949">
    <ele>552.837</ele>
    <time>2026-06-16T09:25:41Z</time>
   </trkpt>
   <trkpt lat="48.095977" lon="12.006637">
    <ele>550.592</ele>
    <time>2026-06-16T09:25:45Z</time>
   </trkpt>
   <trkpt lat="48.096280" lon="12.007150">
    <ele>548.279</ele>
    <time>2026-06-16T09:25:49Z</time>
   </trkpt>
   <trkpt lat="48.096666" lon="12.007713">
    <ele>546.062</ele>
    <time>2026-06-16T09:25:54Z</time>
   </trkpt>
   <trkpt lat="48.096789" lon="12.008135">
    <ele>544.901</ele>
    <time>2026-06-16T09:25:57Z</time>
   </trkpt>
   <trkpt lat="48.097044" lon="12.010796">
    <ele>533.314</ele>
    <time>2026-06-16T09:26:13Z</time>
   </trkpt>
   <trkpt lat="48.097321" lon="12.013832">
    <ele>526.300</ele>
    <time>2026-06-16T09:26:32Z</time>
   </trkpt>
   <trkpt lat="48.097478" lon="12.015485">
    <ele>528.999</ele>
    <time>2026-06-16T09:26:46Z</time>
   </trkpt>
   <trkpt lat="48.097674" lon="12.017575">
    <ele>524.729</ele>
    <time>2026-06-16T09:27:06Z</time>
   </trkpt>
   <trkpt lat="48.097890" lon="12.019440">
    <ele>520.960</ele>
    <time>2026-06-16T09:27:23Z</time>
   </trkpt>
   <trkpt lat="48.097931" lon="12.019721">
    <ele>519.378</ele>
    <time>2026-06-16T09:27:26Z</time>
   </trkpt>
   <trkpt lat="48.097836" lon="12.020052">
    <ele>516.787</ele>
    <time>2026-06-16T09:27:30Z</time>
   </trkpt>
   <trkpt lat="48.096695" lon="12.021059">
    <ele>510.324</ele>
    <time>2026-06-16T09:27:45Z</time>
   </trkpt>
   <trkpt lat="48.095238" lon="12.022308">
    <ele>509.761</ele>
    <time>2026-06-16T09:28:05Z</time>
   </trkpt>
   <trkpt lat="48.094569" lon="12.023437">
    <ele>509.683</ele>
    <time>2026-06-16T09:28:19Z</time>
   </trkpt>
   <trkpt lat="48.093981" lon="12.024752">
    <ele>509.892</ele>
    <time>2026-06-16T09:28:35Z</time>
   </trkpt>
   <trkpt lat="48.093422" lon="12.025998">
    <ele>509.072</ele>
    <time>2026-06-16T09:28:50Z</time>
   </trkpt>
   <trkpt lat="48.092613" lon="12.027430">
    <ele>509.261</ele>
    <time>2026-06-16T09:29:11Z</time>
   </trkpt>
   <trkpt lat="48.091539" lon="12.028388">
    <ele>509.578</ele>
    <time>2026-06-16T09:29:32Z</time>
   </trkpt>
   <trkpt lat="48.091377" lon="12.028530">
    <ele>509.598</ele>
    <time>2026-06-16T09:29:35Z</time>
   </trkpt>
   <trkpt lat="48.091201" lon="12.028635">
    <ele>509.983</ele>
    <time>2026-06-16T09:29:38Z</time>
   </trkpt>
   <trkpt lat="48.089593" lon="12.029554">
    <ele>509.685</ele>
    <time>2026-06-16T09:30:05Z</time>
   </trkpt>
   <trkpt lat="48.088379" lon="12.030309">
    <ele>511.195</ele>
    <time>2026-06-16T09:30:27Z</time>
   </trkpt>
   <trkpt lat="48.087613" lon="12.030722">
    <ele>510.040</ele>
    <time>2026-06-16T09:30:41Z</time>
   </trkpt>
   <trkpt lat="48.086886" lon="12.030897">
    <ele>511.061</ele>
    <time>2026-06-16T09:30:54Z</time>
   </trkpt>
   <trkpt lat="48.086716" lon="12.030795">
    <ele>511.416</ele>
    <time>2026-06-16T09:31:00Z</time>
   </trkpt>
   <trkpt lat="48.086466" lon="12.029770">
    <ele>514.015</ele>
    <time>2026-06-16T09:31:18Z</time>
   </trkpt>
   <trkpt lat="48.086405" lon="12.029638">
    <ele>513.482</ele>
    <time>2026-06-16T09:31:20Z</time>
   </trkpt>
   <trkpt lat="48.086183" lon="12.029568">
    <ele>512.656</ele>
    <time>2026-06-16T09:31:25Z</time>
   </trkpt>
   <trkpt lat="48.085947" lon="12.029781">
    <ele>512.248</ele>
    <time>2026-06-16T09:31:30Z</time>
   </trkpt>
   <trkpt lat="48.085687" lon="12.029872">
    <ele>512.389</ele>
    <time>2026-06-16T09:31:35Z</time>
   </trkpt>
   <trkpt lat="48.085523" lon="12.030318">
    <ele>512.463</ele>
    <time>2026-06-16T09:31:42Z</time>
   </trkpt>
   <trkpt lat="48.085600" lon="12.030899">
    <ele>512.389</ele>
    <time>2026-06-16T09:31:49Z</time>
   </trkpt>
   <trkpt lat="48.085502" lon="12.031260">
    <ele>510.873</ele>
    <time>2026-06-16T09:31:54Z</time>
   </trkpt>
   <trkpt lat="48.085413" lon="12.031365">
    <ele>510.330</ele>
    <time>2026-06-16T09:31:56Z</time>
   </trkpt>
   <trkpt lat="48.085435" lon="12.031629">
    <ele>509.796</ele>
    <time>2026-06-16T09:32:00Z</time>
   </trkpt>
   <trkpt lat="48.085473" lon="12.032633">
    <ele>508.256</ele>
    <time>2026-06-16T09:32:12Z</time>
   </trkpt>
   <trkpt lat="48.085558" lon="12.032982">
    <ele>508.161</ele>
    <time>2026-06-16T09:32:16Z</time>
   </trkpt>
   <trkpt lat="48.085650" lon="12.033200">
    <ele>507.836</ele>
    <time>2026-06-16T09:32:19Z</time>
   </trkpt>
   <trkpt lat="48.085607" lon="12.033391">
    <ele>507.419</ele>
    <time>2026-06-16T09:32:23Z</time>
   </trkpt>
   <trkpt lat="48.085454" lon="12.033484">
    <ele>506.316</ele>
    <time>2026-06-16T09:32:26Z</time>
   </trkpt>
   <trkpt lat="48.085136" lon="12.034140">
    <ele>504.508</ele>
    <time>2026-06-16T09:32:34Z</time>
   </trkpt>
   <trkpt lat="48.085066" lon="12.034577">
    <ele>504.287</ele>
    <time>2026-06-16T09:32:38Z</time>
   </trkpt>
   <trkpt lat="48.084965" lon="12.035662">
    <ele>503.836</ele>
    <time>2026-06-16T09:32:48Z</time>
   </trkpt>
   <trkpt lat="48.084643" lon="12.036843">
    <ele>503.224</ele>
    <time>2026-06-16T09:33:00Z</time>
   </trkpt>
   <trkpt lat="48.084268" lon="12.038414">
    <ele>501.370</ele>
    <time>2026-06-16T09:33:16Z</time>
   </trkpt>
   <trkpt lat="48.083978" lon="12.040486">
    <ele>500.758</ele>
    <time>2026-06-16T09:33:37Z</time>
   </trkpt>
   <trkpt lat="48.083758" lon="12.042262">
    <ele>500.358</ele>
    <time>2026-06-16T09:33:55Z</time>
   </trkpt>
   <trkpt lat="48.083710" lon="12.042943">
    <ele>502.087</ele>
    <time>2026-06-16T09:34:03Z</time>
   </trkpt>
   <trkpt lat="48.083480" lon="12.044807">
    <ele>502.235</ele>
    <time>2026-06-16T09:34:24Z</time>
   </trkpt>
   <trkpt lat="48.083539" lon="12.046407">
    <ele>501.556</ele>
    <time>2026-06-16T09:34:41Z</time>
   </trkpt>
   <trkpt lat="48.083792" lon="12.047739">
    <ele>500.450</ele>
    <time>2026-06-16T09:34:56Z</time>
   </trkpt>
   <trkpt lat="48.084049" lon="12.049273">
    <ele>500.557</ele>
    <time>2026-06-16T09:35:14Z</time>
   </trkpt>
   <trkpt lat="48.084331" lon="12.050558">
    <ele>502.872</ele>
    <time>2026-06-16T09:35:30Z</time>
   </trkpt>
   <trkpt lat="48.084366" lon="12.052308">
    <ele>504.858</ele>
    <time>2026-06-16T09:35:50Z</time>
   </trkpt>
   <trkpt lat="48.084099" lon="12.053538">
    <ele>504.591</ele>
    <time>2026-06-16T09:36:04Z</time>
   </trkpt>
   <trkpt lat="48.083729" lon="12.055050">
    <ele>506.318</ele>
    <time>2026-06-16T09:36:23Z</time>
   </trkpt>
   <trkpt lat="48.083554" lon="12.056567">
    <ele>507.038</ele>
    <time>2026-06-16T09:36:43Z</time>
   </trkpt>
   <trkpt lat="48.083529" lon="12.057878">
    <ele>506.400</ele>
    <time>2026-06-16T09:36:58Z</time>
   </trkpt>
   <trkpt lat="48.083411" lon="12.058016">
    <ele>506.208</ele>
    <time>2026-06-16T09:37:02Z</time>
   </trkpt>
   <trkpt lat="48.082515" lon="12.057996">
    <ele>505.053</ele>
    <time>2026-06-16T09:37:19Z</time>
   </trkpt>
   <trkpt lat="48.082173" lon="12.058024">
    <ele>505.803</ele>
    <time>2026-06-16T09:37:25Z</time>
   </trkpt>
   <trkpt lat="48.081803" lon="12.058544">
    <ele>505.142</ele>
    <time>2026-06-16T09:37:34Z</time>
   </trkpt>
   <trkpt lat="48.081571" lon="12.058925">
    <ele>504.764</ele>
    <time>2026-06-16T09:37:40Z</time>
   </trkpt>
   <trkpt lat="48.081488" lon="12.059225">
    <ele>504.673</ele>
    <time>2026-06-16T09:37:44Z</time>
   </trkpt>
   <trkpt lat="48.081505" lon="12.060643">
    <ele>503.401</ele>
    <time>2026-06-16T09:38:00Z</time>
   </trkpt>
   <trkpt lat="48.081513" lon="12.060739">
    <ele>505.132</ele>
    <time>2026-06-16T09:38:06Z</time>
   </trkpt>
   <trkpt lat="48.081551" lon="12.061140">
    <ele>506.393</ele>
    <time>2026-06-16T09:38:18Z</time>
   </trkpt>
   <trkpt lat="48.081459" lon="12.061692">
    <ele>506.176</ele>
    <time>2026-06-16T09:38:28Z</time>
   </trkpt>
   <trkpt lat="48.081382" lon="12.061924">
    <ele>505.891</ele>
    <time>2026-06-16T09:38:32Z</time>
   </trkpt>
   <trkpt lat="48.081193" lon="12.062670">
    <ele>503.974</ele>
    <time>2026-06-16T09:38:43Z</time>
   </trkpt>
   <trkpt lat="48.081251" lon="12.062601">
    <ele>503.118</ele>
    <time>2026-06-16T09:38:51Z</time>
   </trkpt>
   <trkpt lat="48.081241" lon="12.062579">
    <ele>503.276</ele>
    <time>2026-06-16T09:38:56Z</time>
   </trkpt>
   <trkpt lat="48.081202" lon="12.062683">
    <ele>503.621</ele>
    <time>2026-06-16T09:39:00Z</time>
   </trkpt>
   <trkpt lat="48.081130" lon="12.063095">
    <ele>504.371</ele>
    <time>2026-06-16T09:39:07Z</time>
   </trkpt>
   <trkpt lat="48.081104" lon="12.063428">
    <ele>504.907</ele>
    <time>2026-06-16T09:39:12Z</time>
   </trkpt>
   <trkpt lat="48.080967" lon="12.063811">
    <ele>503.535</ele>
    <time>2026-06-16T09:39:18Z</time>
   </trkpt>
   <trkpt lat="48.080840" lon="12.063943">
    <ele>502.681</ele>
    <time>2026-06-16T09:39:25Z</time>
   </trkpt>
   <trkpt lat="48.080637" lon="12.064158">
    <ele>502.534</ele>
    <time>2026-06-16T09:40:05Z</time>
   </trkpt>
   <trkpt lat="48.080138" lon="12.064777">
    <ele>500.635</ele>
    <time>2026-06-16T09:40:17Z</time>
   </trkpt>
   <trkpt lat="48.079326" lon="12.065239">
    <ele>497.574</ele>
    <time>2026-06-16T09:40:29Z</time>
   </trkpt>
   <trkpt lat="48.078081" lon="12.065908">
    <ele>492.747</ele>
    <time>2026-06-16T09:40:45Z</time>
   </trkpt>
   <trkpt lat="48.077529" lon="12.066497">
    <ele>491.804</ele>
    <time>2026-06-16T09:40:54Z</time>
   </trkpt>
   <trkpt lat="48.077366" lon="12.066872">
    <ele>490.235</ele>
    <time>2026-06-16T09:40:58Z</time>
   </trkpt>
   <trkpt lat="48.077278" lon="12.067406">
    <ele>490.877</ele>
    <time>2026-06-16T09:41:03Z</time>
   </trkpt>
   <trkpt lat="48.076990" lon="12.067879">
    <ele>489.738</ele>
    <time>2026-06-16T09:41:10Z</time>
   </trkpt>
   <trkpt lat="48.076984" lon="12.067965">
    <ele>489.853</ele>
    <time>2026-06-16T09:41:11Z</time>
   </trkpt>
   <trkpt lat="48.076982" lon="12.068238">
    <ele>488.801</ele>
    <time>2026-06-16T09:41:14Z</time>
   </trkpt>
   <trkpt lat="48.077154" lon="12.068479">
    <ele>488.892</ele>
    <time>2026-06-16T09:41:19Z</time>
   </trkpt>
   <trkpt lat="48.077425" lon="12.068399">
    <ele>489.312</ele>
    <time>2026-06-16T09:41:24Z</time>
   </trkpt>
   <trkpt lat="48.077761" lon="12.068571">
    <ele>489.486</ele>
    <time>2026-06-16T09:41:32Z</time>
   </trkpt>
   <trkpt lat="48.077910" lon="12.068920">
    <ele>489.495</ele>
    <time>2026-06-16T09:41:38Z</time>
   </trkpt>
   <trkpt lat="48.078093" lon="12.070223">
    <ele>490.163</ele>
    <time>2026-06-16T09:41:56Z</time>
   </trkpt>
   <trkpt lat="48.078197" lon="12.070569">
    <ele>491.032</ele>
    <time>2026-06-16T09:42:01Z</time>
   </trkpt>
   <trkpt lat="48.078260" lon="12.070687">
    <ele>491.460</ele>
    <time>2026-06-16T09:42:03Z</time>
   </trkpt>
   <trkpt lat="48.078821" lon="12.071431">
    <ele>492.866</ele>
    <time>2026-06-16T09:42:18Z</time>
   </trkpt>
   <trkpt lat="48.079104" lon="12.071595">
    <ele>493.506</ele>
    <time>2026-06-16T09:42:25Z</time>
   </trkpt>
   <trkpt lat="48.079337" lon="12.071533">
    <ele>493.698</ele>
    <time>2026-06-16T09:42:36Z</time>
   </trkpt>
  </trkseg>
 </trk>
 <trk>
  <name>ACTIVE LOG031810</name>
  <trkseg>
   <trkpt lat="48.079337" lon="12.071537">
    <ele>506.575</ele>
    <time>2026-06-16T10:18:10Z</time>
   </trkpt>
   <trkpt lat="48.079315" lon="12.071562">
    <ele>503.991</ele>
    <time>2026-06-16T10:18:25Z</time>
   </trkpt>
   <trkpt lat="48.079533" lon="12.071834">
    <ele>502.674</ele>
    <time>2026-06-16T10:18:36Z</time>
   </trkpt>
   <trkpt lat="48.079687" lon="12.072704">
    <ele>502.745</ele>
    <time>2026-06-16T10:18:52Z</time>
   </trkpt>
   <trkpt lat="48.079677" lon="12.072789">
    <ele>501.930</ele>
    <time>2026-06-16T10:19:05Z</time>
   </trkpt>
   <trkpt lat="48.079645" lon="12.073223">
    <ele>500.855</ele>
    <time>2026-06-16T10:19:15Z</time>
   </trkpt>
   <trkpt lat="48.079615" lon="12.073486">
    <ele>499.999</ele>
    <time>2026-06-16T10:19:18Z</time>
   </trkpt>
   <trkpt lat="48.079704" lon="12.074812">
    <ele>499.288</ele>
    <time>2026-06-16T10:19:30Z</time>
   </trkpt>
   <trkpt lat="48.079817" lon="12.075879">
    <ele>502.665</ele>
    <time>2026-06-16T10:19:43Z</time>
   </trkpt>
   <trkpt lat="48.079911" lon="12.077058">
    <ele>502.538</ele>
    <time>2026-06-16T10:19:58Z</time>
   </trkpt>
   <trkpt lat="48.079940" lon="12.077397">
    <ele>502.613</ele>
    <time>2026-06-16T10:20:02Z</time>
   </trkpt>
   <trkpt lat="48.080194" lon="12.078463">
    <ele>502.997</ele>
    <time>2026-06-16T10:20:18Z</time>
   </trkpt>
   <trkpt lat="48.080295" lon="12.079181">
    <ele>504.686</ele>
    <time>2026-06-16T10:20:32Z</time>
   </trkpt>
   <trkpt lat="48.080426" lon="12.080446">
    <ele>499.489</ele>
    <time>2026-06-16T10:20:46Z</time>
   </trkpt>
   <trkpt lat="48.080453" lon="12.080775">
    <ele>499.091</ele>
    <time>2026-06-16T10:20:49Z</time>
   </trkpt>
   <trkpt lat="48.080535" lon="12.081108">
    <ele>500.335</ele>
    <time>2026-06-16T10:20:53Z</time>
   </trkpt>
   <trkpt lat="48.080231" lon="12.081387">
    <ele>498.149</ele>
    <time>2026-06-16T10:21:00Z</time>
   </trkpt>
   <trkpt lat="48.080160" lon="12.081430">
    <ele>498.103</ele>
    <time>2026-06-16T10:21:01Z</time>
   </trkpt>
   <trkpt lat="48.078529" lon="12.082009">
    <ele>493.748</ele>
    <time>2026-06-16T10:21:22Z</time>
   </trkpt>
   <trkpt lat="48.077037" lon="12.082756">
    <ele>488.333</ele>
    <time>2026-06-16T10:21:41Z</time>
   </trkpt>
   <trkpt lat="48.075558" lon="12.083386">
    <ele>485.760</ele>
    <time>2026-06-16T10:22:00Z</time>
   </trkpt>
   <trkpt lat="48.074375" lon="12.083324">
    <ele>485.172</ele>
    <time>2026-06-16T10:22:15Z</time>
   </trkpt>
   <trkpt lat="48.073134" lon="12.082950">
    <ele>485.705</ele>
    <time>2026-06-16T10:22:34Z</time>
   </trkpt>
   <trkpt lat="48.071917" lon="12.082307">
    <ele>483.909</ele>
    <time>2026-06-16T10:22:52Z</time>
   </trkpt>
   <trkpt lat="48.071154" lon="12.081554">
    <ele>484.516</ele>
    <time>2026-06-16T10:23:06Z</time>
   </trkpt>
   <trkpt lat="48.070838" lon="12.081473">
    <ele>483.859</ele>
    <time>2026-06-16T10:23:11Z</time>
   </trkpt>
   <trkpt lat="48.070065" lon="12.081958">
    <ele>483.495</ele>
    <time>2026-06-16T10:23:24Z</time>
   </trkpt>
   <trkpt lat="48.069035" lon="12.082606">
    <ele>482.174</ele>
    <time>2026-06-16T10:23:40Z</time>
   </trkpt>
   <trkpt lat="48.068490" lon="12.083005">
    <ele>477.985</ele>
    <time>2026-06-16T10:23:47Z</time>
   </trkpt>
   <trkpt lat="48.067945" lon="12.084213">
    <ele>479.240</ele>
    <time>2026-06-16T10:23:58Z</time>
   </trkpt>
   <trkpt lat="48.067864" lon="12.084414">
    <ele>479.552</ele>
    <time>2026-06-16T10:24:00Z</time>
   </trkpt>
   <trkpt lat="48.067792" lon="12.085045">
    <ele>481.287</ele>
    <time>2026-06-16T10:24:06Z</time>
   </trkpt>
   <trkpt lat="48.068126" lon="12.086287">
    <ele>484.530</ele>
    <time>2026-06-16T10:24:23Z</time>
   </trkpt>
   <trkpt lat="48.068259" lon="12.087253">
    <ele>485.838</ele>
    <time>2026-06-16T10:24:40Z</time>
   </trkpt>
   <trkpt lat="48.068026" lon="12.088014">
    <ele>486.284</ele>
    <time>2026-06-16T10:24:54Z</time>
   </trkpt>
   <trkpt lat="48.067348" lon="12.088585">
    <ele>487.921</ele>
    <time>2026-06-16T10:25:13Z</time>
   </trkpt>
   <trkpt lat="48.066695" lon="12.089020">
    <ele>487.784</ele>
    <time>2026-06-16T10:25:29Z</time>
   </trkpt>
   <trkpt lat="48.066041" lon="12.090031">
    <ele>491.296</ele>
    <time>2026-06-16T10:25:49Z</time>
   </trkpt>
   <trkpt lat="48.066014" lon="12.090095">
    <ele>491.120</ele>
    <time>2026-06-16T10:25:50Z</time>
   </trkpt>
   <trkpt lat="48.065436" lon="12.091357">
    <ele>492.404</ele>
    <time>2026-06-16T10:26:12Z</time>
   </trkpt>
   <trkpt lat="48.065231" lon="12.091803">
    <ele>493.093</ele>
    <time>2026-06-16T10:26:19Z</time>
   </trkpt>
   <trkpt lat="48.064931" lon="12.092665">
    <ele>493.724</ele>
    <time>2026-06-16T10:26:32Z</time>
   </trkpt>
   <trkpt lat="48.064879" lon="12.092905">
    <ele>494.384</ele>
    <time>2026-06-16T10:26:35Z</time>
   </trkpt>
   <trkpt lat="48.064597" lon="12.093603">
    <ele>493.809</ele>
    <time>2026-06-16T10:26:46Z</time>
   </trkpt>
   <trkpt lat="48.064503" lon="12.093796">
    <ele>495.034</ele>
    <time>2026-06-16T10:26:49Z</time>
   </trkpt>
   <trkpt lat="48.064421" lon="12.093962">
    <ele>494.882</ele>
    <time>2026-06-16T10:26:57Z</time>
   </trkpt>
   <trkpt lat="48.064421" lon="12.093961">
    <ele>494.863</ele>
    <time>2026-06-16T10:26:58Z</time>
   </trkpt>
   <trkpt lat="48.064390" lon="12.094058">
    <ele>494.046</ele>
    <time>2026-06-16T10:27:02Z</time>
   </trkpt>
   <trkpt lat="48.064319" lon="12.094259">
    <ele>494.061</ele>
    <time>2026-06-16T10:27:05Z</time>
   </trkpt>
   <trkpt lat="48.064027" lon="12.095095">
    <ele>492.899</ele>
    <time>2026-06-16T10:27:15Z</time>
   </trkpt>
   <trkpt lat="48.063934" lon="12.095797">
    <ele>492.681</ele>
    <time>2026-06-16T10:27:22Z</time>
   </trkpt>
   <trkpt lat="48.063780" lon="12.096345">
    <ele>492.663</ele>
    <time>2026-06-16T10:27:29Z</time>
   </trkpt>
   <trkpt lat="48.063443" lon="12.097141">
    <ele>489.056</ele>
    <time>2026-06-16T10:27:41Z</time>
   </trkpt>
   <trkpt lat="48.063003" lon="12.098050">
    <ele>483.781</ele>
    <time>2026-06-16T10:27:51Z</time>
   </trkpt>
   <trkpt lat="48.062958" lon="12.098154">
    <ele>483.651</ele>
    <time>2026-06-16T10:27:52Z</time>
   </trkpt>
   <trkpt lat="48.062778" lon="12.098741">
    <ele>484.876</ele>
    <time>2026-06-16T10:27:58Z</time>
   </trkpt>
   <trkpt lat="48.062422" lon="12.099383">
    <ele>486.018</ele>
    <time>2026-06-16T10:28:06Z</time>
   </trkpt>
   <trkpt lat="48.062309" lon="12.099786">
    <ele>487.782</ele>
    <time>2026-06-16T10:28:11Z</time>
   </trkpt>
   <trkpt lat="48.062309" lon="12.100017">
    <ele>488.075</ele>
    <time>2026-06-16T10:28:14Z</time>
   </trkpt>
   <trkpt lat="48.062023" lon="12.100634">
    <ele>489.637</ele>
    <time>2026-06-16T10:28:25Z</time>
   </trkpt>
   <trkpt lat="48.061969" lon="12.100651">
    <ele>489.717</ele>
    <time>2026-06-16T10:28:26Z</time>
   </trkpt>
   <trkpt lat="48.060886" lon="12.101204">
    <ele>489.482</ele>
    <time>2026-06-16T10:28:46Z</time>
   </trkpt>
   <trkpt lat="48.060531" lon="12.101427">
    <ele>490.286</ele>
    <time>2026-06-16T10:28:53Z</time>
   </trkpt>
   <trkpt lat="48.060321" lon="12.101509">
    <ele>490.565</ele>
    <time>2026-06-16T10:28:57Z</time>
   </trkpt>
   <trkpt lat="48.059589" lon="12.101673">
    <ele>492.614</ele>
    <time>2026-06-16T10:29:12Z</time>
   </trkpt>
   <trkpt lat="48.059421" lon="12.101801">
    <ele>492.750</ele>
    <time>2026-06-16T10:29:16Z</time>
   </trkpt>
   <trkpt lat="48.059298" lon="12.101989">
    <ele>493.369</ele>
    <time>2026-06-16T10:29:20Z</time>
   </trkpt>
   <trkpt lat="48.059230" lon="12.102179">
    <ele>493.611</ele>
    <time>2026-06-16T10:29:23Z</time>
   </trkpt>
   <trkpt lat="48.059100" lon="12.102874">
    <ele>494.538</ele>
    <time>2026-06-16T10:29:33Z</time>
   </trkpt>
   <trkpt lat="48.058976" lon="12.103196">
    <ele>494.751</ele>
    <time>2026-06-16T10:29:38Z</time>
   </trkpt>
   <trkpt lat="48.058820" lon="12.103415">
    <ele>494.381</ele>
    <time>2026-06-16T10:29:42Z</time>
   </trkpt>
   <trkpt lat="48.057886" lon="12.104002">
    <ele>493.957</ele>
    <time>2026-06-16T10:29:59Z</time>
   </trkpt>
   <trkpt lat="48.057348" lon="12.104441">
    <ele>494.096</ele>
    <time>2026-06-16T10:30:09Z</time>
   </trkpt>
   <trkpt lat="48.057243" lon="12.104655">
    <ele>494.086</ele>
    <time>2026-06-16T10:30:12Z</time>
   </trkpt>
   <trkpt lat="48.057152" lon="12.105101">
    <ele>494.303</ele>
    <time>2026-06-16T10:30:17Z</time>
   </trkpt>
   <trkpt lat="48.057125" lon="12.105669">
    <ele>493.529</ele>
    <time>2026-06-16T10:30:23Z</time>
   </trkpt>
   <trkpt lat="48.056880" lon="12.106045">
    <ele>493.134</ele>
    <time>2026-06-16T10:30:29Z</time>
   </trkpt>
   <trkpt lat="48.056736" lon="12.106060">
    <ele>492.398</ele>
    <time>2026-06-16T10:30:31Z</time>
   </trkpt>
   <trkpt lat="48.056301" lon="12.106852">
    <ele>489.159</ele>
    <time>2026-06-16T10:30:40Z</time>
   </trkpt>
   <trkpt lat="48.055960" lon="12.107571">
    <ele>488.831</ele>
    <time>2026-06-16T10:30:49Z</time>
   </trkpt>
   <trkpt lat="48.055885" lon="12.107756">
    <ele>488.402</ele>
    <time>2026-06-16T10:30:55Z</time>
   </trkpt>
   <trkpt lat="48.055444" lon="12.108766">
    <ele>488.092</ele>
    <time>2026-06-16T10:31:09Z</time>
   </trkpt>
   <trkpt lat="48.055328" lon="12.109100">
    <ele>489.414</ele>
    <time>2026-06-16T10:31:14Z</time>
   </trkpt>
   <trkpt lat="48.055216" lon="12.109152">
    <ele>489.814</ele>
    <time>2026-06-16T10:31:18Z</time>
   </trkpt>
   <trkpt lat="48.054807" lon="12.109139">
    <ele>490.164</ele>
    <time>2026-06-16T10:31:25Z</time>
   </trkpt>
   <trkpt lat="48.053926" lon="12.109522">
    <ele>490.868</ele>
    <time>2026-06-16T10:31:39Z</time>
   </trkpt>
   <trkpt lat="48.053630" lon="12.109806">
    <ele>490.332</ele>
    <time>2026-06-16T10:31:44Z</time>
   </trkpt>
   <trkpt lat="48.053052" lon="12.110599">
    <ele>490.041</ele>
    <time>2026-06-16T10:31:55Z</time>
   </trkpt>
   <trkpt lat="48.052579" lon="12.110744">
    <ele>489.833</ele>
    <time>2026-06-16T10:32:02Z</time>
   </trkpt>
   <trkpt lat="48.051943" lon="12.110536">
    <ele>490.690</ele>
    <time>2026-06-16T10:32:12Z</time>
   </trkpt>
   <trkpt lat="48.051744" lon="12.110809">
    <ele>489.889</ele>
    <time>2026-06-16T10:32:17Z</time>
   </trkpt>
   <trkpt lat="48.051799" lon="12.111120">
    <ele>489.894</ele>
    <time>2026-06-16T10:32:20Z</time>
   </trkpt>
   <trkpt lat="48.051982" lon="12.111839">
    <ele>489.084</ele>
    <time>2026-06-16T10:32:27Z</time>
   </trkpt>
   <trkpt lat="48.052043" lon="12.112027">
    <ele>489.003</ele>
    <time>2026-06-16T10:32:29Z</time>
   </trkpt>
   <trkpt lat="48.052278" lon="12.112517">
    <ele>489.213</ele>
    <time>2026-06-16T10:32:35Z</time>
   </trkpt>
   <trkpt lat="48.052313" lon="12.113180">
    <ele>488.673</ele>
    <time>2026-06-16T10:32:42Z</time>
   </trkpt>
   <trkpt lat="48.052157" lon="12.113815">
    <ele>488.585</ele>
    <time>2026-06-16T10:32:49Z</time>
   </trkpt>
   <trkpt lat="48.052226" lon="12.114576">
    <ele>488.534</ele>
    <time>2026-06-16T10:32:57Z</time>
   </trkpt>
   <trkpt lat="48.052675" lon="12.115471">
    <ele>487.266</ele>
    <time>2026-06-16T10:33:08Z</time>
   </trkpt>
   <trkpt lat="48.052679" lon="12.116004">
    <ele>486.947</ele>
    <time>2026-06-16T10:33:14Z</time>
   </trkpt>
   <trkpt lat="48.052477" lon="12.116430">
    <ele>486.653</ele>
    <time>2026-06-16T10:33:19Z</time>
   </trkpt>
   <trkpt lat="48.052321" lon="12.117027">
    <ele>485.226</ele>
    <time>2026-06-16T10:33:25Z</time>
   </trkpt>
   <trkpt lat="48.052121" lon="12.117517">
    <ele>485.575</ele>
    <time>2026-06-16T10:33:30Z</time>
   </trkpt>
   <trkpt lat="48.051989" lon="12.118069">
    <ele>485.579</ele>
    <time>2026-06-16T10:33:35Z</time>
   </trkpt>
   <trkpt lat="48.051882" lon="12.118377">
    <ele>485.349</ele>
    <time>2026-06-16T10:33:38Z</time>
   </trkpt>
   <trkpt lat="48.051789" lon="12.118847">
    <ele>483.485</ele>
    <time>2026-06-16T10:33:42Z</time>
   </trkpt>
   <trkpt lat="48.051667" lon="12.119661">
    <ele>483.150</ele>
    <time>2026-06-16T10:33:49Z</time>
   </trkpt>
   <trkpt lat="48.051651" lon="12.119891">
    <ele>484.616</ele>
    <time>2026-06-16T10:33:52Z</time>
   </trkpt>
   <trkpt lat="48.051683" lon="12.120114">
    <ele>484.929</ele>
    <time>2026-06-16T10:33:55Z</time>
   </trkpt>
   <trkpt lat="48.051540" lon="12.120947">
    <ele>483.846</ele>
    <time>2026-06-16T10:34:05Z</time>
   </trkpt>
   <trkpt lat="48.051210" lon="12.122505">
    <ele>483.577</ele>
    <time>2026-06-16T10:34:23Z</time>
   </trkpt>
   <trkpt lat="48.050994" lon="12.123443">
    <ele>484.921</ele>
    <time>2026-06-16T10:34:36Z</time>
   </trkpt>
   <trkpt lat="48.050703" lon="12.124790">
    <ele>482.552</ele>
    <time>2026-06-16T10:34:53Z</time>
   </trkpt>
   <trkpt lat="48.050671" lon="12.125321">
    <ele>483.089</ele>
    <time>2026-06-16T10:35:03Z</time>
   </trkpt>
   <trkpt lat="48.050674" lon="12.125320">
    <ele>483.176</ele>
    <time>2026-06-16T10:35:05Z</time>
   </trkpt>
   <trkpt lat="48.050710" lon="12.125530">
    <ele>483.880</ele>
    <time>2026-06-16T10:35:13Z</time>
   </trkpt>
   <trkpt lat="48.050962" lon="12.126062">
    <ele>486.553</ele>
    <time>2026-06-16T10:35:28Z</time>
   </trkpt>
   <trkpt lat="48.051235" lon="12.126493">
    <ele>489.492</ele>
    <time>2026-06-16T10:35:44Z</time>
   </trkpt>
   <trkpt lat="48.051527" lon="12.126974">
    <ele>493.542</ele>
    <time>2026-06-16T10:36:01Z</time>
   </trkpt>
   <trkpt lat="48.051942" lon="12.127640">
    <ele>494.427</ele>
    <time>2026-06-16T10:36:19Z</time>
   </trkpt>
   <trkpt lat="48.052015" lon="12.127822">
    <ele>495.158</ele>
    <time>2026-06-16T10:36:23Z</time>
   </trkpt>
   <trkpt lat="48.051909" lon="12.128009">
    <ele>494.832</ele>
    <time>2026-06-16T10:36:28Z</time>
   </trkpt>
   <trkpt lat="48.050847" lon="12.128957">
    <ele>496.764</ele>
    <time>2026-06-16T10:36:54Z</time>
   </trkpt>
   <trkpt lat="48.050211" lon="12.130151">
    <ele>498.339</ele>
    <time>2026-06-16T10:37:14Z</time>
   </trkpt>
   <trkpt lat="48.049796" lon="12.131532">
    <ele>497.069</ele>
    <time>2026-06-16T10:37:31Z</time>
   </trkpt>
   <trkpt lat="48.049139" lon="12.132595">
    <ele>496.862</ele>
    <time>2026-06-16T10:37:46Z</time>
   </trkpt>
   <trkpt lat="48.048338" lon="12.133801">
    <ele>496.498</ele>
    <time>2026-06-16T10:38:04Z</time>
   </trkpt>
   <trkpt lat="48.047711" lon="12.135373">
    <ele>493.708</ele>
    <time>2026-06-16T10:38:20Z</time>
   </trkpt>
   <trkpt lat="48.046924" lon="12.137229">
    <ele>492.251</ele>
    <time>2026-06-16T10:38:40Z</time>
   </trkpt>
   <trkpt lat="48.046081" lon="12.138855">
    <ele>489.244</ele>
    <time>2026-06-16T10:38:56Z</time>
   </trkpt>
   <trkpt lat="48.045801" lon="12.140485">
    <ele>485.123</ele>
    <time>2026-06-16T10:39:08Z</time>
   </trkpt>
   <trkpt lat="48.045839" lon="12.143148">
    <ele>479.775</ele>
    <time>2026-06-16T10:39:27Z</time>
   </trkpt>
   <trkpt lat="48.045642" lon="12.144302">
    <ele>480.704</ele>
    <time>2026-06-16T10:39:37Z</time>
   </trkpt>
   <trkpt lat="48.045437" lon="12.144790">
    <ele>482.335</ele>
    <time>2026-06-16T10:39:44Z</time>
   </trkpt>
   <trkpt lat="48.044871" lon="12.145594">
    <ele>487.372</ele>
    <time>2026-06-16T10:40:06Z</time>
   </trkpt>
   <trkpt lat="48.044524" lon="12.146590">
    <ele>490.815</ele>
    <time>2026-06-16T10:40:28Z</time>
   </trkpt>
   <trkpt lat="48.044397" lon="12.147535">
    <ele>492.148</ele>
    <time>2026-06-16T10:40:44Z</time>
   </trkpt>
   <trkpt lat="48.044355" lon="12.148204">
    <ele>495.402</ele>
    <time>2026-06-16T10:40:53Z</time>
   </trkpt>
   <trkpt lat="48.044130" lon="12.149735">
    <ele>487.068</ele>
    <time>2026-06-16T10:41:08Z</time>
   </trkpt>
   <trkpt lat="48.043797" lon="12.151509">
    <ele>481.256</ele>
    <time>2026-06-16T10:41:22Z</time>
   </trkpt>
   <trkpt lat="48.043605" lon="12.151681">
    <ele>480.092</ele>
    <time>2026-06-16T10:41:26Z</time>
   </trkpt>
   <trkpt lat="48.043248" lon="12.151431">
    <ele>479.830</ele>
    <time>2026-06-16T10:41:32Z</time>
   </trkpt>
   <trkpt lat="48.043024" lon="12.151663">
    <ele>479.413</ele>
    <time>2026-06-16T10:41:37Z</time>
   </trkpt>
   <trkpt lat="48.042977" lon="12.152511">
    <ele>478.409</ele>
    <time>2026-06-16T10:41:45Z</time>
   </trkpt>
   <trkpt lat="48.042865" lon="12.152915">
    <ele>477.311</ele>
    <time>2026-06-16T10:41:49Z</time>
   </trkpt>
   <trkpt lat="48.042814" lon="12.153500">
    <ele>476.394</ele>
    <time>2026-06-16T10:41:54Z</time>
   </trkpt>
   <trkpt lat="48.042967" lon="12.153932">
    <ele>475.684</ele>
    <time>2026-06-16T10:41:58Z</time>
   </trkpt>
   <trkpt lat="48.043516" lon="12.154654">
    <ele>473.169</ele>
    <time>2026-06-16T10:42:07Z</time>
   </trkpt>
   <trkpt lat="48.043707" lon="12.155240">
    <ele>473.713</ele>
    <time>2026-06-16T10:42:13Z</time>
   </trkpt>
   <trkpt lat="48.043709" lon="12.156637">
    <ele>474.655</ele>
    <time>2026-06-16T10:42:29Z</time>
   </trkpt>
   <trkpt lat="48.043689" lon="12.157364">
    <ele>473.629</ele>
    <time>2026-06-16T10:42:37Z</time>
   </trkpt>
   <trkpt lat="48.043635" lon="12.158352">
    <ele>473.098</ele>
    <time>2026-06-16T10:42:50Z</time>
   </trkpt>
   <trkpt lat="48.043629" lon="12.158387">
    <ele>472.922</ele>
    <time>2026-06-16T10:42:51Z</time>
   </trkpt>
   <trkpt lat="48.043894" lon="12.158594">
    <ele>472.386</ele>
    <time>2026-06-16T10:42:59Z</time>
   </trkpt>
   <trkpt lat="48.044731" lon="12.159501">
    <ele>473.459</ele>
    <time>2026-06-16T10:43:19Z</time>
   </trkpt>
   <trkpt lat="48.045591" lon="12.160647">
    <ele>474.748</ele>
    <time>2026-06-16T10:43:42Z</time>
   </trkpt>
   <trkpt lat="48.046154" lon="12.161113">
    <ele>477.407</ele>
    <time>2026-06-16T10:43:59Z</time>
   </trkpt>
   <trkpt lat="48.046664" lon="12.161766">
    <ele>479.863</ele>
    <time>2026-06-16T10:44:19Z</time>
   </trkpt>
   <trkpt lat="48.047345" lon="12.162508">
    <ele>478.765</ele>
    <time>2026-06-16T10:44:36Z</time>
   </trkpt>
   <trkpt lat="48.048125" lon="12.162791">
    <ele>478.342</ele>
    <time>2026-06-16T10:44:50Z</time>
   </trkpt>
   <trkpt lat="48.049523" lon="12.162964">
    <ele>479.899</ele>
    <time>2026-06-16T10:45:18Z</time>
   </trkpt>
   <trkpt lat="48.050460" lon="12.163068">
    <ele>481.593</ele>
    <time>2026-06-16T10:45:37Z</time>
   </trkpt>
   <trkpt lat="48.051611" lon="12.163309">
    <ele>482.419</ele>
    <time>2026-06-16T10:45:58Z</time>
   </trkpt>
   <trkpt lat="48.052134" lon="12.163430">
    <ele>482.164</ele>
    <time>2026-06-16T10:46:07Z</time>
   </trkpt>
   <trkpt lat="48.052304" lon="12.163491">
    <ele>482.306</ele>
    <time>2026-06-16T10:46:10Z</time>
   </trkpt>
   <trkpt lat="48.053557" lon="12.163615">
    <ele>482.821</ele>
    <time>2026-06-16T10:46:33Z</time>
   </trkpt>
   <trkpt lat="48.053868" lon="12.163486">
    <ele>482.263</ele>
    <time>2026-06-16T10:46:40Z</time>
   </trkpt>
   <trkpt lat="48.054778" lon="12.164038">
    <ele>482.100</ele>
    <time>2026-06-16T10:46:59Z</time>
   </trkpt>
   <trkpt lat="48.054931" lon="12.164133">
    <ele>482.087</ele>
    <time>2026-06-16T10:47:02Z</time>
   </trkpt>
   <trkpt lat="48.055004" lon="12.164301">
    <ele>481.764</ele>
    <time>2026-06-16T10:47:09Z</time>
   </trkpt>
   <trkpt lat="48.055002" lon="12.164313">
    <ele>481.669</ele>
    <time>2026-06-16T10:49:38Z</time>
   </trkpt>
   <trkpt lat="48.054992" lon="12.164435">
    <ele>482.350</ele>
    <time>2026-06-16T10:49:42Z</time>
   </trkpt>
   <trkpt lat="48.054964" lon="12.164587">
    <ele>482.724</ele>
    <time>2026-06-16T10:49:45Z</time>
   </trkpt>
   <trkpt lat="48.054974" lon="12.164904">
    <ele>483.232</ele>
    <time>2026-06-16T10:49:50Z</time>
   </trkpt>
   <trkpt lat="48.055108" lon="12.165540">
    <ele>482.648</ele>
    <time>2026-06-16T10:49:59Z</time>
   </trkpt>
   <trkpt lat="48.054922" lon="12.166001">
    <ele>482.946</ele>
    <time>2026-06-16T10:50:07Z</time>
   </trkpt>
   <trkpt lat="48.054839" lon="12.166179">
    <ele>483.157</ele>
    <time>2026-06-16T10:50:10Z</time>
   </trkpt>
   <trkpt lat="48.054763" lon="12.166390">
    <ele>483.160</ele>
    <time>2026-06-16T10:50:13Z</time>
   </trkpt>
   <trkpt lat="48.054713" lon="12.166708">
    <ele>483.089</ele>
    <time>2026-06-16T10:50:17Z</time>
   </trkpt>
   <trkpt lat="48.054717" lon="12.166933">
    <ele>483.839</ele>
    <time>2026-06-16T10:50:20Z</time>
   </trkpt>
   <trkpt lat="48.054636" lon="12.167383">
    <ele>483.234</ele>
    <time>2026-06-16T10:50:26Z</time>
   </trkpt>
   <trkpt lat="48.054465" lon="12.168180">
    <ele>482.467</ele>
    <time>2026-06-16T10:50:35Z</time>
   </trkpt>
   <trkpt lat="48.054226" lon="12.169625">
    <ele>481.027</ele>
    <time>2026-06-16T10:50:51Z</time>
   </trkpt>
   <trkpt lat="48.054052" lon="12.170453">
    <ele>478.158</ele>
    <time>2026-06-16T10:51:00Z</time>
   </trkpt>
   <trkpt lat="48.053984" lon="12.170668">
    <ele>477.113</ele>
    <time>2026-06-16T10:51:02Z</time>
   </trkpt>
   <trkpt lat="48.054037" lon="12.171424">
    <ele>474.285</ele>
    <time>2026-06-16T10:51:08Z</time>
   </trkpt>
   <trkpt lat="48.053666" lon="12.172170">
    <ele>473.341</ele>
    <time>2026-06-16T10:51:16Z</time>
   </trkpt>
   <trkpt lat="48.053477" lon="12.172524">
    <ele>474.436</ele>
    <time>2026-06-16T10:51:20Z</time>
   </trkpt>
   <trkpt lat="48.053252" lon="12.173236">
    <ele>476.349</ele>
    <time>2026-06-16T10:51:28Z</time>
   </trkpt>
   <trkpt lat="48.053013" lon="12.174258">
    <ele>478.089</ele>
    <time>2026-06-16T10:51:44Z</time>
   </trkpt>
   <trkpt lat="48.052851" lon="12.175019">
    <ele>478.647</ele>
    <time>2026-06-16T10:52:03Z</time>
   </trkpt>
   <trkpt lat="48.052821" lon="12.175131">
    <ele>478.180</ele>
    <time>2026-06-16T10:52:18Z</time>
   </trkpt>
   <trkpt lat="48.052821" lon="12.175130">
    <ele>477.973</ele>
    <time>2026-06-16T10:53:37Z</time>
   </trkpt>
   <trkpt lat="48.052825" lon="12.175148">
    <ele>478.229</ele>
    <time>2026-06-16T10:53:41Z</time>
   </trkpt>
   <trkpt lat="48.052883" lon="12.174984">
    <ele>477.413</ele>
    <time>2026-06-16T10:53:46Z</time>
   </trkpt>
   <trkpt lat="48.053195" lon="12.173621">
    <ele>473.230</ele>
    <time>2026-06-16T10:54:02Z</time>
   </trkpt>
   <trkpt lat="48.053633" lon="12.172279">
    <ele>470.777</ele>
    <time>2026-06-16T10:54:15Z</time>
   </trkpt>
   <trkpt lat="48.053952" lon="12.171754">
    <ele>471.844</ele>
    <time>2026-06-16T10:54:22Z</time>
   </trkpt>
   <trkpt lat="48.054112" lon="12.171372">
    <ele>472.799</ele>
    <time>2026-06-16T10:54:27Z</time>
   </trkpt>
   <trkpt lat="48.054206" lon="12.171154">
    <ele>472.883</ele>
    <time>2026-06-16T10:54:30Z</time>
   </trkpt>
   <trkpt lat="48.054389" lon="12.170667">
    <ele>473.029</ele>
    <time>2026-06-16T10:54:36Z</time>
   </trkpt>
   <trkpt lat="48.054894" lon="12.169368">
    <ele>473.458</ele>
    <time>2026-06-16T10:54:53Z</time>
   </trkpt>
   <trkpt lat="48.054925" lon="12.169040">
    <ele>473.028</ele>
    <time>2026-06-16T10:54:57Z</time>
   </trkpt>
   <trkpt lat="48.055148" lon="12.168284">
    <ele>473.758</ele>
    <time>2026-06-16T10:55:07Z</time>
   </trkpt>
   <trkpt lat="48.055347" lon="12.168079">
    <ele>475.033</ele>
    <time>2026-06-16T10:55:12Z</time>
   </trkpt>
   <trkpt lat="48.055522" lon="12.168087">
    <ele>476.940</ele>
    <time>2026-06-16T10:55:17Z</time>
   </trkpt>
   <trkpt lat="48.055732" lon="12.168838">
    <ele>478.163</ele>
    <time>2026-06-16T10:55:29Z</time>
   </trkpt>
   <trkpt lat="48.055814" lon="12.169413">
    <ele>480.077</ele>
    <time>2026-06-16T10:55:42Z</time>
   </trkpt>
   <trkpt lat="48.056006" lon="12.169819">
    <ele>482.080</ele>
    <time>2026-06-16T10:55:58Z</time>
   </trkpt>
   <trkpt lat="48.056329" lon="12.170538">
    <ele>481.529</ele>
    <time>2026-06-16T10:56:13Z</time>
   </trkpt>
   <trkpt lat="48.056703" lon="12.171741">
    <ele>479.900</ele>
    <time>2026-06-16T10:56:31Z</time>
   </trkpt>
   <trkpt lat="48.056908" lon="12.172470">
    <ele>481.901</ele>
    <time>2026-06-16T10:56:41Z</time>
   </trkpt>
   <trkpt lat="48.056929" lon="12.172792">
    <ele>480.953</ele>
    <time>2026-06-16T10:56:45Z</time>
   </trkpt>
   <trkpt lat="48.057079" lon="12.173116">
    <ele>480.260</ele>
    <time>2026-06-16T10:56:51Z</time>
   </trkpt>
   <trkpt lat="48.057098" lon="12.173302">
    <ele>481.181</ele>
    <time>2026-06-16T10:56:54Z</time>
   </trkpt>
   <trkpt lat="48.057126" lon="12.173419">
    <ele>481.417</ele>
    <time>2026-06-16T10:56:56Z</time>
   </trkpt>
   <trkpt lat="48.057451" lon="12.174615">
    <ele>479.759</ele>
    <time>2026-06-16T10:57:11Z</time>
   </trkpt>
   <trkpt lat="48.057808" lon="12.176434">
    <ele>478.765</ele>
    <time>2026-06-16T10:57:30Z</time>
   </trkpt>
   <trkpt lat="48.057912" lon="12.178087">
    <ele>475.899</ele>
    <time>2026-06-16T10:57:47Z</time>
   </trkpt>
   <trkpt lat="48.058149" lon="12.179134">
    <ele>476.503</ele>
    <time>2026-06-16T10:57:58Z</time>
   </trkpt>
   <trkpt lat="48.058232" lon="12.180270">
    <ele>476.023</ele>
    <time>2026-06-16T10:58:11Z</time>
   </trkpt>
   <trkpt lat="48.058440" lon="12.181992">
    <ele>477.049</ele>
    <time>2026-06-16T10:58:32Z</time>
   </trkpt>
   <trkpt lat="48.058487" lon="12.182381">
    <ele>476.900</ele>
    <time>2026-06-16T10:58:37Z</time>
   </trkpt>
   <trkpt lat="48.058592" lon="12.182635">
    <ele>477.498</ele>
    <time>2026-06-16T10:58:41Z</time>
   </trkpt>
   <trkpt lat="48.059013" lon="12.182998">
    <ele>478.748</ele>
    <time>2026-06-16T10:58:51Z</time>
   </trkpt>
   <trkpt lat="48.059404" lon="12.183369">
    <ele>479.630</ele>
    <time>2026-06-16T10:59:01Z</time>
   </trkpt>
   <trkpt lat="48.059347" lon="12.183598">
    <ele>481.809</ele>
    <time>2026-06-16T10:59:16Z</time>
   </trkpt>
   <trkpt lat="48.059347" lon="12.183598">
    <ele>481.746</ele>
    <time>2026-06-16T10:59:25Z</time>
   </trkpt>
   <trkpt lat="48.059401" lon="12.183654">
    <ele>481.276</ele>
    <time>2026-06-16T10:59:29Z</time>
   </trkpt>
   <trkpt lat="48.059216" lon="12.184186">
    <ele>482.803</ele>
    <time>2026-06-16T10:59:40Z</time>
   </trkpt>
   <trkpt lat="48.059034" lon="12.184638">
    <ele>485.100</ele>
    <time>2026-06-16T10:59:50Z</time>
   </trkpt>
   <trkpt lat="48.059036" lon="12.184716">
    <ele>484.898</ele>
    <time>2026-06-16T11:00:02Z</time>
   </trkpt>
   <trkpt lat="48.059040" lon="12.184774">
    <ele>484.612</ele>
    <time>2026-06-16T11:00:13Z</time>
   </trkpt>
   <trkpt lat="48.059180" lon="12.184906">
    <ele>484.755</ele>
    <time>2026-06-16T11:00:18Z</time>
   </trkpt>
   <trkpt lat="48.060196" lon="12.185294">
    <ele>483.885</ele>
    <time>2026-06-16T11:00:35Z</time>
   </trkpt>
   <trkpt lat="48.061314" lon="12.185725">
    <ele>483.498</ele>
    <time>2026-06-16T11:00:53Z</time>
   </trkpt>
   <trkpt lat="48.061499" lon="12.185794">
    <ele>483.803</ele>
    <time>2026-06-16T11:00:56Z</time>
   </trkpt>
   <trkpt lat="48.061584" lon="12.186227">
    <ele>485.318</ele>
    <time>2026-06-16T11:01:02Z</time>
   </trkpt>
   <trkpt lat="48.061354" lon="12.187462">
    <ele>488.497</ele>
    <time>2026-06-16T11:01:20Z</time>
   </trkpt>
   <trkpt lat="48.061328" lon="12.187669">
    <ele>489.908</ele>
    <time>2026-06-16T11:01:23Z</time>
   </trkpt>
   <trkpt lat="48.061084" lon="12.188887">
    <ele>493.537</ele>
    <time>2026-06-16T11:01:44Z</time>
   </trkpt>
   <trkpt lat="48.060907" lon="12.189784">
    <ele>495.864</ele>
    <time>2026-06-16T11:02:01Z</time>
   </trkpt>
   <trkpt lat="48.060672" lon="12.191116">
    <ele>497.507</ele>
    <time>2026-06-16T11:02:24Z</time>
   </trkpt>
   <trkpt lat="48.060455" lon="12.192388">
    <ele>498.599</ele>
    <time>2026-06-16T11:02:42Z</time>
   </trkpt>
   <trkpt lat="48.060275" lon="12.193409">
    <ele>498.584</ele>
    <time>2026-06-16T11:02:56Z</time>
   </trkpt>
   <trkpt lat="48.060255" lon="12.193565">
    <ele>498.894</ele>
    <time>2026-06-16T11:02:58Z</time>
   </trkpt>
   <trkpt lat="48.060100" lon="12.194476">
    <ele>498.814</ele>
    <time>2026-06-16T11:03:10Z</time>
   </trkpt>
   <trkpt lat="48.060079" lon="12.194837">
    <ele>499.374</ele>
    <time>2026-06-16T11:03:15Z</time>
   </trkpt>
   <trkpt lat="48.060179" lon="12.195517">
    <ele>500.009</ele>
    <time>2026-06-16T11:03:25Z</time>
   </trkpt>
   <trkpt lat="48.060123" lon="12.195741">
    <ele>499.568</ele>
    <time>2026-06-16T11:03:29Z</time>
   </trkpt>
   <trkpt lat="48.060192" lon="12.196124">
    <ele>500.103</ele>
    <time>2026-06-16T11:03:35Z</time>
   </trkpt>
   <trkpt lat="48.060931" lon="12.197031">
    <ele>497.562</ele>
    <time>2026-06-16T11:03:54Z</time>
   </trkpt>
   <trkpt lat="48.061507" lon="12.197523">
    <ele>493.825</ele>
    <time>2026-06-16T11:04:06Z</time>
   </trkpt>
   <trkpt lat="48.061505" lon="12.197878">
    <ele>488.805</ele>
    <time>2026-06-16T11:04:11Z</time>
   </trkpt>
   <trkpt lat="48.061516" lon="12.198015">
    <ele>487.420</ele>
    <time>2026-06-16T11:04:13Z</time>
   </trkpt>
   <trkpt lat="48.061732" lon="12.198350">
    <ele>487.803</ele>
    <time>2026-06-16T11:04:20Z</time>
   </trkpt>
   <trkpt lat="48.061743" lon="12.198403">
    <ele>487.991</ele>
    <time>2026-06-16T11:04:21Z</time>
   </trkpt>
   <trkpt lat="48.061680" lon="12.198464">
    <ele>489.335</ele>
    <time>2026-06-16T11:04:25Z</time>
   </trkpt>
   <trkpt lat="48.061529" lon="12.198422">
    <ele>491.715</ele>
    <time>2026-06-16T11:04:30Z</time>
   </trkpt>
   <trkpt lat="48.061534" lon="12.198548">
    <ele>493.609</ele>
    <time>2026-06-16T11:04:34Z</time>
   </trkpt>
   <trkpt lat="48.062012" lon="12.199403">
    <ele>492.365</ele>
    <time>2026-06-16T11:04:48Z</time>
   </trkpt>
   <trkpt lat="48.062650" lon="12.200583">
    <ele>490.114</ele>
    <time>2026-06-16T11:05:04Z</time>
   </trkpt>
   <trkpt lat="48.062743" lon="12.200748">
    <ele>489.777</ele>
    <time>2026-06-16T11:05:10Z</time>
   </trkpt>
   <trkpt lat="48.062907" lon="12.201101">
    <ele>489.393</ele>
    <time>2026-06-16T11:05:16Z</time>
   </trkpt>
   <trkpt lat="48.063003" lon="12.201400">
    <ele>489.740</ele>
    <time>2026-06-16T11:05:20Z</time>
   </trkpt>
   <trkpt lat="48.063046" lon="12.201645">
    <ele>488.717</ele>
    <time>2026-06-16T11:05:23Z</time>
   </trkpt>
   <trkpt lat="48.063047" lon="12.201983">
    <ele>486.523</ele>
    <time>2026-06-16T11:05:27Z</time>
   </trkpt>
   <trkpt lat="48.062977" lon="12.202365">
    <ele>485.187</ele>
    <time>2026-06-16T11:05:31Z</time>
   </trkpt>
   <trkpt lat="48.062807" lon="12.202596">
    <ele>486.813</ele>
    <time>2026-06-16T11:05:36Z</time>
   </trkpt>
   <trkpt lat="48.062730" lon="12.202985">
    <ele>487.952</ele>
    <time>2026-06-16T11:05:47Z</time>
   </trkpt>
   <trkpt lat="48.062745" lon="12.203040">
    <ele>487.768</ele>
    <time>2026-06-16T11:05:48Z</time>
   </trkpt>
   <trkpt lat="48.062710" lon="12.203377">
    <ele>488.517</ele>
    <time>2026-06-16T11:05:53Z</time>
   </trkpt>
   <trkpt lat="48.062672" lon="12.203523">
    <ele>488.678</ele>
    <time>2026-06-16T11:05:55Z</time>
   </trkpt>
   <trkpt lat="48.062636" lon="12.203757">
    <ele>489.832</ele>
    <time>2026-06-16T11:05:58Z</time>
   </trkpt>
   <trkpt lat="48.062213" lon="12.205771">
    <ele>492.540</ele>
    <time>2026-06-16T11:06:22Z</time>
   </trkpt>
   <trkpt lat="48.061903" lon="12.207094">
    <ele>492.667</ele>
    <time>2026-06-16T11:06:38Z</time>
   </trkpt>
   <trkpt lat="48.061738" lon="12.207824">
    <ele>491.688</ele>
    <time>2026-06-16T11:06:47Z</time>
   </trkpt>
   <trkpt lat="48.061643" lon="12.208037">
    <ele>491.686</ele>
    <time>2026-06-16T11:06:50Z</time>
   </trkpt>
   <trkpt lat="48.061545" lon="12.208407">
    <ele>491.731</ele>
    <time>2026-06-16T11:06:55Z</time>
   </trkpt>
   <trkpt lat="48.061422" lon="12.208693">
    <ele>491.628</ele>
    <time>2026-06-16T11:07:00Z</time>
   </trkpt>
   <trkpt lat="48.061351" lon="12.208737">
    <ele>490.639</ele>
    <time>2026-06-16T11:07:02Z</time>
   </trkpt>
   <trkpt lat="48.061360" lon="12.208982">
    <ele>491.092</ele>
    <time>2026-06-16T11:07:07Z</time>
   </trkpt>
   <trkpt lat="48.061423" lon="12.209150">
    <ele>491.594</ele>
    <time>2026-06-16T11:07:13Z</time>
   </trkpt>
   <trkpt lat="48.061558" lon="12.209221">
    <ele>492.301</ele>
    <time>2026-06-16T11:07:18Z</time>
   </trkpt>
   <trkpt lat="48.061663" lon="12.209181">
    <ele>492.860</ele>
    <time>2026-06-16T11:07:21Z</time>
   </trkpt>
   <trkpt lat="48.061760" lon="12.209480">
    <ele>492.581</ele>
    <time>2026-06-16T11:07:28Z</time>
   </trkpt>
   <trkpt lat="48.061696" lon="12.209612">
    <ele>492.851</ele>
    <time>2026-06-16T11:07:30Z</time>
   </trkpt>
   <trkpt lat="48.061435" lon="12.210496">
    <ele>491.753</ele>
    <time>2026-06-16T11:07:41Z</time>
   </trkpt>
   <trkpt lat="48.061432" lon="12.211263">
    <ele>492.396</ele>
    <time>2026-06-16T11:07:50Z</time>
   </trkpt>
   <trkpt lat="48.061404" lon="12.211845">
    <ele>492.687</ele>
    <time>2026-06-16T11:07:57Z</time>
   </trkpt>
   <trkpt lat="48.061378" lon="12.212189">
    <ele>492.473</ele>
    <time>2026-06-16T11:08:01Z</time>
   </trkpt>
   <trkpt lat="48.061220" lon="12.213770">
    <ele>493.259</ele>
    <time>2026-06-16T11:08:20Z</time>
   </trkpt>
   <trkpt lat="48.061169" lon="12.214195">
    <ele>492.409</ele>
    <time>2026-06-16T11:08:25Z</time>
   </trkpt>
   <trkpt lat="48.061292" lon="12.215443">
    <ele>491.687</ele>
    <time>2026-06-16T11:08:40Z</time>
   </trkpt>
   <trkpt lat="48.061314" lon="12.215615">
    <ele>491.415</ele>
    <time>2026-06-16T11:08:42Z</time>
   </trkpt>
   <trkpt lat="48.061340" lon="12.215984">
    <ele>491.343</ele>
    <time>2026-06-16T11:08:46Z</time>
   </trkpt>
   <trkpt lat="48.061160" lon="12.217539">
    <ele>486.762</ele>
    <time>2026-06-16T11:09:01Z</time>
   </trkpt>
   <trkpt lat="48.061085" lon="12.218134">
    <ele>484.112</ele>
    <time>2026-06-16T11:09:06Z</time>
   </trkpt>
   <trkpt lat="48.060873" lon="12.218725">
    <ele>479.866</ele>
    <time>2026-06-16T11:09:11Z</time>
   </trkpt>
   <trkpt lat="48.060719" lon="12.219926">
    <ele>470.422</ele>
    <time>2026-06-16T11:09:18Z</time>
   </trkpt>
   <trkpt lat="48.060660" lon="12.220768">
    <ele>466.276</ele>
    <time>2026-06-16T11:09:22Z</time>
   </trkpt>
   <trkpt lat="48.060794" lon="12.221990">
    <ele>455.802</ele>
    <time>2026-06-16T11:09:29Z</time>
   </trkpt>
   <trkpt lat="48.060878" lon="12.222576">
    <ele>451.686</ele>
    <time>2026-06-16T11:09:37Z</time>
   </trkpt>
   <trkpt lat="48.060910" lon="12.223217">
    <ele>447.366</ele>
    <time>2026-06-16T11:09:47Z</time>
   </trkpt>
   <trkpt lat="48.060904" lon="12.223243">
    <ele>447.263</ele>
    <time>2026-06-16T11:09:53Z</time>
   </trkpt>
   <trkpt lat="48.060855" lon="12.223457">
    <ele>446.195</ele>
    <time>2026-06-16T11:09:59Z</time>
   </trkpt>
   <trkpt lat="48.060908" lon="12.224568">
    <ele>442.609</ele>
    <time>2026-06-16T11:10:11Z</time>
   </trkpt>
   <trkpt lat="48.060902" lon="12.224797">
    <ele>441.898</ele>
    <time>2026-06-16T11:10:13Z</time>
   </trkpt>
   <trkpt lat="48.060923" lon="12.225258">
    <ele>439.907</ele>
    <time>2026-06-16T11:10:17Z</time>
   </trkpt>
   <trkpt lat="48.060871" lon="12.225677">
    <ele>439.888</ele>
    <time>2026-06-16T11:10:21Z</time>
   </trkpt>
   <trkpt lat="48.060882" lon="12.226729">
    <ele>444.027</ele>
    <time>2026-06-16T11:10:35Z</time>
   </trkpt>
   <trkpt lat="48.060953" lon="12.227585">
    <ele>447.313</ele>
    <time>2026-06-16T11:10:52Z</time>
   </trkpt>
   <trkpt lat="48.060977" lon="12.228930">
    <ele>449.232</ele>
    <time>2026-06-16T11:11:13Z</time>
   </trkpt>
   <trkpt lat="48.060977" lon="12.229262">
    <ele>449.172</ele>
    <time>2026-06-16T11:11:17Z</time>
   </trkpt>
   <trkpt lat="48.060897" lon="12.229552">
    <ele>450.730</ele>
    <time>2026-06-16T11:11:21Z</time>
   </trkpt>
   <trkpt lat="48.060655" lon="12.230158">
    <ele>447.291</ele>
    <time>2026-06-16T11:11:29Z</time>
   </trkpt>
   <trkpt lat="48.060425" lon="12.230579">
    <ele>443.169</ele>
    <time>2026-06-16T11:11:34Z</time>
   </trkpt>
   <trkpt lat="48.060349" lon="12.230853">
    <ele>441.456</ele>
    <time>2026-06-16T11:11:37Z</time>
   </trkpt>
   <trkpt lat="48.060491" lon="12.231800">
    <ele>436.984</ele>
    <time>2026-06-16T11:11:48Z</time>
   </trkpt>
   <trkpt lat="48.060535" lon="12.232246">
    <ele>436.140</ele>
    <time>2026-06-16T11:11:58Z</time>
   </trkpt>
   <trkpt lat="48.060594" lon="12.232496">
    <ele>436.383</ele>
    <time>2026-06-16T11:12:07Z</time>
   </trkpt>
   <trkpt lat="48.060582" lon="12.232525">
    <ele>436.339</ele>
    <time>2026-06-16T11:12:11Z</time>
   </trkpt>
   <trkpt lat="48.060580" lon="12.232630">
    <ele>434.898</ele>
    <time>2026-06-16T11:12:30Z</time>
   </trkpt>
   <trkpt lat="48.060609" lon="12.232730">
    <ele>434.546</ele>
    <time>2026-06-16T11:12:41Z</time>
   </trkpt>
   <trkpt lat="48.060642" lon="12.232777">
    <ele>434.483</ele>
    <time>2026-06-16T11:12:44Z</time>
   </trkpt>
  </trkseg>
 </trk>
 <trk>
  <name>ACTIVE LOG043939</name>
  <trkseg>
   <trkpt lat="48.060767" lon="12.233844">
    <ele>490.188</ele>
    <time>2026-06-16T11:39:39Z</time>
   </trkpt>
   <trkpt lat="48.060876" lon="12.233595">
    <ele>471.234</ele>
    <time>2026-06-16T11:40:01Z</time>
   </trkpt>
   <trkpt lat="48.060836" lon="12.233482">
    <ele>468.879</ele>
    <time>2026-06-16T11:40:05Z</time>
   </trkpt>
   <trkpt lat="48.060688" lon="12.232569">
    <ele>458.352</ele>
    <time>2026-06-16T11:40:19Z</time>
   </trkpt>
   <trkpt lat="48.060672" lon="12.232498">
    <ele>458.016</ele>
    <time>2026-06-16T11:40:20Z</time>
   </trkpt>
   <trkpt lat="48.060494" lon="12.232314">
    <ele>453.556</ele>
    <time>2026-06-16T11:40:26Z</time>
   </trkpt>
   <trkpt lat="48.060175" lon="12.232469">
    <ele>450.573</ele>
    <time>2026-06-16T11:40:36Z</time>
   </trkpt>
   <trkpt lat="48.059994" lon="12.232453">
    <ele>448.269</ele>
    <time>2026-06-16T11:40:47Z</time>
   </trkpt>
   <trkpt lat="48.059926" lon="12.232542">
    <ele>445.335</ele>
    <time>2026-06-16T11:41:00Z</time>
   </trkpt>
   <trkpt lat="48.059695" lon="12.232453">
    <ele>432.044</ele>
    <time>2026-06-16T11:41:22Z</time>
   </trkpt>
   <trkpt lat="48.059574" lon="12.232439">
    <ele>430.023</ele>
    <time>2026-06-16T11:41:42Z</time>
   </trkpt>
   <trkpt lat="48.059567" lon="12.232450">
    <ele>430.060</ele>
    <time>2026-06-16T11:42:37Z</time>
   </trkpt>
   <trkpt lat="48.059332" lon="12.232467">
    <ele>429.414</ele>
    <time>2026-06-16T11:42:48Z</time>
   </trkpt>
   <trkpt lat="48.058726" lon="12.232459">
    <ele>429.431</ele>
    <time>2026-06-16T11:43:01Z</time>
   </trkpt>
   <trkpt lat="48.058570" lon="12.232201">
    <ele>428.739</ele>
    <time>2026-06-16T11:43:06Z</time>
   </trkpt>
   <trkpt lat="48.058506" lon="12.231855">
    <ele>429.904</ele>
    <time>2026-06-16T11:43:11Z</time>
   </trkpt>
   <trkpt lat="48.058204" lon="12.230909">
    <ele>440.078</ele>
    <time>2026-06-16T11:43:25Z</time>
   </trkpt>
   <trkpt lat="48.057931" lon="12.230283">
    <ele>447.046</ele>
    <time>2026-06-16T11:43:34Z</time>
   </trkpt>
   <trkpt lat="48.057872" lon="12.230094">
    <ele>444.982</ele>
    <time>2026-06-16T11:43:37Z</time>
   </trkpt>
   <trkpt lat="48.057746" lon="12.229481">
    <ele>440.572</ele>
    <time>2026-06-16T11:43:51Z</time>
   </trkpt>
   <trkpt lat="48.057751" lon="12.229564">
    <ele>438.955</ele>
    <time>2026-06-16T11:43:56Z</time>
   </trkpt>
   <trkpt lat="48.057852" lon="12.229961">
    <ele>436.984</ele>
    <time>2026-06-16T11:44:07Z</time>
   </trkpt>
   <trkpt lat="48.057854" lon="12.229963">
    <ele>437.238</ele>
    <time>2026-06-16T11:44:14Z</time>
   </trkpt>
   <trkpt lat="48.057745" lon="12.229904">
    <ele>436.837</ele>
    <time>2026-06-16T11:44:19Z</time>
   </trkpt>
   <trkpt lat="48.057454" lon="12.229595">
    <ele>435.082</ele>
    <time>2026-06-16T11:44:26Z</time>
   </trkpt>
   <trkpt lat="48.057196" lon="12.229265">
    <ele>434.504</ele>
    <time>2026-06-16T11:44:32Z</time>
   </trkpt>
   <trkpt lat="48.056913" lon="12.229097">
    <ele>435.098</ele>
    <time>2026-06-16T11:44:38Z</time>
   </trkpt>
   <trkpt lat="48.056330" lon="12.229238">
    <ele>439.499</ele>
    <time>2026-06-16T11:44:52Z</time>
   </trkpt>
   <trkpt lat="48.056092" lon="12.229506">
    <ele>440.041</ele>
    <time>2026-06-16T11:45:00Z</time>
   </trkpt>
   <trkpt lat="48.055942" lon="12.229618">
    <ele>440.368</ele>
    <time>2026-06-16T11:45:04Z</time>
   </trkpt>
   <trkpt lat="48.055652" lon="12.229642">
    <ele>442.932</ele>
    <time>2026-06-16T11:45:12Z</time>
   </trkpt>
   <trkpt lat="48.055569" lon="12.229542">
    <ele>445.232</ele>
    <time>2026-06-16T11:45:17Z</time>
   </trkpt>
   <trkpt lat="48.055324" lon="12.229194">
    <ele>448.297</ele>
    <time>2026-06-16T11:45:27Z</time>
   </trkpt>
   <trkpt lat="48.055276" lon="12.229082">
    <ele>448.893</ele>
    <time>2026-06-16T11:45:29Z</time>
   </trkpt>
   <trkpt lat="48.055141" lon="12.228788">
    <ele>448.443</ele>
    <time>2026-06-16T11:45:34Z</time>
   </trkpt>
   <trkpt lat="48.054996" lon="12.228464">
    <ele>449.735</ele>
    <time>2026-06-16T11:45:40Z</time>
   </trkpt>
   <trkpt lat="48.054651" lon="12.228019">
    <ele>449.205</ele>
    <time>2026-06-16T11:45:50Z</time>
   </trkpt>
   <trkpt lat="48.054511" lon="12.227905">
    <ele>450.438</ele>
    <time>2026-06-16T11:45:53Z</time>
   </trkpt>
   <trkpt lat="48.054222" lon="12.227808">
    <ele>448.581</ele>
    <time>2026-06-16T11:46:01Z</time>
   </trkpt>
   <trkpt lat="48.053864" lon="12.228128">
    <ele>449.715</ele>
    <time>2026-06-16T11:46:14Z</time>
   </trkpt>
   <trkpt lat="48.053344" lon="12.228253">
    <ele>448.490</ele>
    <time>2026-06-16T11:46:29Z</time>
   </trkpt>
   <trkpt lat="48.053303" lon="12.228245">
    <ele>448.839</ele>
    <time>2026-06-16T11:46:30Z</time>
   </trkpt>
   <trkpt lat="48.053217" lon="12.228254">
    <ele>451.082</ele>
    <time>2026-06-16T11:46:32Z</time>
   </trkpt>
   <trkpt lat="48.052991" lon="12.228303">
    <ele>450.554</ele>
    <time>2026-06-16T11:46:37Z</time>
   </trkpt>
   <trkpt lat="48.052788" lon="12.228445">
    <ele>451.230</ele>
    <time>2026-06-16T11:46:42Z</time>
   </trkpt>
   <trkpt lat="48.052362" lon="12.229358">
    <ele>451.184</ele>
    <time>2026-06-16T11:46:58Z</time>
   </trkpt>
   <trkpt lat="48.052320" lon="12.229726">
    <ele>451.041</ele>
    <time>2026-06-16T11:47:03Z</time>
   </trkpt>
   <trkpt lat="48.052354" lon="12.230304">
    <ele>448.911</ele>
    <time>2026-06-16T11:47:11Z</time>
   </trkpt>
   <trkpt lat="48.052346" lon="12.230427">
    <ele>449.533</ele>
    <time>2026-06-16T11:47:13Z</time>
   </trkpt>
   <trkpt lat="48.052311" lon="12.230659">
    <ele>448.769</ele>
    <time>2026-06-16T11:47:17Z</time>
   </trkpt>
   <trkpt lat="48.052227" lon="12.230865">
    <ele>448.904</ele>
    <time>2026-06-16T11:47:21Z</time>
   </trkpt>
   <trkpt lat="48.052139" lon="12.231000">
    <ele>448.724</ele>
    <time>2026-06-16T11:47:24Z</time>
   </trkpt>
   <trkpt lat="48.052067" lon="12.231158">
    <ele>447.829</ele>
    <time>2026-06-16T11:47:27Z</time>
   </trkpt>
   <trkpt lat="48.051818" lon="12.231644">
    <ele>450.165</ele>
    <time>2026-06-16T11:47:36Z</time>
   </trkpt>
   <trkpt lat="48.051540" lon="12.231823">
    <ele>454.843</ele>
    <time>2026-06-16T11:47:48Z</time>
   </trkpt>
   <trkpt lat="48.051156" lon="12.231940">
    <ele>461.225</ele>
    <time>2026-06-16T11:48:09Z</time>
   </trkpt>
   <trkpt lat="48.050799" lon="12.232034">
    <ele>462.368</ele>
    <time>2026-06-16T11:48:22Z</time>
   </trkpt>
   <trkpt lat="48.050325" lon="12.232291">
    <ele>464.677</ele>
    <time>2026-06-16T11:48:37Z</time>
   </trkpt>
   <trkpt lat="48.050134" lon="12.232420">
    <ele>464.618</ele>
    <time>2026-06-16T11:48:45Z</time>
   </trkpt>
   <trkpt lat="48.049825" lon="12.232530">
    <ele>463.169</ele>
    <time>2026-06-16T11:48:52Z</time>
   </trkpt>
   <trkpt lat="48.049294" lon="12.232551">
    <ele>462.930</ele>
    <time>2026-06-16T11:49:03Z</time>
   </trkpt>
   <trkpt lat="48.049195" lon="12.232573">
    <ele>462.894</ele>
    <time>2026-06-16T11:49:05Z</time>
   </trkpt>
   <trkpt lat="48.049005" lon="12.232858">
    <ele>461.818</ele>
    <time>2026-06-16T11:49:10Z</time>
   </trkpt>
   <trkpt lat="48.048950" lon="12.233119">
    <ele>462.563</ele>
    <time>2026-06-16T11:49:16Z</time>
   </trkpt>
   <trkpt lat="48.049014" lon="12.233371">
    <ele>460.718</ele>
    <time>2026-06-16T11:49:21Z</time>
   </trkpt>
   <trkpt lat="48.048857" lon="12.233580">
    <ele>462.722</ele>
    <time>2026-06-16T11:49:28Z</time>
   </trkpt>
   <trkpt lat="48.048487" lon="12.233760">
    <ele>463.326</ele>
    <time>2026-06-16T11:49:42Z</time>
   </trkpt>
   <trkpt lat="48.048304" lon="12.233813">
    <ele>464.251</ele>
    <time>2026-06-16T11:49:48Z</time>
   </trkpt>
   <trkpt lat="48.048175" lon="12.233616">
    <ele>465.508</ele>
    <time>2026-06-16T11:49:54Z</time>
   </trkpt>
   <trkpt lat="48.048240" lon="12.233796">
    <ele>465.801</ele>
    <time>2026-06-16T11:50:00Z</time>
   </trkpt>
   <trkpt lat="48.048360" lon="12.234103">
    <ele>465.069</ele>
    <time>2026-06-16T11:50:05Z</time>
   </trkpt>
   <trkpt lat="48.048491" lon="12.234958">
    <ele>467.702</ele>
    <time>2026-06-16T11:50:21Z</time>
   </trkpt>
   <trkpt lat="48.048736" lon="12.235473">
    <ele>472.144</ele>
    <time>2026-06-16T11:50:38Z</time>
   </trkpt>
   <trkpt lat="48.049040" lon="12.236049">
    <ele>472.220</ele>
    <time>2026-06-16T11:50:54Z</time>
   </trkpt>
   <trkpt lat="48.049073" lon="12.236448">
    <ele>471.261</ele>
    <time>2026-06-16T11:51:01Z</time>
   </trkpt>
   <trkpt lat="48.048999" lon="12.236926">
    <ele>470.617</ele>
    <time>2026-06-16T11:51:08Z</time>
   </trkpt>
   <trkpt lat="48.048841" lon="12.237402">
    <ele>470.979</ele>
    <time>2026-06-16T11:51:15Z</time>
   </trkpt>
   <trkpt lat="48.048750" lon="12.237733">
    <ele>471.203</ele>
    <time>2026-06-16T11:51:20Z</time>
   </trkpt>
   <trkpt lat="48.048706" lon="12.237987">
    <ele>471.641</ele>
    <time>2026-06-16T11:51:24Z</time>
   </trkpt>
   <trkpt lat="48.048698" lon="12.238185">
    <ele>471.489</ele>
    <time>2026-06-16T11:51:27Z</time>
   </trkpt>
   <trkpt lat="48.048708" lon="12.238320">
    <ele>471.255</ele>
    <time>2026-06-16T11:51:29Z</time>
   </trkpt>
   <trkpt lat="48.048855" lon="12.238672">
    <ele>470.801</ele>
    <time>2026-06-16T11:51:35Z</time>
   </trkpt>
   <trkpt lat="48.049083" lon="12.238961">
    <ele>470.506</ele>
    <time>2026-06-16T11:51:41Z</time>
   </trkpt>
   <trkpt lat="48.049224" lon="12.239428">
    <ele>470.950</ele>
    <time>2026-06-16T11:51:48Z</time>
   </trkpt>
   <trkpt lat="48.049395" lon="12.240642">
    <ele>474.653</ele>
    <time>2026-06-16T11:52:09Z</time>
   </trkpt>
   <trkpt lat="48.049731" lon="12.241275">
    <ele>475.038</ele>
    <time>2026-06-16T11:52:25Z</time>
   </trkpt>
   <trkpt lat="48.049829" lon="12.241420">
    <ele>474.755</ele>
    <time>2026-06-16T11:52:29Z</time>
   </trkpt>
   <trkpt lat="48.049640" lon="12.241838">
    <ele>472.659</ele>
    <time>2026-06-16T11:52:37Z</time>
   </trkpt>
   <trkpt lat="48.049280" lon="12.242026">
    <ele>470.840</ele>
    <time>2026-06-16T11:52:44Z</time>
   </trkpt>
   <trkpt lat="48.049006" lon="12.242337">
    <ele>470.907</ele>
    <time>2026-06-16T11:52:50Z</time>
   </trkpt>
   <trkpt lat="48.048642" lon="12.242543">
    <ele>470.904</ele>
    <time>2026-06-16T11:52:57Z</time>
   </trkpt>
   <trkpt lat="48.047598" lon="12.242596">
    <ele>470.678</ele>
    <time>2026-06-16T11:53:15Z</time>
   </trkpt>
   <trkpt lat="48.047426" lon="12.242810">
    <ele>470.310</ele>
    <time>2026-06-16T11:53:19Z</time>
   </trkpt>
   <trkpt lat="48.047365" lon="12.242962">
    <ele>470.540</ele>
    <time>2026-06-16T11:53:21Z</time>
   </trkpt>
   <trkpt lat="48.047090" lon="12.243075">
    <ele>470.836</ele>
    <time>2026-06-16T11:53:26Z</time>
   </trkpt>
   <trkpt lat="48.046378" lon="12.242953">
    <ele>472.140</ele>
    <time>2026-06-16T11:53:39Z</time>
   </trkpt>
   <trkpt lat="48.046230" lon="12.243187">
    <ele>472.298</ele>
    <time>2026-06-16T11:53:44Z</time>
   </trkpt>
   <trkpt lat="48.046316" lon="12.244961">
    <ele>474.173</ele>
    <time>2026-06-16T11:54:06Z</time>
   </trkpt>
   <trkpt lat="48.046548" lon="12.246811">
    <ele>475.348</ele>
    <time>2026-06-16T11:54:28Z</time>
   </trkpt>
   <trkpt lat="48.046686" lon="12.247779">
    <ele>478.570</ele>
    <time>2026-06-16T11:54:45Z</time>
   </trkpt>
   <trkpt lat="48.046861" lon="12.249007">
    <ele>478.308</ele>
    <time>2026-06-16T11:55:05Z</time>
   </trkpt>
   <trkpt lat="48.047023" lon="12.250009">
    <ele>478.295</ele>
    <time>2026-06-16T11:55:19Z</time>
   </trkpt>
   <trkpt lat="48.047080" lon="12.250213">
    <ele>478.827</ele>
    <time>2026-06-16T11:55:22Z</time>
   </trkpt>
   <trkpt lat="48.047072" lon="12.250500">
    <ele>479.173</ele>
    <time>2026-06-16T11:55:27Z</time>
   </trkpt>
   <trkpt lat="48.046886" lon="12.250936">
    <ele>479.001</ele>
    <time>2026-06-16T11:55:38Z</time>
   </trkpt>
   <trkpt lat="48.046841" lon="12.251495">
    <ele>482.806</ele>
    <time>2026-06-16T11:55:49Z</time>
   </trkpt>
   <trkpt lat="48.046769" lon="12.251973">
    <ele>492.063</ele>
    <time>2026-06-16T11:56:01Z</time>
   </trkpt>
   <trkpt lat="48.046766" lon="12.252002">
    <ele>492.686</ele>
    <time>2026-06-16T11:56:02Z</time>
   </trkpt>
   <trkpt lat="48.046730" lon="12.252107">
    <ele>495.742</ele>
    <time>2026-06-16T11:56:06Z</time>
   </trkpt>
   <trkpt lat="48.046673" lon="12.252225">
    <ele>498.049</ele>
    <time>2026-06-16T11:56:10Z</time>
   </trkpt>
   <trkpt lat="48.046550" lon="12.252255">
    <ele>498.503</ele>
    <time>2026-06-16T11:56:15Z</time>
   </trkpt>
   <trkpt lat="48.046284" lon="12.252388">
    <ele>497.699</ele>
    <time>2026-06-16T11:56:24Z</time>
   </trkpt>
   <trkpt lat="48.046040" lon="12.252432">
    <ele>497.854</ele>
    <time>2026-06-16T11:56:30Z</time>
   </trkpt>
   <trkpt lat="48.045806" lon="12.252452">
    <ele>499.668</ele>
    <time>2026-06-16T11:56:34Z</time>
   </trkpt>
   <trkpt lat="48.045479" lon="12.252431">
    <ele>497.957</ele>
    <time>2026-06-16T11:56:42Z</time>
   </trkpt>
   <trkpt lat="48.045221" lon="12.252380">
    <ele>496.924</ele>
    <time>2026-06-16T11:56:51Z</time>
   </trkpt>
   <trkpt lat="48.044948" lon="12.252237">
    <ele>493.110</ele>
    <time>2026-06-16T11:57:00Z</time>
   </trkpt>
   <trkpt lat="48.044775" lon="12.252189">
    <ele>492.103</ele>
    <time>2026-06-16T11:57:03Z</time>
   </trkpt>
   <trkpt lat="48.044673" lon="12.252126">
    <ele>492.294</ele>
    <time>2026-06-16T11:57:05Z</time>
   </trkpt>
   <trkpt lat="48.044032" lon="12.251434">
    <ele>487.335</ele>
    <time>2026-06-16T11:57:21Z</time>
   </trkpt>
   <trkpt lat="48.043968" lon="12.251403">
    <ele>486.487</ele>
    <time>2026-06-16T11:57:23Z</time>
   </trkpt>
   <trkpt lat="48.043958" lon="12.251524">
    <ele>485.815</ele>
    <time>2026-06-16T11:57:28Z</time>
   </trkpt>
   <trkpt lat="48.044180" lon="12.252298">
    <ele>488.548</ele>
    <time>2026-06-16T11:57:50Z</time>
   </trkpt>
   <trkpt lat="48.044419" lon="12.253063">
    <ele>491.825</ele>
    <time>2026-06-16T11:58:11Z</time>
   </trkpt>
   <trkpt lat="48.044682" lon="12.253960">
    <ele>493.498</ele>
    <time>2026-06-16T11:58:34Z</time>
   </trkpt>
   <trkpt lat="48.044954" lon="12.255179">
    <ele>494.615</ele>
    <time>2026-06-16T11:58:58Z</time>
   </trkpt>
   <trkpt lat="48.045102" lon="12.256532">
    <ele>492.704</ele>
    <time>2026-06-16T11:59:17Z</time>
   </trkpt>
   <trkpt lat="48.045311" lon="12.258871">
    <ele>490.713</ele>
    <time>2026-06-16T11:59:41Z</time>
   </trkpt>
   <trkpt lat="48.045447" lon="12.261187">
    <ele>487.757</ele>
    <time>2026-06-16T12:00:03Z</time>
   </trkpt>
   <trkpt lat="48.045966" lon="12.262661">
    <ele>486.704</ele>
    <time>2026-06-16T12:00:19Z</time>
   </trkpt>
   <trkpt lat="48.046397" lon="12.263825">
    <ele>489.779</ele>
    <time>2026-06-16T12:00:35Z</time>
   </trkpt>
   <trkpt lat="48.046654" lon="12.264856">
    <ele>494.553</ele>
    <time>2026-06-16T12:00:55Z</time>
   </trkpt>
   <trkpt lat="48.046944" lon="12.265971">
    <ele>499.350</ele>
    <time>2026-06-16T12:01:20Z</time>
   </trkpt>
   <trkpt lat="48.047281" lon="12.266872">
    <ele>504.507</ele>
    <time>2026-06-16T12:01:44Z</time>
   </trkpt>
   <trkpt lat="48.047487" lon="12.267383">
    <ele>507.346</ele>
    <time>2026-06-16T12:02:04Z</time>
   </trkpt>
   <trkpt lat="48.047703" lon="12.267858">
    <ele>508.729</ele>
    <time>2026-06-16T12:02:19Z</time>
   </trkpt>
   <trkpt lat="48.047845" lon="12.268343">
    <ele>507.141</ele>
    <time>2026-06-16T12:02:26Z</time>
   </trkpt>
   <trkpt lat="48.047976" lon="12.268657">
    <ele>507.333</ele>
    <time>2026-06-16T12:02:30Z</time>
   </trkpt>
   <trkpt lat="48.048048" lon="12.269148">
    <ele>506.246</ele>
    <time>2026-06-16T12:02:35Z</time>
   </trkpt>
   <trkpt lat="48.048038" lon="12.269346">
    <ele>506.682</ele>
    <time>2026-06-16T12:02:37Z</time>
   </trkpt>
   <trkpt lat="48.048110" lon="12.270295">
    <ele>509.129</ele>
    <time>2026-06-16T12:02:50Z</time>
   </trkpt>
   <trkpt lat="48.048295" lon="12.271900">
    <ele>509.095</ele>
    <time>2026-06-16T12:03:12Z</time>
   </trkpt>
   <trkpt lat="48.048315" lon="12.272129">
    <ele>508.487</ele>
    <time>2026-06-16T12:03:15Z</time>
   </trkpt>
   <trkpt lat="48.048422" lon="12.273470">
    <ele>507.482</ele>
    <time>2026-06-16T12:03:30Z</time>
   </trkpt>
   <trkpt lat="48.048716" lon="12.274898">
    <ele>508.787</ele>
    <time>2026-06-16T12:03:46Z</time>
   </trkpt>
   <trkpt lat="48.049324" lon="12.276129">
    <ele>509.107</ele>
    <time>2026-06-16T12:04:02Z</time>
   </trkpt>
   <trkpt lat="48.049384" lon="12.276290">
    <ele>509.419</ele>
    <time>2026-06-16T12:04:04Z</time>
   </trkpt>
   <trkpt lat="48.049541" lon="12.277557">
    <ele>511.338</ele>
    <time>2026-06-16T12:04:19Z</time>
   </trkpt>
   <trkpt lat="48.049617" lon="12.279310">
    <ele>505.920</ele>
    <time>2026-06-16T12:04:36Z</time>
   </trkpt>
   <trkpt lat="48.049639" lon="12.280981">
    <ele>503.832</ele>
    <time>2026-06-16T12:04:50Z</time>
   </trkpt>
   <trkpt lat="48.049525" lon="12.281170">
    <ele>503.212</ele>
    <time>2026-06-16T12:04:54Z</time>
   </trkpt>
   <trkpt lat="48.048696" lon="12.281106">
    <ele>501.697</ele>
    <time>2026-06-16T12:05:10Z</time>
   </trkpt>
   <trkpt lat="48.047588" lon="12.281016">
    <ele>504.876</ele>
    <time>2026-06-16T12:05:35Z</time>
   </trkpt>
   <trkpt lat="48.046578" lon="12.280972">
    <ele>506.667</ele>
    <time>2026-06-16T12:05:59Z</time>
   </trkpt>
   <trkpt lat="48.045685" lon="12.280768">
    <ele>507.195</ele>
    <time>2026-06-16T12:06:21Z</time>
   </trkpt>
   <trkpt lat="48.044792" lon="12.280540">
    <ele>507.289</ele>
    <time>2026-06-16T12:06:45Z</time>
   </trkpt>
   <trkpt lat="48.044223" lon="12.280428">
    <ele>509.540</ele>
    <time>2026-06-16T12:07:04Z</time>
   </trkpt>
   <trkpt lat="48.043817" lon="12.280388">
    <ele>514.836</ele>
    <time>2026-06-16T12:07:26Z</time>
   </trkpt>
   <trkpt lat="48.043487" lon="12.280361">
    <ele>518.004</ele>
    <time>2026-06-16T12:07:43Z</time>
   </trkpt>
   <trkpt lat="48.043060" lon="12.280378">
    <ele>518.701</ele>
    <time>2026-06-16T12:07:59Z</time>
   </trkpt>
   <trkpt lat="48.042550" lon="12.280350">
    <ele>520.179</ele>
    <time>2026-06-16T12:08:16Z</time>
   </trkpt>
   <trkpt lat="48.042126" lon="12.280202">
    <ele>522.095</ele>
    <time>2026-06-16T12:08:34Z</time>
   </trkpt>
   <trkpt lat="48.041716" lon="12.279942">
    <ele>522.233</ele>
    <time>2026-06-16T12:08:52Z</time>
   </trkpt>
   <trkpt lat="48.041476" lon="12.279810">
    <ele>522.427</ele>
    <time>2026-06-16T12:09:31Z</time>
   </trkpt>
   <trkpt lat="48.040731" lon="12.279515">
    <ele>516.300</ele>
    <time>2026-06-16T12:09:43Z</time>
   </trkpt>
   <trkpt lat="48.040606" lon="12.279502">
    <ele>515.091</ele>
    <time>2026-06-16T12:09:45Z</time>
   </trkpt>
   <trkpt lat="48.040221" lon="12.279685">
    <ele>512.348</ele>
    <time>2026-06-16T12:09:52Z</time>
   </trkpt>
   <trkpt lat="48.040123" lon="12.279559">
    <ele>511.208</ele>
    <time>2026-06-16T12:09:54Z</time>
   </trkpt>
   <trkpt lat="48.039701" lon="12.279397">
    <ele>509.192</ele>
    <time>2026-06-16T12:10:01Z</time>
   </trkpt>
   <trkpt lat="48.039577" lon="12.279454">
    <ele>508.740</ele>
    <time>2026-06-16T12:10:03Z</time>
   </trkpt>
   <trkpt lat="48.039342" lon="12.279672">
    <ele>508.229</ele>
    <time>2026-06-16T12:10:07Z</time>
   </trkpt>
   <trkpt lat="48.038666" lon="12.279907">
    <ele>507.958</ele>
    <time>2026-06-16T12:10:18Z</time>
   </trkpt>
   <trkpt lat="48.038608" lon="12.279925">
    <ele>508.067</ele>
    <time>2026-06-16T12:10:19Z</time>
   </trkpt>
   <trkpt lat="48.038354" lon="12.280092">
    <ele>508.644</ele>
    <time>2026-06-16T12:10:24Z</time>
   </trkpt>
   <trkpt lat="48.038263" lon="12.280193">
    <ele>508.777</ele>
    <time>2026-06-16T12:10:26Z</time>
   </trkpt>
   <trkpt lat="48.038011" lon="12.280224">
    <ele>508.845</ele>
    <time>2026-06-16T12:10:31Z</time>
   </trkpt>
   <trkpt lat="48.037159" lon="12.279611">
    <ele>505.230</ele>
    <time>2026-06-16T12:10:46Z</time>
   </trkpt>
   <trkpt lat="48.036977" lon="12.279729">
    <ele>504.449</ele>
    <time>2026-06-16T12:10:51Z</time>
   </trkpt>
   <trkpt lat="48.036877" lon="12.280797">
    <ele>504.175</ele>
    <time>2026-06-16T12:11:05Z</time>
   </trkpt>
   <trkpt lat="48.036873" lon="12.280858">
    <ele>503.916</ele>
    <time>2026-06-16T12:11:07Z</time>
   </trkpt>
   <trkpt lat="48.036889" lon="12.280889">
    <ele>503.528</ele>
    <time>2026-06-16T12:11:10Z</time>
   </trkpt>
   <trkpt lat="48.036909" lon="12.280763">
    <ele>502.874</ele>
    <time>2026-06-16T12:11:15Z</time>
   </trkpt>
   <trkpt lat="48.036994" lon="12.279965">
    <ele>503.204</ele>
    <time>2026-06-16T12:11:28Z</time>
   </trkpt>
   <trkpt lat="48.037014" lon="12.279742">
    <ele>503.356</ele>
    <time>2026-06-16T12:11:37Z</time>
   </trkpt>
   <trkpt lat="48.037012" lon="12.279582">
    <ele>502.707</ele>
    <time>2026-06-16T12:11:52Z</time>
   </trkpt>
   <trkpt lat="48.036834" lon="12.279383">
    <ele>502.049</ele>
    <time>2026-06-16T12:11:57Z</time>
   </trkpt>
   <trkpt lat="48.035885" lon="12.278971">
    <ele>495.674</ele>
    <time>2026-06-16T12:12:12Z</time>
   </trkpt>
   <trkpt lat="48.034495" lon="12.278546">
    <ele>491.429</ele>
    <time>2026-06-16T12:12:30Z</time>
   </trkpt>
   <trkpt lat="48.033906" lon="12.278339">
    <ele>489.705</ele>
    <time>2026-06-16T12:12:38Z</time>
   </trkpt>
   <trkpt lat="48.033703" lon="12.278284">
    <ele>489.278</ele>
    <time>2026-06-16T12:12:41Z</time>
   </trkpt>
   <trkpt lat="48.033263" lon="12.278055">
    <ele>488.577</ele>
    <time>2026-06-16T12:12:48Z</time>
   </trkpt>
   <trkpt lat="48.032912" lon="12.277487">
    <ele>487.646</ele>
    <time>2026-06-16T12:12:56Z</time>
   </trkpt>
   <trkpt lat="48.032442" lon="12.275693">
    <ele>485.280</ele>
    <time>2026-06-16T12:13:16Z</time>
   </trkpt>
   <trkpt lat="48.032206" lon="12.275688">
    <ele>485.580</ele>
    <time>2026-06-16T12:13:22Z</time>
   </trkpt>
   <trkpt lat="48.031969" lon="12.275918">
    <ele>484.931</ele>
    <time>2026-06-16T12:13:28Z</time>
   </trkpt>
   <trkpt lat="48.031639" lon="12.276126">
    <ele>484.660</ele>
    <time>2026-06-16T12:13:34Z</time>
   </trkpt>
   <trkpt lat="48.031014" lon="12.276846">
    <ele>483.680</ele>
    <time>2026-06-16T12:13:47Z</time>
   </trkpt>
   <trkpt lat="48.030801" lon="12.277002">
    <ele>483.772</ele>
    <time>2026-06-16T12:13:51Z</time>
   </trkpt>
   <trkpt lat="48.030087" lon="12.277439">
    <ele>484.381</ele>
    <time>2026-06-16T12:14:06Z</time>
   </trkpt>
   <trkpt lat="48.029987" lon="12.277565">
    <ele>484.855</ele>
    <time>2026-06-16T12:14:09Z</time>
   </trkpt>
   <trkpt lat="48.029901" lon="12.277947">
    <ele>485.952</ele>
    <time>2026-06-16T12:14:16Z</time>
   </trkpt>
   <trkpt lat="48.030203" lon="12.279409">
    <ele>488.753</ele>
    <time>2026-06-16T12:14:39Z</time>
   </trkpt>
   <trkpt lat="48.030424" lon="12.280482">
    <ele>491.199</ele>
    <time>2026-06-16T12:14:57Z</time>
   </trkpt>
   <trkpt lat="48.030348" lon="12.280765">
    <ele>490.741</ele>
    <time>2026-06-16T12:15:02Z</time>
   </trkpt>
   <trkpt lat="48.030227" lon="12.280843">
    <ele>491.486</ele>
    <time>2026-06-16T12:15:05Z</time>
   </trkpt>
   <trkpt lat="48.030129" lon="12.281121">
    <ele>492.614</ele>
    <time>2026-06-16T12:15:10Z</time>
   </trkpt>
   <trkpt lat="48.030100" lon="12.282030">
    <ele>494.433</ele>
    <time>2026-06-16T12:15:28Z</time>
   </trkpt>
   <trkpt lat="48.030069" lon="12.282737">
    <ele>498.314</ele>
    <time>2026-06-16T12:15:47Z</time>
   </trkpt>
   <trkpt lat="48.030054" lon="12.283263">
    <ele>502.364</ele>
    <time>2026-06-16T12:16:05Z</time>
   </trkpt>
   <trkpt lat="48.030043" lon="12.283861">
    <ele>508.032</ele>
    <time>2026-06-16T12:16:28Z</time>
   </trkpt>
   <trkpt lat="48.030124" lon="12.284462">
    <ele>512.577</ele>
    <time>2026-06-16T12:16:51Z</time>
   </trkpt>
   <trkpt lat="48.030241" lon="12.285038">
    <ele>515.692</ele>
    <time>2026-06-16T12:17:12Z</time>
   </trkpt>
   <trkpt lat="48.030256" lon="12.285128">
    <ele>516.374</ele>
    <time>2026-06-16T12:17:15Z</time>
   </trkpt>
   <trkpt lat="48.030191" lon="12.285242">
    <ele>517.121</ele>
    <time>2026-06-16T12:17:20Z</time>
   </trkpt>
   <trkpt lat="48.029511" lon="12.285343">
    <ele>519.168</ele>
    <time>2026-06-16T12:17:47Z</time>
   </trkpt>
   <trkpt lat="48.029003" lon="12.285497">
    <ele>520.179</ele>
    <time>2026-06-16T12:18:06Z</time>
   </trkpt>
   <trkpt lat="48.028424" lon="12.285945">
    <ele>522.461</ele>
    <time>2026-06-16T12:18:27Z</time>
   </trkpt>
   <trkpt lat="48.027712" lon="12.286661">
    <ele>522.374</ele>
    <time>2026-06-16T12:18:45Z</time>
   </trkpt>
   <trkpt lat="48.027429" lon="12.286948">
    <ele>521.881</ele>
    <time>2026-06-16T12:18:51Z</time>
   </trkpt>
   <trkpt lat="48.026691" lon="12.287422">
    <ele>520.919</ele>
    <time>2026-06-16T12:19:06Z</time>
   </trkpt>
   <trkpt lat="48.025889" lon="12.287572">
    <ele>517.777</ele>
    <time>2026-06-16T12:19:21Z</time>
   </trkpt>
   <trkpt lat="48.025866" lon="12.287590">
    <ele>518.121</ele>
    <time>2026-06-16T12:19:22Z</time>
   </trkpt>
   <trkpt lat="48.025831" lon="12.288120">
    <ele>519.518</ele>
    <time>2026-06-16T12:19:33Z</time>
   </trkpt>
   <trkpt lat="48.025594" lon="12.288713">
    <ele>520.013</ele>
    <time>2026-06-16T12:19:45Z</time>
   </trkpt>
   <trkpt lat="48.025142" lon="12.288846">
    <ele>520.821</ele>
    <time>2026-06-16T12:19:58Z</time>
   </trkpt>
   <trkpt lat="48.024914" lon="12.288837">
    <ele>521.464</ele>
    <time>2026-06-16T12:20:04Z</time>
   </trkpt>
   <trkpt lat="48.024784" lon="12.288871">
    <ele>520.897</ele>
    <time>2026-06-16T12:20:07Z</time>
   </trkpt>
   <trkpt lat="48.024546" lon="12.289047">
    <ele>520.372</ele>
    <time>2026-06-16T12:20:12Z</time>
   </trkpt>
   <trkpt lat="48.023897" lon="12.290287">
    <ele>520.911</ele>
    <time>2026-06-16T12:20:29Z</time>
   </trkpt>
   <trkpt lat="48.023504" lon="12.291672">
    <ele>521.777</ele>
    <time>2026-06-16T12:20:45Z</time>
   </trkpt>
   <trkpt lat="48.023386" lon="12.291966">
    <ele>522.336</ele>
    <time>2026-06-16T12:20:49Z</time>
   </trkpt>
   <trkpt lat="48.023025" lon="12.292731">
    <ele>520.634</ele>
    <time>2026-06-16T12:20:59Z</time>
   </trkpt>
   <trkpt lat="48.022886" lon="12.293175">
    <ele>520.222</ele>
    <time>2026-06-16T12:21:04Z</time>
   </trkpt>
   <trkpt lat="48.022306" lon="12.295009">
    <ele>515.000</ele>
    <time>2026-06-16T12:21:21Z</time>
   </trkpt>
   <trkpt lat="48.022213" lon="12.295331">
    <ele>514.712</ele>
    <time>2026-06-16T12:21:24Z</time>
   </trkpt>
   <trkpt lat="48.022020" lon="12.295459">
    <ele>514.894</ele>
    <time>2026-06-16T12:21:28Z</time>
   </trkpt>
   <trkpt lat="48.020907" lon="12.294768">
    <ele>516.949</ele>
    <time>2026-06-16T12:21:47Z</time>
   </trkpt>
   <trkpt lat="48.020742" lon="12.294723">
    <ele>516.585</ele>
    <time>2026-06-16T12:21:54Z</time>
   </trkpt>
   <trkpt lat="48.020429" lon="12.295412">
    <ele>516.246</ele>
    <time>2026-06-16T12:22:06Z</time>
   </trkpt>
   <trkpt lat="48.019772" lon="12.296604">
    <ele>517.473</ele>
    <time>2026-06-16T12:22:26Z</time>
   </trkpt>
   <trkpt lat="48.019346" lon="12.297382">
    <ele>517.961</ele>
    <time>2026-06-16T12:22:39Z</time>
   </trkpt>
   <trkpt lat="48.019274" lon="12.297673">
    <ele>518.093</ele>
    <time>2026-06-16T12:22:43Z</time>
   </trkpt>
   <trkpt lat="48.019223" lon="12.298238">
    <ele>517.801</ele>
    <time>2026-06-16T12:22:50Z</time>
   </trkpt>
   <trkpt lat="48.018794" lon="12.299139">
    <ele>521.154</ele>
    <time>2026-06-16T12:23:06Z</time>
   </trkpt>
   <trkpt lat="48.018046" lon="12.300028">
    <ele>521.619</ele>
    <time>2026-06-16T12:23:25Z</time>
   </trkpt>
   <trkpt lat="48.017198" lon="12.301206">
    <ele>518.186</ele>
    <time>2026-06-16T12:23:41Z</time>
   </trkpt>
   <trkpt lat="48.016883" lon="12.301874">
    <ele>515.995</ele>
    <time>2026-06-16T12:23:48Z</time>
   </trkpt>
   <trkpt lat="48.016761" lon="12.302869">
    <ele>515.766</ele>
    <time>2026-06-16T12:23:56Z</time>
   </trkpt>
   <trkpt lat="48.016642" lon="12.303991">
    <ele>514.346</ele>
    <time>2026-06-16T12:24:05Z</time>
   </trkpt>
   <trkpt lat="48.016524" lon="12.304292">
    <ele>515.418</ele>
    <time>2026-06-16T12:24:08Z</time>
   </trkpt>
   <trkpt lat="48.016355" lon="12.304523">
    <ele>516.701</ele>
    <time>2026-06-16T12:24:11Z</time>
   </trkpt>
   <trkpt lat="48.016054" lon="12.304694">
    <ele>515.517</ele>
    <time>2026-06-16T12:24:15Z</time>
   </trkpt>
   <trkpt lat="48.015655" lon="12.305281">
    <ele>512.342</ele>
    <time>2026-06-16T12:24:22Z</time>
   </trkpt>
   <trkpt lat="48.015519" lon="12.305598">
    <ele>512.486</ele>
    <time>2026-06-16T12:24:25Z</time>
   </trkpt>
   <trkpt lat="48.015519" lon="12.306477">
    <ele>511.550</ele>
    <time>2026-06-16T12:24:33Z</time>
   </trkpt>
   <trkpt lat="48.016017" lon="12.308064">
    <ele>506.133</ele>
    <time>2026-06-16T12:24:49Z</time>
   </trkpt>
   <trkpt lat="48.016470" lon="12.310215">
    <ele>506.980</ele>
    <time>2026-06-16T12:25:09Z</time>
   </trkpt>
   <trkpt lat="48.016633" lon="12.310775">
    <ele>506.595</ele>
    <time>2026-06-16T12:25:15Z</time>
   </trkpt>
   <trkpt lat="48.016726" lon="12.312202">
    <ele>505.929</ele>
    <time>2026-06-16T12:25:29Z</time>
   </trkpt>
   <trkpt lat="48.016495" lon="12.312723">
    <ele>506.051</ele>
    <time>2026-06-16T12:25:35Z</time>
   </trkpt>
   <trkpt lat="48.015520" lon="12.313530">
    <ele>506.837</ele>
    <time>2026-06-16T12:25:51Z</time>
   </trkpt>
   <trkpt lat="48.014947" lon="12.313867">
    <ele>507.223</ele>
    <time>2026-06-16T12:26:00Z</time>
   </trkpt>
   <trkpt lat="48.014163" lon="12.313679">
    <ele>508.312</ele>
    <time>2026-06-16T12:26:13Z</time>
   </trkpt>
   <trkpt lat="48.014024" lon="12.313629">
    <ele>508.352</ele>
    <time>2026-06-16T12:26:16Z</time>
   </trkpt>
   <trkpt lat="48.013616" lon="12.313635">
    <ele>510.834</ele>
    <time>2026-06-16T12:26:30Z</time>
   </trkpt>
   <trkpt lat="48.013133" lon="12.314113">
    <ele>513.292</ele>
    <time>2026-06-16T12:26:49Z</time>
   </trkpt>
   <trkpt lat="48.012822" lon="12.314939">
    <ele>513.861</ele>
    <time>2026-06-16T12:27:05Z</time>
   </trkpt>
   <trkpt lat="48.012773" lon="12.315155">
    <ele>513.632</ele>
    <time>2026-06-16T12:27:08Z</time>
   </trkpt>
   <trkpt lat="48.012568" lon="12.315287">
    <ele>513.159</ele>
    <time>2026-06-16T12:27:13Z</time>
   </trkpt>
   <trkpt lat="48.011918" lon="12.314778">
    <ele>514.836</ele>
    <time>2026-06-16T12:27:30Z</time>
   </trkpt>
   <trkpt lat="48.011237" lon="12.314281">
    <ele>515.652</ele>
    <time>2026-06-16T12:27:53Z</time>
   </trkpt>
   <trkpt lat="48.010307" lon="12.313764">
    <ele>515.236</ele>
    <time>2026-06-16T12:28:17Z</time>
   </trkpt>
   <trkpt lat="48.009405" lon="12.313485">
    <ele>517.525</ele>
    <time>2026-06-16T12:28:39Z</time>
   </trkpt>
   <trkpt lat="48.008670" lon="12.313393">
    <ele>517.613</ele>
    <time>2026-06-16T12:28:56Z</time>
   </trkpt>
   <trkpt lat="48.007312" lon="12.313363">
    <ele>516.334</ele>
    <time>2026-06-16T12:29:23Z</time>
   </trkpt>
   <trkpt lat="48.006066" lon="12.313314">
    <ele>516.116</ele>
    <time>2026-06-16T12:29:48Z</time>
   </trkpt>
   <trkpt lat="48.005705" lon="12.313283">
    <ele>515.308</ele>
    <time>2026-06-16T12:29:56Z</time>
   </trkpt>
   <trkpt lat="48.005575" lon="12.313254">
    <ele>515.195</ele>
    <time>2026-06-16T12:29:59Z</time>
   </trkpt>
   <trkpt lat="48.005392" lon="12.313293">
    <ele>515.220</ele>
    <time>2026-06-16T12:30:03Z</time>
   </trkpt>
   <trkpt lat="48.005267" lon="12.313353">
    <ele>515.040</ele>
    <time>2026-06-16T12:30:06Z</time>
   </trkpt>
   <trkpt lat="48.004805" lon="12.313512">
    <ele>516.525</ele>
    <time>2026-06-16T12:30:17Z</time>
   </trkpt>
   <trkpt lat="48.004570" lon="12.313512">
    <ele>515.744</ele>
    <time>2026-06-16T12:30:22Z</time>
   </trkpt>
   <trkpt lat="48.004294" lon="12.313311">
    <ele>515.691</ele>
    <time>2026-06-16T12:30:29Z</time>
   </trkpt>
   <trkpt lat="48.004142" lon="12.313012">
    <ele>516.249</ele>
    <time>2026-06-16T12:30:35Z</time>
   </trkpt>
   <trkpt lat="48.003839" lon="12.312705">
    <ele>516.033</ele>
    <time>2026-06-16T12:30:43Z</time>
   </trkpt>
   <trkpt lat="48.003376" lon="12.312601">
    <ele>517.121</ele>
    <time>2026-06-16T12:30:53Z</time>
   </trkpt>
   <trkpt lat="48.002537" lon="12.312832">
    <ele>516.487</ele>
    <time>2026-06-16T12:31:08Z</time>
   </trkpt>
   <trkpt lat="48.001594" lon="12.312745">
    <ele>518.274</ele>
    <time>2026-06-16T12:31:27Z</time>
   </trkpt>
   <trkpt lat="48.001180" lon="12.312765">
    <ele>520.144</ele>
    <time>2026-06-16T12:31:41Z</time>
   </trkpt>
   <trkpt lat="48.000499" lon="12.312643">
    <ele>520.629</ele>
    <time>2026-06-16T12:32:01Z</time>
   </trkpt>
   <trkpt lat="47.999956" lon="12.312259">
    <ele>525.019</ele>
    <time>2026-06-16T12:32:18Z</time>
   </trkpt>
   <trkpt lat="47.999453" lon="12.311840">
    <ele>524.829</ele>
    <time>2026-06-16T12:32:33Z</time>
   </trkpt>
   <trkpt lat="47.999003" lon="12.311320">
    <ele>525.078</ele>
    <time>2026-06-16T12:32:46Z</time>
   </trkpt>
   <trkpt lat="47.998467" lon="12.310678">
    <ele>527.053</ele>
    <time>2026-06-16T12:33:03Z</time>
   </trkpt>
   <trkpt lat="47.997846" lon="12.309981">
    <ele>528.016</ele>
    <time>2026-06-16T12:33:24Z</time>
   </trkpt>
   <trkpt lat="47.996971" lon="12.309288">
    <ele>525.853</ele>
    <time>2026-06-16T12:33:45Z</time>
   </trkpt>
   <trkpt lat="47.995984" lon="12.308501">
    <ele>526.689</ele>
    <time>2026-06-16T12:34:06Z</time>
   </trkpt>
   <trkpt lat="47.995734" lon="12.308101">
    <ele>527.290</ele>
    <time>2026-06-16T12:34:13Z</time>
   </trkpt>
   <trkpt lat="47.995119" lon="12.307757">
    <ele>527.246</ele>
    <time>2026-06-16T12:34:26Z</time>
   </trkpt>
   <trkpt lat="47.994882" lon="12.307710">
    <ele>527.380</ele>
    <time>2026-06-16T12:34:31Z</time>
   </trkpt>
   <trkpt lat="47.994682" lon="12.307436">
    <ele>527.330</ele>
    <time>2026-06-16T12:34:37Z</time>
   </trkpt>
   <trkpt lat="47.994679" lon="12.307281">
    <ele>527.494</ele>
    <time>2026-06-16T12:34:39Z</time>
   </trkpt>
   <trkpt lat="47.994585" lon="12.307088">
    <ele>527.345</ele>
    <time>2026-06-16T12:34:43Z</time>
   </trkpt>
   <trkpt lat="47.993425" lon="12.307214">
    <ele>529.946</ele>
    <time>2026-06-16T12:35:07Z</time>
   </trkpt>
   <trkpt lat="47.992594" lon="12.307326">
    <ele>532.386</ele>
    <time>2026-06-16T12:35:27Z</time>
   </trkpt>
   <trkpt lat="47.991856" lon="12.307291">
    <ele>533.290</ele>
    <time>2026-06-16T12:35:45Z</time>
   </trkpt>
   <trkpt lat="47.991710" lon="12.307350">
    <ele>532.816</ele>
    <time>2026-06-16T12:35:49Z</time>
   </trkpt>
   <trkpt lat="47.991548" lon="12.307425">
    <ele>532.910</ele>
    <time>2026-06-16T12:35:53Z</time>
   </trkpt>
   <trkpt lat="47.991432" lon="12.307462">
    <ele>533.092</ele>
    <time>2026-06-16T12:35:56Z</time>
   </trkpt>
   <trkpt lat="47.991247" lon="12.307619">
    <ele>532.955</ele>
    <time>2026-06-16T12:36:02Z</time>
   </trkpt>
   <trkpt lat="47.991221" lon="12.307606">
    <ele>532.936</ele>
    <time>2026-06-16T12:36:04Z</time>
   </trkpt>
   <trkpt lat="47.991197" lon="12.307680">
    <ele>532.500</ele>
    <time>2026-06-16T12:36:09Z</time>
   </trkpt>
   <trkpt lat="47.991227" lon="12.307740">
    <ele>532.275</ele>
    <time>2026-06-16T12:36:12Z</time>
   </trkpt>
   <trkpt lat="47.991250" lon="12.307648">
    <ele>532.478</ele>
    <time>2026-06-16T12:36:17Z</time>
   </trkpt>
   <trkpt lat="47.991008" lon="12.307113">
    <ele>531.886</ele>
    <time>2026-06-16T12:36:29Z</time>
   </trkpt>
   <trkpt lat="47.990980" lon="12.306926">
    <ele>532.111</ele>
    <time>2026-06-16T12:36:33Z</time>
   </trkpt>
   <trkpt lat="47.990982" lon="12.307125">
    <ele>532.113</ele>
    <time>2026-06-16T12:36:40Z</time>
   </trkpt>
   <trkpt lat="47.990985" lon="12.307458">
    <ele>531.967</ele>
    <time>2026-06-16T12:36:46Z</time>
   </trkpt>
   <trkpt lat="47.990407" lon="12.307914">
    <ele>534.563</ele>
    <time>2026-06-16T12:37:04Z</time>
   </trkpt>
   <trkpt lat="47.989835" lon="12.308283">
    <ele>535.469</ele>
    <time>2026-06-16T12:37:21Z</time>
   </trkpt>
   <trkpt lat="47.989769" lon="12.308371">
    <ele>535.632</ele>
    <time>2026-06-16T12:37:24Z</time>
   </trkpt>
   <trkpt lat="47.989307" lon="12.308501">
    <ele>536.733</ele>
    <time>2026-06-16T12:37:37Z</time>
   </trkpt>
   <trkpt lat="47.989150" lon="12.308515">
    <ele>536.981</ele>
    <time>2026-06-16T12:37:41Z</time>
   </trkpt>
   <trkpt lat="47.988360" lon="12.308180">
    <ele>539.546</ele>
    <time>2026-06-16T12:38:01Z</time>
   </trkpt>
   <trkpt lat="47.987451" lon="12.307671">
    <ele>541.387</ele>
    <time>2026-06-16T12:38:23Z</time>
   </trkpt>
   <trkpt lat="47.986412" lon="12.306589">
    <ele>542.023</ele>
    <time>2026-06-16T12:38:51Z</time>
   </trkpt>
   <trkpt lat="47.985820" lon="12.306070">
    <ele>543.279</ele>
    <time>2026-06-16T12:39:10Z</time>
   </trkpt>
   <trkpt lat="47.985706" lon="12.306121">
    <ele>542.850</ele>
    <time>2026-06-16T12:39:13Z</time>
   </trkpt>
   <trkpt lat="47.985649" lon="12.306361">
    <ele>542.272</ele>
    <time>2026-06-16T12:39:17Z</time>
   </trkpt>
   <trkpt lat="47.985504" lon="12.307119">
    <ele>543.302</ele>
    <time>2026-06-16T12:39:33Z</time>
   </trkpt>
   <trkpt lat="47.985337" lon="12.307752">
    <ele>547.859</ele>
    <time>2026-06-16T12:39:51Z</time>
   </trkpt>
   <trkpt lat="47.985204" lon="12.308280">
    <ele>553.282</ele>
    <time>2026-06-16T12:40:09Z</time>
   </trkpt>
   <trkpt lat="47.984951" lon="12.308656">
    <ele>557.699</ele>
    <time>2026-06-16T12:40:30Z</time>
   </trkpt>
   <trkpt lat="47.984838" lon="12.308750">
    <ele>558.706</ele>
    <time>2026-06-16T12:40:38Z</time>
   </trkpt>
   <trkpt lat="47.984541" lon="12.308851">
    <ele>562.691</ele>
    <time>2026-06-16T12:40:56Z</time>
   </trkpt>
   <trkpt lat="47.984239" lon="12.308929">
    <ele>565.269</ele>
    <time>2026-06-16T12:41:13Z</time>
   </trkpt>
   <trkpt lat="47.983936" lon="12.308986">
    <ele>567.795</ele>
    <time>2026-06-16T12:41:29Z</time>
   </trkpt>
   <trkpt lat="47.983576" lon="12.309143">
    <ele>570.502</ele>
    <time>2026-06-16T12:41:47Z</time>
   </trkpt>
   <trkpt lat="47.983289" lon="12.309344">
    <ele>574.629</ele>
    <time>2026-06-16T12:42:04Z</time>
   </trkpt>
   <trkpt lat="47.982859" lon="12.309629">
    <ele>579.727</ele>
    <time>2026-06-16T12:42:27Z</time>
   </trkpt>
   <trkpt lat="47.982458" lon="12.309925">
    <ele>584.732</ele>
    <time>2026-06-16T12:42:47Z</time>
   </trkpt>
   <trkpt lat="47.981947" lon="12.310134">
    <ele>586.776</ele>
    <time>2026-06-16T12:43:09Z</time>
   </trkpt>
   <trkpt lat="47.981472" lon="12.309945">
    <ele>586.210</ele>
    <time>2026-06-16T12:43:27Z</time>
   </trkpt>
   <trkpt lat="47.980679" lon="12.309612">
    <ele>590.105</ele>
    <time>2026-06-16T12:43:52Z</time>
   </trkpt>
   <trkpt lat="47.979792" lon="12.309543">
    <ele>590.492</ele>
    <time>2026-06-16T12:44:16Z</time>
   </trkpt>
   <trkpt lat="47.979274" lon="12.309498">
    <ele>591.495</ele>
    <time>2026-06-16T12:44:29Z</time>
   </trkpt>
   <trkpt lat="47.979117" lon="12.309517">
    <ele>591.389</ele>
    <time>2026-06-16T12:44:33Z</time>
   </trkpt>
   <trkpt lat="47.978173" lon="12.309520">
    <ele>591.473</ele>
    <time>2026-06-16T12:44:55Z</time>
   </trkpt>
   <trkpt lat="47.977336" lon="12.309666">
    <ele>589.628</ele>
    <time>2026-06-16T12:45:12Z</time>
   </trkpt>
   <trkpt lat="47.977080" lon="12.309632">
    <ele>589.516</ele>
    <time>2026-06-16T12:45:17Z</time>
   </trkpt>
   <trkpt lat="47.976640" lon="12.309564">
    <ele>590.329</ele>
    <time>2026-06-16T12:45:31Z</time>
   </trkpt>
   <trkpt lat="47.976067" lon="12.309566">
    <ele>596.448</ele>
    <time>2026-06-16T12:45:52Z</time>
   </trkpt>
   <trkpt lat="47.975527" lon="12.309492">
    <ele>598.248</ele>
    <time>2026-06-16T12:46:12Z</time>
   </trkpt>
   <trkpt lat="47.975307" lon="12.309448">
    <ele>598.312</ele>
    <time>2026-06-16T12:46:18Z</time>
   </trkpt>
   <trkpt lat="47.975097" lon="12.309329">
    <ele>597.885</ele>
    <time>2026-06-16T12:46:23Z</time>
   </trkpt>
   <trkpt lat="47.974148" lon="12.308921">
    <ele>590.907</ele>
    <time>2026-06-16T12:46:36Z</time>
   </trkpt>
   <trkpt lat="47.973699" lon="12.308690">
    <ele>587.743</ele>
    <time>2026-06-16T12:46:41Z</time>
   </trkpt>
   <trkpt lat="47.973336" lon="12.308613">
    <ele>587.160</ele>
    <time>2026-06-16T12:46:45Z</time>
   </trkpt>
   <trkpt lat="47.972618" lon="12.308847">
    <ele>588.298</ele>
    <time>2026-06-16T12:46:56Z</time>
   </trkpt>
   <trkpt lat="47.972481" lon="12.308904">
    <ele>589.025</ele>
    <time>2026-06-16T12:46:59Z</time>
   </trkpt>
   <trkpt lat="47.972292" lon="12.308948">
    <ele>588.336</ele>
    <time>2026-06-16T12:47:04Z</time>
   </trkpt>
   <trkpt lat="47.971755" lon="12.308378">
    <ele>587.519</ele>
    <time>2026-06-16T12:47:20Z</time>
   </trkpt>
   <trkpt lat="47.971589" lon="12.308133">
    <ele>584.146</ele>
    <time>2026-06-16T12:47:26Z</time>
   </trkpt>
   <trkpt lat="47.971346" lon="12.307669">
    <ele>579.576</ele>
    <time>2026-06-16T12:47:35Z</time>
   </trkpt>
   <trkpt lat="47.971105" lon="12.306821">
    <ele>581.885</ele>
    <time>2026-06-16T12:47:44Z</time>
   </trkpt>
   <trkpt lat="47.971097" lon="12.306772">
    <ele>582.069</ele>
    <time>2026-06-16T12:47:45Z</time>
   </trkpt>
   <trkpt lat="47.971078" lon="12.306777">
    <ele>583.280</ele>
    <time>2026-06-16T12:47:49Z</time>
   </trkpt>
   <trkpt lat="47.971087" lon="12.306824">
    <ele>583.276</ele>
    <time>2026-06-16T12:47:51Z</time>
   </trkpt>
   <trkpt lat="47.971037" lon="12.306884">
    <ele>584.678</ele>
    <time>2026-06-16T12:47:55Z</time>
   </trkpt>
   <trkpt lat="47.970552" lon="12.306520">
    <ele>582.204</ele>
    <time>2026-06-16T12:48:09Z</time>
   </trkpt>
   <trkpt lat="47.970429" lon="12.306391">
    <ele>582.139</ele>
    <time>2026-06-16T12:48:12Z</time>
   </trkpt>
   <trkpt lat="47.969765" lon="12.306188">
    <ele>584.412</ele>
    <time>2026-06-16T12:48:26Z</time>
   </trkpt>
   <trkpt lat="47.968972" lon="12.306198">
    <ele>584.724</ele>
    <time>2026-06-16T12:48:44Z</time>
   </trkpt>
   <trkpt lat="47.968790" lon="12.306318">
    <ele>584.483</ele>
    <time>2026-06-16T12:48:48Z</time>
   </trkpt>
   <trkpt lat="47.968379" lon="12.307224">
    <ele>586.822</ele>
    <time>2026-06-16T12:49:05Z</time>
   </trkpt>
   <trkpt lat="47.968368" lon="12.307831">
    <ele>587.975</ele>
    <time>2026-06-16T12:49:17Z</time>
   </trkpt>
   <trkpt lat="47.968260" lon="12.307960">
    <ele>587.694</ele>
    <time>2026-06-16T12:49:21Z</time>
   </trkpt>
   <trkpt lat="47.967437" lon="12.308171">
    <ele>586.578</ele>
    <time>2026-06-16T12:49:41Z</time>
   </trkpt>
   <trkpt lat="47.966987" lon="12.308362">
    <ele>586.469</ele>
    <time>2026-06-16T12:49:53Z</time>
   </trkpt>
   <trkpt lat="47.966547" lon="12.308750">
    <ele>591.258</ele>
    <time>2026-06-16T12:50:08Z</time>
   </trkpt>
   <trkpt lat="47.966507" lon="12.308799">
    <ele>591.633</ele>
    <time>2026-06-16T12:50:10Z</time>
   </trkpt>
   <trkpt lat="47.966483" lon="12.308854">
    <ele>592.021</ele>
    <time>2026-06-16T12:50:13Z</time>
   </trkpt>
   <trkpt lat="47.966435" lon="12.308964">
    <ele>592.349</ele>
    <time>2026-06-16T12:50:18Z</time>
   </trkpt>
   <trkpt lat="47.966373" lon="12.309352">
    <ele>596.509</ele>
    <time>2026-06-16T12:50:30Z</time>
   </trkpt>
   <trkpt lat="47.966319" lon="12.309831">
    <ele>599.398</ele>
    <time>2026-06-16T12:50:44Z</time>
   </trkpt>
   <trkpt lat="47.966306" lon="12.309912">
    <ele>600.839</ele>
    <time>2026-06-16T12:50:47Z</time>
   </trkpt>
   <trkpt lat="47.966292" lon="12.309978">
    <ele>601.864</ele>
    <time>2026-06-16T12:50:50Z</time>
   </trkpt>
   <trkpt lat="47.966339" lon="12.310281">
    <ele>606.304</ele>
    <time>2026-06-16T12:51:03Z</time>
   </trkpt>
   <trkpt lat="47.966409" lon="12.310737">
    <ele>604.456</ele>
    <time>2026-06-16T12:51:13Z</time>
   </trkpt>
   <trkpt lat="47.966478" lon="12.311146">
    <ele>605.071</ele>
    <time>2026-06-16T12:51:18Z</time>
   </trkpt>
   <trkpt lat="47.966687" lon="12.312302">
    <ele>601.645</ele>
    <time>2026-06-16T12:51:37Z</time>
   </trkpt>
   <trkpt lat="47.966771" lon="12.313066">
    <ele>601.214</ele>
    <time>2026-06-16T12:51:50Z</time>
   </trkpt>
   <trkpt lat="47.966575" lon="12.313455">
    <ele>601.446</ele>
    <time>2026-06-16T12:52:00Z</time>
   </trkpt>
   <trkpt lat="47.966420" lon="12.313569">
    <ele>601.155</ele>
    <time>2026-06-16T12:52:05Z</time>
   </trkpt>
   <trkpt lat="47.966387" lon="12.313844">
    <ele>599.973</ele>
    <time>2026-06-16T12:52:10Z</time>
   </trkpt>
   <trkpt lat="47.966417" lon="12.314099">
    <ele>599.516</ele>
    <time>2026-06-16T12:52:14Z</time>
   </trkpt>
   <trkpt lat="47.966431" lon="12.314224">
    <ele>599.370</ele>
    <time>2026-06-16T12:52:16Z</time>
   </trkpt>
   <trkpt lat="47.966298" lon="12.314391">
    <ele>599.794</ele>
    <time>2026-06-16T12:52:21Z</time>
   </trkpt>
   <trkpt lat="47.966171" lon="12.314421">
    <ele>599.412</ele>
    <time>2026-06-16T12:52:24Z</time>
   </trkpt>
   <trkpt lat="47.966045" lon="12.314485">
    <ele>599.664</ele>
    <time>2026-06-16T12:52:27Z</time>
   </trkpt>
   <trkpt lat="47.965942" lon="12.314813">
    <ele>600.111</ele>
    <time>2026-06-16T12:52:33Z</time>
   </trkpt>
   <trkpt lat="47.965955" lon="12.315171">
    <ele>600.276</ele>
    <time>2026-06-16T12:52:38Z</time>
   </trkpt>
   <trkpt lat="47.966024" lon="12.316990">
    <ele>604.114</ele>
    <time>2026-06-16T12:53:04Z</time>
   </trkpt>
   <trkpt lat="47.965998" lon="12.318485">
    <ele>607.599</ele>
    <time>2026-06-16T12:53:30Z</time>
   </trkpt>
   <trkpt lat="47.965816" lon="12.319229">
    <ele>609.758</ele>
    <time>2026-06-16T12:53:45Z</time>
   </trkpt>
   <trkpt lat="47.965643" lon="12.319717">
    <ele>611.004</ele>
    <time>2026-06-16T12:54:00Z</time>
   </trkpt>
   <trkpt lat="47.965516" lon="12.319928">
    <ele>611.168</ele>
    <time>2026-06-16T12:54:41Z</time>
   </trkpt>
   <trkpt lat="47.965017" lon="12.320633">
    <ele>608.933</ele>
    <time>2026-06-16T12:54:56Z</time>
   </trkpt>
   <trkpt lat="47.964441" lon="12.321882">
    <ele>607.031</ele>
    <time>2026-06-16T12:55:12Z</time>
   </trkpt>
   <trkpt lat="47.963719" lon="12.323451">
    <ele>603.744</ele>
    <time>2026-06-16T12:55:33Z</time>
   </trkpt>
   <trkpt lat="47.963579" lon="12.323718">
    <ele>603.006</ele>
    <time>2026-06-16T12:55:36Z</time>
   </trkpt>
   <trkpt lat="47.962489" lon="12.324963">
    <ele>597.948</ele>
    <time>2026-06-16T12:55:53Z</time>
   </trkpt>
   <trkpt lat="47.960717" lon="12.326797">
    <ele>594.543</ele>
    <time>2026-06-16T12:56:23Z</time>
   </trkpt>
   <trkpt lat="47.959542" lon="12.327945">
    <ele>595.396</ele>
    <time>2026-06-16T12:56:46Z</time>
   </trkpt>
   <trkpt lat="47.958648" lon="12.328377">
    <ele>596.952</ele>
    <time>2026-06-16T12:57:06Z</time>
   </trkpt>
   <trkpt lat="47.957948" lon="12.328250">
    <ele>599.875</ele>
    <time>2026-06-16T12:57:25Z</time>
   </trkpt>
   <trkpt lat="47.957432" lon="12.328031">
    <ele>600.297</ele>
    <time>2026-06-16T12:57:38Z</time>
   </trkpt>
   <trkpt lat="47.956533" lon="12.328130">
    <ele>594.988</ele>
    <time>2026-06-16T12:57:53Z</time>
   </trkpt>
   <trkpt lat="47.956165" lon="12.328291">
    <ele>591.822</ele>
    <time>2026-06-16T12:57:58Z</time>
   </trkpt>
   <trkpt lat="47.955954" lon="12.328503">
    <ele>589.598</ele>
    <time>2026-06-16T12:58:05Z</time>
   </trkpt>
   <trkpt lat="47.955914" lon="12.328547">
    <ele>589.302</ele>
    <time>2026-06-16T12:58:06Z</time>
   </trkpt>
   <trkpt lat="47.955078" lon="12.329193">
    <ele>585.182</ele>
    <time>2026-06-16T12:58:19Z</time>
   </trkpt>
   <trkpt lat="47.954530" lon="12.329562">
    <ele>587.943</ele>
    <time>2026-06-16T12:58:30Z</time>
   </trkpt>
   <trkpt lat="47.954077" lon="12.329873">
    <ele>590.036</ele>
    <time>2026-06-16T12:58:47Z</time>
   </trkpt>
   <trkpt lat="47.953849" lon="12.330044">
    <ele>589.220</ele>
    <time>2026-06-16T12:58:54Z</time>
   </trkpt>
   <trkpt lat="47.953459" lon="12.329801">
    <ele>587.683</ele>
    <time>2026-06-16T12:59:03Z</time>
   </trkpt>
   <trkpt lat="47.953362" lon="12.329524">
    <ele>586.523</ele>
    <time>2026-06-16T12:59:06Z</time>
   </trkpt>
   <trkpt lat="47.953017" lon="12.328294">
    <ele>580.461</ele>
    <time>2026-06-16T12:59:17Z</time>
   </trkpt>
   <trkpt lat="47.952371" lon="12.327217">
    <ele>573.345</ele>
    <time>2026-06-16T12:59:28Z</time>
   </trkpt>
   <trkpt lat="47.952145" lon="12.326961">
    <ele>572.360</ele>
    <time>2026-06-16T12:59:36Z</time>
   </trkpt>
   <trkpt lat="47.952148" lon="12.326972">
    <ele>572.057</ele>
    <time>2026-06-16T13:00:06Z</time>
   </trkpt>
   <trkpt lat="47.952083" lon="12.327020">
    <ele>571.775</ele>
    <time>2026-06-16T13:00:09Z</time>
   </trkpt>
   <trkpt lat="47.951680" lon="12.327890">
    <ele>568.936</ele>
    <time>2026-06-16T13:00:20Z</time>
   </trkpt>
   <trkpt lat="47.951575" lon="12.328547">
    <ele>566.746</ele>
    <time>2026-06-16T13:00:25Z</time>
   </trkpt>
   <trkpt lat="47.951798" lon="12.330273">
    <ele>562.457</ele>
    <time>2026-06-16T13:00:36Z</time>
   </trkpt>
   <trkpt lat="47.952120" lon="12.331294">
    <ele>561.189</ele>
    <time>2026-06-16T13:00:43Z</time>
   </trkpt>
   <trkpt lat="47.952568" lon="12.331920">
    <ele>559.335</ele>
    <time>2026-06-16T13:00:49Z</time>
   </trkpt>
   <trkpt lat="47.952582" lon="12.332288">
    <ele>558.745</ele>
    <time>2026-06-16T13:00:53Z</time>
   </trkpt>
   <trkpt lat="47.951342" lon="12.333936">
    <ele>555.329</ele>
    <time>2026-06-16T13:01:14Z</time>
   </trkpt>
   <trkpt lat="47.949930" lon="12.335115">
    <ele>554.996</ele>
    <time>2026-06-16T13:01:36Z</time>
   </trkpt>
   <trkpt lat="47.948665" lon="12.336538">
    <ele>548.968</ele>
    <time>2026-06-16T13:01:56Z</time>
   </trkpt>
   <trkpt lat="47.947448" lon="12.338297">
    <ele>541.446</ele>
    <time>2026-06-16T13:02:15Z</time>
   </trkpt>
   <trkpt lat="47.946031" lon="12.339491">
    <ele>537.147</ele>
    <time>2026-06-16T13:02:33Z</time>
   </trkpt>
   <trkpt lat="47.945314" lon="12.340223">
    <ele>536.570</ele>
    <time>2026-06-16T13:02:43Z</time>
   </trkpt>
   <trkpt lat="47.945153" lon="12.340742">
    <ele>535.861</ele>
    <time>2026-06-16T13:02:48Z</time>
   </trkpt>
   <trkpt lat="47.945066" lon="12.341976">
    <ele>535.184</ele>
    <time>2026-06-16T13:02:59Z</time>
   </trkpt>
   <trkpt lat="47.944521" lon="12.343831">
    <ele>533.425</ele>
    <time>2026-06-16T13:03:17Z</time>
   </trkpt>
   <trkpt lat="47.944365" lon="12.345870">
    <ele>533.129</ele>
    <time>2026-06-16T13:03:35Z</time>
   </trkpt>
   <trkpt lat="47.944018" lon="12.348462">
    <ele>531.802</ele>
    <time>2026-06-16T13:03:59Z</time>
   </trkpt>
   <trkpt lat="47.944193" lon="12.349863">
    <ele>531.383</ele>
    <time>2026-06-16T13:04:12Z</time>
   </trkpt>
   <trkpt lat="47.944512" lon="12.350954">
    <ele>531.112</ele>
    <time>2026-06-16T13:04:23Z</time>
   </trkpt>
   <trkpt lat="47.944604" lon="12.351855">
    <ele>529.415</ele>
    <time>2026-06-16T13:04:31Z</time>
   </trkpt>
   <trkpt lat="47.944277" lon="12.353470">
    <ele>529.242</ele>
    <time>2026-06-16T13:04:46Z</time>
   </trkpt>
   <trkpt lat="47.943876" lon="12.354999">
    <ele>531.749</ele>
    <time>2026-06-16T13:05:04Z</time>
   </trkpt>
   <trkpt lat="47.943711" lon="12.356617">
    <ele>533.324</ele>
    <time>2026-06-16T13:05:24Z</time>
   </trkpt>
   <trkpt lat="47.943739" lon="12.357137">
    <ele>532.989</ele>
    <time>2026-06-16T13:05:31Z</time>
   </trkpt>
   <trkpt lat="47.943743" lon="12.357349">
    <ele>533.803</ele>
    <time>2026-06-16T13:05:36Z</time>
   </trkpt>
   <trkpt lat="47.943456" lon="12.357416">
    <ele>534.135</ele>
    <time>2026-06-16T13:05:43Z</time>
   </trkpt>
   <trkpt lat="47.942753" lon="12.357500">
    <ele>533.677</ele>
    <time>2026-06-16T13:06:01Z</time>
   </trkpt>
   <trkpt lat="47.942270" lon="12.357542">
    <ele>534.448</ele>
    <time>2026-06-16T13:06:14Z</time>
   </trkpt>
   <trkpt lat="47.941368" lon="12.357439">
    <ele>535.504</ele>
    <time>2026-06-16T13:06:35Z</time>
   </trkpt>
   <trkpt lat="47.940175" lon="12.357274">
    <ele>535.088</ele>
    <time>2026-06-16T13:06:57Z</time>
   </trkpt>
   <trkpt lat="47.939505" lon="12.357383">
    <ele>534.119</ele>
    <time>2026-06-16T13:07:09Z</time>
   </trkpt>
   <trkpt lat="47.938799" lon="12.358195">
    <ele>530.947</ele>
    <time>2026-06-16T13:07:21Z</time>
   </trkpt>
   <trkpt lat="47.938386" lon="12.359746">
    <ele>531.905</ele>
    <time>2026-06-16T13:07:37Z</time>
   </trkpt>
   <trkpt lat="47.938020" lon="12.361117">
    <ele>534.563</ele>
    <time>2026-06-16T13:07:54Z</time>
   </trkpt>
   <trkpt lat="47.937581" lon="12.362479">
    <ele>535.203</ele>
    <time>2026-06-16T13:08:15Z</time>
   </trkpt>
   <trkpt lat="47.937017" lon="12.364417">
    <ele>534.427</ele>
    <time>2026-06-16T13:08:38Z</time>
   </trkpt>
   <trkpt lat="47.936970" lon="12.366112">
    <ele>532.817</ele>
    <time>2026-06-16T13:08:54Z</time>
   </trkpt>
   <trkpt lat="47.937220" lon="12.367503">
    <ele>530.978</ele>
    <time>2026-06-16T13:09:08Z</time>
   </trkpt>
   <trkpt lat="47.937136" lon="12.368542">
    <ele>528.718</ele>
    <time>2026-06-16T13:09:17Z</time>
   </trkpt>
   <trkpt lat="47.936686" lon="12.369831">
    <ele>530.354</ele>
    <time>2026-06-16T13:09:30Z</time>
   </trkpt>
   <trkpt lat="47.935947" lon="12.371170">
    <ele>530.203</ele>
    <time>2026-06-16T13:09:47Z</time>
   </trkpt>
   <trkpt lat="47.935004" lon="12.372278">
    <ele>528.732</ele>
    <time>2026-06-16T13:10:04Z</time>
   </trkpt>
   <trkpt lat="47.933963" lon="12.373175">
    <ele>527.766</ele>
    <time>2026-06-16T13:10:21Z</time>
   </trkpt>
   <trkpt lat="47.933775" lon="12.373141">
    <ele>526.817</ele>
    <time>2026-06-16T13:10:25Z</time>
   </trkpt>
   <trkpt lat="47.933640" lon="12.372874">
    <ele>526.756</ele>
    <time>2026-06-16T13:10:29Z</time>
   </trkpt>
   <trkpt lat="47.933258" lon="12.372694">
    <ele>527.244</ele>
    <time>2026-06-16T13:10:37Z</time>
   </trkpt>
   <trkpt lat="47.932797" lon="12.372749">
    <ele>529.205</ele>
    <time>2026-06-16T13:10:50Z</time>
   </trkpt>
   <trkpt lat="47.932065" lon="12.372878">
    <ele>526.229</ele>
    <time>2026-06-16T13:11:05Z</time>
   </trkpt>
   <trkpt lat="47.931558" lon="12.373013">
    <ele>525.200</ele>
    <time>2026-06-16T13:11:14Z</time>
   </trkpt>
   <trkpt lat="47.931361" lon="12.373150">
    <ele>528.042</ele>
    <time>2026-06-16T13:11:20Z</time>
   </trkpt>
   <trkpt lat="47.931260" lon="12.373128">
    <ele>529.900</ele>
    <time>2026-06-16T13:11:27Z</time>
   </trkpt>
   <trkpt lat="47.930863" lon="12.372873">
    <ele>529.942</ele>
    <time>2026-06-16T13:11:40Z</time>
   </trkpt>
   <trkpt lat="47.930340" lon="12.372570">
    <ele>531.174</ele>
    <time>2026-06-16T13:11:55Z</time>
   </trkpt>
   <trkpt lat="47.930238" lon="12.372461">
    <ele>531.238</ele>
    <time>2026-06-16T13:11:58Z</time>
   </trkpt>
   <trkpt lat="47.929963" lon="12.372026">
    <ele>534.308</ele>
    <time>2026-06-16T13:12:07Z</time>
   </trkpt>
   <trkpt lat="47.929806" lon="12.371915">
    <ele>535.265</ele>
    <time>2026-06-16T13:12:11Z</time>
   </trkpt>
   <trkpt lat="47.929733" lon="12.371893">
    <ele>535.135</ele>
    <time>2026-06-16T13:12:13Z</time>
   </trkpt>
   <trkpt lat="47.929704" lon="12.371860">
    <ele>534.083</ele>
    <time>2026-06-16T13:12:31Z</time>
   </trkpt>
   <trkpt lat="47.929679" lon="12.371855">
    <ele>534.046</ele>
    <time>2026-06-16T13:13:14Z</time>
   </trkpt>
   <trkpt lat="47.929569" lon="12.371831">
    <ele>534.660</ele>
    <time>2026-06-16T13:13:23Z</time>
   </trkpt>
   <trkpt lat="47.929274" lon="12.371790">
    <ele>532.460</ele>
    <time>2026-06-16T13:13:38Z</time>
   </trkpt>
   <trkpt lat="47.929066" lon="12.371740">
    <ele>532.114</ele>
    <time>2026-06-16T13:13:48Z</time>
   </trkpt>
   <trkpt lat="47.928996" lon="12.371743">
    <ele>532.093</ele>
    <time>2026-06-16T13:13:52Z</time>
   </trkpt>
   <trkpt lat="47.928627" lon="12.371606">
    <ele>533.043</ele>
    <time>2026-06-16T13:14:03Z</time>
   </trkpt>
   <trkpt lat="47.928448" lon="12.371588">
    <ele>532.332</ele>
    <time>2026-06-16T13:14:09Z</time>
   </trkpt>
   <trkpt lat="47.928065" lon="12.371472">
    <ele>529.652</ele>
    <time>2026-06-16T13:14:21Z</time>
   </trkpt>
   <trkpt lat="47.927801" lon="12.371419">
    <ele>527.194</ele>
    <time>2026-06-16T13:14:29Z</time>
   </trkpt>
   <trkpt lat="47.927724" lon="12.371396">
    <ele>526.047</ele>
    <time>2026-06-16T13:14:32Z</time>
   </trkpt>
   <trkpt lat="47.927275" lon="12.371225">
    <ele>525.101</ele>
    <time>2026-06-16T13:14:44Z</time>
   </trkpt>
   <trkpt lat="47.926968" lon="12.371151">
    <ele>527.261</ele>
    <time>2026-06-16T13:14:52Z</time>
   </trkpt>
   <trkpt lat="47.926661" lon="12.371014">
    <ele>528.083</ele>
    <time>2026-06-16T13:14:59Z</time>
   </trkpt>
   <trkpt lat="47.926518" lon="12.371088">
    <ele>528.980</ele>
    <time>2026-06-16T13:15:03Z</time>
   </trkpt>
   <trkpt lat="47.926441" lon="12.371164">
    <ele>528.603</ele>
    <time>2026-06-16T13:15:05Z</time>
   </trkpt>
   <trkpt lat="47.926185" lon="12.371152">
    <ele>525.326</ele>
    <time>2026-06-16T13:15:10Z</time>
   </trkpt>
   <trkpt lat="47.926036" lon="12.371063">
    <ele>528.089</ele>
    <time>2026-06-16T13:15:13Z</time>
   </trkpt>
   <trkpt lat="47.925781" lon="12.370763">
    <ele>530.968</ele>
    <time>2026-06-16T13:15:24Z</time>
   </trkpt>
   <trkpt lat="47.925779" lon="12.370731">
    <ele>531.427</ele>
    <time>2026-06-16T13:15:25Z</time>
   </trkpt>
   <trkpt lat="47.925603" lon="12.370493">
    <ele>533.345</ele>
    <time>2026-06-16T13:15:35Z</time>
   </trkpt>
   <trkpt lat="47.925447" lon="12.370405">
    <ele>531.698</ele>
    <time>2026-06-16T13:15:39Z</time>
   </trkpt>
   <trkpt lat="47.925233" lon="12.370392">
    <ele>530.857</ele>
    <time>2026-06-16T13:15:43Z</time>
   </trkpt>
   <trkpt lat="47.924818" lon="12.370482">
    <ele>527.691</ele>
    <time>2026-06-16T13:15:51Z</time>
   </trkpt>
   <trkpt lat="47.924612" lon="12.370614">
    <ele>527.018</ele>
    <time>2026-06-16T13:15:54Z</time>
   </trkpt>
   <trkpt lat="47.924199" lon="12.370524">
    <ele>525.894</ele>
    <time>2026-06-16T13:16:03Z</time>
   </trkpt>
   <trkpt lat="47.923849" lon="12.370363">
    <ele>525.706</ele>
    <time>2026-06-16T13:16:12Z</time>
   </trkpt>
   <trkpt lat="47.923651" lon="12.370167">
    <ele>527.574</ele>
    <time>2026-06-16T13:16:18Z</time>
   </trkpt>
   <trkpt lat="47.923534" lon="12.370007">
    <ele>524.517</ele>
    <time>2026-06-16T13:16:21Z</time>
   </trkpt>
   <trkpt lat="47.923286" lon="12.369601">
    <ele>521.041</ele>
    <time>2026-06-16T13:16:30Z</time>
   </trkpt>
   <trkpt lat="47.923044" lon="12.369265">
    <ele>524.813</ele>
    <time>2026-06-16T13:16:39Z</time>
   </trkpt>
   <trkpt lat="47.922696" lon="12.368758">
    <ele>523.476</ele>
    <time>2026-06-16T13:16:56Z</time>
   </trkpt>
   <trkpt lat="47.922490" lon="12.368216">
    <ele>519.889</ele>
    <time>2026-06-16T13:17:04Z</time>
   </trkpt>
   <trkpt lat="47.922456" lon="12.368160">
    <ele>519.470</ele>
    <time>2026-06-16T13:17:05Z</time>
   </trkpt>
   <trkpt lat="47.922074" lon="12.367737">
    <ele>515.440</ele>
    <time>2026-06-16T13:17:15Z</time>
   </trkpt>
   <trkpt lat="47.922007" lon="12.367670">
    <ele>516.709</ele>
    <time>2026-06-16T13:17:16Z</time>
   </trkpt>
   <trkpt lat="47.921795" lon="12.367546">
    <ele>516.784</ele>
    <time>2026-06-16T13:17:22Z</time>
   </trkpt>
   <trkpt lat="47.921439" lon="12.367361">
    <ele>519.704</ele>
    <time>2026-06-16T13:17:32Z</time>
   </trkpt>
   <trkpt lat="47.921308" lon="12.367192">
    <ele>523.842</ele>
    <time>2026-06-16T13:17:37Z</time>
   </trkpt>
   <trkpt lat="47.921218" lon="12.367061">
    <ele>528.200</ele>
    <time>2026-06-16T13:17:48Z</time>
   </trkpt>
  </trkseg>
 </trk>
 <trk>
  <name>ACTIVE LOG062001</name>
  <trkseg>
   <trkpt lat="47.921177" lon="12.367006">
    <ele>538.246</ele>
    <time>2026-06-16T13:20:01Z</time>
   </trkpt>
   <trkpt lat="47.921189" lon="12.366987">
    <ele>539.128</ele>
    <time>2026-06-16T13:25:38Z</time>
   </trkpt>
   <trkpt lat="47.921189" lon="12.366986">
    <ele>539.106</ele>
    <time>2026-06-16T13:25:40Z</time>
   </trkpt>
   <trkpt lat="47.921161" lon="12.366927">
    <ele>539.219</ele>
    <time>2026-06-16T13:25:44Z</time>
   </trkpt>
   <trkpt lat="47.921104" lon="12.366847">
    <ele>538.023</ele>
    <time>2026-06-16T13:25:49Z</time>
   </trkpt>
   <trkpt lat="47.921080" lon="12.366794">
    <ele>538.337</ele>
    <time>2026-06-16T13:25:51Z</time>
   </trkpt>
   <trkpt lat="47.920757" lon="12.366481">
    <ele>539.420</ele>
    <time>2026-06-16T13:26:02Z</time>
   </trkpt>
   <trkpt lat="47.920700" lon="12.366420">
    <ele>539.058</ele>
    <time>2026-06-16T13:26:04Z</time>
   </trkpt>
   <trkpt lat="47.920466" lon="12.366280">
    <ele>538.630</ele>
    <time>2026-06-16T13:26:10Z</time>
   </trkpt>
   <trkpt lat="47.920320" lon="12.366307">
    <ele>539.797</ele>
    <time>2026-06-16T13:26:15Z</time>
   </trkpt>
   <trkpt lat="47.919890" lon="12.365715">
    <ele>537.691</ele>
    <time>2026-06-16T13:26:31Z</time>
   </trkpt>
   <trkpt lat="47.919687" lon="12.365316">
    <ele>533.518</ele>
    <time>2026-06-16T13:26:42Z</time>
   </trkpt>
   <trkpt lat="47.919560" lon="12.365059">
    <ele>530.461</ele>
    <time>2026-06-16T13:26:50Z</time>
   </trkpt>
   <trkpt lat="47.919352" lon="12.364981">
    <ele>532.922</ele>
    <time>2026-06-16T13:27:05Z</time>
   </trkpt>
   <trkpt lat="47.919295" lon="12.364981">
    <ele>535.431</ele>
    <time>2026-06-16T13:27:09Z</time>
   </trkpt>
   <trkpt lat="47.919191" lon="12.364982">
    <ele>534.541</ele>
    <time>2026-06-16T13:27:15Z</time>
   </trkpt>
   <trkpt lat="47.919111" lon="12.364980">
    <ele>533.185</ele>
    <time>2026-06-16T13:27:20Z</time>
   </trkpt>
   <trkpt lat="47.919121" lon="12.365001">
    <ele>534.855</ele>
    <time>2026-06-16T13:27:30Z</time>
   </trkpt>
   <trkpt lat="47.918797" lon="12.364621">
    <ele>536.554</ele>
    <time>2026-06-16T13:27:44Z</time>
   </trkpt>
   <trkpt lat="47.918746" lon="12.364534">
    <ele>536.521</ele>
    <time>2026-06-16T13:27:46Z</time>
   </trkpt>
   <trkpt lat="47.918677" lon="12.364286">
    <ele>536.189</ele>
    <time>2026-06-16T13:27:50Z</time>
   </trkpt>
   <trkpt lat="47.918693" lon="12.363336">
    <ele>538.292</ele>
    <time>2026-06-16T13:28:03Z</time>
   </trkpt>
   <trkpt lat="47.918789" lon="12.363200">
    <ele>538.281</ele>
    <time>2026-06-16T13:28:07Z</time>
   </trkpt>
   <trkpt lat="47.918791" lon="12.362732">
    <ele>538.116</ele>
    <time>2026-06-16T13:28:20Z</time>
   </trkpt>
   <trkpt lat="47.918661" lon="12.362241">
    <ele>536.586</ele>
    <time>2026-06-16T13:28:34Z</time>
   </trkpt>
   <trkpt lat="47.918503" lon="12.361775">
    <ele>543.226</ele>
    <time>2026-06-16T13:28:46Z</time>
   </trkpt>
   <trkpt lat="47.918291" lon="12.361224">
    <ele>540.480</ele>
    <time>2026-06-16T13:28:56Z</time>
   </trkpt>
   <trkpt lat="47.918144" lon="12.360538">
    <ele>534.767</ele>
    <time>2026-06-16T13:29:06Z</time>
   </trkpt>
   <trkpt lat="47.918114" lon="12.360394">
    <ele>534.774</ele>
    <time>2026-06-16T13:29:08Z</time>
   </trkpt>
   <trkpt lat="47.918013" lon="12.359616">
    <ele>537.515</ele>
    <time>2026-06-16T13:29:16Z</time>
   </trkpt>
   <trkpt lat="47.917951" lon="12.358671">
    <ele>535.938</ele>
    <time>2026-06-16T13:29:25Z</time>
   </trkpt>
   <trkpt lat="47.917952" lon="12.358606">
    <ele>535.973</ele>
    <time>2026-06-16T13:29:26Z</time>
   </trkpt>
   <trkpt lat="47.917923" lon="12.358336">
    <ele>534.174</ele>
    <time>2026-06-16T13:29:29Z</time>
   </trkpt>
   <trkpt lat="47.917857" lon="12.357569">
    <ele>527.332</ele>
    <time>2026-06-16T13:29:41Z</time>
   </trkpt>
   <trkpt lat="47.917776" lon="12.357407">
    <ele>528.718</ele>
    <time>2026-06-16T13:29:44Z</time>
   </trkpt>
   <trkpt lat="47.917748" lon="12.357116">
    <ele>533.458</ele>
    <time>2026-06-16T13:29:53Z</time>
   </trkpt>
   <trkpt lat="47.917734" lon="12.357052">
    <ele>535.063</ele>
    <time>2026-06-16T13:29:57Z</time>
   </trkpt>
   <trkpt lat="47.917712" lon="12.356890">
    <ele>535.542</ele>
    <time>2026-06-16T13:30:02Z</time>
   </trkpt>
   <trkpt lat="47.917685" lon="12.356708">
    <ele>536.580</ele>
    <time>2026-06-16T13:30:07Z</time>
   </trkpt>
   <trkpt lat="47.917593" lon="12.356199">
    <ele>534.127</ele>
    <time>2026-06-16T13:30:20Z</time>
   </trkpt>
   <trkpt lat="47.917484" lon="12.355754">
    <ele>531.622</ele>
    <time>2026-06-16T13:30:30Z</time>
   </trkpt>
   <trkpt lat="47.917302" lon="12.355282">
    <ele>532.957</ele>
    <time>2026-06-16T13:30:37Z</time>
   </trkpt>
   <trkpt lat="47.917173" lon="12.354889">
    <ele>532.792</ele>
    <time>2026-06-16T13:30:46Z</time>
   </trkpt>
   <trkpt lat="47.916989" lon="12.354438">
    <ele>539.385</ele>
    <time>2026-06-16T13:30:57Z</time>
   </trkpt>
   <trkpt lat="47.916822" lon="12.354188">
    <ele>538.931</ele>
    <time>2026-06-16T13:31:02Z</time>
   </trkpt>
   <trkpt lat="47.916581" lon="12.353941">
    <ele>535.674</ele>
    <time>2026-06-16T13:31:10Z</time>
   </trkpt>
   <trkpt lat="47.916486" lon="12.353923">
    <ele>534.044</ele>
    <time>2026-06-16T13:31:14Z</time>
   </trkpt>
   <trkpt lat="47.916386" lon="12.353941">
    <ele>538.364</ele>
    <time>2026-06-16T13:31:18Z</time>
   </trkpt>
   <trkpt lat="47.916180" lon="12.353942">
    <ele>538.105</ele>
    <time>2026-06-16T13:31:25Z</time>
   </trkpt>
   <trkpt lat="47.916074" lon="12.353949">
    <ele>537.567</ele>
    <time>2026-06-16T13:31:28Z</time>
   </trkpt>
   <trkpt lat="47.915911" lon="12.353973">
    <ele>534.894</ele>
    <time>2026-06-16T13:31:31Z</time>
   </trkpt>
   <trkpt lat="47.915754" lon="12.354024">
    <ele>531.255</ele>
    <time>2026-06-16T13:31:34Z</time>
   </trkpt>
   <trkpt lat="47.915524" lon="12.353911">
    <ele>530.627</ele>
    <time>2026-06-16T13:31:38Z</time>
   </trkpt>
   <trkpt lat="47.915447" lon="12.353571">
    <ele>531.721</ele>
    <time>2026-06-16T13:31:44Z</time>
   </trkpt>
   <trkpt lat="47.915480" lon="12.353488">
    <ele>531.631</ele>
    <time>2026-06-16T13:31:46Z</time>
   </trkpt>
   <trkpt lat="47.915388" lon="12.353009">
    <ele>528.258</ele>
    <time>2026-06-16T13:31:54Z</time>
   </trkpt>
   <trkpt lat="47.915103" lon="12.352401">
    <ele>524.461</ele>
    <time>2026-06-16T13:32:05Z</time>
   </trkpt>
   <trkpt lat="47.914946" lon="12.352235">
    <ele>526.865</ele>
    <time>2026-06-16T13:32:10Z</time>
   </trkpt>
   <trkpt lat="47.914754" lon="12.352247">
    <ele>527.777</ele>
    <time>2026-06-16T13:32:15Z</time>
   </trkpt>
   <trkpt lat="47.914280" lon="12.352400">
    <ele>523.756</ele>
    <time>2026-06-16T13:32:26Z</time>
   </trkpt>
   <trkpt lat="47.913975" lon="12.352543">
    <ele>526.697</ele>
    <time>2026-06-16T13:32:33Z</time>
   </trkpt>
   <trkpt lat="47.913801" lon="12.352474">
    <ele>525.284</ele>
    <time>2026-06-16T13:32:37Z</time>
   </trkpt>
   <trkpt lat="47.913315" lon="12.352084">
    <ele>527.299</ele>
    <time>2026-06-16T13:32:48Z</time>
   </trkpt>
   <trkpt lat="47.912831" lon="12.351179">
    <ele>527.195</ele>
    <time>2026-06-16T13:33:04Z</time>
   </trkpt>
   <trkpt lat="47.912787" lon="12.351050">
    <ele>527.387</ele>
    <time>2026-06-16T13:33:06Z</time>
   </trkpt>
   <trkpt lat="47.912690" lon="12.350871">
    <ele>526.506</ele>
    <time>2026-06-16T13:33:09Z</time>
   </trkpt>
   <trkpt lat="47.912393" lon="12.350549">
    <ele>527.855</ele>
    <time>2026-06-16T13:33:16Z</time>
   </trkpt>
   <trkpt lat="47.912146" lon="12.349833">
    <ele>528.163</ele>
    <time>2026-06-16T13:33:27Z</time>
   </trkpt>
   <trkpt lat="47.912062" lon="12.349576">
    <ele>528.153</ele>
    <time>2026-06-16T13:33:31Z</time>
   </trkpt>
   <trkpt lat="47.911659" lon="12.349157">
    <ele>528.657</ele>
    <time>2026-06-16T13:33:43Z</time>
   </trkpt>
   <trkpt lat="47.911623" lon="12.349123">
    <ele>528.212</ele>
    <time>2026-06-16T13:33:44Z</time>
   </trkpt>
   <trkpt lat="47.911394" lon="12.349033">
    <ele>527.444</ele>
    <time>2026-06-16T13:33:49Z</time>
   </trkpt>
   <trkpt lat="47.910853" lon="12.348908">
    <ele>527.642</ele>
    <time>2026-06-16T13:34:02Z</time>
   </trkpt>
   <trkpt lat="47.910614" lon="12.348546">
    <ele>528.601</ele>
    <time>2026-06-16T13:34:13Z</time>
   </trkpt>
   <trkpt lat="47.910599" lon="12.348507">
    <ele>528.259</ele>
    <time>2026-06-16T13:34:16Z</time>
   </trkpt>
   <trkpt lat="47.910617" lon="12.348141">
    <ele>527.671</ele>
    <time>2026-06-16T13:34:22Z</time>
   </trkpt>
   <trkpt lat="47.910662" lon="12.346988">
    <ele>522.439</ele>
    <time>2026-06-16T13:34:34Z</time>
   </trkpt>
   <trkpt lat="47.910977" lon="12.345636">
    <ele>525.452</ele>
    <time>2026-06-16T13:34:48Z</time>
   </trkpt>
   <trkpt lat="47.911172" lon="12.344706">
    <ele>526.585</ele>
    <time>2026-06-16T13:34:58Z</time>
   </trkpt>
   <trkpt lat="47.911197" lon="12.344222">
    <ele>527.344</ele>
    <time>2026-06-16T13:35:03Z</time>
   </trkpt>
   <trkpt lat="47.910937" lon="12.342700">
    <ele>527.824</ele>
    <time>2026-06-16T13:35:21Z</time>
   </trkpt>
   <trkpt lat="47.910653" lon="12.342215">
    <ele>528.462</ele>
    <time>2026-06-16T13:35:28Z</time>
   </trkpt>
   <trkpt lat="47.910538" lon="12.342010">
    <ele>528.340</ele>
    <time>2026-06-16T13:35:31Z</time>
   </trkpt>
   <trkpt lat="47.909741" lon="12.341313">
    <ele>529.290</ele>
    <time>2026-06-16T13:35:48Z</time>
   </trkpt>
   <trkpt lat="47.909472" lon="12.341158">
    <ele>529.661</ele>
    <time>2026-06-16T13:35:54Z</time>
   </trkpt>
   <trkpt lat="47.908463" lon="12.340512">
    <ele>531.898</ele>
    <time>2026-06-16T13:36:17Z</time>
   </trkpt>
   <trkpt lat="47.908120" lon="12.340208">
    <ele>532.767</ele>
    <time>2026-06-16T13:36:27Z</time>
   </trkpt>
   <trkpt lat="47.908149" lon="12.340106">
    <ele>531.772</ele>
    <time>2026-06-16T13:36:31Z</time>
   </trkpt>
   <trkpt lat="47.908000" lon="12.339847">
    <ele>529.428</ele>
    <time>2026-06-16T13:36:39Z</time>
   </trkpt>
   <trkpt lat="47.907896" lon="12.339801">
    <ele>528.811</ele>
    <time>2026-06-16T13:36:41Z</time>
   </trkpt>
   <trkpt lat="47.907492" lon="12.338898">
    <ele>527.334</ele>
    <time>2026-06-16T13:36:53Z</time>
   </trkpt>
   <trkpt lat="47.907381" lon="12.338600">
    <ele>527.610</ele>
    <time>2026-06-16T13:36:57Z</time>
   </trkpt>
   <trkpt lat="47.907393" lon="12.338293">
    <ele>529.700</ele>
    <time>2026-06-16T13:37:04Z</time>
   </trkpt>
   <trkpt lat="47.907615" lon="12.337853">
    <ele>529.729</ele>
    <time>2026-06-16T13:37:21Z</time>
   </trkpt>
   <trkpt lat="47.907639" lon="12.337799">
    <ele>529.013</ele>
    <time>2026-06-16T13:37:23Z</time>
   </trkpt>
   <trkpt lat="47.907760" lon="12.337119">
    <ele>530.633</ele>
    <time>2026-06-16T13:37:37Z</time>
   </trkpt>
   <trkpt lat="47.907802" lon="12.336620">
    <ele>532.928</ele>
    <time>2026-06-16T13:37:55Z</time>
   </trkpt>
   <trkpt lat="47.907890" lon="12.336132">
    <ele>534.778</ele>
    <time>2026-06-16T13:38:10Z</time>
   </trkpt>
   <trkpt lat="47.907911" lon="12.335876">
    <ele>536.265</ele>
    <time>2026-06-16T13:38:21Z</time>
   </trkpt>
   <trkpt lat="47.907718" lon="12.335845">
    <ele>537.132</ele>
    <time>2026-06-16T13:38:28Z</time>
   </trkpt>
   <trkpt lat="47.906933" lon="12.335781">
    <ele>538.397</ele>
    <time>2026-06-16T13:38:44Z</time>
   </trkpt>
   <trkpt lat="47.906852" lon="12.335760">
    <ele>538.753</ele>
    <time>2026-06-16T13:38:51Z</time>
   </trkpt>
   <trkpt lat="47.906646" lon="12.335716">
    <ele>540.378</ele>
    <time>2026-06-16T13:39:01Z</time>
   </trkpt>
   <trkpt lat="47.906136" lon="12.335415">
    <ele>542.259</ele>
    <time>2026-06-16T13:39:18Z</time>
   </trkpt>
   <trkpt lat="47.905593" lon="12.334959">
    <ele>539.047</ele>
    <time>2026-06-16T13:39:32Z</time>
   </trkpt>
   <trkpt lat="47.904781" lon="12.334461">
    <ele>532.285</ele>
    <time>2026-06-16T13:39:42Z</time>
   </trkpt>
   <trkpt lat="47.903978" lon="12.334413">
    <ele>532.844</ele>
    <time>2026-06-16T13:39:52Z</time>
   </trkpt>
   <trkpt lat="47.903917" lon="12.334419">
    <ele>532.952</ele>
    <time>2026-06-16T13:39:53Z</time>
   </trkpt>
   <trkpt lat="47.903498" lon="12.334696">
    <ele>532.628</ele>
    <time>2026-06-16T13:40:03Z</time>
   </trkpt>
   <trkpt lat="47.903317" lon="12.334717">
    <ele>530.858</ele>
    <time>2026-06-16T13:40:07Z</time>
   </trkpt>
   <trkpt lat="47.902870" lon="12.334679">
    <ele>530.501</ele>
    <time>2026-06-16T13:40:15Z</time>
   </trkpt>
   <trkpt lat="47.902676" lon="12.334752">
    <ele>531.481</ele>
    <time>2026-06-16T13:40:19Z</time>
   </trkpt>
   <trkpt lat="47.902591" lon="12.334800">
    <ele>532.217</ele>
    <time>2026-06-16T13:40:21Z</time>
   </trkpt>
   <trkpt lat="47.902200" lon="12.335093">
    <ele>530.957</ele>
    <time>2026-06-16T13:40:33Z</time>
   </trkpt>
   <trkpt lat="47.901802" lon="12.335535">
    <ele>531.948</ele>
    <time>2026-06-16T13:40:45Z</time>
   </trkpt>
   <trkpt lat="47.901586" lon="12.335799">
    <ele>529.208</ele>
    <time>2026-06-16T13:40:49Z</time>
   </trkpt>
   <trkpt lat="47.901439" lon="12.336011">
    <ele>528.228</ele>
    <time>2026-06-16T13:40:52Z</time>
   </trkpt>
   <trkpt lat="47.901080" lon="12.336494">
    <ele>527.969</ele>
    <time>2026-06-16T13:41:01Z</time>
   </trkpt>
   <trkpt lat="47.900669" lon="12.336902">
    <ele>529.340</ele>
    <time>2026-06-16T13:41:10Z</time>
   </trkpt>
   <trkpt lat="47.900250" lon="12.336887">
    <ele>532.462</ele>
    <time>2026-06-16T13:41:23Z</time>
   </trkpt>
   <trkpt lat="47.900206" lon="12.336911">
    <ele>533.048</ele>
    <time>2026-06-16T13:41:25Z</time>
   </trkpt>
   <trkpt lat="47.899730" lon="12.336898">
    <ele>535.985</ele>
    <time>2026-06-16T13:41:36Z</time>
   </trkpt>
   <trkpt lat="47.899348" lon="12.336967">
    <ele>537.398</ele>
    <time>2026-06-16T13:41:42Z</time>
   </trkpt>
   <trkpt lat="47.898893" lon="12.337257">
    <ele>536.194</ele>
    <time>2026-06-16T13:41:49Z</time>
   </trkpt>
   <trkpt lat="47.898700" lon="12.337329">
    <ele>535.746</ele>
    <time>2026-06-16T13:41:53Z</time>
   </trkpt>
   <trkpt lat="47.898485" lon="12.337380">
    <ele>535.776</ele>
    <time>2026-06-16T13:41:56Z</time>
   </trkpt>
   <trkpt lat="47.898145" lon="12.337499">
    <ele>537.392</ele>
    <time>2026-06-16T13:42:01Z</time>
   </trkpt>
   <trkpt lat="47.897887" lon="12.337730">
    <ele>536.654</ele>
    <time>2026-06-16T13:42:05Z</time>
   </trkpt>
   <trkpt lat="47.897677" lon="12.338035">
    <ele>542.007</ele>
    <time>2026-06-16T13:42:13Z</time>
   </trkpt>
   <trkpt lat="47.897589" lon="12.338355">
    <ele>546.687</ele>
    <time>2026-06-16T13:42:21Z</time>
   </trkpt>
   <trkpt lat="47.897657" lon="12.338947">
    <ele>555.253</ele>
    <time>2026-06-16T13:42:32Z</time>
   </trkpt>
   <trkpt lat="47.897664" lon="12.339732">
    <ele>557.878</ele>
    <time>2026-06-16T13:42:44Z</time>
   </trkpt>
   <trkpt lat="47.897588" lon="12.340299">
    <ele>562.418</ele>
    <time>2026-06-16T13:42:58Z</time>
   </trkpt>
   <trkpt lat="47.897292" lon="12.340928">
    <ele>558.437</ele>
    <time>2026-06-16T13:43:12Z</time>
   </trkpt>
   <trkpt lat="47.897239" lon="12.341175">
    <ele>560.378</ele>
    <time>2026-06-16T13:43:17Z</time>
   </trkpt>
   <trkpt lat="47.896973" lon="12.341581">
    <ele>556.738</ele>
    <time>2026-06-16T13:43:24Z</time>
   </trkpt>
   <trkpt lat="47.896535" lon="12.341830">
    <ele>551.159</ele>
    <time>2026-06-16T13:43:32Z</time>
   </trkpt>
   <trkpt lat="47.896382" lon="12.341900">
    <ele>548.279</ele>
    <time>2026-06-16T13:43:36Z</time>
   </trkpt>
   <trkpt lat="47.896035" lon="12.341930">
    <ele>549.399</ele>
    <time>2026-06-16T13:43:48Z</time>
   </trkpt>
   <trkpt lat="47.895814" lon="12.341982">
    <ele>547.678</ele>
    <time>2026-06-16T13:43:53Z</time>
   </trkpt>
   <trkpt lat="47.895440" lon="12.342074">
    <ele>552.253</ele>
    <time>2026-06-16T13:44:04Z</time>
   </trkpt>
   <trkpt lat="47.895043" lon="12.342344">
    <ele>548.945</ele>
    <time>2026-06-16T13:44:16Z</time>
   </trkpt>
   <trkpt lat="47.894733" lon="12.342610">
    <ele>545.399</ele>
    <time>2026-06-16T13:44:23Z</time>
   </trkpt>
   <trkpt lat="47.894336" lon="12.343173">
    <ele>545.694</ele>
    <time>2026-06-16T13:44:32Z</time>
   </trkpt>
   <trkpt lat="47.894173" lon="12.343415">
    <ele>550.004</ele>
    <time>2026-06-16T13:44:39Z</time>
   </trkpt>
   <trkpt lat="47.893836" lon="12.343621">
    <ele>556.815</ele>
    <time>2026-06-16T13:44:52Z</time>
   </trkpt>
   <trkpt lat="47.893411" lon="12.343988">
    <ele>553.642</ele>
    <time>2026-06-16T13:45:02Z</time>
   </trkpt>
   <trkpt lat="47.893281" lon="12.344102">
    <ele>553.556</ele>
    <time>2026-06-16T13:45:05Z</time>
   </trkpt>
   <trkpt lat="47.893101" lon="12.344167">
    <ele>552.488</ele>
    <time>2026-06-16T13:45:09Z</time>
   </trkpt>
   <trkpt lat="47.892773" lon="12.344226">
    <ele>547.135</ele>
    <time>2026-06-16T13:45:15Z</time>
   </trkpt>
   <trkpt lat="47.892383" lon="12.344222">
    <ele>542.313</ele>
    <time>2026-06-16T13:45:20Z</time>
   </trkpt>
   <trkpt lat="47.892074" lon="12.344138">
    <ele>542.607</ele>
    <time>2026-06-16T13:45:24Z</time>
   </trkpt>
   <trkpt lat="47.891854" lon="12.344119">
    <ele>541.528</ele>
    <time>2026-06-16T13:45:27Z</time>
   </trkpt>
   <trkpt lat="47.891193" lon="12.344236">
    <ele>544.613</ele>
    <time>2026-06-16T13:45:37Z</time>
   </trkpt>
   <trkpt lat="47.890921" lon="12.344322">
    <ele>545.602</ele>
    <time>2026-06-16T13:45:41Z</time>
   </trkpt>
   <trkpt lat="47.890747" lon="12.344401">
    <ele>545.173</ele>
    <time>2026-06-16T13:45:44Z</time>
   </trkpt>
   <trkpt lat="47.890217" lon="12.344516">
    <ele>546.050</ele>
    <time>2026-06-16T13:45:59Z</time>
   </trkpt>
   <trkpt lat="47.890060" lon="12.344574">
    <ele>546.307</ele>
    <time>2026-06-16T13:46:08Z</time>
   </trkpt>
   <trkpt lat="47.890019" lon="12.344600">
    <ele>547.316</ele>
    <time>2026-06-16T13:46:12Z</time>
   </trkpt>
   <trkpt lat="47.889857" lon="12.344692">
    <ele>549.115</ele>
    <time>2026-06-16T13:46:20Z</time>
   </trkpt>
   <trkpt lat="47.889772" lon="12.344704">
    <ele>549.993</ele>
    <time>2026-06-16T13:46:24Z</time>
   </trkpt>
   <trkpt lat="47.889411" lon="12.344726">
    <ele>545.489</ele>
    <time>2026-06-16T13:46:30Z</time>
   </trkpt>
   <trkpt lat="47.889315" lon="12.344782">
    <ele>544.608</ele>
    <time>2026-06-16T13:46:32Z</time>
   </trkpt>
   <trkpt lat="47.889122" lon="12.344828">
    <ele>541.870</ele>
    <time>2026-06-16T13:46:35Z</time>
   </trkpt>
   <trkpt lat="47.888801" lon="12.344925">
    <ele>546.396</ele>
    <time>2026-06-16T13:46:41Z</time>
   </trkpt>
   <trkpt lat="47.888319" lon="12.344896">
    <ele>545.123</ele>
    <time>2026-06-16T13:46:49Z</time>
   </trkpt>
   <trkpt lat="47.887479" lon="12.345059">
    <ele>541.091</ele>
    <time>2026-06-16T13:47:01Z</time>
   </trkpt>
   <trkpt lat="47.886478" lon="12.345304">
    <ele>538.961</ele>
    <time>2026-06-16T13:47:16Z</time>
   </trkpt>
   <trkpt lat="47.885753" lon="12.345536">
    <ele>541.545</ele>
    <time>2026-06-16T13:47:30Z</time>
   </trkpt>
   <trkpt lat="47.885156" lon="12.345686">
    <ele>538.561</ele>
    <time>2026-06-16T13:47:43Z</time>
   </trkpt>
   <trkpt lat="47.884771" lon="12.345785">
    <ele>537.553</ele>
    <time>2026-06-16T13:47:55Z</time>
   </trkpt>
   <trkpt lat="47.884719" lon="12.345793">
    <ele>537.333</ele>
    <time>2026-06-16T13:47:56Z</time>
   </trkpt>
   <trkpt lat="47.884610" lon="12.345826">
    <ele>537.016</ele>
    <time>2026-06-16T13:47:58Z</time>
   </trkpt>
   <trkpt lat="47.884267" lon="12.345971">
    <ele>535.281</ele>
    <time>2026-06-16T13:48:04Z</time>
   </trkpt>
   <trkpt lat="47.883814" lon="12.346030">
    <ele>535.027</ele>
    <time>2026-06-16T13:48:15Z</time>
   </trkpt>
   <trkpt lat="47.883540" lon="12.346049">
    <ele>534.357</ele>
    <time>2026-06-16T13:48:25Z</time>
   </trkpt>
   <trkpt lat="47.883408" lon="12.346014">
    <ele>533.831</ele>
    <time>2026-06-16T13:48:28Z</time>
   </trkpt>
   <trkpt lat="47.883130" lon="12.345856">
    <ele>531.951</ele>
    <time>2026-06-16T13:48:38Z</time>
   </trkpt>
   <trkpt lat="47.883099" lon="12.345868">
    <ele>531.785</ele>
    <time>2026-06-16T13:48:42Z</time>
   </trkpt>
   <trkpt lat="47.882631" lon="12.345659">
    <ele>528.999</ele>
    <time>2026-06-16T13:48:53Z</time>
   </trkpt>
   <trkpt lat="47.882487" lon="12.345613">
    <ele>527.992</ele>
    <time>2026-06-16T13:48:55Z</time>
   </trkpt>
   <trkpt lat="47.881519" lon="12.345316">
    <ele>522.741</ele>
    <time>2026-06-16T13:49:07Z</time>
   </trkpt>
   <trkpt lat="47.881461" lon="12.345290">
    <ele>522.616</ele>
    <time>2026-06-16T13:49:08Z</time>
   </trkpt>
   <trkpt lat="47.881467" lon="12.345360">
    <ele>522.057</ele>
    <time>2026-06-16T13:49:15Z</time>
   </trkpt>
   <trkpt lat="47.881734" lon="12.345634">
    <ele>521.892</ele>
    <time>2026-06-16T13:49:24Z</time>
   </trkpt>
   <trkpt lat="47.881747" lon="12.345824">
    <ele>519.899</ele>
    <time>2026-06-16T13:49:26Z</time>
   </trkpt>
   <trkpt lat="47.881775" lon="12.346460">
    <ele>517.048</ele>
    <time>2026-06-16T13:49:32Z</time>
   </trkpt>
   <trkpt lat="47.881628" lon="12.346750">
    <ele>515.872</ele>
    <time>2026-06-16T13:49:37Z</time>
   </trkpt>
   <trkpt lat="47.880658" lon="12.347031">
    <ele>515.691</ele>
    <time>2026-06-16T13:49:55Z</time>
   </trkpt>
   <trkpt lat="47.879418" lon="12.347357">
    <ele>515.145</ele>
    <time>2026-06-16T13:50:17Z</time>
   </trkpt>
   <trkpt lat="47.877985" lon="12.347725">
    <ele>514.526</ele>
    <time>2026-06-16T13:50:43Z</time>
   </trkpt>
   <trkpt lat="47.876771" lon="12.347754">
    <ele>514.941</ele>
    <time>2026-06-16T13:51:05Z</time>
   </trkpt>
   <trkpt lat="47.876718" lon="12.347743">
    <ele>514.871</ele>
    <time>2026-06-16T13:51:06Z</time>
   </trkpt>
   <trkpt lat="47.876124" lon="12.347420">
    <ele>515.170</ele>
    <time>2026-06-16T13:51:18Z</time>
   </trkpt>
   <trkpt lat="47.875045" lon="12.347200">
    <ele>516.993</ele>
    <time>2026-06-16T13:51:40Z</time>
   </trkpt>
   <trkpt lat="47.874799" lon="12.347110">
    <ele>514.783</ele>
    <time>2026-06-16T13:51:45Z</time>
   </trkpt>
   <trkpt lat="47.874519" lon="12.346994">
    <ele>515.906</ele>
    <time>2026-06-16T13:51:52Z</time>
   </trkpt>
   <trkpt lat="47.874062" lon="12.347044">
    <ele>516.878</ele>
    <time>2026-06-16T13:52:06Z</time>
   </trkpt>
   <trkpt lat="47.874042" lon="12.347055">
    <ele>516.809</ele>
    <time>2026-06-16T13:52:07Z</time>
   </trkpt>
   <trkpt lat="47.873976" lon="12.347128">
    <ele>516.652</ele>
    <time>2026-06-16T13:52:15Z</time>
   </trkpt>
   <trkpt lat="47.874191" lon="12.347888">
    <ele>516.388</ele>
    <time>2026-06-16T13:52:26Z</time>
   </trkpt>
   <trkpt lat="47.874414" lon="12.349591">
    <ele>513.678</ele>
    <time>2026-06-16T13:52:46Z</time>
   </trkpt>
   <trkpt lat="47.874761" lon="12.351470">
    <ele>515.967</ele>
    <time>2026-06-16T13:53:08Z</time>
   </trkpt>
   <trkpt lat="47.874966" lon="12.351889">
    <ele>515.437</ele>
    <time>2026-06-16T13:53:14Z</time>
   </trkpt>
   <trkpt lat="47.875045" lon="12.352788">
    <ele>515.007</ele>
    <time>2026-06-16T13:53:25Z</time>
   </trkpt>
   <trkpt lat="47.875099" lon="12.353378">
    <ele>515.425</ele>
    <time>2026-06-16T13:53:32Z</time>
   </trkpt>
   <trkpt lat="47.875103" lon="12.353618">
    <ele>516.990</ele>
    <time>2026-06-16T13:53:35Z</time>
   </trkpt>
   <trkpt lat="47.875194" lon="12.354229">
    <ele>517.115</ele>
    <time>2026-06-16T13:53:43Z</time>
   </trkpt>
   <trkpt lat="47.875341" lon="12.354431">
    <ele>517.503</ele>
    <time>2026-06-16T13:53:48Z</time>
   </trkpt>
   <trkpt lat="47.875509" lon="12.354601">
    <ele>516.491</ele>
    <time>2026-06-16T13:53:59Z</time>
   </trkpt>
   <trkpt lat="47.875479" lon="12.354559">
    <ele>517.584</ele>
    <time>2026-06-16T13:55:06Z</time>
   </trkpt>
   <trkpt lat="47.875236" lon="12.354379">
    <ele>518.747</ele>
    <time>2026-06-16T13:55:18Z</time>
   </trkpt>
   <trkpt lat="47.875173" lon="12.354388">
    <ele>518.619</ele>
    <time>2026-06-16T13:55:20Z</time>
   </trkpt>
   <trkpt lat="47.875143" lon="12.354632">
    <ele>518.831</ele>
    <time>2026-06-16T13:55:25Z</time>
   </trkpt>
   <trkpt lat="47.875141" lon="12.355117">
    <ele>519.219</ele>
    <time>2026-06-16T13:55:35Z</time>
   </trkpt>
   <trkpt lat="47.875165" lon="12.355067">
    <ele>517.946</ele>
    <time>2026-06-16T13:55:40Z</time>
   </trkpt>
   <trkpt lat="47.875169" lon="12.354347">
    <ele>518.915</ele>
    <time>2026-06-16T13:55:54Z</time>
   </trkpt>
   <trkpt lat="47.875197" lon="12.354264">
    <ele>518.133</ele>
    <time>2026-06-16T13:55:56Z</time>
   </trkpt>
   <trkpt lat="47.875154" lon="12.353973">
    <ele>517.660</ele>
    <time>2026-06-16T13:56:02Z</time>
   </trkpt>
   <trkpt lat="47.875120" lon="12.354027">
    <ele>518.558</ele>
    <time>2026-06-16T13:56:08Z</time>
   </trkpt>
   <trkpt lat="47.875111" lon="12.354166">
    <ele>519.356</ele>
    <time>2026-06-16T13:56:14Z</time>
   </trkpt>
   <trkpt lat="47.875040" lon="12.354230">
    <ele>520.109</ele>
    <time>2026-06-16T13:56:20Z</time>
   </trkpt>
   <trkpt lat="47.874873" lon="12.354241">
    <ele>520.300</ele>
    <time>2026-06-16T13:56:27Z</time>
   </trkpt>
   <trkpt lat="47.874810" lon="12.354412">
    <ele>519.043</ele>
    <time>2026-06-16T13:56:31Z</time>
   </trkpt>
   <trkpt lat="47.874809" lon="12.354562">
    <ele>519.247</ele>
    <time>2026-06-16T13:56:33Z</time>
   </trkpt>
   <trkpt lat="47.874819" lon="12.354866">
    <ele>519.156</ele>
    <time>2026-06-16T13:56:37Z</time>
   </trkpt>
   <trkpt lat="47.874785" lon="12.355141">
    <ele>521.476</ele>
    <time>2026-06-16T13:56:41Z</time>
   </trkpt>
   <trkpt lat="47.874762" lon="12.355334">
    <ele>521.368</ele>
    <time>2026-06-16T13:56:44Z</time>
   </trkpt>
   <trkpt lat="47.874772" lon="12.355773">
    <ele>520.690</ele>
    <time>2026-06-16T13:56:50Z</time>
   </trkpt>
   <trkpt lat="47.874754" lon="12.356094">
    <ele>519.310</ele>
    <time>2026-06-16T13:56:54Z</time>
   </trkpt>
   <trkpt lat="47.874800" lon="12.356637">
    <ele>518.092</ele>
    <time>2026-06-16T13:57:01Z</time>
   </trkpt>
   <trkpt lat="47.874923" lon="12.357277">
    <ele>517.719</ele>
    <time>2026-06-16T13:57:09Z</time>
   </trkpt>
   <trkpt lat="47.874789" lon="12.357532">
    <ele>517.926</ele>
    <time>2026-06-16T13:57:15Z</time>
   </trkpt>
   <trkpt lat="47.874495" lon="12.357525">
    <ele>518.052</ele>
    <time>2026-06-16T13:57:27Z</time>
   </trkpt>
   <trkpt lat="47.873377" lon="12.357495">
    <ele>516.110</ele>
    <time>2026-06-16T13:57:47Z</time>
   </trkpt>
   <trkpt lat="47.873184" lon="12.357485">
    <ele>516.402</ele>
    <time>2026-06-16T13:57:51Z</time>
   </trkpt>
   <trkpt lat="47.873122" lon="12.357583">
    <ele>516.453</ele>
    <time>2026-06-16T13:57:54Z</time>
   </trkpt>
   <trkpt lat="47.872837" lon="12.357621">
    <ele>517.129</ele>
    <time>2026-06-16T13:58:02Z</time>
   </trkpt>
   <trkpt lat="47.871900" lon="12.357419">
    <ele>516.007</ele>
    <time>2026-06-16T13:58:22Z</time>
   </trkpt>
   <trkpt lat="47.871810" lon="12.357384">
    <ele>515.887</ele>
    <time>2026-06-16T13:58:24Z</time>
   </trkpt>
   <trkpt lat="47.871617" lon="12.357582">
    <ele>516.051</ele>
    <time>2026-06-16T13:58:31Z</time>
   </trkpt>
   <trkpt lat="47.871630" lon="12.357712">
    <ele>515.909</ele>
    <time>2026-06-16T13:58:33Z</time>
   </trkpt>
   <trkpt lat="47.871531" lon="12.357870">
    <ele>515.984</ele>
    <time>2026-06-16T13:58:38Z</time>
   </trkpt>
   <trkpt lat="47.871230" lon="12.357897">
    <ele>516.610</ele>
    <time>2026-06-16T13:58:45Z</time>
   </trkpt>
   <trkpt lat="47.870755" lon="12.357967">
    <ele>515.654</ele>
    <time>2026-06-16T13:58:55Z</time>
   </trkpt>
   <trkpt lat="47.870661" lon="12.357974">
    <ele>515.982</ele>
    <time>2026-06-16T13:58:57Z</time>
   </trkpt>
   <trkpt lat="47.870422" lon="12.357903">
    <ele>516.020</ele>
    <time>2026-06-16T13:59:02Z</time>
   </trkpt>
   <trkpt lat="47.870144" lon="12.357723">
    <ele>516.120</ele>
    <time>2026-06-16T13:59:08Z</time>
   </trkpt>
   <trkpt lat="47.869998" lon="12.357668">
    <ele>516.659</ele>
    <time>2026-06-16T13:59:11Z</time>
   </trkpt>
   <trkpt lat="47.869418" lon="12.357705">
    <ele>518.206</ele>
    <time>2026-06-16T13:59:23Z</time>
   </trkpt>
   <trkpt lat="47.869238" lon="12.357656">
    <ele>518.460</ele>
    <time>2026-06-16T13:59:27Z</time>
   </trkpt>
   <trkpt lat="47.869009" lon="12.357301">
    <ele>518.875</ele>
    <time>2026-06-16T13:59:34Z</time>
   </trkpt>
   <trkpt lat="47.868844" lon="12.357036">
    <ele>517.957</ele>
    <time>2026-06-16T13:59:39Z</time>
   </trkpt>
   <trkpt lat="47.868758" lon="12.356867">
    <ele>517.695</ele>
    <time>2026-06-16T13:59:42Z</time>
   </trkpt>
   <trkpt lat="47.868393" lon="12.356567">
    <ele>517.952</ele>
    <time>2026-06-16T13:59:52Z</time>
   </trkpt>
   <trkpt lat="47.868365" lon="12.356990">
    <ele>517.374</ele>
    <time>2026-06-16T14:00:01Z</time>
   </trkpt>
   <trkpt lat="47.868130" lon="12.357335">
    <ele>518.142</ele>
    <time>2026-06-16T14:00:09Z</time>
   </trkpt>
   <trkpt lat="47.867389" lon="12.357579">
    <ele>518.972</ele>
    <time>2026-06-16T14:00:25Z</time>
   </trkpt>
   <trkpt lat="47.867159" lon="12.357792">
    <ele>519.106</ele>
    <time>2026-06-16T14:00:30Z</time>
   </trkpt>
   <trkpt lat="47.866535" lon="12.358429">
    <ele>517.419</ele>
    <time>2026-06-16T14:00:45Z</time>
   </trkpt>
   <trkpt lat="47.866412" lon="12.358657">
    <ele>517.481</ele>
    <time>2026-06-16T14:00:49Z</time>
   </trkpt>
   <trkpt lat="47.866118" lon="12.359025">
    <ele>517.451</ele>
    <time>2026-06-16T14:00:56Z</time>
   </trkpt>
   <trkpt lat="47.865473" lon="12.359934">
    <ele>517.781</ele>
    <time>2026-06-16T14:01:12Z</time>
   </trkpt>
   <trkpt lat="47.864660" lon="12.361682">
    <ele>519.008</ele>
    <time>2026-06-16T14:01:37Z</time>
   </trkpt>
   <trkpt lat="47.863961" lon="12.362681">
    <ele>518.193</ele>
    <time>2026-06-16T14:01:54Z</time>
   </trkpt>
   <trkpt lat="47.863854" lon="12.362762">
    <ele>517.885</ele>
    <time>2026-06-16T14:02:02Z</time>
   </trkpt>
   <trkpt lat="47.863854" lon="12.362762">
    <ele>517.891</ele>
    <time>2026-06-16T14:02:05Z</time>
   </trkpt>
   <trkpt lat="47.863552" lon="12.362831">
    <ele>517.729</ele>
    <time>2026-06-16T14:02:14Z</time>
   </trkpt>
   <trkpt lat="47.862517" lon="12.363245">
    <ele>516.396</ele>
    <time>2026-06-16T14:02:33Z</time>
   </trkpt>
   <trkpt lat="47.861167" lon="12.363561">
    <ele>515.489</ele>
    <time>2026-06-16T14:02:55Z</time>
   </trkpt>
   <trkpt lat="47.860608" lon="12.363644">
    <ele>515.807</ele>
    <time>2026-06-16T14:03:06Z</time>
   </trkpt>
   <trkpt lat="47.860533" lon="12.363801">
    <ele>515.863</ele>
    <time>2026-06-16T14:03:10Z</time>
   </trkpt>
   <trkpt lat="47.860464" lon="12.364070">
    <ele>515.289</ele>
    <time>2026-06-16T14:03:16Z</time>
   </trkpt>
   <trkpt lat="47.860295" lon="12.364169">
    <ele>515.448</ele>
    <time>2026-06-16T14:03:20Z</time>
   </trkpt>
   <trkpt lat="47.859385" lon="12.364548">
    <ele>517.185</ele>
    <time>2026-06-16T14:03:38Z</time>
   </trkpt>
   <trkpt lat="47.859226" lon="12.364618">
    <ele>516.892</ele>
    <time>2026-06-16T14:03:41Z</time>
   </trkpt>
   <trkpt lat="47.858414" lon="12.364945">
    <ele>516.338</ele>
    <time>2026-06-16T14:03:58Z</time>
   </trkpt>
   <trkpt lat="47.857476" lon="12.365349">
    <ele>518.118</ele>
    <time>2026-06-16T14:04:19Z</time>
   </trkpt>
   <trkpt lat="47.856378" lon="12.365818">
    <ele>518.994</ele>
    <time>2026-06-16T14:04:44Z</time>
   </trkpt>
   <trkpt lat="47.856103" lon="12.365951">
    <ele>520.770</ele>
    <time>2026-06-16T14:04:51Z</time>
   </trkpt>
   <trkpt lat="47.855688" lon="12.366097">
    <ele>524.518</ele>
    <time>2026-06-16T14:05:01Z</time>
   </trkpt>
   <trkpt lat="47.855401" lon="12.366213">
    <ele>527.239</ele>
    <time>2026-06-16T14:05:07Z</time>
   </trkpt>
   <trkpt lat="47.854871" lon="12.366443">
    <ele>532.646</ele>
    <time>2026-06-16T14:05:17Z</time>
   </trkpt>
   <trkpt lat="47.854697" lon="12.366512">
    <ele>532.105</ele>
    <time>2026-06-16T14:05:20Z</time>
   </trkpt>
   <trkpt lat="47.853908" lon="12.366816">
    <ele>527.682</ele>
    <time>2026-06-16T14:05:33Z</time>
   </trkpt>
   <trkpt lat="47.853379" lon="12.367028">
    <ele>529.844</ele>
    <time>2026-06-16T14:05:44Z</time>
   </trkpt>
   <trkpt lat="47.853012" lon="12.367142">
    <ele>533.864</ele>
    <time>2026-06-16T14:05:52Z</time>
   </trkpt>
   <trkpt lat="47.852291" lon="12.367463">
    <ele>530.711</ele>
    <time>2026-06-16T14:06:02Z</time>
   </trkpt>
   <trkpt lat="47.851369" lon="12.367625">
    <ele>525.413</ele>
    <time>2026-06-16T14:06:18Z</time>
   </trkpt>
   <trkpt lat="47.851216" lon="12.367647">
    <ele>525.107</ele>
    <time>2026-06-16T14:06:21Z</time>
   </trkpt>
   <trkpt lat="47.850298" lon="12.367512">
    <ele>526.504</ele>
    <time>2026-06-16T14:06:41Z</time>
   </trkpt>
   <trkpt lat="47.849841" lon="12.367400">
    <ele>526.367</ele>
    <time>2026-06-16T14:06:50Z</time>
   </trkpt>
   <trkpt lat="47.849683" lon="12.367350">
    <ele>525.707</ele>
    <time>2026-06-16T14:06:53Z</time>
   </trkpt>
   <trkpt lat="47.849127" lon="12.367179">
    <ele>524.247</ele>
    <time>2026-06-16T14:07:03Z</time>
   </trkpt>
   <trkpt lat="47.848416" lon="12.367055">
    <ele>523.308</ele>
    <time>2026-06-16T14:07:15Z</time>
   </trkpt>
   <trkpt lat="47.847584" lon="12.367229">
    <ele>523.458</ele>
    <time>2026-06-16T14:07:30Z</time>
   </trkpt>
   <trkpt lat="47.847435" lon="12.367128">
    <ele>523.497</ele>
    <time>2026-06-16T14:07:34Z</time>
   </trkpt>
   <trkpt lat="47.847378" lon="12.367184">
    <ele>523.643</ele>
    <time>2026-06-16T14:07:37Z</time>
   </trkpt>
   <trkpt lat="47.847224" lon="12.367276">
    <ele>523.470</ele>
    <time>2026-06-16T14:07:46Z</time>
   </trkpt>
   <trkpt lat="47.847168" lon="12.367271">
    <ele>523.121</ele>
    <time>2026-06-16T14:07:53Z</time>
   </trkpt>
   <trkpt lat="47.846885" lon="12.366749">
    <ele>523.301</ele>
    <time>2026-06-16T14:08:07Z</time>
   </trkpt>
   <trkpt lat="47.846670" lon="12.366815">
    <ele>521.790</ele>
    <time>2026-06-16T14:08:13Z</time>
   </trkpt>
   <trkpt lat="47.846469" lon="12.366809">
    <ele>520.489</ele>
    <time>2026-06-16T14:08:18Z</time>
   </trkpt>
   <trkpt lat="47.846399" lon="12.366700">
    <ele>519.881</ele>
    <time>2026-06-16T14:08:20Z</time>
   </trkpt>
   <trkpt lat="47.846190" lon="12.366685">
    <ele>519.053</ele>
    <time>2026-06-16T14:08:24Z</time>
   </trkpt>
   <trkpt lat="47.845660" lon="12.366613">
    <ele>517.771</ele>
    <time>2026-06-16T14:08:33Z</time>
   </trkpt>
   <trkpt lat="47.845161" lon="12.367007">
    <ele>516.741</ele>
    <time>2026-06-16T14:08:42Z</time>
   </trkpt>
   <trkpt lat="47.844900" lon="12.367250">
    <ele>516.867</ele>
    <time>2026-06-16T14:08:47Z</time>
   </trkpt>
   <trkpt lat="47.844802" lon="12.367538">
    <ele>516.353</ele>
    <time>2026-06-16T14:08:51Z</time>
   </trkpt>
   <trkpt lat="47.844789" lon="12.367860">
    <ele>516.716</ele>
    <time>2026-06-16T14:08:55Z</time>
   </trkpt>
   <trkpt lat="47.844681" lon="12.368110">
    <ele>517.540</ele>
    <time>2026-06-16T14:09:00Z</time>
   </trkpt>
   <trkpt lat="47.844072" lon="12.368577">
    <ele>516.818</ele>
    <time>2026-06-16T14:09:13Z</time>
   </trkpt>
   <trkpt lat="47.843981" lon="12.368857">
    <ele>517.324</ele>
    <time>2026-06-16T14:09:18Z</time>
   </trkpt>
   <trkpt lat="47.844010" lon="12.369234">
    <ele>518.336</ele>
    <time>2026-06-16T14:09:24Z</time>
   </trkpt>
   <trkpt lat="47.843833" lon="12.369668">
    <ele>517.745</ele>
    <time>2026-06-16T14:09:32Z</time>
   </trkpt>
   <trkpt lat="47.843551" lon="12.369964">
    <ele>516.432</ele>
    <time>2026-06-16T14:09:39Z</time>
   </trkpt>
   <trkpt lat="47.843028" lon="12.370291">
    <ele>515.060</ele>
    <time>2026-06-16T14:09:49Z</time>
   </trkpt>
   <trkpt lat="47.842440" lon="12.370678">
    <ele>514.297</ele>
    <time>2026-06-16T14:10:00Z</time>
   </trkpt>
   <trkpt lat="47.841046" lon="12.371327">
    <ele>513.774</ele>
    <time>2026-06-16T14:10:23Z</time>
   </trkpt>
   <trkpt lat="47.839993" lon="12.371256">
    <ele>514.544</ele>
    <time>2026-06-16T14:10:40Z</time>
   </trkpt>
   <trkpt lat="47.839809" lon="12.371225">
    <ele>514.725</ele>
    <time>2026-06-16T14:10:43Z</time>
   </trkpt>
   <trkpt lat="47.839075" lon="12.371395">
    <ele>514.898</ele>
    <time>2026-06-16T14:10:55Z</time>
   </trkpt>
   <trkpt lat="47.838557" lon="12.371415">
    <ele>515.891</ele>
    <time>2026-06-16T14:11:04Z</time>
   </trkpt>
   <trkpt lat="47.837794" lon="12.371143">
    <ele>516.045</ele>
    <time>2026-06-16T14:11:17Z</time>
   </trkpt>
   <trkpt lat="47.837547" lon="12.370895">
    <ele>515.563</ele>
    <time>2026-06-16T14:11:22Z</time>
   </trkpt>
   <trkpt lat="47.837353" lon="12.370948">
    <ele>515.035</ele>
    <time>2026-06-16T14:11:26Z</time>
   </trkpt>
   <trkpt lat="47.837274" lon="12.371037">
    <ele>515.057</ele>
    <time>2026-06-16T14:11:28Z</time>
   </trkpt>
   <trkpt lat="47.836982" lon="12.371223">
    <ele>514.988</ele>
    <time>2026-06-16T14:11:34Z</time>
   </trkpt>
   <trkpt lat="47.836589" lon="12.371559">
    <ele>515.193</ele>
    <time>2026-06-16T14:11:43Z</time>
   </trkpt>
   <trkpt lat="47.836224" lon="12.371806">
    <ele>515.417</ele>
    <time>2026-06-16T14:11:52Z</time>
   </trkpt>
   <trkpt lat="47.836020" lon="12.371875">
    <ele>515.475</ele>
    <time>2026-06-16T14:11:56Z</time>
   </trkpt>
   <trkpt lat="47.835837" lon="12.371868">
    <ele>515.363</ele>
    <time>2026-06-16T14:12:00Z</time>
   </trkpt>
   <trkpt lat="47.835645" lon="12.371810">
    <ele>515.289</ele>
    <time>2026-06-16T14:12:05Z</time>
   </trkpt>
   <trkpt lat="47.835274" lon="12.371287">
    <ele>514.342</ele>
    <time>2026-06-16T14:12:14Z</time>
   </trkpt>
   <trkpt lat="47.835134" lon="12.371172">
    <ele>514.205</ele>
    <time>2026-06-16T14:12:18Z</time>
   </trkpt>
   <trkpt lat="47.834887" lon="12.371154">
    <ele>514.278</ele>
    <time>2026-06-16T14:12:23Z</time>
   </trkpt>
   <trkpt lat="47.834140" lon="12.371174">
    <ele>513.276</ele>
    <time>2026-06-16T14:12:37Z</time>
   </trkpt>
   <trkpt lat="47.833980" lon="12.371114">
    <ele>514.121</ele>
    <time>2026-06-16T14:12:41Z</time>
   </trkpt>
   <trkpt lat="47.833235" lon="12.370643">
    <ele>513.849</ele>
    <time>2026-06-16T14:12:56Z</time>
   </trkpt>
   <trkpt lat="47.832112" lon="12.369912">
    <ele>514.019</ele>
    <time>2026-06-16T14:13:20Z</time>
   </trkpt>
   <trkpt lat="47.831893" lon="12.369811">
    <ele>514.124</ele>
    <time>2026-06-16T14:13:25Z</time>
   </trkpt>
   <trkpt lat="47.831709" lon="12.369735">
    <ele>514.179</ele>
    <time>2026-06-16T14:13:30Z</time>
   </trkpt>
   <trkpt lat="47.831531" lon="12.369810">
    <ele>514.302</ele>
    <time>2026-06-16T14:13:35Z</time>
   </trkpt>
   <trkpt lat="47.831306" lon="12.369804">
    <ele>513.850</ele>
    <time>2026-06-16T14:13:39Z</time>
   </trkpt>
   <trkpt lat="47.831201" lon="12.369772">
    <ele>514.277</ele>
    <time>2026-06-16T14:13:41Z</time>
   </trkpt>
   <trkpt lat="47.830310" lon="12.369538">
    <ele>517.565</ele>
    <time>2026-06-16T14:13:59Z</time>
   </trkpt>
   <trkpt lat="47.829910" lon="12.369443">
    <ele>520.295</ele>
    <time>2026-06-16T14:14:09Z</time>
   </trkpt>
   <trkpt lat="47.829616" lon="12.369416">
    <ele>519.061</ele>
    <time>2026-06-16T14:14:14Z</time>
   </trkpt>
   <trkpt lat="47.829252" lon="12.369461">
    <ele>516.635</ele>
    <time>2026-06-16T14:14:21Z</time>
   </trkpt>
   <trkpt lat="47.829137" lon="12.369588">
    <ele>516.299</ele>
    <time>2026-06-16T14:14:24Z</time>
   </trkpt>
   <trkpt lat="47.829019" lon="12.369798">
    <ele>515.820</ele>
    <time>2026-06-16T14:14:28Z</time>
   </trkpt>
   <trkpt lat="47.828627" lon="12.369913">
    <ele>515.118</ele>
    <time>2026-06-16T14:14:36Z</time>
   </trkpt>
   <trkpt lat="47.828463" lon="12.369924">
    <ele>514.591</ele>
    <time>2026-06-16T14:14:39Z</time>
   </trkpt>
   <trkpt lat="47.828234" lon="12.370045">
    <ele>514.608</ele>
    <time>2026-06-16T14:14:44Z</time>
   </trkpt>
   <trkpt lat="47.828149" lon="12.370116">
    <ele>514.856</ele>
    <time>2026-06-16T14:14:46Z</time>
   </trkpt>
   <trkpt lat="47.827394" lon="12.370846">
    <ele>515.763</ele>
    <time>2026-06-16T14:15:04Z</time>
   </trkpt>
   <trkpt lat="47.826935" lon="12.371508">
    <ele>515.304</ele>
    <time>2026-06-16T14:15:18Z</time>
   </trkpt>
   <trkpt lat="47.826836" lon="12.371670">
    <ele>514.445</ele>
    <time>2026-06-16T14:15:22Z</time>
   </trkpt>
   <trkpt lat="47.826383" lon="12.372558">
    <ele>515.188</ele>
    <time>2026-06-16T14:15:36Z</time>
   </trkpt>
   <trkpt lat="47.826127" lon="12.373558">
    <ele>514.933</ele>
    <time>2026-06-16T14:15:52Z</time>
   </trkpt>
   <trkpt lat="47.826094" lon="12.373902">
    <ele>514.673</ele>
    <time>2026-06-16T14:15:57Z</time>
   </trkpt>
   <trkpt lat="47.826060" lon="12.374362">
    <ele>514.110</ele>
    <time>2026-06-16T14:16:03Z</time>
   </trkpt>
   <trkpt lat="47.826085" lon="12.375016">
    <ele>514.049</ele>
    <time>2026-06-16T14:16:12Z</time>
   </trkpt>
   <trkpt lat="47.826406" lon="12.376358">
    <ele>513.650</ele>
    <time>2026-06-16T14:16:31Z</time>
   </trkpt>
   <trkpt lat="47.826433" lon="12.376424">
    <ele>513.608</ele>
    <time>2026-06-16T14:16:32Z</time>
   </trkpt>
   <trkpt lat="47.827045" lon="12.377503">
    <ele>513.531</ele>
    <time>2026-06-16T14:16:52Z</time>
   </trkpt>
   <trkpt lat="47.827475" lon="12.378531">
    <ele>513.104</ele>
    <time>2026-06-16T14:17:10Z</time>
   </trkpt>
   <trkpt lat="47.827671" lon="12.379200">
    <ele>512.526</ele>
    <time>2026-06-16T14:17:21Z</time>
   </trkpt>
   <trkpt lat="47.827895" lon="12.380032">
    <ele>515.205</ele>
    <time>2026-06-16T14:17:36Z</time>
   </trkpt>
   <trkpt lat="47.828029" lon="12.380513">
    <ele>515.524</ele>
    <time>2026-06-16T14:17:48Z</time>
   </trkpt>
   <trkpt lat="47.828017" lon="12.380481">
    <ele>515.086</ele>
    <time>2026-06-16T14:17:53Z</time>
   </trkpt>
   <trkpt lat="47.827657" lon="12.380553">
    <ele>515.080</ele>
    <time>2026-06-16T14:18:05Z</time>
   </trkpt>
   <trkpt lat="47.827531" lon="12.380555">
    <ele>515.325</ele>
    <time>2026-06-16T14:18:09Z</time>
   </trkpt>
   <trkpt lat="47.827542" lon="12.380590">
    <ele>514.526</ele>
    <time>2026-06-16T14:18:14Z</time>
   </trkpt>
   <trkpt lat="47.828015" lon="12.380510">
    <ele>515.159</ele>
    <time>2026-06-16T14:18:27Z</time>
   </trkpt>
   <trkpt lat="47.828588" lon="12.380446">
    <ele>515.315</ele>
    <time>2026-06-16T14:18:40Z</time>
   </trkpt>
   <trkpt lat="47.829339" lon="12.380401">
    <ele>515.171</ele>
    <time>2026-06-16T14:18:54Z</time>
   </trkpt>
   <trkpt lat="47.829840" lon="12.380415">
    <ele>512.162</ele>
    <time>2026-06-16T14:19:04Z</time>
   </trkpt>
   <trkpt lat="47.829959" lon="12.380612">
    <ele>511.048</ele>
    <time>2026-06-16T14:19:09Z</time>
   </trkpt>
   <trkpt lat="47.829895" lon="12.381111">
    <ele>512.787</ele>
    <time>2026-06-16T14:19:17Z</time>
   </trkpt>
   <trkpt lat="47.829976" lon="12.381506">
    <ele>513.911</ele>
    <time>2026-06-16T14:19:23Z</time>
   </trkpt>
   <trkpt lat="47.830108" lon="12.381724">
    <ele>513.199</ele>
    <time>2026-06-16T14:19:27Z</time>
   </trkpt>
   <trkpt lat="47.830198" lon="12.381794">
    <ele>512.973</ele>
    <time>2026-06-16T14:19:29Z</time>
   </trkpt>
   <trkpt lat="47.830282" lon="12.382023">
    <ele>513.352</ele>
    <time>2026-06-16T14:19:33Z</time>
   </trkpt>
   <trkpt lat="47.830322" lon="12.382218">
    <ele>513.541</ele>
    <time>2026-06-16T14:19:36Z</time>
   </trkpt>
   <trkpt lat="47.830404" lon="12.382793">
    <ele>513.551</ele>
    <time>2026-06-16T14:19:44Z</time>
   </trkpt>
   <trkpt lat="47.830498" lon="12.383058">
    <ele>513.626</ele>
    <time>2026-06-16T14:19:48Z</time>
   </trkpt>
   <trkpt lat="47.830584" lon="12.383217">
    <ele>513.362</ele>
    <time>2026-06-16T14:19:51Z</time>
   </trkpt>
   <trkpt lat="47.830878" lon="12.384031">
    <ele>514.243</ele>
    <time>2026-06-16T14:20:05Z</time>
   </trkpt>
   <trkpt lat="47.831051" lon="12.384633">
    <ele>515.037</ele>
    <time>2026-06-16T14:20:14Z</time>
   </trkpt>
   <trkpt lat="47.831185" lon="12.384995">
    <ele>514.829</ele>
    <time>2026-06-16T14:20:19Z</time>
   </trkpt>
   <trkpt lat="47.831820" lon="12.386250">
    <ele>515.107</ele>
    <time>2026-06-16T14:20:39Z</time>
   </trkpt>
   <trkpt lat="47.831893" lon="12.386356">
    <ele>514.864</ele>
    <time>2026-06-16T14:20:41Z</time>
   </trkpt>
   <trkpt lat="47.832013" lon="12.386610">
    <ele>515.336</ele>
    <time>2026-06-16T14:20:45Z</time>
   </trkpt>
   <trkpt lat="47.832608" lon="12.387690">
    <ele>514.534</ele>
    <time>2026-06-16T14:21:03Z</time>
   </trkpt>
   <trkpt lat="47.832655" lon="12.387820">
    <ele>514.447</ele>
    <time>2026-06-16T14:21:05Z</time>
   </trkpt>
   <trkpt lat="47.832705" lon="12.388005">
    <ele>514.454</ele>
    <time>2026-06-16T14:21:08Z</time>
   </trkpt>
   <trkpt lat="47.832837" lon="12.388375">
    <ele>513.994</ele>
    <time>2026-06-16T14:21:15Z</time>
   </trkpt>
   <trkpt lat="47.832779" lon="12.388586">
    <ele>513.990</ele>
    <time>2026-06-16T14:21:19Z</time>
   </trkpt>
   <trkpt lat="47.832484" lon="12.388896">
    <ele>513.364</ele>
    <time>2026-06-16T14:21:26Z</time>
   </trkpt>
   <trkpt lat="47.832288" lon="12.389220">
    <ele>510.157</ele>
    <time>2026-06-16T14:21:32Z</time>
   </trkpt>
   <trkpt lat="47.831917" lon="12.389585">
    <ele>512.701</ele>
    <time>2026-06-16T14:21:41Z</time>
   </trkpt>
   <trkpt lat="47.831947" lon="12.389862">
    <ele>512.746</ele>
    <time>2026-06-16T14:21:46Z</time>
   </trkpt>
   <trkpt lat="47.832590" lon="12.391033">
    <ele>515.090</ele>
    <time>2026-06-16T14:22:07Z</time>
   </trkpt>
   <trkpt lat="47.832949" lon="12.392175">
    <ele>515.424</ele>
    <time>2026-06-16T14:22:23Z</time>
   </trkpt>
   <trkpt lat="47.832981" lon="12.393206">
    <ele>515.484</ele>
    <time>2026-06-16T14:22:35Z</time>
   </trkpt>
   <trkpt lat="47.832820" lon="12.393961">
    <ele>515.013</ele>
    <time>2026-06-16T14:22:44Z</time>
   </trkpt>
   <trkpt lat="47.832669" lon="12.394158">
    <ele>515.389</ele>
    <time>2026-06-16T14:22:48Z</time>
   </trkpt>
   <trkpt lat="47.832417" lon="12.394193">
    <ele>515.082</ele>
    <time>2026-06-16T14:22:53Z</time>
   </trkpt>
   <trkpt lat="47.832200" lon="12.393997">
    <ele>515.082</ele>
    <time>2026-06-16T14:22:58Z</time>
   </trkpt>
   <trkpt lat="47.832105" lon="12.393786">
    <ele>514.842</ele>
    <time>2026-06-16T14:23:01Z</time>
   </trkpt>
   <trkpt lat="47.831949" lon="12.393719">
    <ele>514.361</ele>
    <time>2026-06-16T14:23:04Z</time>
   </trkpt>
   <trkpt lat="47.831556" lon="12.393748">
    <ele>513.588</ele>
    <time>2026-06-16T14:23:11Z</time>
   </trkpt>
   <trkpt lat="47.831314" lon="12.393634">
    <ele>514.842</ele>
    <time>2026-06-16T14:23:16Z</time>
   </trkpt>
   <trkpt lat="47.830991" lon="12.393338">
    <ele>515.127</ele>
    <time>2026-06-16T14:23:23Z</time>
   </trkpt>
   <trkpt lat="47.830490" lon="12.392866">
    <ele>513.447</ele>
    <time>2026-06-16T14:23:34Z</time>
   </trkpt>
   <trkpt lat="47.829868" lon="12.392234">
    <ele>514.232</ele>
    <time>2026-06-16T14:23:47Z</time>
   </trkpt>
   <trkpt lat="47.829600" lon="12.392037">
    <ele>514.236</ele>
    <time>2026-06-16T14:23:54Z</time>
   </trkpt>
   <trkpt lat="47.829355" lon="12.391426">
    <ele>513.702</ele>
    <time>2026-06-16T14:24:03Z</time>
   </trkpt>
   <trkpt lat="47.829143" lon="12.390714">
    <ele>513.516</ele>
    <time>2026-06-16T14:24:13Z</time>
   </trkpt>
   <trkpt lat="47.828858" lon="12.389304">
    <ele>515.300</ele>
    <time>2026-06-16T14:24:29Z</time>
   </trkpt>
   <trkpt lat="47.828751" lon="12.388242">
    <ele>515.831</ele>
    <time>2026-06-16T14:24:42Z</time>
   </trkpt>
   <trkpt lat="47.828468" lon="12.387911">
    <ele>516.366</ele>
    <time>2026-06-16T14:24:49Z</time>
   </trkpt>
   <trkpt lat="47.827164" lon="12.387984">
    <ele>514.889</ele>
    <time>2026-06-16T14:25:12Z</time>
   </trkpt>
   <trkpt lat="47.826107" lon="12.387951">
    <ele>514.329</ele>
    <time>2026-06-16T14:25:31Z</time>
   </trkpt>
   <trkpt lat="47.825636" lon="12.387714">
    <ele>514.241</ele>
    <time>2026-06-16T14:25:44Z</time>
   </trkpt>
   <trkpt lat="47.825625" lon="12.387705">
    <ele>514.430</ele>
    <time>2026-06-16T14:25:45Z</time>
   </trkpt>
   <trkpt lat="47.825518" lon="12.387744">
    <ele>514.458</ele>
    <time>2026-06-16T14:25:49Z</time>
   </trkpt>
   <trkpt lat="47.824786" lon="12.388311">
    <ele>515.591</ele>
    <time>2026-06-16T14:26:06Z</time>
   </trkpt>
   <trkpt lat="47.823657" lon="12.388886">
    <ele>517.321</ele>
    <time>2026-06-16T14:26:28Z</time>
   </trkpt>
   <trkpt lat="47.822599" lon="12.389449">
    <ele>517.802</ele>
    <time>2026-06-16T14:26:48Z</time>
   </trkpt>
   <trkpt lat="47.821443" lon="12.390043">
    <ele>518.285</ele>
    <time>2026-06-16T14:27:10Z</time>
   </trkpt>
   <trkpt lat="47.821052" lon="12.390260">
    <ele>517.654</ele>
    <time>2026-06-16T14:27:18Z</time>
   </trkpt>
   <trkpt lat="47.820915" lon="12.390305">
    <ele>517.971</ele>
    <time>2026-06-16T14:27:21Z</time>
   </trkpt>
   <trkpt lat="47.820385" lon="12.390599">
    <ele>518.305</ele>
    <time>2026-06-16T14:27:33Z</time>
   </trkpt>
   <trkpt lat="47.820272" lon="12.390449">
    <ele>518.800</ele>
    <time>2026-06-16T14:27:38Z</time>
   </trkpt>
   <trkpt lat="47.820025" lon="12.389178">
    <ele>518.696</ele>
    <time>2026-06-16T14:27:58Z</time>
   </trkpt>
   <trkpt lat="47.819786" lon="12.387918">
    <ele>518.694</ele>
    <time>2026-06-16T14:28:16Z</time>
   </trkpt>
   <trkpt lat="47.819480" lon="12.386394">
    <ele>518.536</ele>
    <time>2026-06-16T14:28:37Z</time>
   </trkpt>
   <trkpt lat="47.819380" lon="12.385818">
    <ele>517.839</ele>
    <time>2026-06-16T14:28:46Z</time>
   </trkpt>
   <trkpt lat="47.818963" lon="12.384976">
    <ele>517.555</ele>
    <time>2026-06-16T14:29:01Z</time>
   </trkpt>
   <trkpt lat="47.818456" lon="12.383942">
    <ele>518.227</ele>
    <time>2026-06-16T14:29:19Z</time>
   </trkpt>
   <trkpt lat="47.818280" lon="12.383528">
    <ele>518.621</ele>
    <time>2026-06-16T14:29:26Z</time>
   </trkpt>
   <trkpt lat="47.817890" lon="12.382578">
    <ele>517.082</ele>
    <time>2026-06-16T14:29:42Z</time>
   </trkpt>
   <trkpt lat="47.817726" lon="12.382107">
    <ele>517.586</ele>
    <time>2026-06-16T14:29:49Z</time>
   </trkpt>
   <trkpt lat="47.817662" lon="12.381911">
    <ele>517.916</ele>
    <time>2026-06-16T14:29:52Z</time>
   </trkpt>
   <trkpt lat="47.817590" lon="12.381732">
    <ele>518.094</ele>
    <time>2026-06-16T14:29:55Z</time>
   </trkpt>
   <trkpt lat="47.817171" lon="12.380297">
    <ele>521.671</ele>
    <time>2026-06-16T14:30:18Z</time>
   </trkpt>
   <trkpt lat="47.817153" lon="12.380210">
    <ele>523.198</ele>
    <time>2026-06-16T14:30:20Z</time>
   </trkpt>
   <trkpt lat="47.817097" lon="12.380126">
    <ele>522.034</ele>
    <time>2026-06-16T14:30:30Z</time>
   </trkpt>
   <trkpt lat="47.817095" lon="12.380117">
    <ele>521.938</ele>
    <time>2026-06-16T14:30:33Z</time>
   </trkpt>
   <trkpt lat="47.817142" lon="12.380194">
    <ele>521.519</ele>
    <time>2026-06-16T14:30:38Z</time>
   </trkpt>
   <trkpt lat="47.817174" lon="12.380471">
    <ele>521.396</ele>
    <time>2026-06-16T14:30:44Z</time>
   </trkpt>
   <trkpt lat="47.816973" lon="12.380550">
    <ele>519.493</ele>
    <time>2026-06-16T14:30:51Z</time>
   </trkpt>
   <trkpt lat="47.816891" lon="12.380475">
    <ele>518.865</ele>
    <time>2026-06-16T14:30:53Z</time>
   </trkpt>
   <trkpt lat="47.816701" lon="12.380314">
    <ele>518.181</ele>
    <time>2026-06-16T14:30:57Z</time>
   </trkpt>
   <trkpt lat="47.816579" lon="12.380398">
    <ele>518.426</ele>
    <time>2026-06-16T14:31:02Z</time>
   </trkpt>
   <trkpt lat="47.816494" lon="12.380657">
    <ele>521.687</ele>
    <time>2026-06-16T14:31:16Z</time>
   </trkpt>
   <trkpt lat="47.816452" lon="12.380681">
    <ele>521.942</ele>
    <time>2026-06-16T14:31:20Z</time>
   </trkpt>
   <trkpt lat="47.816487" lon="12.380303">
    <ele>520.592</ele>
    <time>2026-06-16T14:31:33Z</time>
   </trkpt>
   <trkpt lat="47.816549" lon="12.380174">
    <ele>520.467</ele>
    <time>2026-06-16T14:31:36Z</time>
   </trkpt>
   <trkpt lat="47.816504" lon="12.380161">
    <ele>520.452</ele>
    <time>2026-06-16T14:31:41Z</time>
   </trkpt>
   <trkpt lat="47.816376" lon="12.380157">
    <ele>519.975</ele>
    <time>2026-06-16T14:31:46Z</time>
   </trkpt>
   <trkpt lat="47.815917" lon="12.379508">
    <ele>521.065</ele>
    <time>2026-06-16T14:31:59Z</time>
   </trkpt>
   <trkpt lat="47.815753" lon="12.379343">
    <ele>520.825</ele>
    <time>2026-06-16T14:32:03Z</time>
   </trkpt>
   <trkpt lat="47.814684" lon="12.378855">
    <ele>521.113</ele>
    <time>2026-06-16T14:32:26Z</time>
   </trkpt>
   <trkpt lat="47.814303" lon="12.378686">
    <ele>523.660</ele>
    <time>2026-06-16T14:32:35Z</time>
   </trkpt>
   <trkpt lat="47.814182" lon="12.378625">
    <ele>524.491</ele>
    <time>2026-06-16T14:32:38Z</time>
   </trkpt>
   <trkpt lat="47.814030" lon="12.378659">
    <ele>523.898</ele>
    <time>2026-06-16T14:32:42Z</time>
   </trkpt>
   <trkpt lat="47.813332" lon="12.379321">
    <ele>525.032</ele>
    <time>2026-06-16T14:33:01Z</time>
   </trkpt>
   <trkpt lat="47.813102" lon="12.379475">
    <ele>526.570</ele>
    <time>2026-06-16T14:33:07Z</time>
   </trkpt>
   <trkpt lat="47.812966" lon="12.379435">
    <ele>527.109</ele>
    <time>2026-06-16T14:33:11Z</time>
   </trkpt>
   <trkpt lat="47.812611" lon="12.378839">
    <ele>526.556</ele>
    <time>2026-06-16T14:33:25Z</time>
   </trkpt>
   <trkpt lat="47.812354" lon="12.378025">
    <ele>529.432</ele>
    <time>2026-06-16T14:33:41Z</time>
   </trkpt>
   <trkpt lat="47.812317" lon="12.377751">
    <ele>529.900</ele>
    <time>2026-06-16T14:33:52Z</time>
   </trkpt>
   <trkpt lat="47.812296" lon="12.377711">
    <ele>529.768</ele>
    <time>2026-06-16T14:33:54Z</time>
   </trkpt>
   <trkpt lat="47.812208" lon="12.377129">
    <ele>531.126</ele>
    <time>2026-06-16T14:34:04Z</time>
   </trkpt>
   <trkpt lat="47.812043" lon="12.376132">
    <ele>533.140</ele>
    <time>2026-06-16T14:34:21Z</time>
   </trkpt>
   <trkpt lat="47.812016" lon="12.375616">
    <ele>536.184</ele>
    <time>2026-06-16T14:34:35Z</time>
   </trkpt>
   <trkpt lat="47.812069" lon="12.375047">
    <ele>540.082</ele>
    <time>2026-06-16T14:34:54Z</time>
   </trkpt>
   <trkpt lat="47.812057" lon="12.374919">
    <ele>539.539</ele>
    <time>2026-06-16T14:35:00Z</time>
   </trkpt>
   <trkpt lat="47.812012" lon="12.374710">
    <ele>539.146</ele>
    <time>2026-06-16T14:35:07Z</time>
   </trkpt>
   <trkpt lat="47.811902" lon="12.374397">
    <ele>537.032</ele>
    <time>2026-06-16T14:35:12Z</time>
   </trkpt>
   <trkpt lat="47.811765" lon="12.374090">
    <ele>536.631</ele>
    <time>2026-06-16T14:35:19Z</time>
   </trkpt>
   <trkpt lat="47.811614" lon="12.373786">
    <ele>535.736</ele>
    <time>2026-06-16T14:37:28Z</time>
   </trkpt>
   <trkpt lat="47.811408" lon="12.373482">
    <ele>535.712</ele>
    <time>2026-06-16T14:37:33Z</time>
   </trkpt>
   <trkpt lat="47.811248" lon="12.373108">
    <ele>535.939</ele>
    <time>2026-06-16T14:37:38Z</time>
   </trkpt>
   <trkpt lat="47.811150" lon="12.372827">
    <ele>535.970</ele>
    <time>2026-06-16T14:37:42Z</time>
   </trkpt>
   <trkpt lat="47.810929" lon="12.372069">
    <ele>535.609</ele>
    <time>2026-06-16T14:37:54Z</time>
   </trkpt>
   <trkpt lat="47.810778" lon="12.371603">
    <ele>536.620</ele>
    <time>2026-06-16T14:38:03Z</time>
   </trkpt>
   <trkpt lat="47.810794" lon="12.371535">
    <ele>537.446</ele>
    <time>2026-06-16T14:38:13Z</time>
   </trkpt>
  </trkseg>
 </trk>
 <trk>
  <name>ACTIVE LOG103332</name>
  <trkseg>
   <trkpt lat="47.811070" lon="12.371460">
    <ele>544.627</ele>
    <time>2026-06-16T17:33:32Z</time>
   </trkpt>
  </trkseg>
 </trk>
</gpx>
