<?xml version="1.0" encoding="UTF-8" standalone="no" ?>
<gpx xmlns="http://www.topografix.com/GPX/1/1" creator="" version="1.1" xmlns:xsi="http://www.w3.org/2001/XMLSchema-instance" xsi:schemaLocation="http://www.topografix.com/GPX/1/1 http://www.topografix.com/GPX/1/1/gpx.xsd">
 <trk>
  <name>ACTIVE LOG233103</name>
  <trkseg>
   <trkpt lat="47.811154" lon="12.371575">
    <ele>534.669</ele>
    <time>2026-06-17T06:31:03Z</time>
   </trkpt>
   <trkpt lat="47.810952" lon="12.371244">
    <ele>554.568</ele>
    <time>2026-06-17T06:33:03Z</time>
   </trkpt>
   <trkpt lat="47.810924" lon="12.371228">
    <ele>553.114</ele>
    <time>2026-06-17T06:33:09Z</time>
   </trkpt>
   <trkpt lat="47.810706" lon="12.371495">
    <ele>549.463</ele>
    <time>2026-06-17T06:33:18Z</time>
   </trkpt>
   <trkpt lat="47.810727" lon="12.371766">
    <ele>549.041</ele>
    <time>2026-06-17T06:33:23Z</time>
   </trkpt>
   <trkpt lat="47.810783" lon="12.371990">
    <ele>549.176</ele>
    <time>2026-06-17T06:33:27Z</time>
   </trkpt>
   <trkpt lat="47.811214" lon="12.373313">
    <ele>547.528</ele>
    <time>2026-06-17T06:33:47Z</time>
   </trkpt>
   <trkpt lat="47.811235" lon="12.373382">
    <ele>546.886</ele>
    <time>2026-06-17T06:33:48Z</time>
   </trkpt>
   <trkpt lat="47.811483" lon="12.373800">
    <ele>546.352</ele>
    <time>2026-06-17T06:33:58Z</time>
   </trkpt>
   <trkpt lat="47.811585" lon="12.373932">
    <ele>548.979</ele>
    <time>2026-06-17T06:34:08Z</time>
   </trkpt>
   <trkpt lat="47.811683" lon="12.374041">
    <ele>547.630</ele>
    <time>2026-06-17T06:34:42Z</time>
   </trkpt>
   <trkpt lat="47.811927" lon="12.374573">
    <ele>550.173</ele>
    <time>2026-06-17T06:34:54Z</time>
   </trkpt>
   <trkpt lat="47.812055" lon="12.375044">
    <ele>551.101</ele>
    <time>2026-06-17T06:35:10Z</time>
   </trkpt>
   <trkpt lat="47.812020" lon="12.375374">
    <ele>548.404</ele>
    <time>2026-06-17T06:35:17Z</time>
   </trkpt>
   <trkpt lat="47.811999" lon="12.375808">
    <ele>546.996</ele>
    <time>2026-06-17T06:35:22Z</time>
   </trkpt>
   <trkpt lat="47.812172" lon="12.377055">
    <ele>543.185</ele>
    <time>2026-06-17T06:35:33Z</time>
   </trkpt>
   <trkpt lat="47.812386" lon="12.378280">
    <ele>540.339</ele>
    <time>2026-06-17T06:35:46Z</time>
   </trkpt>
   <trkpt lat="47.812418" lon="12.378483">
    <ele>540.183</ele>
    <time>2026-06-17T06:35:50Z</time>
   </trkpt>
   <trkpt lat="47.812508" lon="12.378780">
    <ele>539.763</ele>
    <time>2026-06-17T06:35:55Z</time>
   </trkpt>
   <trkpt lat="47.813033" lon="12.379759">
    <ele>537.609</ele>
    <time>2026-06-17T06:36:09Z</time>
   </trkpt>
   <trkpt lat="47.813654" lon="12.381353">
    <ele>534.631</ele>
    <time>2026-06-17T06:36:27Z</time>
   </trkpt>
   <trkpt lat="47.814236" lon="12.383030">
    <ele>531.803</ele>
    <time>2026-06-17T06:36:44Z</time>
   </trkpt>
   <trkpt lat="47.814251" lon="12.383108">
    <ele>531.792</ele>
    <time>2026-06-17T06:36:45Z</time>
   </trkpt>
   <trkpt lat="47.814279" lon="12.383431">
    <ele>531.874</ele>
    <time>2026-06-17T06:36:49Z</time>
   </trkpt>
   <trkpt lat="47.814260" lon="12.383785">
    <ele>532.190</ele>
    <time>2026-06-17T06:36:53Z</time>
   </trkpt>
   <trkpt lat="47.814297" lon="12.384150">
    <ele>531.327</ele>
    <time>2026-06-17T06:36:57Z</time>
   </trkpt>
   <trkpt lat="47.814479" lon="12.385044">
    <ele>529.513</ele>
    <time>2026-06-17T06:37:07Z</time>
   </trkpt>
   <trkpt lat="47.814612" lon="12.385290">
    <ele>531.269</ele>
    <time>2026-06-17T06:37:11Z</time>
   </trkpt>
   <trkpt lat="47.814527" lon="12.385659">
    <ele>530.946</ele>
    <time>2026-06-17T06:37:17Z</time>
   </trkpt>
   <trkpt lat="47.814489" lon="12.385798">
    <ele>531.028</ele>
    <time>2026-06-17T06:37:19Z</time>
   </trkpt>
   <trkpt lat="47.814186" lon="12.387121">
    <ele>529.804</ele>
    <time>2026-06-17T06:37:36Z</time>
   </trkpt>
   <trkpt lat="47.814040" lon="12.388218">
    <ele>529.663</ele>
    <time>2026-06-17T06:37:49Z</time>
   </trkpt>
   <trkpt lat="47.813954" lon="12.388518">
    <ele>529.507</ele>
    <time>2026-06-17T06:37:53Z</time>
   </trkpt>
   <trkpt lat="47.813960" lon="12.388824">
    <ele>530.441</ele>
    <time>2026-06-17T06:37:57Z</time>
   </trkpt>
   <trkpt lat="47.813914" lon="12.389358">
    <ele>529.749</ele>
    <time>2026-06-17T06:38:04Z</time>
   </trkpt>
   <trkpt lat="47.813769" lon="12.390990">
    <ele>531.055</ele>
    <time>2026-06-17T06:38:23Z</time>
   </trkpt>
   <trkpt lat="47.813716" lon="12.392904">
    <ele>533.095</ele>
    <time>2026-06-17T06:38:46Z</time>
   </trkpt>
   <trkpt lat="47.813719" lon="12.394424">
    <ele>535.898</ele>
    <time>2026-06-17T06:39:04Z</time>
   </trkpt>
   <trkpt lat="47.813711" lon="12.395884">
    <ele>539.676</ele>
    <time>2026-06-17T06:39:22Z</time>
   </trkpt>
   <trkpt lat="47.813710" lon="12.396115">
    <ele>539.903</ele>
    <time>2026-06-17T06:39:25Z</time>
   </trkpt>
   <trkpt lat="47.813740" lon="12.396438">
    <ele>540.486</ele>
    <time>2026-06-17T06:39:29Z</time>
   </trkpt>
   <trkpt lat="47.813771" lon="12.396669">
    <ele>539.405</ele>
    <time>2026-06-17T06:39:32Z</time>
   </trkpt>
   <trkpt lat="47.813739" lon="12.397281">
    <ele>538.111</ele>
    <time>2026-06-17T06:39:41Z</time>
   </trkpt>
   <trkpt lat="47.813696" lon="12.397395">
    <ele>537.433</ele>
    <time>2026-06-17T06:39:45Z</time>
   </trkpt>
   <trkpt lat="47.813688" lon="12.397578">
    <ele>536.814</ele>
    <time>2026-06-17T06:39:49Z</time>
   </trkpt>
   <trkpt lat="47.813693" lon="12.398195">
    <ele>536.056</ele>
    <time>2026-06-17T06:39:58Z</time>
   </trkpt>
   <trkpt lat="47.813678" lon="12.398745">
    <ele>538.938</ele>
    <time>2026-06-17T06:40:05Z</time>
   </trkpt>
   <trkpt lat="47.813647" lon="12.399182">
    <ele>539.164</ele>
    <time>2026-06-17T06:40:11Z</time>
   </trkpt>
   <trkpt lat="47.813648" lon="12.399974">
    <ele>543.314</ele>
    <time>2026-06-17T06:40:22Z</time>
   </trkpt>
   <trkpt lat="47.813633" lon="12.400717">
    <ele>549.841</ele>
    <time>2026-06-17T06:40:32Z</time>
   </trkpt>
   <trkpt lat="47.813627" lon="12.400882">
    <ele>550.855</ele>
    <time>2026-06-17T06:40:34Z</time>
   </trkpt>
   <trkpt lat="47.813667" lon="12.401506">
    <ele>553.464</ele>
    <time>2026-06-17T06:40:43Z</time>
   </trkpt>
   <trkpt lat="47.813659" lon="12.401876">
    <ele>550.520</ele>
    <time>2026-06-17T06:40:47Z</time>
   </trkpt>
   <trkpt lat="47.813671" lon="12.402343">
    <ele>552.106</ele>
    <time>2026-06-17T06:40:53Z</time>
   </trkpt>
   <trkpt lat="47.813674" lon="12.402682">
    <ele>553.736</ele>
    <time>2026-06-17T06:40:58Z</time>
   </trkpt>
   <trkpt lat="47.813695" lon="12.403217">
    <ele>552.226</ele>
    <time>2026-06-17T06:41:05Z</time>
   </trkpt>
   <trkpt lat="47.813646" lon="12.404117">
    <ele>549.728</ele>
    <time>2026-06-17T06:41:16Z</time>
   </trkpt>
   <trkpt lat="47.813647" lon="12.404683">
    <ele>544.197</ele>
    <time>2026-06-17T06:41:23Z</time>
   </trkpt>
   <trkpt lat="47.813655" lon="12.405418">
    <ele>543.614</ele>
    <time>2026-06-17T06:41:32Z</time>
   </trkpt>
   <trkpt lat="47.813662" lon="12.406064">
    <ele>554.359</ele>
    <time>2026-06-17T06:41:41Z</time>
   </trkpt>
   <trkpt lat="47.813655" lon="12.406205">
    <ele>556.204</ele>
    <time>2026-06-17T06:41:43Z</time>
   </trkpt>
   <trkpt lat="47.813643" lon="12.406695">
    <ele>561.552</ele>
    <time>2026-06-17T06:41:49Z</time>
   </trkpt>
   <trkpt lat="47.813622" lon="12.407048">
    <ele>563.482</ele>
    <time>2026-06-17T06:41:53Z</time>
   </trkpt>
   <trkpt lat="47.813624" lon="12.407480">
    <ele>566.922</ele>
    <time>2026-06-17T06:41:58Z</time>
   </trkpt>
   <trkpt lat="47.813601" lon="12.408587">
    <ele>571.682</ele>
    <time>2026-06-17T06:42:11Z</time>
   </trkpt>
   <trkpt lat="47.813596" lon="12.409483">
    <ele>567.687</ele>
    <time>2026-06-17T06:42:22Z</time>
   </trkpt>
   <trkpt lat="47.813596" lon="12.409794">
    <ele>565.677</ele>
    <time>2026-06-17T06:42:26Z</time>
   </trkpt>
   <trkpt lat="47.813590" lon="12.411204">
    <ele>560.778</ele>
    <time>2026-06-17T06:42:44Z</time>
   </trkpt>
   <trkpt lat="47.813575" lon="12.411934">
    <ele>557.595</ele>
    <time>2026-06-17T06:42:53Z</time>
   </trkpt>
   <trkpt lat="47.813604" lon="12.412297">
    <ele>554.612</ele>
    <time>2026-06-17T06:42:58Z</time>
   </trkpt>
   <trkpt lat="47.813544" lon="12.412569">
    <ele>549.284</ele>
    <time>2026-06-17T06:43:03Z</time>
   </trkpt>
   <trkpt lat="47.813620" lon="12.412989">
    <ele>549.117</ele>
    <time>2026-06-17T06:43:12Z</time>
   </trkpt>
   <trkpt lat="47.813678" lon="12.413370">
    <ele>550.140</ele>
    <time>2026-06-17T06:43:19Z</time>
   </trkpt>
   <trkpt lat="47.813657" lon="12.413521">
    <ele>551.391</ele>
    <time>2026-06-17T06:43:21Z</time>
   </trkpt>
   <trkpt lat="47.813635" lon="12.414370">
    <ele>548.903</ele>
    <time>2026-06-17T06:43:34Z</time>
   </trkpt>
   <trkpt lat="47.813687" lon="12.415039">
    <ele>542.542</ele>
    <time>2026-06-17T06:43:42Z</time>
   </trkpt>
   <trkpt lat="47.813704" lon="12.415614">
    <ele>550.680</ele>
    <time>2026-06-17T06:43:51Z</time>
   </trkpt>
   <trkpt lat="47.813599" lon="12.416058">
    <ele>554.005</ele>
    <time>2026-06-17T06:43:56Z</time>
   </trkpt>
   <trkpt lat="47.813662" lon="12.416553">
    <ele>546.168</ele>
    <time>2026-06-17T06:44:01Z</time>
   </trkpt>
   <trkpt lat="47.813601" lon="12.417797">
    <ele>542.215</ele>
    <time>2026-06-17T06:44:16Z</time>
   </trkpt>
   <trkpt lat="47.813621" lon="12.418164">
    <ele>538.143</ele>
    <time>2026-06-17T06:44:21Z</time>
   </trkpt>
   <trkpt lat="47.813619" lon="12.418980">
    <ele>536.126</ele>
    <time>2026-06-17T06:44:31Z</time>
   </trkpt>
   <trkpt lat="47.813575" lon="12.419308">
    <ele>536.937</ele>
    <time>2026-06-17T06:44:35Z</time>
   </trkpt>
   <trkpt lat="47.813628" lon="12.419696">
    <ele>536.503</ele>
    <time>2026-06-17T06:44:40Z</time>
   </trkpt>
   <trkpt lat="47.813575" lon="12.421015">
    <ele>534.025</ele>
    <time>2026-06-17T06:44:57Z</time>
   </trkpt>
   <trkpt lat="47.813585" lon="12.421524">
    <ele>533.745</ele>
    <time>2026-06-17T06:45:03Z</time>
   </trkpt>
   <trkpt lat="47.813561" lon="12.423194">
    <ele>533.987</ele>
    <time>2026-06-17T06:45:22Z</time>
   </trkpt>
   <trkpt lat="47.813605" lon="12.423715">
    <ele>534.276</ele>
    <time>2026-06-17T06:45:28Z</time>
   </trkpt>
   <trkpt lat="47.813633" lon="12.425207">
    <ele>535.832</ele>
    <time>2026-06-17T06:45:45Z</time>
   </trkpt>
   <trkpt lat="47.813628" lon="12.425556">
    <ele>536.914</ele>
    <time>2026-06-17T06:45:49Z</time>
   </trkpt>
   <trkpt lat="47.813547" lon="12.426346">
    <ele>535.025</ele>
    <time>2026-06-17T06:45:59Z</time>
   </trkpt>
   <trkpt lat="47.813510" lon="12.426545">
    <ele>534.318</ele>
    <time>2026-06-17T06:46:02Z</time>
   </trkpt>
   <trkpt lat="47.813479" lon="12.426670">
    <ele>534.071</ele>
    <time>2026-06-17T06:46:04Z</time>
   </trkpt>
   <trkpt lat="47.813236" lon="12.426714">
    <ele>533.652</ele>
    <time>2026-06-17T06:46:10Z</time>
   </trkpt>
   <trkpt lat="47.812792" lon="12.426443">
    <ele>535.305</ele>
    <time>2026-06-17T06:46:19Z</time>
   </trkpt>
   <trkpt lat="47.812456" lon="12.426076">
    <ele>534.846</ele>
    <time>2026-06-17T06:46:26Z</time>
   </trkpt>
   <trkpt lat="47.812325" lon="12.425687">
    <ele>535.522</ele>
    <time>2026-06-17T06:46:31Z</time>
   </trkpt>
   <trkpt lat="47.812293" lon="12.425515">
    <ele>536.369</ele>
    <time>2026-06-17T06:46:33Z</time>
   </trkpt>
   <trkpt lat="47.812183" lon="12.424467">
    <ele>536.162</ele>
    <time>2026-06-17T06:46:45Z</time>
   </trkpt>
   <trkpt lat="47.811908" lon="12.423538">
    <ele>535.822</ele>
    <time>2026-06-17T06:46:57Z</time>
   </trkpt>
   <trkpt lat="47.811487" lon="12.422984">
    <ele>535.949</ele>
    <time>2026-06-17T06:47:07Z</time>
   </trkpt>
   <trkpt lat="47.810998" lon="12.421789">
    <ele>537.401</ele>
    <time>2026-06-17T06:47:23Z</time>
   </trkpt>
   <trkpt lat="47.810931" lon="12.421642">
    <ele>537.167</ele>
    <time>2026-06-17T06:47:25Z</time>
   </trkpt>
   <trkpt lat="47.810245" lon="12.420911">
    <ele>535.654</ele>
    <time>2026-06-17T06:47:39Z</time>
   </trkpt>
   <trkpt lat="47.809528" lon="12.420059">
    <ele>535.247</ele>
    <time>2026-06-17T06:47:54Z</time>
   </trkpt>
   <trkpt lat="47.808809" lon="12.419574">
    <ele>536.006</ele>
    <time>2026-06-17T06:48:08Z</time>
   </trkpt>
   <trkpt lat="47.808582" lon="12.419526">
    <ele>535.468</ele>
    <time>2026-06-17T06:48:12Z</time>
   </trkpt>
   <trkpt lat="47.807769" lon="12.419984">
    <ele>535.184</ele>
    <time>2026-06-17T06:48:27Z</time>
   </trkpt>
   <trkpt lat="47.807215" lon="12.420586">
    <ele>535.823</ele>
    <time>2026-06-17T06:48:39Z</time>
   </trkpt>
   <trkpt lat="47.806432" lon="12.421542">
    <ele>536.128</ele>
    <time>2026-06-17T06:48:57Z</time>
   </trkpt>
   <trkpt lat="47.805782" lon="12.422545">
    <ele>535.655</ele>
    <time>2026-06-17T06:49:14Z</time>
   </trkpt>
   <trkpt lat="47.805577" lon="12.422680">
    <ele>535.583</ele>
    <time>2026-06-17T06:49:18Z</time>
   </trkpt>
   <trkpt lat="47.805295" lon="12.422786">
    <ele>535.135</ele>
    <time>2026-06-17T06:49:23Z</time>
   </trkpt>
   <trkpt lat="47.805142" lon="12.422899">
    <ele>535.414</ele>
    <time>2026-06-17T06:49:26Z</time>
   </trkpt>
   <trkpt lat="47.804919" lon="12.423165">
    <ele>535.002</ele>
    <time>2026-06-17T06:49:31Z</time>
   </trkpt>
   <trkpt lat="47.804599" lon="12.423317">
    <ele>535.473</ele>
    <time>2026-06-17T06:49:37Z</time>
   </trkpt>
   <trkpt lat="47.804488" lon="12.423331">
    <ele>535.461</ele>
    <time>2026-06-17T06:49:39Z</time>
   </trkpt>
   <trkpt lat="47.803541" lon="12.423338">
    <ele>536.336</ele>
    <time>2026-06-17T06:49:56Z</time>
   </trkpt>
   <trkpt lat="47.803145" lon="12.423267">
    <ele>536.696</ele>
    <time>2026-06-17T06:50:03Z</time>
   </trkpt>
   <trkpt lat="47.802810" lon="12.423323">
    <ele>536.508</ele>
    <time>2026-06-17T06:50:09Z</time>
   </trkpt>
   <trkpt lat="47.802642" lon="12.423341">
    <ele>536.439</ele>
    <time>2026-06-17T06:50:12Z</time>
   </trkpt>
   <trkpt lat="47.802115" lon="12.422795">
    <ele>536.717</ele>
    <time>2026-06-17T06:50:24Z</time>
   </trkpt>
   <trkpt lat="47.801414" lon="12.422112">
    <ele>536.570</ele>
    <time>2026-06-17T06:50:39Z</time>
   </trkpt>
   <trkpt lat="47.800766" lon="12.421187">
    <ele>537.584</ele>
    <time>2026-06-17T06:50:55Z</time>
   </trkpt>
   <trkpt lat="47.800723" lon="12.421135">
    <ele>537.368</ele>
    <time>2026-06-17T06:50:56Z</time>
   </trkpt>
   <trkpt lat="47.799907" lon="12.420160">
    <ele>537.362</ele>
    <time>2026-06-17T06:51:15Z</time>
   </trkpt>
   <trkpt lat="47.798891" lon="12.419683">
    <ele>537.463</ele>
    <time>2026-06-17T06:51:35Z</time>
   </trkpt>
   <trkpt lat="47.797831" lon="12.419167">
    <ele>537.936</ele>
    <time>2026-06-17T06:51:57Z</time>
   </trkpt>
   <trkpt lat="47.797785" lon="12.419132">
    <ele>537.716</ele>
    <time>2026-06-17T06:51:58Z</time>
   </trkpt>
   <trkpt lat="47.797702" lon="12.419048">
    <ele>537.889</ele>
    <time>2026-06-17T06:52:00Z</time>
   </trkpt>
   <trkpt lat="47.797431" lon="12.418516">
    <ele>538.987</ele>
    <time>2026-06-17T06:52:09Z</time>
   </trkpt>
   <trkpt lat="47.796895" lon="12.417573">
    <ele>539.310</ele>
    <time>2026-06-17T06:52:29Z</time>
   </trkpt>
   <trkpt lat="47.796185" lon="12.416902">
    <ele>541.273</ele>
    <time>2026-06-17T06:52:51Z</time>
   </trkpt>
   <trkpt lat="47.795398" lon="12.416341">
    <ele>542.616</ele>
    <time>2026-06-17T06:53:13Z</time>
   </trkpt>
   <trkpt lat="47.795330" lon="12.416283">
    <ele>543.163</ele>
    <time>2026-06-17T06:53:15Z</time>
   </trkpt>
   <trkpt lat="47.794750" lon="12.415739">
    <ele>546.435</ele>
    <time>2026-06-17T06:53:33Z</time>
   </trkpt>
   <trkpt lat="47.794766" lon="12.415322">
    <ele>547.737</ele>
    <time>2026-06-17T06:53:40Z</time>
   </trkpt>
   <trkpt lat="47.794652" lon="12.415049">
    <ele>548.641</ele>
    <time>2026-06-17T06:53:45Z</time>
   </trkpt>
   <trkpt lat="47.793974" lon="12.414569">
    <ele>550.802</ele>
    <time>2026-06-17T06:54:02Z</time>
   </trkpt>
   <trkpt lat="47.793607" lon="12.413904">
    <ele>552.038</ele>
    <time>2026-06-17T06:54:17Z</time>
   </trkpt>
   <trkpt lat="47.793416" lon="12.413264">
    <ele>553.743</ele>
    <time>2026-06-17T06:54:34Z</time>
   </trkpt>
   <trkpt lat="47.793415" lon="12.413270">
    <ele>553.453</ele>
    <time>2026-06-17T06:54:54Z</time>
   </trkpt>
   <trkpt lat="47.793306" lon="12.413435">
    <ele>552.195</ele>
    <time>2026-06-17T06:55:00Z</time>
   </trkpt>
   <trkpt lat="47.792882" lon="12.414709">
    <ele>547.694</ele>
    <time>2026-06-17T06:55:16Z</time>
   </trkpt>
   <trkpt lat="47.792741" lon="12.414904">
    <ele>547.375</ele>
    <time>2026-06-17T06:55:19Z</time>
   </trkpt>
   <trkpt lat="47.792511" lon="12.415077">
    <ele>547.059</ele>
    <time>2026-06-17T06:55:23Z</time>
   </trkpt>
   <trkpt lat="47.791691" lon="12.416165">
    <ele>544.513</ele>
    <time>2026-06-17T06:55:40Z</time>
   </trkpt>
   <trkpt lat="47.790735" lon="12.417999">
    <ele>543.034</ele>
    <time>2026-06-17T06:56:03Z</time>
   </trkpt>
   <trkpt lat="47.790000" lon="12.419452">
    <ele>543.543</ele>
    <time>2026-06-17T06:56:24Z</time>
   </trkpt>
   <trkpt lat="47.789587" lon="12.420692">
    <ele>544.766</ele>
    <time>2026-06-17T06:56:47Z</time>
   </trkpt>
   <trkpt lat="47.789041" lon="12.422281">
    <ele>545.928</ele>
    <time>2026-06-17T06:57:14Z</time>
   </trkpt>
   <trkpt lat="47.788362" lon="12.423174">
    <ele>545.396</ele>
    <time>2026-06-17T06:57:32Z</time>
   </trkpt>
   <trkpt lat="47.787472" lon="12.423891">
    <ele>544.808</ele>
    <time>2026-06-17T06:57:50Z</time>
   </trkpt>
   <trkpt lat="47.786774" lon="12.424245">
    <ele>543.005</ele>
    <time>2026-06-17T06:58:03Z</time>
   </trkpt>
   <trkpt lat="47.785922" lon="12.425134">
    <ele>540.033</ele>
    <time>2026-06-17T06:58:18Z</time>
   </trkpt>
   <trkpt lat="47.785465" lon="12.426214">
    <ele>540.019</ele>
    <time>2026-06-17T06:58:31Z</time>
   </trkpt>
   <trkpt lat="47.785295" lon="12.426723">
    <ele>539.873</ele>
    <time>2026-06-17T06:58:37Z</time>
   </trkpt>
   <trkpt lat="47.785144" lon="12.427035">
    <ele>540.033</ele>
    <time>2026-06-17T06:58:41Z</time>
   </trkpt>
   <trkpt lat="47.785016" lon="12.427202">
    <ele>541.325</ele>
    <time>2026-06-17T06:58:44Z</time>
   </trkpt>
   <trkpt lat="47.784436" lon="12.428654">
    <ele>542.351</ele>
    <time>2026-06-17T06:59:04Z</time>
   </trkpt>
   <trkpt lat="47.784107" lon="12.429668">
    <ele>543.363</ele>
    <time>2026-06-17T06:59:18Z</time>
   </trkpt>
   <trkpt lat="47.783609" lon="12.430790">
    <ele>542.472</ele>
    <time>2026-06-17T06:59:34Z</time>
   </trkpt>
   <trkpt lat="47.783168" lon="12.431839">
    <ele>539.903</ele>
    <time>2026-06-17T06:59:48Z</time>
   </trkpt>
  </trkseg>
 </trk>
 <trk>
  <name>ACTIVE LOG000009</name>
  <trkseg>
   <trkpt lat="47.782633" lon="12.433377">
    <ele>539.869</ele>
    <time>2026-06-17T07:00:09Z</time>
   </trkpt>
   <trkpt lat="47.781870" lon="12.434909">
    <ele>539.527</ele>
    <time>2026-06-17T07:00:33Z</time>
   </trkpt>
   <trkpt lat="47.781138" lon="12.436330">
    <ele>539.289</ele>
    <time>2026-06-17T07:00:54Z</time>
   </trkpt>
   <trkpt lat="47.780589" lon="12.437416">
    <ele>539.001</ele>
    <time>2026-06-17T07:01:11Z</time>
   </trkpt>
   <trkpt lat="47.779855" lon="12.438866">
    <ele>540.059</ele>
    <time>2026-06-17T07:01:34Z</time>
   </trkpt>
   <trkpt lat="47.779202" lon="12.440246">
    <ele>541.041</ele>
    <time>2026-06-17T07:01:55Z</time>
   </trkpt>
   <trkpt lat="47.778330" lon="12.442087">
    <ele>542.144</ele>
    <time>2026-06-17T07:02:23Z</time>
   </trkpt>
   <trkpt lat="47.778296" lon="12.442145">
    <ele>542.253</ele>
    <time>2026-06-17T07:02:24Z</time>
   </trkpt>
   <trkpt lat="47.778183" lon="12.442399">
    <ele>541.873</ele>
    <time>2026-06-17T07:02:28Z</time>
   </trkpt>
   <trkpt lat="47.778139" lon="12.442535">
    <ele>541.817</ele>
    <time>2026-06-17T07:02:30Z</time>
   </trkpt>
   <trkpt lat="47.778095" lon="12.442818">
    <ele>542.435</ele>
    <time>2026-06-17T07:02:34Z</time>
   </trkpt>
   <trkpt lat="47.778093" lon="12.443574">
    <ele>543.017</ele>
    <time>2026-06-17T07:02:44Z</time>
   </trkpt>
   <trkpt lat="47.778072" lon="12.443798">
    <ele>542.486</ele>
    <time>2026-06-17T07:02:47Z</time>
   </trkpt>
   <trkpt lat="47.777927" lon="12.445090">
    <ele>540.510</ele>
    <time>2026-06-17T07:03:04Z</time>
   </trkpt>
   <trkpt lat="47.777913" lon="12.445325">
    <ele>540.082</ele>
    <time>2026-06-17T07:03:07Z</time>
   </trkpt>
   <trkpt lat="47.778217" lon="12.447126">
    <ele>540.953</ele>
    <time>2026-06-17T07:03:29Z</time>
   </trkpt>
   <trkpt lat="47.778540" lon="12.448560">
    <ele>537.810</ele>
    <time>2026-06-17T07:03:48Z</time>
   </trkpt>
   <trkpt lat="47.778866" lon="12.449787">
    <ele>536.968</ele>
    <time>2026-06-17T07:04:05Z</time>
   </trkpt>
   <trkpt lat="47.778936" lon="12.450028">
    <ele>536.832</ele>
    <time>2026-06-17T07:04:09Z</time>
   </trkpt>
   <trkpt lat="47.779022" lon="12.450230">
    <ele>535.303</ele>
    <time>2026-06-17T07:04:13Z</time>
   </trkpt>
   <trkpt lat="47.779106" lon="12.450547">
    <ele>535.279</ele>
    <time>2026-06-17T07:04:19Z</time>
   </trkpt>
   <trkpt lat="47.779143" lon="12.450631">
    <ele>534.810</ele>
    <time>2026-06-17T07:04:21Z</time>
   </trkpt>
   <trkpt lat="47.779131" lon="12.450785">
    <ele>536.837</ele>
    <time>2026-06-17T07:04:27Z</time>
   </trkpt>
   <trkpt lat="47.779042" lon="12.450926">
    <ele>536.525</ele>
    <time>2026-06-17T07:04:34Z</time>
   </trkpt>
   <trkpt lat="47.779058" lon="12.451273">
    <ele>536.832</ele>
    <time>2026-06-17T07:04:41Z</time>
   </trkpt>
   <trkpt lat="47.778984" lon="12.451418">
    <ele>536.783</ele>
    <time>2026-06-17T07:04:45Z</time>
   </trkpt>
   <trkpt lat="47.778514" lon="12.451731">
    <ele>539.317</ele>
    <time>2026-06-17T07:05:00Z</time>
   </trkpt>
   <trkpt lat="47.778395" lon="12.451739">
    <ele>540.764</ele>
    <time>2026-06-17T07:05:04Z</time>
   </trkpt>
   <trkpt lat="47.778374" lon="12.452070">
    <ele>540.981</ele>
    <time>2026-06-17T07:05:12Z</time>
   </trkpt>
   <trkpt lat="47.778448" lon="12.452149">
    <ele>541.232</ele>
    <time>2026-06-17T07:05:14Z</time>
   </trkpt>
   <trkpt lat="47.778556" lon="12.452376">
    <ele>540.751</ele>
    <time>2026-06-17T07:05:18Z</time>
   </trkpt>
   <trkpt lat="47.778675" lon="12.452952">
    <ele>541.268</ele>
    <time>2026-06-17T07:05:26Z</time>
   </trkpt>
   <trkpt lat="47.778667" lon="12.454222">
    <ele>541.026</ele>
    <time>2026-06-17T07:05:43Z</time>
   </trkpt>
   <trkpt lat="47.778477" lon="12.456084">
    <ele>542.962</ele>
    <time>2026-06-17T07:06:07Z</time>
   </trkpt>
   <trkpt lat="47.778301" lon="12.457833">
    <ele>542.388</ele>
    <time>2026-06-17T07:06:28Z</time>
   </trkpt>
   <trkpt lat="47.778281" lon="12.459253">
    <ele>541.385</ele>
    <time>2026-06-17T07:06:45Z</time>
   </trkpt>
   <trkpt lat="47.778277" lon="12.461014">
    <ele>540.369</ele>
    <time>2026-06-17T07:07:06Z</time>
   </trkpt>
   <trkpt lat="47.778447" lon="12.462547">
    <ele>539.982</ele>
    <time>2026-06-17T07:07:25Z</time>
   </trkpt>
   <trkpt lat="47.778463" lon="12.464054">
    <ele>538.694</ele>
    <time>2026-06-17T07:07:43Z</time>
   </trkpt>
   <trkpt lat="47.778292" lon="12.465819">
    <ele>539.209</ele>
    <time>2026-06-17T07:08:04Z</time>
   </trkpt>
   <trkpt lat="47.778269" lon="12.467456">
    <ele>538.578</ele>
    <time>2026-06-17T07:08:23Z</time>
   </trkpt>
   <trkpt lat="47.778286" lon="12.467782">
    <ele>539.077</ele>
    <time>2026-06-17T07:08:27Z</time>
   </trkpt>
   <trkpt lat="47.778308" lon="12.467943">
    <ele>539.363</ele>
    <time>2026-06-17T07:08:29Z</time>
   </trkpt>
   <trkpt lat="47.778405" lon="12.468689">
    <ele>539.118</ele>
    <time>2026-06-17T07:08:38Z</time>
   </trkpt>
   <trkpt lat="47.778748" lon="12.470335">
    <ele>538.342</ele>
    <time>2026-06-17T07:08:57Z</time>
   </trkpt>
   <trkpt lat="47.779229" lon="12.471724">
    <ele>538.599</ele>
    <time>2026-06-17T07:09:13Z</time>
   </trkpt>
   <trkpt lat="47.779270" lon="12.471911">
    <ele>538.599</ele>
    <time>2026-06-17T07:09:15Z</time>
   </trkpt>
   <trkpt lat="47.779295" lon="12.472287">
    <ele>538.539</ele>
    <time>2026-06-17T07:09:19Z</time>
   </trkpt>
   <trkpt lat="47.779166" lon="12.473290">
    <ele>539.162</ele>
    <time>2026-06-17T07:09:30Z</time>
   </trkpt>
   <trkpt lat="47.779180" lon="12.473751">
    <ele>539.185</ele>
    <time>2026-06-17T07:09:35Z</time>
   </trkpt>
   <trkpt lat="47.779285" lon="12.474276">
    <ele>538.532</ele>
    <time>2026-06-17T07:09:41Z</time>
   </trkpt>
   <trkpt lat="47.779641" lon="12.475239">
    <ele>538.595</ele>
    <time>2026-06-17T07:09:54Z</time>
   </trkpt>
   <trkpt lat="47.779661" lon="12.475313">
    <ele>538.667</ele>
    <time>2026-06-17T07:09:55Z</time>
   </trkpt>
   <trkpt lat="47.779625" lon="12.475607">
    <ele>540.489</ele>
    <time>2026-06-17T07:09:59Z</time>
   </trkpt>
   <trkpt lat="47.779576" lon="12.475706">
    <ele>540.659</ele>
    <time>2026-06-17T07:10:01Z</time>
   </trkpt>
   <trkpt lat="47.779618" lon="12.476006">
    <ele>540.622</ele>
    <time>2026-06-17T07:10:08Z</time>
   </trkpt>
   <trkpt lat="47.779762" lon="12.476072">
    <ele>541.426</ele>
    <time>2026-06-17T07:10:12Z</time>
   </trkpt>
   <trkpt lat="47.780039" lon="12.476331">
    <ele>541.283</ele>
    <time>2026-06-17T07:10:22Z</time>
   </trkpt>
   <trkpt lat="47.780171" lon="12.477020">
    <ele>541.816</ele>
    <time>2026-06-17T07:10:40Z</time>
   </trkpt>
   <trkpt lat="47.780212" lon="12.477417">
    <ele>541.097</ele>
    <time>2026-06-17T07:10:49Z</time>
   </trkpt>
   <trkpt lat="47.780207" lon="12.477889">
    <ele>539.780</ele>
    <time>2026-06-17T07:10:55Z</time>
   </trkpt>
   <trkpt lat="47.780329" lon="12.477947">
    <ele>539.235</ele>
    <time>2026-06-17T07:10:59Z</time>
   </trkpt>
   <trkpt lat="47.780673" lon="12.478195">
    <ele>536.973</ele>
    <time>2026-06-17T07:11:05Z</time>
   </trkpt>
   <trkpt lat="47.781567" lon="12.479389">
    <ele>535.796</ele>
    <time>2026-06-17T07:11:23Z</time>
   </trkpt>
   <trkpt lat="47.781843" lon="12.480555">
    <ele>535.791</ele>
    <time>2026-06-17T07:11:36Z</time>
   </trkpt>
   <trkpt lat="47.781947" lon="12.480916">
    <ele>535.794</ele>
    <time>2026-06-17T07:11:40Z</time>
   </trkpt>
   <trkpt lat="47.782011" lon="12.481196">
    <ele>535.826</ele>
    <time>2026-06-17T07:11:43Z</time>
   </trkpt>
   <trkpt lat="47.782221" lon="12.481706">
    <ele>535.671</ele>
    <time>2026-06-17T07:11:49Z</time>
   </trkpt>
   <trkpt lat="47.782284" lon="12.481880">
    <ele>535.874</ele>
    <time>2026-06-17T07:11:51Z</time>
   </trkpt>
   <trkpt lat="47.782460" lon="12.483143">
    <ele>537.306</ele>
    <time>2026-06-17T07:12:06Z</time>
   </trkpt>
   <trkpt lat="47.782645" lon="12.484358">
    <ele>536.780</ele>
    <time>2026-06-17T07:12:22Z</time>
   </trkpt>
   <trkpt lat="47.782700" lon="12.484595">
    <ele>536.859</ele>
    <time>2026-06-17T07:12:25Z</time>
   </trkpt>
   <trkpt lat="47.783069" lon="12.485764">
    <ele>538.779</ele>
    <time>2026-06-17T07:12:39Z</time>
   </trkpt>
   <trkpt lat="47.783235" lon="12.486069">
    <ele>538.585</ele>
    <time>2026-06-17T07:12:43Z</time>
   </trkpt>
   <trkpt lat="47.783489" lon="12.486391">
    <ele>537.824</ele>
    <time>2026-06-17T07:12:48Z</time>
   </trkpt>
   <trkpt lat="47.783607" lon="12.486817">
    <ele>538.079</ele>
    <time>2026-06-17T07:12:53Z</time>
   </trkpt>
   <trkpt lat="47.783528" lon="12.487464">
    <ele>537.536</ele>
    <time>2026-06-17T07:13:00Z</time>
   </trkpt>
   <trkpt lat="47.783326" lon="12.487715">
    <ele>538.148</ele>
    <time>2026-06-17T07:13:05Z</time>
   </trkpt>
   <trkpt lat="47.783213" lon="12.487729">
    <ele>538.142</ele>
    <time>2026-06-17T07:13:07Z</time>
   </trkpt>
   <trkpt lat="47.783028" lon="12.487968">
    <ele>538.423</ele>
    <time>2026-06-17T07:13:12Z</time>
   </trkpt>
   <trkpt lat="47.782936" lon="12.488213">
    <ele>539.049</ele>
    <time>2026-06-17T07:13:16Z</time>
   </trkpt>
   <trkpt lat="47.782837" lon="12.488680">
    <ele>539.393</ele>
    <time>2026-06-17T07:13:23Z</time>
   </trkpt>
   <trkpt lat="47.782435" lon="12.489334">
    <ele>542.807</ele>
    <time>2026-06-17T07:13:37Z</time>
   </trkpt>
   <trkpt lat="47.782051" lon="12.489682">
    <ele>546.571</ele>
    <time>2026-06-17T07:13:56Z</time>
   </trkpt>
   <trkpt lat="47.781718" lon="12.489912">
    <ele>547.798</ele>
    <time>2026-06-17T07:14:10Z</time>
   </trkpt>
   <trkpt lat="47.781494" lon="12.490064">
    <ele>547.089</ele>
    <time>2026-06-17T07:14:17Z</time>
   </trkpt>
   <trkpt lat="47.781380" lon="12.490414">
    <ele>545.833</ele>
    <time>2026-06-17T07:14:23Z</time>
   </trkpt>
   <trkpt lat="47.781345" lon="12.490748">
    <ele>545.663</ele>
    <time>2026-06-17T07:14:29Z</time>
   </trkpt>
   <trkpt lat="47.781232" lon="12.491992">
    <ele>544.556</ele>
    <time>2026-06-17T07:14:46Z</time>
   </trkpt>
   <trkpt lat="47.781265" lon="12.492408">
    <ele>543.386</ele>
    <time>2026-06-17T07:14:51Z</time>
   </trkpt>
   <trkpt lat="47.781438" lon="12.492925">
    <ele>540.751</ele>
    <time>2026-06-17T07:14:57Z</time>
   </trkpt>
   <trkpt lat="47.781523" lon="12.493330">
    <ele>539.599</ele>
    <time>2026-06-17T07:15:01Z</time>
   </trkpt>
   <trkpt lat="47.781562" lon="12.493755">
    <ele>538.788</ele>
    <time>2026-06-17T07:15:05Z</time>
   </trkpt>
   <trkpt lat="47.781819" lon="12.494317">
    <ele>537.226</ele>
    <time>2026-06-17T07:15:11Z</time>
   </trkpt>
   <trkpt lat="47.782432" lon="12.495733">
    <ele>536.217</ele>
    <time>2026-06-17T07:15:26Z</time>
   </trkpt>
   <trkpt lat="47.782526" lon="12.495988">
    <ele>535.984</ele>
    <time>2026-06-17T07:15:30Z</time>
   </trkpt>
   <trkpt lat="47.782721" lon="12.496066">
    <ele>535.234</ele>
    <time>2026-06-17T07:15:34Z</time>
   </trkpt>
   <trkpt lat="47.783301" lon="12.496845">
    <ele>534.663</ele>
    <time>2026-06-17T07:15:46Z</time>
   </trkpt>
   <trkpt lat="47.784158" lon="12.498880">
    <ele>532.670</ele>
    <time>2026-06-17T07:16:09Z</time>
   </trkpt>
   <trkpt lat="47.784562" lon="12.499697">
    <ele>532.181</ele>
    <time>2026-06-17T07:16:19Z</time>
   </trkpt>
   <trkpt lat="47.785070" lon="12.500191">
    <ele>532.249</ele>
    <time>2026-06-17T07:16:31Z</time>
   </trkpt>
   <trkpt lat="47.785307" lon="12.500364">
    <ele>533.611</ele>
    <time>2026-06-17T07:16:41Z</time>
   </trkpt>
   <trkpt lat="47.785889" lon="12.500799">
    <ele>535.765</ele>
    <time>2026-06-17T07:16:59Z</time>
   </trkpt>
   <trkpt lat="47.786065" lon="12.501066">
    <ele>532.789</ele>
    <time>2026-06-17T07:17:03Z</time>
   </trkpt>
   <trkpt lat="47.786198" lon="12.501194">
    <ele>531.282</ele>
    <time>2026-06-17T07:17:05Z</time>
   </trkpt>
   <trkpt lat="47.786390" lon="12.501993">
    <ele>530.054</ele>
    <time>2026-06-17T07:17:12Z</time>
   </trkpt>
   <trkpt lat="47.786658" lon="12.503547">
    <ele>529.864</ele>
    <time>2026-06-17T07:17:26Z</time>
   </trkpt>
   <trkpt lat="47.786590" lon="12.503915">
    <ele>531.438</ele>
    <time>2026-06-17T07:17:30Z</time>
   </trkpt>
   <trkpt lat="47.786637" lon="12.504354">
    <ele>531.893</ele>
    <time>2026-06-17T07:17:35Z</time>
   </trkpt>
   <trkpt lat="47.786614" lon="12.504709">
    <ele>531.917</ele>
    <time>2026-06-17T07:17:39Z</time>
   </trkpt>
   <trkpt lat="47.786564" lon="12.504873">
    <ele>531.971</ele>
    <time>2026-06-17T07:17:41Z</time>
   </trkpt>
   <trkpt lat="47.786619" lon="12.505205">
    <ele>532.570</ele>
    <time>2026-06-17T07:17:45Z</time>
   </trkpt>
   <trkpt lat="47.787383" lon="12.506230">
    <ele>531.041</ele>
    <time>2026-06-17T07:18:02Z</time>
   </trkpt>
   <trkpt lat="47.787754" lon="12.506576">
    <ele>529.899</ele>
    <time>2026-06-17T07:18:09Z</time>
   </trkpt>
   <trkpt lat="47.788379" lon="12.507535">
    <ele>530.895</ele>
    <time>2026-06-17T07:18:25Z</time>
   </trkpt>
   <trkpt lat="47.788716" lon="12.508235">
    <ele>534.762</ele>
    <time>2026-06-17T07:18:43Z</time>
   </trkpt>
   <trkpt lat="47.788958" lon="12.509063">
    <ele>538.251</ele>
    <time>2026-06-17T07:19:05Z</time>
   </trkpt>
   <trkpt lat="47.789022" lon="12.509739">
    <ele>542.603</ele>
    <time>2026-06-17T07:19:23Z</time>
   </trkpt>
   <trkpt lat="47.789100" lon="12.510860">
    <ele>548.229</ele>
    <time>2026-06-17T07:19:50Z</time>
   </trkpt>
   <trkpt lat="47.789205" lon="12.511902">
    <ele>548.595</ele>
    <time>2026-06-17T07:20:10Z</time>
   </trkpt>
   <trkpt lat="47.789229" lon="12.512029">
    <ele>548.180</ele>
    <time>2026-06-17T07:20:12Z</time>
   </trkpt>
   <trkpt lat="47.789245" lon="12.512166">
    <ele>548.080</ele>
    <time>2026-06-17T07:20:14Z</time>
   </trkpt>
   <trkpt lat="47.789305" lon="12.512371">
    <ele>547.552</ele>
    <time>2026-06-17T07:20:17Z</time>
   </trkpt>
   <trkpt lat="47.789471" lon="12.512586">
    <ele>545.987</ele>
    <time>2026-06-17T07:20:21Z</time>
   </trkpt>
   <trkpt lat="47.789665" lon="12.512921">
    <ele>544.428</ele>
    <time>2026-06-17T07:20:26Z</time>
   </trkpt>
   <trkpt lat="47.789952" lon="12.513333">
    <ele>541.083</ele>
    <time>2026-06-17T07:20:31Z</time>
   </trkpt>
   <trkpt lat="47.790274" lon="12.513845">
    <ele>537.807</ele>
    <time>2026-06-17T07:20:36Z</time>
   </trkpt>
   <trkpt lat="47.790565" lon="12.514426">
    <ele>535.190</ele>
    <time>2026-06-17T07:20:41Z</time>
   </trkpt>
   <trkpt lat="47.790722" lon="12.515111">
    <ele>533.000</ele>
    <time>2026-06-17T07:20:46Z</time>
   </trkpt>
   <trkpt lat="47.790823" lon="12.516967">
    <ele>530.127</ele>
    <time>2026-06-17T07:21:00Z</time>
   </trkpt>
   <trkpt lat="47.791163" lon="12.518268">
    <ele>529.031</ele>
    <time>2026-06-17T07:21:12Z</time>
   </trkpt>
   <trkpt lat="47.791560" lon="12.519760">
    <ele>528.128</ele>
    <time>2026-06-17T07:21:26Z</time>
   </trkpt>
   <trkpt lat="47.791437" lon="12.521335">
    <ele>528.700</ele>
    <time>2026-06-17T07:21:41Z</time>
   </trkpt>
   <trkpt lat="47.791618" lon="12.522562">
    <ele>529.656</ele>
    <time>2026-06-17T07:21:55Z</time>
   </trkpt>
   <trkpt lat="47.792092" lon="12.524504">
    <ele>530.710</ele>
    <time>2026-06-17T07:22:19Z</time>
   </trkpt>
   <trkpt lat="47.792363" lon="12.526253">
    <ele>530.808</ele>
    <time>2026-06-17T07:22:41Z</time>
   </trkpt>
   <trkpt lat="47.792941" lon="12.527905">
    <ele>531.208</ele>
    <time>2026-06-17T07:23:03Z</time>
   </trkpt>
   <trkpt lat="47.793719" lon="12.529776">
    <ele>531.936</ele>
    <time>2026-06-17T07:23:28Z</time>
   </trkpt>
   <trkpt lat="47.794511" lon="12.531463">
    <ele>531.773</ele>
    <time>2026-06-17T07:23:52Z</time>
   </trkpt>
   <trkpt lat="47.795253" lon="12.533328">
    <ele>530.900</ele>
    <time>2026-06-17T07:24:18Z</time>
   </trkpt>
   <trkpt lat="47.795346" lon="12.533631">
    <ele>531.120</ele>
    <time>2026-06-17T07:24:22Z</time>
   </trkpt>
   <trkpt lat="47.795400" lon="12.533852">
    <ele>531.060</ele>
    <time>2026-06-17T07:24:25Z</time>
   </trkpt>
   <trkpt lat="47.795608" lon="12.535137">
    <ele>533.256</ele>
    <time>2026-06-17T07:24:43Z</time>
   </trkpt>
   <trkpt lat="47.795704" lon="12.536477">
    <ele>535.327</ele>
    <time>2026-06-17T07:25:05Z</time>
   </trkpt>
   <trkpt lat="47.795736" lon="12.537775">
    <ele>532.857</ele>
    <time>2026-06-17T07:25:21Z</time>
   </trkpt>
   <trkpt lat="47.795653" lon="12.540004">
    <ele>533.371</ele>
    <time>2026-06-17T07:25:48Z</time>
   </trkpt>
   <trkpt lat="47.795535" lon="12.541572">
    <ele>534.103</ele>
    <time>2026-06-17T07:26:11Z</time>
   </trkpt>
   <trkpt lat="47.795494" lon="12.543175">
    <ele>531.008</ele>
    <time>2026-06-17T07:26:28Z</time>
   </trkpt>
   <trkpt lat="47.795693" lon="12.544991">
    <ele>529.669</ele>
    <time>2026-06-17T07:26:47Z</time>
   </trkpt>
   <trkpt lat="47.796227" lon="12.546469">
    <ele>527.831</ele>
    <time>2026-06-17T07:27:06Z</time>
   </trkpt>
   <trkpt lat="47.797153" lon="12.547750">
    <ele>526.595</ele>
    <time>2026-06-17T07:27:26Z</time>
   </trkpt>
   <trkpt lat="47.798120" lon="12.549144">
    <ele>526.631</ele>
    <time>2026-06-17T07:27:49Z</time>
   </trkpt>
   <trkpt lat="47.798627" lon="12.550676">
    <ele>526.567</ele>
    <time>2026-06-17T07:28:08Z</time>
   </trkpt>
   <trkpt lat="47.798842" lon="12.552453">
    <ele>527.318</ele>
    <time>2026-06-17T07:28:28Z</time>
   </trkpt>
   <trkpt lat="47.798917" lon="12.555259">
    <ele>528.897</ele>
    <time>2026-06-17T07:28:59Z</time>
   </trkpt>
   <trkpt lat="47.799124" lon="12.556857">
    <ele>529.558</ele>
    <time>2026-06-17T07:29:18Z</time>
   </trkpt>
   <trkpt lat="47.799192" lon="12.557271">
    <ele>529.143</ele>
    <time>2026-06-17T07:29:23Z</time>
   </trkpt>
   <trkpt lat="47.799308" lon="12.558512">
    <ele>526.369</ele>
    <time>2026-06-17T07:29:39Z</time>
   </trkpt>
   <trkpt lat="47.799402" lon="12.559313">
    <ele>526.464</ele>
    <time>2026-06-17T07:29:50Z</time>
   </trkpt>
   <trkpt lat="47.799438" lon="12.559540">
    <ele>526.856</ele>
    <time>2026-06-17T07:29:53Z</time>
   </trkpt>
   <trkpt lat="47.799506" lon="12.560726">
    <ele>529.824</ele>
    <time>2026-06-17T07:30:08Z</time>
   </trkpt>
   <trkpt lat="47.799638" lon="12.562329">
    <ele>532.292</ele>
    <time>2026-06-17T07:30:27Z</time>
   </trkpt>
   <trkpt lat="47.799957" lon="12.563744">
    <ele>532.815</ele>
    <time>2026-06-17T07:30:47Z</time>
   </trkpt>
   <trkpt lat="47.800545" lon="12.565309">
    <ele>534.537</ele>
    <time>2026-06-17T07:31:11Z</time>
   </trkpt>
   <trkpt lat="47.800850" lon="12.566798">
    <ele>533.843</ele>
    <time>2026-06-17T07:31:32Z</time>
   </trkpt>
   <trkpt lat="47.800856" lon="12.568394">
    <ele>535.726</ele>
    <time>2026-06-17T07:31:53Z</time>
   </trkpt>
   <trkpt lat="47.800919" lon="12.569505">
    <ele>536.923</ele>
    <time>2026-06-17T07:32:11Z</time>
   </trkpt>
   <trkpt lat="47.801177" lon="12.570824">
    <ele>539.196</ele>
    <time>2026-06-17T07:32:36Z</time>
   </trkpt>
   <trkpt lat="47.801276" lon="12.571301">
    <ele>540.425</ele>
    <time>2026-06-17T07:32:45Z</time>
   </trkpt>
   <trkpt lat="47.801588" lon="12.571374">
    <ele>540.216</ele>
    <time>2026-06-17T07:32:53Z</time>
   </trkpt>
   <trkpt lat="47.802552" lon="12.571491">
    <ele>539.323</ele>
    <time>2026-06-17T07:33:11Z</time>
   </trkpt>
   <trkpt lat="47.802599" lon="12.571520">
    <ele>539.379</ele>
    <time>2026-06-17T07:33:12Z</time>
   </trkpt>
   <trkpt lat="47.802756" lon="12.571674">
    <ele>539.826</ele>
    <time>2026-06-17T07:33:16Z</time>
   </trkpt>
   <trkpt lat="47.802849" lon="12.571808">
    <ele>540.234</ele>
    <time>2026-06-17T07:33:19Z</time>
   </trkpt>
   <trkpt lat="47.803100" lon="12.572760">
    <ele>541.683</ele>
    <time>2026-06-17T07:33:37Z</time>
   </trkpt>
   <trkpt lat="47.803226" lon="12.573647">
    <ele>543.933</ele>
    <time>2026-06-17T07:33:51Z</time>
   </trkpt>
   <trkpt lat="47.803439" lon="12.575632">
    <ele>546.713</ele>
    <time>2026-06-17T07:34:20Z</time>
   </trkpt>
   <trkpt lat="47.803560" lon="12.577125">
    <ele>549.046</ele>
    <time>2026-06-17T07:34:43Z</time>
   </trkpt>
   <trkpt lat="47.803651" lon="12.578087">
    <ele>550.381</ele>
    <time>2026-06-17T07:34:59Z</time>
   </trkpt>
   <trkpt lat="47.803753" lon="12.578487">
    <ele>551.570</ele>
    <time>2026-06-17T07:35:06Z</time>
   </trkpt>
   <trkpt lat="47.804344" lon="12.579335">
    <ele>553.135</ele>
    <time>2026-06-17T07:35:24Z</time>
   </trkpt>
   <trkpt lat="47.804422" lon="12.579387">
    <ele>553.639</ele>
    <time>2026-06-17T07:35:26Z</time>
   </trkpt>
   <trkpt lat="47.804532" lon="12.579493">
    <ele>554.245</ele>
    <time>2026-06-17T07:35:29Z</time>
   </trkpt>
   <trkpt lat="47.804668" lon="12.579748">
    <ele>554.637</ele>
    <time>2026-06-17T07:35:34Z</time>
   </trkpt>
   <trkpt lat="47.805032" lon="12.581198">
    <ele>555.097</ele>
    <time>2026-06-17T07:35:55Z</time>
   </trkpt>
   <trkpt lat="47.805177" lon="12.581986">
    <ele>555.689</ele>
    <time>2026-06-17T07:36:05Z</time>
   </trkpt>
   <trkpt lat="47.805828" lon="12.583058">
    <ele>554.544</ele>
    <time>2026-06-17T07:36:20Z</time>
   </trkpt>
   <trkpt lat="47.806922" lon="12.585055">
    <ele>551.866</ele>
    <time>2026-06-17T07:36:46Z</time>
   </trkpt>
   <trkpt lat="47.807038" lon="12.586154">
    <ele>550.786</ele>
    <time>2026-06-17T07:36:58Z</time>
   </trkpt>
   <trkpt lat="47.807062" lon="12.586357">
    <ele>550.700</ele>
    <time>2026-06-17T07:37:00Z</time>
   </trkpt>
   <trkpt lat="47.807187" lon="12.587746">
    <ele>551.243</ele>
    <time>2026-06-17T07:37:14Z</time>
   </trkpt>
   <trkpt lat="47.807047" lon="12.589133">
    <ele>552.659</ele>
    <time>2026-06-17T07:37:29Z</time>
   </trkpt>
   <trkpt lat="47.807019" lon="12.589589">
    <ele>553.352</ele>
    <time>2026-06-17T07:37:35Z</time>
   </trkpt>
   <trkpt lat="47.807005" lon="12.589816">
    <ele>553.179</ele>
    <time>2026-06-17T07:37:38Z</time>
   </trkpt>
   <trkpt lat="47.806969" lon="12.590097">
    <ele>553.103</ele>
    <time>2026-06-17T07:37:42Z</time>
   </trkpt>
   <trkpt lat="47.807043" lon="12.590377">
    <ele>553.273</ele>
    <time>2026-06-17T07:37:50Z</time>
   </trkpt>
   <trkpt lat="47.807022" lon="12.590354">
    <ele>552.672</ele>
    <time>2026-06-17T07:39:25Z</time>
   </trkpt>
   <trkpt lat="47.806945" lon="12.590303">
    <ele>552.367</ele>
    <time>2026-06-17T07:39:31Z</time>
   </trkpt>
   <trkpt lat="47.806797" lon="12.590389">
    <ele>553.003</ele>
    <time>2026-06-17T07:39:37Z</time>
   </trkpt>
   <trkpt lat="47.806800" lon="12.590942">
    <ele>554.124</ele>
    <time>2026-06-17T07:39:48Z</time>
   </trkpt>
   <trkpt lat="47.806837" lon="12.591058">
    <ele>553.929</ele>
    <time>2026-06-17T07:39:50Z</time>
   </trkpt>
   <trkpt lat="47.806919" lon="12.591240">
    <ele>553.905</ele>
    <time>2026-06-17T07:39:53Z</time>
   </trkpt>
   <trkpt lat="47.806942" lon="12.591495">
    <ele>554.303</ele>
    <time>2026-06-17T07:39:57Z</time>
   </trkpt>
   <trkpt lat="47.806900" lon="12.591753">
    <ele>555.148</ele>
    <time>2026-06-17T07:40:01Z</time>
   </trkpt>
   <trkpt lat="47.806861" lon="12.591989">
    <ele>555.296</ele>
    <time>2026-06-17T07:40:05Z</time>
   </trkpt>
   <trkpt lat="47.806824" lon="12.592172">
    <ele>554.852</ele>
    <time>2026-06-17T07:40:08Z</time>
   </trkpt>
   <trkpt lat="47.806780" lon="12.592455">
    <ele>554.241</ele>
    <time>2026-06-17T07:40:12Z</time>
   </trkpt>
   <trkpt lat="47.806663" lon="12.592683">
    <ele>553.688</ele>
    <time>2026-06-17T07:40:16Z</time>
   </trkpt>
   <trkpt lat="47.806018" lon="12.593608">
    <ele>555.541</ele>
    <time>2026-06-17T07:40:34Z</time>
   </trkpt>
   <trkpt lat="47.805563" lon="12.594542">
    <ele>555.744</ele>
    <time>2026-06-17T07:40:52Z</time>
   </trkpt>
   <trkpt lat="47.805538" lon="12.594605">
    <ele>555.618</ele>
    <time>2026-06-17T07:40:53Z</time>
   </trkpt>
   <trkpt lat="47.804819" lon="12.595435">
    <ele>557.238</ele>
    <time>2026-06-17T07:41:13Z</time>
   </trkpt>
   <trkpt lat="47.804335" lon="12.595737">
    <ele>558.810</ele>
    <time>2026-06-17T07:41:26Z</time>
   </trkpt>
   <trkpt lat="47.804032" lon="12.596367">
    <ele>557.859</ele>
    <time>2026-06-17T07:41:38Z</time>
   </trkpt>
   <trkpt lat="47.803505" lon="12.598130">
    <ele>556.510</ele>
    <time>2026-06-17T07:42:03Z</time>
   </trkpt>
   <trkpt lat="47.803279" lon="12.598896">
    <ele>556.272</ele>
    <time>2026-06-17T07:42:13Z</time>
   </trkpt>
   <trkpt lat="47.803195" lon="12.599102">
    <ele>556.174</ele>
    <time>2026-06-17T07:42:16Z</time>
   </trkpt>
   <trkpt lat="47.803315" lon="12.599772">
    <ele>555.542</ele>
    <time>2026-06-17T07:42:24Z</time>
   </trkpt>
   <trkpt lat="47.803582" lon="12.601019">
    <ele>554.801</ele>
    <time>2026-06-17T07:42:37Z</time>
   </trkpt>
   <trkpt lat="47.803891" lon="12.601394">
    <ele>555.492</ele>
    <time>2026-06-17T07:42:44Z</time>
   </trkpt>
   <trkpt lat="47.804065" lon="12.601358">
    <ele>555.499</ele>
    <time>2026-06-17T07:42:47Z</time>
   </trkpt>
   <trkpt lat="47.804121" lon="12.601617">
    <ele>555.201</ele>
    <time>2026-06-17T07:42:52Z</time>
   </trkpt>
   <trkpt lat="47.803956" lon="12.603469">
    <ele>556.148</ele>
    <time>2026-06-17T07:43:14Z</time>
   </trkpt>
   <trkpt lat="47.803776" lon="12.605014">
    <ele>556.914</ele>
    <time>2026-06-17T07:43:33Z</time>
   </trkpt>
   <trkpt lat="47.803674" lon="12.605367">
    <ele>557.468</ele>
    <time>2026-06-17T07:43:38Z</time>
   </trkpt>
   <trkpt lat="47.803635" lon="12.605580">
    <ele>557.883</ele>
    <time>2026-06-17T07:43:41Z</time>
   </trkpt>
   <trkpt lat="47.803683" lon="12.607217">
    <ele>559.478</ele>
    <time>2026-06-17T07:44:03Z</time>
   </trkpt>
   <trkpt lat="47.803940" lon="12.608705">
    <ele>560.835</ele>
    <time>2026-06-17T07:44:24Z</time>
   </trkpt>
   <trkpt lat="47.804491" lon="12.609947">
    <ele>561.568</ele>
    <time>2026-06-17T07:44:45Z</time>
   </trkpt>
   <trkpt lat="47.805355" lon="12.611300">
    <ele>563.591</ele>
    <time>2026-06-17T07:45:13Z</time>
   </trkpt>
   <trkpt lat="47.805849" lon="12.612434">
    <ele>565.000</ele>
    <time>2026-06-17T07:45:33Z</time>
   </trkpt>
   <trkpt lat="47.805963" lon="12.612929">
    <ele>566.378</ele>
    <time>2026-06-17T07:45:41Z</time>
   </trkpt>
   <trkpt lat="47.806173" lon="12.613107">
    <ele>566.449</ele>
    <time>2026-06-17T07:45:47Z</time>
   </trkpt>
   <trkpt lat="47.807198" lon="12.613249">
    <ele>568.020</ele>
    <time>2026-06-17T07:46:12Z</time>
   </trkpt>
   <trkpt lat="47.807737" lon="12.613208">
    <ele>569.712</ele>
    <time>2026-06-17T07:46:31Z</time>
   </trkpt>
   <trkpt lat="47.808134" lon="12.613200">
    <ele>569.433</ele>
    <time>2026-06-17T07:46:45Z</time>
   </trkpt>
   <trkpt lat="47.808547" lon="12.613296">
    <ele>576.098</ele>
    <time>2026-06-17T07:47:02Z</time>
   </trkpt>
   <trkpt lat="47.809068" lon="12.613564">
    <ele>586.289</ele>
    <time>2026-06-17T07:47:23Z</time>
   </trkpt>
   <trkpt lat="47.809330" lon="12.613750">
    <ele>591.827</ele>
    <time>2026-06-17T07:47:34Z</time>
   </trkpt>
   <trkpt lat="47.809969" lon="12.613910">
    <ele>600.368</ele>
    <time>2026-06-17T07:47:58Z</time>
   </trkpt>
   <trkpt lat="47.810393" lon="12.614152">
    <ele>600.974</ele>
    <time>2026-06-17T07:48:15Z</time>
   </trkpt>
   <trkpt lat="47.810676" lon="12.614766">
    <ele>603.639</ele>
    <time>2026-06-17T07:48:35Z</time>
   </trkpt>
   <trkpt lat="47.810800" lon="12.615000">
    <ele>604.805</ele>
    <time>2026-06-17T07:48:47Z</time>
   </trkpt>
   <trkpt lat="47.811034" lon="12.615265">
    <ele>607.402</ele>
    <time>2026-06-17T07:48:59Z</time>
   </trkpt>
   <trkpt lat="47.811106" lon="12.615307">
    <ele>608.090</ele>
    <time>2026-06-17T07:49:03Z</time>
   </trkpt>
   <trkpt lat="47.811359" lon="12.615399">
    <ele>610.336</ele>
    <time>2026-06-17T07:49:19Z</time>
   </trkpt>
   <trkpt lat="47.811795" lon="12.615538">
    <ele>607.618</ele>
    <time>2026-06-17T07:49:40Z</time>
   </trkpt>
   <trkpt lat="47.812170" lon="12.615540">
    <ele>609.079</ele>
    <time>2026-06-17T07:49:56Z</time>
   </trkpt>
   <trkpt lat="47.812596" lon="12.615320">
    <ele>613.231</ele>
    <time>2026-06-17T07:50:16Z</time>
   </trkpt>
   <trkpt lat="47.813072" lon="12.615059">
    <ele>613.380</ele>
    <time>2026-06-17T07:50:37Z</time>
   </trkpt>
   <trkpt lat="47.813821" lon="12.614653">
    <ele>610.073</ele>
    <time>2026-06-17T07:50:57Z</time>
   </trkpt>
   <trkpt lat="47.814998" lon="12.614016">
    <ele>607.698</ele>
    <time>2026-06-17T07:51:22Z</time>
   </trkpt>
   <trkpt lat="47.815978" lon="12.613826">
    <ele>607.716</ele>
    <time>2026-06-17T07:51:41Z</time>
   </trkpt>
   <trkpt lat="47.817029" lon="12.614162">
    <ele>602.604</ele>
    <time>2026-06-17T07:51:58Z</time>
   </trkpt>
   <trkpt lat="47.818172" lon="12.614577">
    <ele>599.814</ele>
    <time>2026-06-17T07:52:15Z</time>
   </trkpt>
   <trkpt lat="47.818729" lon="12.614876">
    <ele>597.947</ele>
    <time>2026-06-17T07:52:25Z</time>
   </trkpt>
   <trkpt lat="47.819024" lon="12.614863">
    <ele>596.860</ele>
    <time>2026-06-17T07:52:30Z</time>
   </trkpt>
   <trkpt lat="47.820064" lon="12.614819">
    <ele>592.984</ele>
    <time>2026-06-17T07:52:45Z</time>
   </trkpt>
   <trkpt lat="47.820578" lon="12.614604">
    <ele>592.285</ele>
    <time>2026-06-17T07:52:53Z</time>
   </trkpt>
   <trkpt lat="47.820803" lon="12.614760">
    <ele>592.247</ele>
    <time>2026-06-17T07:52:58Z</time>
   </trkpt>
   <trkpt lat="47.821109" lon="12.615126">
    <ele>592.720</ele>
    <time>2026-06-17T07:53:06Z</time>
   </trkpt>
   <trkpt lat="47.821231" lon="12.615330">
    <ele>593.078</ele>
    <time>2026-06-17T07:53:10Z</time>
   </trkpt>
   <trkpt lat="47.821282" lon="12.615440">
    <ele>593.389</ele>
    <time>2026-06-17T07:53:12Z</time>
   </trkpt>
   <trkpt lat="47.821742" lon="12.616716">
    <ele>597.534</ele>
    <time>2026-06-17T07:53:35Z</time>
   </trkpt>
   <trkpt lat="47.822152" lon="12.617829">
    <ele>599.796</ele>
    <time>2026-06-17T07:53:53Z</time>
   </trkpt>
   <trkpt lat="47.822234" lon="12.618646">
    <ele>601.896</ele>
    <time>2026-06-17T07:54:09Z</time>
   </trkpt>
   <trkpt lat="47.822381" lon="12.619935">
    <ele>604.018</ele>
    <time>2026-06-17T07:54:36Z</time>
   </trkpt>
   <trkpt lat="47.822459" lon="12.620731">
    <ele>607.644</ele>
    <time>2026-06-17T07:54:56Z</time>
   </trkpt>
   <trkpt lat="47.822520" lon="12.621325">
    <ele>608.325</ele>
    <time>2026-06-17T07:55:11Z</time>
   </trkpt>
   <trkpt lat="47.822741" lon="12.622136">
    <ele>609.763</ele>
    <time>2026-06-17T07:55:29Z</time>
   </trkpt>
   <trkpt lat="47.822940" lon="12.622822">
    <ele>612.768</ele>
    <time>2026-06-17T07:55:45Z</time>
   </trkpt>
   <trkpt lat="47.822990" lon="12.622984">
    <ele>613.536</ele>
    <time>2026-06-17T07:55:49Z</time>
   </trkpt>
   <trkpt lat="47.823051" lon="12.623617">
    <ele>614.594</ele>
    <time>2026-06-17T07:56:08Z</time>
   </trkpt>
   <trkpt lat="47.823125" lon="12.624255">
    <ele>617.753</ele>
    <time>2026-06-17T07:56:26Z</time>
   </trkpt>
   <trkpt lat="47.823110" lon="12.624708">
    <ele>619.431</ele>
    <time>2026-06-17T07:56:40Z</time>
   </trkpt>
   <trkpt lat="47.823145" lon="12.625270">
    <ele>624.024</ele>
    <time>2026-06-17T07:56:55Z</time>
   </trkpt>
   <trkpt lat="47.823151" lon="12.625500">
    <ele>625.381</ele>
    <time>2026-06-17T07:57:01Z</time>
   </trkpt>
   <trkpt lat="47.823200" lon="12.625638">
    <ele>626.361</ele>
    <time>2026-06-17T07:57:05Z</time>
   </trkpt>
   <trkpt lat="47.823238" lon="12.625737">
    <ele>627.691</ele>
    <time>2026-06-17T07:57:08Z</time>
   </trkpt>
   <trkpt lat="47.823213" lon="12.626369">
    <ele>633.252</ele>
    <time>2026-06-17T07:57:24Z</time>
   </trkpt>
   <trkpt lat="47.823189" lon="12.627051">
    <ele>632.934</ele>
    <time>2026-06-17T07:57:42Z</time>
   </trkpt>
   <trkpt lat="47.823192" lon="12.627562">
    <ele>635.939</ele>
    <time>2026-06-17T07:57:58Z</time>
   </trkpt>
   <trkpt lat="47.823168" lon="12.628253">
    <ele>639.586</ele>
    <time>2026-06-17T07:58:22Z</time>
   </trkpt>
   <trkpt lat="47.823097" lon="12.628823">
    <ele>640.730</ele>
    <time>2026-06-17T07:58:40Z</time>
   </trkpt>
   <trkpt lat="47.822822" lon="12.629602">
    <ele>638.278</ele>
    <time>2026-06-17T07:58:58Z</time>
   </trkpt>
   <trkpt lat="47.822367" lon="12.630647">
    <ele>639.780</ele>
    <time>2026-06-17T07:59:19Z</time>
   </trkpt>
   <trkpt lat="47.821948" lon="12.631699">
    <ele>643.214</ele>
    <time>2026-06-17T07:59:43Z</time>
   </trkpt>
   <trkpt lat="47.821812" lon="12.632530">
    <ele>645.972</ele>
    <time>2026-06-17T08:00:00Z</time>
   </trkpt>
   <trkpt lat="47.821801" lon="12.633100">
    <ele>644.449</ele>
    <time>2026-06-17T08:00:09Z</time>
   </trkpt>
   <trkpt lat="47.821791" lon="12.633280">
    <ele>642.694</ele>
    <time>2026-06-17T08:00:11Z</time>
   </trkpt>
   <trkpt lat="47.821473" lon="12.634494">
    <ele>636.990</ele>
    <time>2026-06-17T08:00:21Z</time>
   </trkpt>
   <trkpt lat="47.821339" lon="12.635254">
    <ele>633.310</ele>
    <time>2026-06-17T08:00:26Z</time>
   </trkpt>
   <trkpt lat="47.820929" lon="12.636648">
    <ele>625.724</ele>
    <time>2026-06-17T08:00:37Z</time>
   </trkpt>
   <trkpt lat="47.820815" lon="12.637064">
    <ele>622.411</ele>
    <time>2026-06-17T08:00:43Z</time>
   </trkpt>
   <trkpt lat="47.820814" lon="12.637477">
    <ele>619.935</ele>
    <time>2026-06-17T08:00:47Z</time>
   </trkpt>
   <trkpt lat="47.820861" lon="12.637794">
    <ele>618.284</ele>
    <time>2026-06-17T08:00:50Z</time>
   </trkpt>
   <trkpt lat="47.821024" lon="12.638190">
    <ele>616.840</ele>
    <time>2026-06-17T08:00:55Z</time>
   </trkpt>
   <trkpt lat="47.821161" lon="12.638572">
    <ele>614.777</ele>
    <time>2026-06-17T08:00:59Z</time>
   </trkpt>
   <trkpt lat="47.821496" lon="12.638959">
    <ele>613.493</ele>
    <time>2026-06-17T08:01:05Z</time>
   </trkpt>
   <trkpt lat="47.821890" lon="12.639089">
    <ele>611.712</ele>
    <time>2026-06-17T08:01:11Z</time>
   </trkpt>
   <trkpt lat="47.822192" lon="12.639419">
    <ele>608.432</ele>
    <time>2026-06-17T08:01:15Z</time>
   </trkpt>
   <trkpt lat="47.822316" lon="12.639745">
    <ele>607.798</ele>
    <time>2026-06-17T08:01:19Z</time>
   </trkpt>
   <trkpt lat="47.822267" lon="12.640676">
    <ele>603.657</ele>
    <time>2026-06-17T08:01:28Z</time>
   </trkpt>
   <trkpt lat="47.822286" lon="12.641213">
    <ele>601.052</ele>
    <time>2026-06-17T08:01:32Z</time>
   </trkpt>
   <trkpt lat="47.822207" lon="12.641578">
    <ele>600.210</ele>
    <time>2026-06-17T08:01:39Z</time>
   </trkpt>
   <trkpt lat="47.822170" lon="12.641653">
    <ele>599.685</ele>
    <time>2026-06-17T08:01:42Z</time>
   </trkpt>
   <trkpt lat="47.822488" lon="12.641659">
    <ele>599.659</ele>
    <time>2026-06-17T08:01:51Z</time>
   </trkpt>
   <trkpt lat="47.822684" lon="12.641573">
    <ele>599.702</ele>
    <time>2026-06-17T08:01:55Z</time>
   </trkpt>
   <trkpt lat="47.823266" lon="12.641329">
    <ele>596.785</ele>
    <time>2026-06-17T08:02:07Z</time>
   </trkpt>
   <trkpt lat="47.824050" lon="12.641483">
    <ele>598.723</ele>
    <time>2026-06-17T08:02:20Z</time>
   </trkpt>
   <trkpt lat="47.824212" lon="12.641686">
    <ele>597.497</ele>
    <time>2026-06-17T08:02:24Z</time>
   </trkpt>
   <trkpt lat="47.824885" lon="12.642729">
    <ele>594.724</ele>
    <time>2026-06-17T08:02:40Z</time>
   </trkpt>
   <trkpt lat="47.825267" lon="12.643915">
    <ele>596.242</ele>
    <time>2026-06-17T08:02:55Z</time>
   </trkpt>
   <trkpt lat="47.825488" lon="12.644544">
    <ele>596.121</ele>
    <time>2026-06-17T08:03:03Z</time>
   </trkpt>
   <trkpt lat="47.825691" lon="12.644634">
    <ele>595.912</ele>
    <time>2026-06-17T08:03:07Z</time>
   </trkpt>
   <trkpt lat="47.825905" lon="12.645062">
    <ele>597.449</ele>
    <time>2026-06-17T08:03:15Z</time>
   </trkpt>
   <trkpt lat="47.825965" lon="12.645172">
    <ele>599.075</ele>
    <time>2026-06-17T08:03:24Z</time>
   </trkpt>
   <trkpt lat="47.826218" lon="12.645600">
    <ele>597.260</ele>
    <time>2026-06-17T08:03:34Z</time>
   </trkpt>
   <trkpt lat="47.826250" lon="12.645668">
    <ele>597.034</ele>
    <time>2026-06-17T08:03:35Z</time>
   </trkpt>
   <trkpt lat="47.826524" lon="12.646083">
    <ele>595.661</ele>
    <time>2026-06-17T08:03:42Z</time>
   </trkpt>
   <trkpt lat="47.827107" lon="12.646544">
    <ele>595.296</ele>
    <time>2026-06-17T08:03:54Z</time>
   </trkpt>
   <trkpt lat="47.827514" lon="12.646767">
    <ele>594.708</ele>
    <time>2026-06-17T08:04:02Z</time>
   </trkpt>
   <trkpt lat="47.827671" lon="12.646732">
    <ele>594.556</ele>
    <time>2026-06-17T08:04:05Z</time>
   </trkpt>
   <trkpt lat="47.828117" lon="12.646760">
    <ele>595.475</ele>
    <time>2026-06-17T08:04:13Z</time>
   </trkpt>
   <trkpt lat="47.828284" lon="12.646752">
    <ele>595.639</ele>
    <time>2026-06-17T08:04:16Z</time>
   </trkpt>
   <trkpt lat="47.828483" lon="12.646760">
    <ele>596.802</ele>
    <time>2026-06-17T08:04:20Z</time>
   </trkpt>
   <trkpt lat="47.828905" lon="12.646662">
    <ele>598.114</ele>
    <time>2026-06-17T08:04:29Z</time>
   </trkpt>
   <trkpt lat="47.829710" lon="12.646196">
    <ele>597.697</ele>
    <time>2026-06-17T08:04:46Z</time>
   </trkpt>
   <trkpt lat="47.830676" lon="12.646091">
    <ele>598.181</ele>
    <time>2026-06-17T08:05:05Z</time>
   </trkpt>
   <trkpt lat="47.831872" lon="12.646091">
    <ele>598.294</ele>
    <time>2026-06-17T08:05:27Z</time>
   </trkpt>
   <trkpt lat="47.831982" lon="12.646084">
    <ele>598.162</ele>
    <time>2026-06-17T08:05:29Z</time>
   </trkpt>
   <trkpt lat="47.833050" lon="12.645695">
    <ele>598.010</ele>
    <time>2026-06-17T08:05:50Z</time>
   </trkpt>
   <trkpt lat="47.833826" lon="12.644880">
    <ele>598.277</ele>
    <time>2026-06-17T08:06:08Z</time>
   </trkpt>
   <trkpt lat="47.834694" lon="12.643918">
    <ele>598.231</ele>
    <time>2026-06-17T08:06:28Z</time>
   </trkpt>
   <trkpt lat="47.835572" lon="12.643153">
    <ele>598.592</ele>
    <time>2026-06-17T08:06:46Z</time>
   </trkpt>
   <trkpt lat="47.836314" lon="12.642466">
    <ele>596.498</ele>
    <time>2026-06-17T08:07:03Z</time>
   </trkpt>
   <trkpt lat="47.837224" lon="12.641584">
    <ele>596.913</ele>
    <time>2026-06-17T08:07:25Z</time>
   </trkpt>
   <trkpt lat="47.837475" lon="12.641320">
    <ele>597.936</ele>
    <time>2026-06-17T08:07:31Z</time>
   </trkpt>
   <trkpt lat="47.838223" lon="12.640761">
    <ele>597.140</ele>
    <time>2026-06-17T08:07:48Z</time>
   </trkpt>
   <trkpt lat="47.839091" lon="12.640235">
    <ele>597.083</ele>
    <time>2026-06-17T08:08:07Z</time>
   </trkpt>
   <trkpt lat="47.839922" lon="12.639874">
    <ele>596.876</ele>
    <time>2026-06-17T08:08:24Z</time>
   </trkpt>
   <trkpt lat="47.840961" lon="12.639661">
    <ele>596.398</ele>
    <time>2026-06-17T08:08:44Z</time>
   </trkpt>
   <trkpt lat="47.841969" lon="12.639575">
    <ele>596.711</ele>
    <time>2026-06-17T08:09:03Z</time>
   </trkpt>
   <trkpt lat="47.842999" lon="12.639211">
    <ele>596.495</ele>
    <time>2026-06-17T08:09:22Z</time>
   </trkpt>
   <trkpt lat="47.843934" lon="12.638703">
    <ele>597.054</ele>
    <time>2026-06-17T08:09:40Z</time>
   </trkpt>
   <trkpt lat="47.844315" lon="12.638575">
    <ele>595.842</ele>
    <time>2026-06-17T08:09:48Z</time>
   </trkpt>
   <trkpt lat="47.845262" lon="12.638175">
    <ele>593.249</ele>
    <time>2026-06-17T08:10:07Z</time>
   </trkpt>
   <trkpt lat="47.846183" lon="12.637810">
    <ele>591.820</ele>
    <time>2026-06-17T08:10:26Z</time>
   </trkpt>
   <trkpt lat="47.847091" lon="12.637453">
    <ele>590.366</ele>
    <time>2026-06-17T08:10:44Z</time>
   </trkpt>
   <trkpt lat="47.847239" lon="12.637292">
    <ele>590.306</ele>
    <time>2026-06-17T08:10:48Z</time>
   </trkpt>
   <trkpt lat="47.847658" lon="12.637269">
    <ele>589.495</ele>
    <time>2026-06-17T08:10:57Z</time>
   </trkpt>
   <trkpt lat="47.848264" lon="12.637149">
    <ele>589.034</ele>
    <time>2026-06-17T08:11:08Z</time>
   </trkpt>
   <trkpt lat="47.849045" lon="12.636986">
    <ele>588.743</ele>
    <time>2026-06-17T08:11:21Z</time>
   </trkpt>
   <trkpt lat="47.849221" lon="12.636948">
    <ele>588.884</ele>
    <time>2026-06-17T08:11:24Z</time>
   </trkpt>
   <trkpt lat="47.849923" lon="12.637073">
    <ele>585.338</ele>
    <time>2026-06-17T08:11:36Z</time>
   </trkpt>
   <trkpt lat="47.850081" lon="12.637098">
    <ele>582.975</ele>
    <time>2026-06-17T08:11:39Z</time>
   </trkpt>
   <trkpt lat="47.850310" lon="12.637096">
    <ele>582.432</ele>
    <time>2026-06-17T08:11:43Z</time>
   </trkpt>
   <trkpt lat="47.850669" lon="12.637085">
    <ele>583.007</ele>
    <time>2026-06-17T08:11:49Z</time>
   </trkpt>
   <trkpt lat="47.850874" lon="12.636920">
    <ele>582.468</ele>
    <time>2026-06-17T08:11:53Z</time>
   </trkpt>
   <trkpt lat="47.850945" lon="12.636780">
    <ele>582.413</ele>
    <time>2026-06-17T08:11:55Z</time>
   </trkpt>
   <trkpt lat="47.851537" lon="12.636750">
    <ele>585.095</ele>
    <time>2026-06-17T08:12:05Z</time>
   </trkpt>
   <trkpt lat="47.851721" lon="12.636752">
    <ele>585.541</ele>
    <time>2026-06-17T08:12:08Z</time>
   </trkpt>
   <trkpt lat="47.852216" lon="12.636760">
    <ele>586.343</ele>
    <time>2026-06-17T08:12:16Z</time>
   </trkpt>
   <trkpt lat="47.853173" lon="12.637270">
    <ele>584.275</ele>
    <time>2026-06-17T08:12:32Z</time>
   </trkpt>
   <trkpt lat="47.853958" lon="12.637613">
    <ele>583.467</ele>
    <time>2026-06-17T08:12:45Z</time>
   </trkpt>
   <trkpt lat="47.854714" lon="12.637799">
    <ele>582.331</ele>
    <time>2026-06-17T08:12:58Z</time>
   </trkpt>
   <trkpt lat="47.854827" lon="12.637811">
    <ele>583.186</ele>
    <time>2026-06-17T08:13:01Z</time>
   </trkpt>
   <trkpt lat="47.855185" lon="12.637857">
    <ele>584.235</ele>
    <time>2026-06-17T08:13:07Z</time>
   </trkpt>
   <trkpt lat="47.855288" lon="12.637843">
    <ele>584.748</ele>
    <time>2026-06-17T08:13:09Z</time>
   </trkpt>
   <trkpt lat="47.855569" lon="12.637858">
    <ele>580.479</ele>
    <time>2026-06-17T08:13:15Z</time>
   </trkpt>
   <trkpt lat="47.856311" lon="12.637519">
    <ele>577.158</ele>
    <time>2026-06-17T08:13:25Z</time>
   </trkpt>
   <trkpt lat="47.856499" lon="12.637389">
    <ele>576.988</ele>
    <time>2026-06-17T08:13:28Z</time>
   </trkpt>
   <trkpt lat="47.857008" lon="12.637200">
    <ele>578.268</ele>
    <time>2026-06-17T08:13:36Z</time>
   </trkpt>
   <trkpt lat="47.857533" lon="12.636964">
    <ele>576.913</ele>
    <time>2026-06-17T08:13:45Z</time>
   </trkpt>
   <trkpt lat="47.857817" lon="12.636779">
    <ele>575.587</ele>
    <time>2026-06-17T08:13:51Z</time>
   </trkpt>
   <trkpt lat="47.858039" lon="12.636611">
    <ele>574.208</ele>
    <time>2026-06-17T08:13:55Z</time>
   </trkpt>
   <trkpt lat="47.858221" lon="12.636528">
    <ele>574.188</ele>
    <time>2026-06-17T08:13:58Z</time>
   </trkpt>
   <trkpt lat="47.858920" lon="12.636223">
    <ele>575.277</ele>
    <time>2026-06-17T08:14:09Z</time>
   </trkpt>
   <trkpt lat="47.859267" lon="12.636208">
    <ele>575.601</ele>
    <time>2026-06-17T08:14:14Z</time>
   </trkpt>
   <trkpt lat="47.859659" lon="12.636474">
    <ele>575.428</ele>
    <time>2026-06-17T08:14:20Z</time>
   </trkpt>
   <trkpt lat="47.860206" lon="12.637171">
    <ele>571.791</ele>
    <time>2026-06-17T08:14:33Z</time>
   </trkpt>
   <trkpt lat="47.860655" lon="12.637975">
    <ele>568.113</ele>
    <time>2026-06-17T08:14:46Z</time>
   </trkpt>
   <trkpt lat="47.860916" lon="12.638425">
    <ele>567.405</ele>
    <time>2026-06-17T08:14:54Z</time>
   </trkpt>
   <trkpt lat="47.861104" lon="12.638896">
    <ele>567.988</ele>
    <time>2026-06-17T08:15:00Z</time>
   </trkpt>
   <trkpt lat="47.861136" lon="12.638975">
    <ele>567.807</ele>
    <time>2026-06-17T08:15:01Z</time>
   </trkpt>
   <trkpt lat="47.861546" lon="12.639578">
    <ele>569.403</ele>
    <time>2026-06-17T08:15:06Z</time>
   </trkpt>
   <trkpt lat="47.861779" lon="12.639820">
    <ele>571.711</ele>
    <time>2026-06-17T08:15:11Z</time>
   </trkpt>
   <trkpt lat="47.861972" lon="12.640374">
    <ele>571.387</ele>
    <time>2026-06-17T08:15:19Z</time>
   </trkpt>
   <trkpt lat="47.862277" lon="12.641213">
    <ele>572.130</ele>
    <time>2026-06-17T08:15:29Z</time>
   </trkpt>
   <trkpt lat="47.862889" lon="12.642563">
    <ele>576.700</ele>
    <time>2026-06-17T08:15:46Z</time>
   </trkpt>
   <trkpt lat="47.862906" lon="12.642819">
    <ele>577.338</ele>
    <time>2026-06-17T08:15:50Z</time>
   </trkpt>
   <trkpt lat="47.863184" lon="12.643548">
    <ele>574.018</ele>
    <time>2026-06-17T08:16:01Z</time>
   </trkpt>
   <trkpt lat="47.863243" lon="12.643680">
    <ele>573.356</ele>
    <time>2026-06-17T08:16:03Z</time>
   </trkpt>
   <trkpt lat="47.863619" lon="12.644681">
    <ele>569.457</ele>
    <time>2026-06-17T08:16:17Z</time>
   </trkpt>
   <trkpt lat="47.863795" lon="12.645122">
    <ele>569.625</ele>
    <time>2026-06-17T08:16:23Z</time>
   </trkpt>
   <trkpt lat="47.864590" lon="12.646730">
    <ele>568.704</ele>
    <time>2026-06-17T08:16:45Z</time>
   </trkpt>
   <trkpt lat="47.864788" lon="12.647155">
    <ele>568.257</ele>
    <time>2026-06-17T08:16:51Z</time>
   </trkpt>
   <trkpt lat="47.864886" lon="12.647310">
    <ele>566.378</ele>
    <time>2026-06-17T08:16:53Z</time>
   </trkpt>
   <trkpt lat="47.865027" lon="12.647841">
    <ele>567.482</ele>
    <time>2026-06-17T08:17:01Z</time>
   </trkpt>
   <trkpt lat="47.865038" lon="12.648032">
    <ele>566.906</ele>
    <time>2026-06-17T08:17:04Z</time>
   </trkpt>
   <trkpt lat="47.865117" lon="12.648565">
    <ele>567.378</ele>
    <time>2026-06-17T08:17:11Z</time>
   </trkpt>
   <trkpt lat="47.865124" lon="12.648880">
    <ele>569.145</ele>
    <time>2026-06-17T08:17:15Z</time>
   </trkpt>
   <trkpt lat="47.865134" lon="12.649136">
    <ele>568.977</ele>
    <time>2026-06-17T08:17:19Z</time>
   </trkpt>
   <trkpt lat="47.865097" lon="12.649428">
    <ele>568.343</ele>
    <time>2026-06-17T08:17:23Z</time>
   </trkpt>
   <trkpt lat="47.865094" lon="12.649890">
    <ele>568.266</ele>
    <time>2026-06-17T08:17:29Z</time>
   </trkpt>
   <trkpt lat="47.865175" lon="12.650050">
    <ele>569.588</ele>
    <time>2026-06-17T08:17:34Z</time>
   </trkpt>
   <trkpt lat="47.865267" lon="12.650591">
    <ele>570.255</ele>
    <time>2026-06-17T08:17:45Z</time>
   </trkpt>
   <trkpt lat="47.865364" lon="12.650915">
    <ele>570.874</ele>
    <time>2026-06-17T08:17:51Z</time>
   </trkpt>
   <trkpt lat="47.865638" lon="12.651219">
    <ele>575.602</ele>
    <time>2026-06-17T08:18:00Z</time>
   </trkpt>
   <trkpt lat="47.866341" lon="12.651536">
    <ele>574.657</ele>
    <time>2026-06-17T08:18:14Z</time>
   </trkpt>
   <trkpt lat="47.866947" lon="12.651981">
    <ele>573.192</ele>
    <time>2026-06-17T08:18:28Z</time>
   </trkpt>
   <trkpt lat="47.867485" lon="12.652398">
    <ele>570.276</ele>
    <time>2026-06-17T08:18:39Z</time>
   </trkpt>
   <trkpt lat="47.867724" lon="12.652606">
    <ele>569.295</ele>
    <time>2026-06-17T08:18:44Z</time>
   </trkpt>
   <trkpt lat="47.867906" lon="12.652651">
    <ele>570.470</ele>
    <time>2026-06-17T08:18:48Z</time>
   </trkpt>
   <trkpt lat="47.867981" lon="12.652578">
    <ele>570.790</ele>
    <time>2026-06-17T08:18:50Z</time>
   </trkpt>
   <trkpt lat="47.868252" lon="12.652880">
    <ele>572.816</ele>
    <time>2026-06-17T08:18:57Z</time>
   </trkpt>
   <trkpt lat="47.868388" lon="12.653088">
    <ele>572.578</ele>
    <time>2026-06-17T08:19:01Z</time>
   </trkpt>
   <trkpt lat="47.868988" lon="12.653530">
    <ele>573.108</ele>
    <time>2026-06-17T08:19:13Z</time>
   </trkpt>
   <trkpt lat="47.869416" lon="12.653766">
    <ele>571.450</ele>
    <time>2026-06-17T08:19:23Z</time>
   </trkpt>
   <trkpt lat="47.869865" lon="12.654079">
    <ele>571.140</ele>
    <time>2026-06-17T08:19:33Z</time>
   </trkpt>
   <trkpt lat="47.870247" lon="12.654535">
    <ele>572.577</ele>
    <time>2026-06-17T08:19:45Z</time>
   </trkpt>
   <trkpt lat="47.870349" lon="12.654542">
    <ele>572.650</ele>
    <time>2026-06-17T08:19:51Z</time>
   </trkpt>
   <trkpt lat="47.870703" lon="12.654795">
    <ele>570.482</ele>
    <time>2026-06-17T08:20:03Z</time>
   </trkpt>
   <trkpt lat="47.870784" lon="12.654828">
    <ele>571.114</ele>
    <time>2026-06-17T08:20:05Z</time>
   </trkpt>
   <trkpt lat="47.871100" lon="12.654828">
    <ele>570.662</ele>
    <time>2026-06-17T08:20:12Z</time>
   </trkpt>
   <trkpt lat="47.871287" lon="12.654902">
    <ele>568.721</ele>
    <time>2026-06-17T08:20:16Z</time>
   </trkpt>
   <trkpt lat="47.871586" lon="12.654797">
    <ele>568.680</ele>
    <time>2026-06-17T08:20:22Z</time>
   </trkpt>
   <trkpt lat="47.871742" lon="12.654573">
    <ele>568.673</ele>
    <time>2026-06-17T08:20:26Z</time>
   </trkpt>
   <trkpt lat="47.871806" lon="12.654431">
    <ele>568.665</ele>
    <time>2026-06-17T08:20:28Z</time>
   </trkpt>
   <trkpt lat="47.872008" lon="12.654294">
    <ele>569.902</ele>
    <time>2026-06-17T08:20:32Z</time>
   </trkpt>
   <trkpt lat="47.872181" lon="12.654112">
    <ele>570.249</ele>
    <time>2026-06-17T08:20:36Z</time>
   </trkpt>
   <trkpt lat="47.872593" lon="12.653180">
    <ele>569.313</ele>
    <time>2026-06-17T08:20:50Z</time>
   </trkpt>
   <trkpt lat="47.872679" lon="12.652889">
    <ele>569.382</ele>
    <time>2026-06-17T08:20:58Z</time>
   </trkpt>
   <trkpt lat="47.872683" lon="12.652856">
    <ele>570.507</ele>
    <time>2026-06-17T08:21:07Z</time>
   </trkpt>
   <trkpt lat="47.872696" lon="12.652940">
    <ele>570.510</ele>
    <time>2026-06-17T08:21:12Z</time>
   </trkpt>
   <trkpt lat="47.872966" lon="12.653239">
    <ele>570.328</ele>
    <time>2026-06-17T08:21:23Z</time>
   </trkpt>
   <trkpt lat="47.873101" lon="12.653142">
    <ele>569.515</ele>
    <time>2026-06-17T08:21:28Z</time>
   </trkpt>
   <trkpt lat="47.873285" lon="12.652694">
    <ele>568.875</ele>
    <time>2026-06-17T08:21:39Z</time>
   </trkpt>
   <trkpt lat="47.873268" lon="12.652717">
    <ele>569.139</ele>
    <time>2026-06-17T08:21:45Z</time>
   </trkpt>
   <trkpt lat="47.873088" lon="12.653098">
    <ele>568.118</ele>
    <time>2026-06-17T08:21:57Z</time>
   </trkpt>
   <trkpt lat="47.873034" lon="12.653228">
    <ele>568.532</ele>
    <time>2026-06-17T08:22:01Z</time>
   </trkpt>
   <trkpt lat="47.873150" lon="12.653448">
    <ele>568.118</ele>
    <time>2026-06-17T08:22:06Z</time>
   </trkpt>
   <trkpt lat="47.873292" lon="12.653556">
    <ele>567.364</ele>
    <time>2026-06-17T08:22:09Z</time>
   </trkpt>
   <trkpt lat="47.873645" lon="12.653773">
    <ele>566.753</ele>
    <time>2026-06-17T08:22:17Z</time>
   </trkpt>
   <trkpt lat="47.873830" lon="12.653682">
    <ele>567.632</ele>
    <time>2026-06-17T08:22:23Z</time>
   </trkpt>
   <trkpt lat="47.874038" lon="12.652746">
    <ele>567.258</ele>
    <time>2026-06-17T08:22:39Z</time>
   </trkpt>
   <trkpt lat="47.874064" lon="12.652784">
    <ele>569.161</ele>
    <time>2026-06-17T08:22:46Z</time>
   </trkpt>
   <trkpt lat="47.874036" lon="12.653314">
    <ele>578.188</ele>
    <time>2026-06-17T08:23:09Z</time>
   </trkpt>
   <trkpt lat="47.874053" lon="12.653453">
    <ele>579.088</ele>
    <time>2026-06-17T08:23:15Z</time>
   </trkpt>
   <trkpt lat="47.874156" lon="12.653656">
    <ele>581.728</ele>
    <time>2026-06-17T08:23:28Z</time>
   </trkpt>
   <trkpt lat="47.874200" lon="12.653680">
    <ele>582.216</ele>
    <time>2026-06-17T08:23:31Z</time>
   </trkpt>
   <trkpt lat="47.874390" lon="12.653817">
    <ele>585.443</ele>
    <time>2026-06-17T08:23:47Z</time>
   </trkpt>
   <trkpt lat="47.874665" lon="12.654143">
    <ele>589.182</ele>
    <time>2026-06-17T08:24:07Z</time>
   </trkpt>
   <trkpt lat="47.874692" lon="12.654186">
    <ele>589.623</ele>
    <time>2026-06-17T08:24:09Z</time>
   </trkpt>
   <trkpt lat="47.874768" lon="12.654789">
    <ele>588.532</ele>
    <time>2026-06-17T08:24:23Z</time>
   </trkpt>
   <trkpt lat="47.874885" lon="12.654927">
    <ele>589.043</ele>
    <time>2026-06-17T08:24:27Z</time>
   </trkpt>
   <trkpt lat="47.875174" lon="12.654820">
    <ele>592.251</ele>
    <time>2026-06-17T08:24:39Z</time>
   </trkpt>
   <trkpt lat="47.875501" lon="12.654755">
    <ele>595.129</ele>
    <time>2026-06-17T08:24:57Z</time>
   </trkpt>
   <trkpt lat="47.875941" lon="12.654925">
    <ele>599.605</ele>
    <time>2026-06-17T08:25:20Z</time>
   </trkpt>
   <trkpt lat="47.876320" lon="12.655017">
    <ele>600.285</ele>
    <time>2026-06-17T08:25:37Z</time>
   </trkpt>
   <trkpt lat="47.876929" lon="12.655098">
    <ele>600.275</ele>
    <time>2026-06-17T08:25:59Z</time>
   </trkpt>
   <trkpt lat="47.877241" lon="12.655451">
    <ele>598.823</ele>
    <time>2026-06-17T08:26:09Z</time>
   </trkpt>
   <trkpt lat="47.877364" lon="12.655664">
    <ele>598.964</ele>
    <time>2026-06-17T08:26:13Z</time>
   </trkpt>
   <trkpt lat="47.877353" lon="12.656108">
    <ele>599.948</ele>
    <time>2026-06-17T08:26:20Z</time>
   </trkpt>
   <trkpt lat="47.876901" lon="12.657414">
    <ele>604.697</ele>
    <time>2026-06-17T08:26:45Z</time>
   </trkpt>
   <trkpt lat="47.876779" lon="12.658645">
    <ele>609.329</ele>
    <time>2026-06-17T08:27:06Z</time>
   </trkpt>
   <trkpt lat="47.876768" lon="12.659425">
    <ele>613.379</ele>
    <time>2026-06-17T08:27:24Z</time>
   </trkpt>
   <trkpt lat="47.876838" lon="12.660215">
    <ele>615.284</ele>
    <time>2026-06-17T08:27:43Z</time>
   </trkpt>
   <trkpt lat="47.876955" lon="12.661324">
    <ele>611.801</ele>
    <time>2026-06-17T08:27:58Z</time>
   </trkpt>
   <trkpt lat="47.876961" lon="12.661424">
    <ele>611.553</ele>
    <time>2026-06-17T08:27:59Z</time>
   </trkpt>
   <trkpt lat="47.876929" lon="12.662054">
    <ele>609.504</ele>
    <time>2026-06-17T08:28:05Z</time>
   </trkpt>
   <trkpt lat="47.876821" lon="12.662430">
    <ele>608.104</ele>
    <time>2026-06-17T08:28:10Z</time>
   </trkpt>
   <trkpt lat="47.876720" lon="12.663775">
    <ele>603.237</ele>
    <time>2026-06-17T08:28:22Z</time>
   </trkpt>
   <trkpt lat="47.876797" lon="12.664270">
    <ele>601.475</ele>
    <time>2026-06-17T08:28:26Z</time>
   </trkpt>
   <trkpt lat="47.876679" lon="12.664718">
    <ele>601.301</ele>
    <time>2026-06-17T08:28:31Z</time>
   </trkpt>
   <trkpt lat="47.876670" lon="12.664931">
    <ele>602.142</ele>
    <time>2026-06-17T08:28:37Z</time>
   </trkpt>
   <trkpt lat="47.877268" lon="12.665546">
    <ele>602.594</ele>
    <time>2026-06-17T08:28:53Z</time>
   </trkpt>
   <trkpt lat="47.877311" lon="12.665591">
    <ele>602.640</ele>
    <time>2026-06-17T08:28:54Z</time>
   </trkpt>
   <trkpt lat="47.877331" lon="12.665958">
    <ele>603.825</ele>
    <time>2026-06-17T08:29:00Z</time>
   </trkpt>
   <trkpt lat="47.877217" lon="12.666274">
    <ele>608.045</ele>
    <time>2026-06-17T08:29:05Z</time>
   </trkpt>
   <trkpt lat="47.877173" lon="12.666406">
    <ele>607.348</ele>
    <time>2026-06-17T08:29:07Z</time>
   </trkpt>
   <trkpt lat="47.877151" lon="12.666561">
    <ele>606.208</ele>
    <time>2026-06-17T08:29:09Z</time>
   </trkpt>
   <trkpt lat="47.877012" lon="12.668214">
    <ele>608.092</ele>
    <time>2026-06-17T08:29:30Z</time>
   </trkpt>
   <trkpt lat="47.876957" lon="12.670404">
    <ele>613.069</ele>
    <time>2026-06-17T08:29:54Z</time>
   </trkpt>
   <trkpt lat="47.876885" lon="12.672522">
    <ele>621.152</ele>
    <time>2026-06-17T08:30:17Z</time>
   </trkpt>
   <trkpt lat="47.876856" lon="12.673020">
    <ele>623.300</ele>
    <time>2026-06-17T08:30:22Z</time>
   </trkpt>
   <trkpt lat="47.876609" lon="12.673250">
    <ele>619.375</ele>
    <time>2026-06-17T08:30:28Z</time>
   </trkpt>
   <trkpt lat="47.876283" lon="12.673306">
    <ele>609.206</ele>
    <time>2026-06-17T08:30:34Z</time>
   </trkpt>
   <trkpt lat="47.876025" lon="12.673348">
    <ele>606.787</ele>
    <time>2026-06-17T08:30:38Z</time>
   </trkpt>
   <trkpt lat="47.875951" lon="12.673691">
    <ele>604.930</ele>
    <time>2026-06-17T08:30:42Z</time>
   </trkpt>
   <trkpt lat="47.875962" lon="12.675157">
    <ele>605.122</ele>
    <time>2026-06-17T08:31:00Z</time>
   </trkpt>
   <trkpt lat="47.875969" lon="12.675692">
    <ele>608.260</ele>
    <time>2026-06-17T08:31:14Z</time>
   </trkpt>
   <trkpt lat="47.875976" lon="12.675801">
    <ele>608.206</ele>
    <time>2026-06-17T08:31:16Z</time>
   </trkpt>
   <trkpt lat="47.876008" lon="12.676986">
    <ele>607.473</ele>
    <time>2026-06-17T08:31:31Z</time>
   </trkpt>
   <trkpt lat="47.875991" lon="12.678137">
    <ele>612.251</ele>
    <time>2026-06-17T08:31:47Z</time>
   </trkpt>
   <trkpt lat="47.875663" lon="12.678810">
    <ele>612.228</ele>
    <time>2026-06-17T08:32:00Z</time>
   </trkpt>
   <trkpt lat="47.875352" lon="12.679104">
    <ele>612.278</ele>
    <time>2026-06-17T08:32:07Z</time>
   </trkpt>
   <trkpt lat="47.874824" lon="12.679471">
    <ele>614.916</ele>
    <time>2026-06-17T08:32:22Z</time>
   </trkpt>
   <trkpt lat="47.874515" lon="12.679913">
    <ele>615.671</ele>
    <time>2026-06-17T08:32:32Z</time>
   </trkpt>
   <trkpt lat="47.874369" lon="12.680059">
    <ele>615.519</ele>
    <time>2026-06-17T08:32:36Z</time>
   </trkpt>
   <trkpt lat="47.873688" lon="12.680595">
    <ele>618.103</ele>
    <time>2026-06-17T08:32:54Z</time>
   </trkpt>
   <trkpt lat="47.873528" lon="12.681044">
    <ele>621.146</ele>
    <time>2026-06-17T08:33:09Z</time>
   </trkpt>
   <trkpt lat="47.873314" lon="12.682010">
    <ele>627.499</ele>
    <time>2026-06-17T08:33:36Z</time>
   </trkpt>
   <trkpt lat="47.873139" lon="12.682576">
    <ele>628.386</ele>
    <time>2026-06-17T08:33:52Z</time>
   </trkpt>
   <trkpt lat="47.873204" lon="12.683345">
    <ele>627.160</ele>
    <time>2026-06-17T08:34:09Z</time>
   </trkpt>
   <trkpt lat="47.873369" lon="12.684336">
    <ele>623.742</ele>
    <time>2026-06-17T08:34:23Z</time>
   </trkpt>
   <trkpt lat="47.873661" lon="12.686011">
    <ele>618.474</ele>
    <time>2026-06-17T08:34:37Z</time>
   </trkpt>
   <trkpt lat="47.873767" lon="12.686614">
    <ele>618.507</ele>
    <time>2026-06-17T08:34:42Z</time>
   </trkpt>
   <trkpt lat="47.873995" lon="12.686976">
    <ele>619.488</ele>
    <time>2026-06-17T08:34:47Z</time>
   </trkpt>
   <trkpt lat="47.874192" lon="12.687352">
    <ele>620.935</ele>
    <time>2026-06-17T08:34:53Z</time>
   </trkpt>
   <trkpt lat="47.874238" lon="12.687972">
    <ele>624.116</ele>
    <time>2026-06-17T08:35:08Z</time>
   </trkpt>
   <trkpt lat="47.874024" lon="12.688708">
    <ele>628.226</ele>
    <time>2026-06-17T08:35:29Z</time>
   </trkpt>
   <trkpt lat="47.873826" lon="12.689632">
    <ele>630.189</ele>
    <time>2026-06-17T08:35:52Z</time>
   </trkpt>
   <trkpt lat="47.873895" lon="12.690156">
    <ele>629.431</ele>
    <time>2026-06-17T08:36:01Z</time>
   </trkpt>
   <trkpt lat="47.874045" lon="12.690430">
    <ele>628.359</ele>
    <time>2026-06-17T08:36:06Z</time>
   </trkpt>
   <trkpt lat="47.874372" lon="12.690608">
    <ele>626.596</ele>
    <time>2026-06-17T08:36:12Z</time>
   </trkpt>
   <trkpt lat="47.874543" lon="12.691087">
    <ele>625.477</ele>
    <time>2026-06-17T08:36:19Z</time>
   </trkpt>
   <trkpt lat="47.874658" lon="12.692866">
    <ele>624.695</ele>
    <time>2026-06-17T08:36:37Z</time>
   </trkpt>
   <trkpt lat="47.874722" lon="12.693276">
    <ele>625.114</ele>
    <time>2026-06-17T08:36:41Z</time>
   </trkpt>
   <trkpt lat="47.874856" lon="12.694802">
    <ele>622.014</ele>
    <time>2026-06-17T08:36:56Z</time>
   </trkpt>
   <trkpt lat="47.874863" lon="12.694923">
    <ele>621.444</ele>
    <time>2026-06-17T08:36:57Z</time>
   </trkpt>
   <trkpt lat="47.874826" lon="12.695413">
    <ele>621.228</ele>
    <time>2026-06-17T08:37:01Z</time>
   </trkpt>
   <trkpt lat="47.874719" lon="12.695840">
    <ele>621.648</ele>
    <time>2026-06-17T08:37:05Z</time>
   </trkpt>
   <trkpt lat="47.874734" lon="12.696538">
    <ele>621.531</ele>
    <time>2026-06-17T08:37:12Z</time>
   </trkpt>
   <trkpt lat="47.874751" lon="12.697230">
    <ele>615.186</ele>
    <time>2026-06-17T08:37:19Z</time>
   </trkpt>
   <trkpt lat="47.874805" lon="12.697583">
    <ele>614.242</ele>
    <time>2026-06-17T08:37:22Z</time>
   </trkpt>
   <trkpt lat="47.875157" lon="12.699139">
    <ele>608.373</ele>
    <time>2026-06-17T08:37:34Z</time>
   </trkpt>
   <trkpt lat="47.875262" lon="12.699764">
    <ele>606.828</ele>
    <time>2026-06-17T08:37:38Z</time>
   </trkpt>
   <trkpt lat="47.875253" lon="12.700348">
    <ele>606.008</ele>
    <time>2026-06-17T08:37:42Z</time>
   </trkpt>
   <trkpt lat="47.875115" lon="12.700837">
    <ele>605.580</ele>
    <time>2026-06-17T08:37:46Z</time>
   </trkpt>
   <trkpt lat="47.874824" lon="12.701951">
    <ele>607.569</ele>
    <time>2026-06-17T08:37:57Z</time>
   </trkpt>
   <trkpt lat="47.874344" lon="12.703849">
    <ele>607.813</ele>
    <time>2026-06-17T08:38:18Z</time>
   </trkpt>
   <trkpt lat="47.874320" lon="12.703960">
    <ele>607.559</ele>
    <time>2026-06-17T08:38:19Z</time>
   </trkpt>
   <trkpt lat="47.874161" lon="12.704505">
    <ele>607.790</ele>
    <time>2026-06-17T08:38:24Z</time>
   </trkpt>
   <trkpt lat="47.873970" lon="12.704847">
    <ele>610.516</ele>
    <time>2026-06-17T08:38:29Z</time>
   </trkpt>
   <trkpt lat="47.873880" lon="12.705185">
    <ele>612.523</ele>
    <time>2026-06-17T08:38:38Z</time>
   </trkpt>
   <trkpt lat="47.873955" lon="12.705257">
    <ele>612.587</ele>
    <time>2026-06-17T08:38:42Z</time>
   </trkpt>
   <trkpt lat="47.874286" lon="12.705417">
    <ele>613.282</ele>
    <time>2026-06-17T08:38:56Z</time>
   </trkpt>
   <trkpt lat="47.874292" lon="12.705893">
    <ele>613.701</ele>
    <time>2026-06-17T08:39:04Z</time>
   </trkpt>
   <trkpt lat="47.874262" lon="12.707253">
    <ele>613.531</ele>
    <time>2026-06-17T08:39:22Z</time>
   </trkpt>
   <trkpt lat="47.874402" lon="12.708929">
    <ele>609.208</ele>
    <time>2026-06-17T08:39:39Z</time>
   </trkpt>
   <trkpt lat="47.874441" lon="12.709557">
    <ele>606.755</ele>
    <time>2026-06-17T08:39:44Z</time>
   </trkpt>
   <trkpt lat="47.874267" lon="12.710325">
    <ele>606.012</ele>
    <time>2026-06-17T08:39:50Z</time>
   </trkpt>
   <trkpt lat="47.873841" lon="12.711216">
    <ele>609.918</ele>
    <time>2026-06-17T08:40:01Z</time>
   </trkpt>
   <trkpt lat="47.873702" lon="12.711905">
    <ele>611.139</ele>
    <time>2026-06-17T08:40:13Z</time>
   </trkpt>
   <trkpt lat="47.873664" lon="12.712300">
    <ele>609.665</ele>
    <time>2026-06-17T08:40:18Z</time>
   </trkpt>
   <trkpt lat="47.873663" lon="12.712756">
    <ele>609.133</ele>
    <time>2026-06-17T08:40:23Z</time>
   </trkpt>
   <trkpt lat="47.873676" lon="12.712933">
    <ele>609.070</ele>
    <time>2026-06-17T08:40:25Z</time>
   </trkpt>
   <trkpt lat="47.873693" lon="12.713107">
    <ele>608.822</ele>
    <time>2026-06-17T08:40:27Z</time>
   </trkpt>
   <trkpt lat="47.873510" lon="12.713367">
    <ele>609.839</ele>
    <time>2026-06-17T08:40:32Z</time>
   </trkpt>
   <trkpt lat="47.872890" lon="12.713528">
    <ele>610.247</ele>
    <time>2026-06-17T08:40:46Z</time>
   </trkpt>
   <trkpt lat="47.872732" lon="12.713967">
    <ele>607.535</ele>
    <time>2026-06-17T08:40:53Z</time>
   </trkpt>
   <trkpt lat="47.872816" lon="12.714126">
    <ele>606.328</ele>
    <time>2026-06-17T08:40:55Z</time>
   </trkpt>
   <trkpt lat="47.872975" lon="12.714397">
    <ele>604.153</ele>
    <time>2026-06-17T08:40:58Z</time>
   </trkpt>
   <trkpt lat="47.873123" lon="12.714919">
    <ele>600.781</ele>
    <time>2026-06-17T08:41:02Z</time>
   </trkpt>
   <trkpt lat="47.873150" lon="12.716730">
    <ele>590.845</ele>
    <time>2026-06-17T08:41:13Z</time>
   </trkpt>
   <trkpt lat="47.873128" lon="12.717052">
    <ele>589.927</ele>
    <time>2026-06-17T08:41:15Z</time>
   </trkpt>
   <trkpt lat="47.872932" lon="12.717724">
    <ele>588.942</ele>
    <time>2026-06-17T08:41:20Z</time>
   </trkpt>
   <trkpt lat="47.872814" lon="12.718609">
    <ele>593.564</ele>
    <time>2026-06-17T08:41:30Z</time>
   </trkpt>
   <trkpt lat="47.872775" lon="12.719206">
    <ele>596.553</ele>
    <time>2026-06-17T08:41:46Z</time>
   </trkpt>
   <trkpt lat="47.872804" lon="12.719823">
    <ele>599.639</ele>
    <time>2026-06-17T08:42:05Z</time>
   </trkpt>
  </trkseg>
 </trk>
 <trk>
  <name>ACTIVE LOG020905</name>
  <trkseg>
   <trkpt lat="47.872839" lon="12.719785">
    <ele>595.049</ele>
    <time>2026-06-17T09:09:05Z</time>
   </trkpt>
   <trkpt lat="47.872827" lon="12.719805">
    <ele>596.257</ele>
    <time>2026-06-17T09:09:17Z</time>
   </trkpt>
   <trkpt lat="47.872809" lon="12.719787">
    <ele>596.988</ele>
    <time>2026-06-17T09:09:24Z</time>
   </trkpt>
   <trkpt lat="47.872790" lon="12.719798">
    <ele>597.736</ele>
    <time>2026-06-17T09:09:26Z</time>
   </trkpt>
   <trkpt lat="47.872738" lon="12.719988">
    <ele>598.995</ele>
    <time>2026-06-17T09:09:33Z</time>
   </trkpt>
   <trkpt lat="47.872667" lon="12.720817">
    <ele>601.626</ele>
    <time>2026-06-17T09:09:57Z</time>
   </trkpt>
   <trkpt lat="47.872618" lon="12.721537">
    <ele>605.561</ele>
    <time>2026-06-17T09:10:20Z</time>
   </trkpt>
   <trkpt lat="47.872565" lon="12.722150">
    <ele>608.491</ele>
    <time>2026-06-17T09:10:41Z</time>
   </trkpt>
   <trkpt lat="47.872489" lon="12.722821">
    <ele>611.529</ele>
    <time>2026-06-17T09:11:02Z</time>
   </trkpt>
   <trkpt lat="47.872366" lon="12.723527">
    <ele>613.524</ele>
    <time>2026-06-17T09:11:20Z</time>
   </trkpt>
   <trkpt lat="47.872084" lon="12.724353">
    <ele>609.166</ele>
    <time>2026-06-17T09:11:33Z</time>
   </trkpt>
   <trkpt lat="47.871321" lon="12.725945">
    <ele>605.545</ele>
    <time>2026-06-17T09:11:49Z</time>
   </trkpt>
   <trkpt lat="47.870338" lon="12.727661">
    <ele>604.492</ele>
    <time>2026-06-17T09:12:10Z</time>
   </trkpt>
   <trkpt lat="47.869367" lon="12.729150">
    <ele>603.385</ele>
    <time>2026-06-17T09:12:31Z</time>
   </trkpt>
   <trkpt lat="47.868195" lon="12.731405">
    <ele>601.184</ele>
    <time>2026-06-17T09:13:00Z</time>
   </trkpt>
   <trkpt lat="47.867660" lon="12.733084">
    <ele>592.463</ele>
    <time>2026-06-17T09:13:15Z</time>
   </trkpt>
   <trkpt lat="47.867299" lon="12.735055">
    <ele>580.806</ele>
    <time>2026-06-17T09:13:26Z</time>
   </trkpt>
   <trkpt lat="47.867108" lon="12.737395">
    <ele>571.039</ele>
    <time>2026-06-17T09:13:38Z</time>
   </trkpt>
   <trkpt lat="47.867219" lon="12.738214">
    <ele>570.649</ele>
    <time>2026-06-17T09:13:43Z</time>
   </trkpt>
   <trkpt lat="47.867584" lon="12.739072">
    <ele>577.072</ele>
    <time>2026-06-17T09:13:52Z</time>
   </trkpt>
   <trkpt lat="47.867665" lon="12.739332">
    <ele>579.690</ele>
    <time>2026-06-17T09:14:02Z</time>
   </trkpt>
   <trkpt lat="47.867703" lon="12.739778">
    <ele>584.834</ele>
    <time>2026-06-17T09:14:21Z</time>
   </trkpt>
   <trkpt lat="47.867660" lon="12.740263">
    <ele>588.564</ele>
    <time>2026-06-17T09:14:42Z</time>
   </trkpt>
   <trkpt lat="47.867556" lon="12.740857">
    <ele>592.064</ele>
    <time>2026-06-17T09:15:07Z</time>
   </trkpt>
   <trkpt lat="47.867453" lon="12.741341">
    <ele>596.323</ele>
    <time>2026-06-17T09:15:29Z</time>
   </trkpt>
   <trkpt lat="47.867395" lon="12.741734">
    <ele>598.181</ele>
    <time>2026-06-17T09:15:44Z</time>
   </trkpt>
   <trkpt lat="47.867382" lon="12.742409">
    <ele>604.510</ele>
    <time>2026-06-17T09:16:09Z</time>
   </trkpt>
   <trkpt lat="47.867385" lon="12.742986">
    <ele>606.422</ele>
    <time>2026-06-17T09:16:26Z</time>
   </trkpt>
   <trkpt lat="47.867361" lon="12.743947">
    <ele>610.649</ele>
    <time>2026-06-17T09:16:52Z</time>
   </trkpt>
   <trkpt lat="47.867259" lon="12.744913">
    <ele>612.634</ele>
    <time>2026-06-17T09:17:15Z</time>
   </trkpt>
   <trkpt lat="47.867064" lon="12.746187">
    <ele>611.391</ele>
    <time>2026-06-17T09:17:33Z</time>
   </trkpt>
   <trkpt lat="47.866704" lon="12.748474">
    <ele>610.136</ele>
    <time>2026-06-17T09:17:57Z</time>
   </trkpt>
   <trkpt lat="47.866490" lon="12.751283">
    <ele>607.836</ele>
    <time>2026-06-17T09:18:24Z</time>
   </trkpt>
   <trkpt lat="47.866479" lon="12.754193">
    <ele>602.091</ele>
    <time>2026-06-17T09:18:47Z</time>
   </trkpt>
   <trkpt lat="47.866669" lon="12.756749">
    <ele>600.697</ele>
    <time>2026-06-17T09:19:08Z</time>
   </trkpt>
   <trkpt lat="47.867004" lon="12.759037">
    <ele>597.330</ele>
    <time>2026-06-17T09:19:29Z</time>
   </trkpt>
   <trkpt lat="47.867101" lon="12.761205">
    <ele>593.786</ele>
    <time>2026-06-17T09:19:47Z</time>
   </trkpt>
   <trkpt lat="47.867023" lon="12.763046">
    <ele>585.820</ele>
    <time>2026-06-17T09:19:59Z</time>
   </trkpt>
   <trkpt lat="47.867187" lon="12.765655">
    <ele>574.000</ele>
    <time>2026-06-17T09:20:12Z</time>
   </trkpt>
   <trkpt lat="47.867172" lon="12.766463">
    <ele>571.916</ele>
    <time>2026-06-17T09:20:16Z</time>
   </trkpt>
   <trkpt lat="47.866727" lon="12.767962">
    <ele>569.218</ele>
    <time>2026-06-17T09:20:25Z</time>
   </trkpt>
   <trkpt lat="47.866046" lon="12.769481">
    <ele>567.441</ele>
    <time>2026-06-17T09:20:37Z</time>
   </trkpt>
   <trkpt lat="47.865908" lon="12.770839">
    <ele>565.797</ele>
    <time>2026-06-17T09:20:48Z</time>
   </trkpt>
   <trkpt lat="47.866014" lon="12.772303">
    <ele>562.147</ele>
    <time>2026-06-17T09:20:59Z</time>
   </trkpt>
   <trkpt lat="47.866003" lon="12.773146">
    <ele>557.934</ele>
    <time>2026-06-17T09:21:04Z</time>
   </trkpt>
   <trkpt lat="47.865671" lon="12.773984">
    <ele>555.980</ele>
    <time>2026-06-17T09:21:09Z</time>
   </trkpt>
   <trkpt lat="47.865252" lon="12.774550">
    <ele>560.691</ele>
    <time>2026-06-17T09:21:15Z</time>
   </trkpt>
   <trkpt lat="47.865081" lon="12.774943">
    <ele>566.085</ele>
    <time>2026-06-17T09:21:24Z</time>
   </trkpt>
   <trkpt lat="47.864961" lon="12.775699">
    <ele>567.119</ele>
    <time>2026-06-17T09:21:41Z</time>
   </trkpt>
   <trkpt lat="47.864893" lon="12.776887">
    <ele>562.636</ele>
    <time>2026-06-17T09:21:56Z</time>
   </trkpt>
   <trkpt lat="47.864955" lon="12.778540">
    <ele>556.761</ele>
    <time>2026-06-17T09:22:09Z</time>
   </trkpt>
   <trkpt lat="47.864818" lon="12.780363">
    <ele>547.322</ele>
    <time>2026-06-17T09:22:20Z</time>
   </trkpt>
   <trkpt lat="47.864893" lon="12.782360">
    <ele>543.834</ele>
    <time>2026-06-17T09:22:32Z</time>
   </trkpt>
   <trkpt lat="47.865001" lon="12.784209">
    <ele>543.283</ele>
    <time>2026-06-17T09:22:46Z</time>
   </trkpt>
   <trkpt lat="47.864727" lon="12.785408">
    <ele>545.387</ele>
    <time>2026-06-17T09:22:58Z</time>
   </trkpt>
   <trkpt lat="47.864632" lon="12.785652">
    <ele>545.609</ele>
    <time>2026-06-17T09:23:01Z</time>
   </trkpt>
   <trkpt lat="47.864198" lon="12.786432">
    <ele>545.057</ele>
    <time>2026-06-17T09:23:12Z</time>
   </trkpt>
   <trkpt lat="47.863783" lon="12.787094">
    <ele>541.496</ele>
    <time>2026-06-17T09:23:21Z</time>
   </trkpt>
   <trkpt lat="47.863729" lon="12.787181">
    <ele>540.963</ele>
    <time>2026-06-17T09:23:22Z</time>
   </trkpt>
   <trkpt lat="47.863419" lon="12.787733">
    <ele>537.428</ele>
    <time>2026-06-17T09:23:28Z</time>
   </trkpt>
   <trkpt lat="47.863263" lon="12.788317">
    <ele>532.478</ele>
    <time>2026-06-17T09:23:36Z</time>
   </trkpt>
   <trkpt lat="47.862993" lon="12.789469">
    <ele>530.325</ele>
    <time>2026-06-17T09:23:44Z</time>
   </trkpt>
   <trkpt lat="47.862528" lon="12.792079">
    <ele>523.384</ele>
    <time>2026-06-17T09:24:05Z</time>
   </trkpt>
   <trkpt lat="47.862168" lon="12.792897">
    <ele>517.735</ele>
    <time>2026-06-17T09:24:11Z</time>
   </trkpt>
   <trkpt lat="47.861268" lon="12.793669">
    <ele>507.938</ele>
    <time>2026-06-17T09:24:19Z</time>
   </trkpt>
   <trkpt lat="47.860743" lon="12.793724">
    <ele>504.815</ele>
    <time>2026-06-17T09:24:23Z</time>
   </trkpt>
   <trkpt lat="47.860370" lon="12.793665">
    <ele>502.546</ele>
    <time>2026-06-17T09:24:26Z</time>
   </trkpt>
   <trkpt lat="47.859309" lon="12.793219">
    <ele>496.620</ele>
    <time>2026-06-17T09:24:35Z</time>
   </trkpt>
   <trkpt lat="47.858023" lon="12.792519">
    <ele>498.242</ele>
    <time>2026-06-17T09:24:48Z</time>
   </trkpt>
   <trkpt lat="47.857215" lon="12.791878">
    <ele>503.292</ele>
    <time>2026-06-17T09:25:00Z</time>
   </trkpt>
   <trkpt lat="47.856467" lon="12.790970">
    <ele>505.378</ele>
    <time>2026-06-17T09:25:18Z</time>
   </trkpt>
   <trkpt lat="47.855800" lon="12.789897">
    <ele>509.279</ele>
    <time>2026-06-17T09:25:41Z</time>
   </trkpt>
   <trkpt lat="47.855127" lon="12.789102">
    <ele>510.626</ele>
    <time>2026-06-17T09:26:03Z</time>
   </trkpt>
   <trkpt lat="47.854495" lon="12.788369">
    <ele>512.065</ele>
    <time>2026-06-17T09:26:22Z</time>
   </trkpt>
   <trkpt lat="47.854427" lon="12.788279">
    <ele>512.339</ele>
    <time>2026-06-17T09:26:24Z</time>
   </trkpt>
   <trkpt lat="47.854086" lon="12.787925">
    <ele>512.888</ele>
    <time>2026-06-17T09:26:34Z</time>
   </trkpt>
   <trkpt lat="47.853377" lon="12.786876">
    <ele>513.722</ele>
    <time>2026-06-17T09:26:57Z</time>
   </trkpt>
   <trkpt lat="47.853170" lon="12.786660">
    <ele>513.540</ele>
    <time>2026-06-17T09:27:08Z</time>
   </trkpt>
   <trkpt lat="47.853049" lon="12.786589">
    <ele>513.733</ele>
    <time>2026-06-17T09:27:13Z</time>
   </trkpt>
   <trkpt lat="47.853024" lon="12.786605">
    <ele>513.748</ele>
    <time>2026-06-17T09:27:33Z</time>
   </trkpt>
   <trkpt lat="47.853027" lon="12.786623">
    <ele>513.901</ele>
    <time>2026-06-17T09:27:47Z</time>
   </trkpt>
   <trkpt lat="47.852976" lon="12.787197">
    <ele>512.385</ele>
    <time>2026-06-17T09:27:58Z</time>
   </trkpt>
   <trkpt lat="47.852907" lon="12.787924">
    <ele>510.489</ele>
    <time>2026-06-17T09:28:06Z</time>
   </trkpt>
   <trkpt lat="47.852868" lon="12.788182">
    <ele>510.115</ele>
    <time>2026-06-17T09:28:09Z</time>
   </trkpt>
   <trkpt lat="47.852551" lon="12.789981">
    <ele>507.231</ele>
    <time>2026-06-17T09:28:29Z</time>
   </trkpt>
   <trkpt lat="47.852536" lon="12.790076">
    <ele>507.274</ele>
    <time>2026-06-17T09:28:30Z</time>
   </trkpt>
   <trkpt lat="47.852498" lon="12.790360">
    <ele>506.856</ele>
    <time>2026-06-17T09:28:33Z</time>
   </trkpt>
   <trkpt lat="47.852398" lon="12.790729">
    <ele>506.557</ele>
    <time>2026-06-17T09:28:37Z</time>
   </trkpt>
   <trkpt lat="47.852203" lon="12.792356">
    <ele>504.288</ele>
    <time>2026-06-17T09:28:53Z</time>
   </trkpt>
   <trkpt lat="47.852168" lon="12.792982">
    <ele>503.582</ele>
    <time>2026-06-17T09:28:59Z</time>
   </trkpt>
   <trkpt lat="47.852134" lon="12.793276">
    <ele>503.843</ele>
    <time>2026-06-17T09:29:02Z</time>
   </trkpt>
   <trkpt lat="47.852094" lon="12.793683">
    <ele>503.286</ele>
    <time>2026-06-17T09:29:06Z</time>
   </trkpt>
   <trkpt lat="47.852125" lon="12.794740">
    <ele>500.343</ele>
    <time>2026-06-17T09:29:15Z</time>
   </trkpt>
   <trkpt lat="47.851941" lon="12.796744">
    <ele>498.095</ele>
    <time>2026-06-17T09:29:32Z</time>
   </trkpt>
   <trkpt lat="47.851693" lon="12.798638">
    <ele>495.770</ele>
    <time>2026-06-17T09:29:48Z</time>
   </trkpt>
   <trkpt lat="47.851644" lon="12.799101">
    <ele>495.210</ele>
    <time>2026-06-17T09:29:52Z</time>
   </trkpt>
   <trkpt lat="47.851210" lon="12.801409">
    <ele>492.994</ele>
    <time>2026-06-17T09:30:14Z</time>
   </trkpt>
   <trkpt lat="47.850840" lon="12.803302">
    <ele>490.078</ele>
    <time>2026-06-17T09:30:31Z</time>
   </trkpt>
   <trkpt lat="47.850251" lon="12.805297">
    <ele>490.390</ele>
    <time>2026-06-17T09:30:50Z</time>
   </trkpt>
   <trkpt lat="47.850122" lon="12.805839">
    <ele>490.078</ele>
    <time>2026-06-17T09:30:55Z</time>
   </trkpt>
   <trkpt lat="47.849645" lon="12.807171">
    <ele>489.732</ele>
    <time>2026-06-17T09:31:08Z</time>
   </trkpt>
   <trkpt lat="47.849457" lon="12.807467">
    <ele>487.876</ele>
    <time>2026-06-17T09:31:12Z</time>
   </trkpt>
   <trkpt lat="47.849511" lon="12.807731">
    <ele>485.489</ele>
    <time>2026-06-17T09:31:16Z</time>
   </trkpt>
   <trkpt lat="47.849833" lon="12.808180">
    <ele>487.224</ele>
    <time>2026-06-17T09:31:27Z</time>
   </trkpt>
   <trkpt lat="47.849926" lon="12.808364">
    <ele>488.061</ele>
    <time>2026-06-17T09:31:31Z</time>
   </trkpt>
   <trkpt lat="47.849914" lon="12.809389">
    <ele>489.096</ele>
    <time>2026-06-17T09:31:44Z</time>
   </trkpt>
   <trkpt lat="47.849853" lon="12.811633">
    <ele>489.349</ele>
    <time>2026-06-17T09:32:08Z</time>
   </trkpt>
   <trkpt lat="47.849836" lon="12.812112">
    <ele>491.328</ele>
    <time>2026-06-17T09:32:14Z</time>
   </trkpt>
   <trkpt lat="47.849708" lon="12.812363">
    <ele>491.364</ele>
    <time>2026-06-17T09:32:19Z</time>
   </trkpt>
   <trkpt lat="47.849702" lon="12.812635">
    <ele>491.553</ele>
    <time>2026-06-17T09:32:23Z</time>
   </trkpt>
   <trkpt lat="47.849741" lon="12.812784">
    <ele>491.392</ele>
    <time>2026-06-17T09:32:25Z</time>
   </trkpt>
   <trkpt lat="47.849728" lon="12.814576">
    <ele>491.498</ele>
    <time>2026-06-17T09:32:45Z</time>
   </trkpt>
   <trkpt lat="47.849756" lon="12.815637">
    <ele>492.562</ele>
    <time>2026-06-17T09:33:00Z</time>
   </trkpt>
   <trkpt lat="47.849770" lon="12.815922">
    <ele>492.357</ele>
    <time>2026-06-17T09:33:04Z</time>
   </trkpt>
   <trkpt lat="47.849786" lon="12.817480">
    <ele>495.231</ele>
    <time>2026-06-17T09:33:21Z</time>
   </trkpt>
   <trkpt lat="47.849793" lon="12.818513">
    <ele>496.943</ele>
    <time>2026-06-17T09:33:32Z</time>
   </trkpt>
   <trkpt lat="47.849789" lon="12.819035">
    <ele>500.495</ele>
    <time>2026-06-17T09:33:38Z</time>
   </trkpt>
   <trkpt lat="47.849822" lon="12.820704">
    <ele>500.561</ele>
    <time>2026-06-17T09:34:00Z</time>
   </trkpt>
   <trkpt lat="47.849816" lon="12.820773">
    <ele>500.778</ele>
    <time>2026-06-17T09:34:01Z</time>
   </trkpt>
   <trkpt lat="47.849716" lon="12.820921">
    <ele>501.648</ele>
    <time>2026-06-17T09:34:05Z</time>
   </trkpt>
   <trkpt lat="47.849412" lon="12.820929">
    <ele>503.395</ele>
    <time>2026-06-17T09:34:15Z</time>
   </trkpt>
   <trkpt lat="47.849195" lon="12.821489">
    <ele>504.214</ele>
    <time>2026-06-17T09:34:27Z</time>
   </trkpt>
   <trkpt lat="47.849103" lon="12.822155">
    <ele>504.423</ele>
    <time>2026-06-17T09:34:39Z</time>
   </trkpt>
   <trkpt lat="47.849107" lon="12.823732">
    <ele>503.463</ele>
    <time>2026-06-17T09:35:01Z</time>
   </trkpt>
   <trkpt lat="47.849138" lon="12.823945">
    <ele>502.583</ele>
    <time>2026-06-17T09:35:04Z</time>
   </trkpt>
   <trkpt lat="47.848991" lon="12.824199">
    <ele>501.127</ele>
    <time>2026-06-17T09:35:08Z</time>
   </trkpt>
   <trkpt lat="47.848270" lon="12.824557">
    <ele>500.020</ele>
    <time>2026-06-17T09:35:20Z</time>
   </trkpt>
   <trkpt lat="47.847387" lon="12.825322">
    <ele>499.145</ele>
    <time>2026-06-17T09:35:37Z</time>
   </trkpt>
   <trkpt lat="47.847039" lon="12.825584">
    <ele>499.074</ele>
    <time>2026-06-17T09:35:44Z</time>
   </trkpt>
   <trkpt lat="47.846536" lon="12.825716">
    <ele>497.598</ele>
    <time>2026-06-17T09:35:52Z</time>
   </trkpt>
   <trkpt lat="47.846139" lon="12.826104">
    <ele>497.403</ele>
    <time>2026-06-17T09:35:59Z</time>
   </trkpt>
   <trkpt lat="47.845977" lon="12.826464">
    <ele>497.950</ele>
    <time>2026-06-17T09:36:04Z</time>
   </trkpt>
   <trkpt lat="47.845485" lon="12.826861">
    <ele>500.428</ele>
    <time>2026-06-17T09:36:18Z</time>
   </trkpt>
   <trkpt lat="47.844855" lon="12.826937">
    <ele>498.906</ele>
    <time>2026-06-17T09:36:31Z</time>
   </trkpt>
   <trkpt lat="47.844143" lon="12.827274">
    <ele>497.772</ele>
    <time>2026-06-17T09:36:42Z</time>
   </trkpt>
   <trkpt lat="47.843736" lon="12.827316">
    <ele>498.426</ele>
    <time>2026-06-17T09:36:49Z</time>
   </trkpt>
   <trkpt lat="47.843318" lon="12.827111">
    <ele>497.825</ele>
    <time>2026-06-17T09:36:56Z</time>
   </trkpt>
   <trkpt lat="47.842435" lon="12.826512">
    <ele>498.155</ele>
    <time>2026-06-17T09:37:09Z</time>
   </trkpt>
   <trkpt lat="47.841629" lon="12.826409">
    <ele>499.858</ele>
    <time>2026-06-17T09:37:22Z</time>
   </trkpt>
   <trkpt lat="47.841510" lon="12.826413">
    <ele>499.960</ele>
    <time>2026-06-17T09:37:24Z</time>
   </trkpt>
   <trkpt lat="47.841171" lon="12.826703">
    <ele>499.497</ele>
    <time>2026-06-17T09:37:32Z</time>
   </trkpt>
   <trkpt lat="47.841115" lon="12.826849">
    <ele>501.249</ele>
    <time>2026-06-17T09:37:36Z</time>
   </trkpt>
   <trkpt lat="47.840826" lon="12.827049">
    <ele>504.314</ele>
    <time>2026-06-17T09:37:47Z</time>
   </trkpt>
   <trkpt lat="47.840530" lon="12.827164">
    <ele>506.275</ele>
    <time>2026-06-17T09:38:00Z</time>
   </trkpt>
   <trkpt lat="47.840410" lon="12.827199">
    <ele>508.178</ele>
    <time>2026-06-17T09:38:06Z</time>
   </trkpt>
   <trkpt lat="47.840035" lon="12.827212">
    <ele>506.580</ele>
    <time>2026-06-17T09:38:17Z</time>
   </trkpt>
   <trkpt lat="47.839766" lon="12.827374">
    <ele>503.609</ele>
    <time>2026-06-17T09:38:22Z</time>
   </trkpt>
   <trkpt lat="47.839553" lon="12.827613">
    <ele>501.653</ele>
    <time>2026-06-17T09:38:25Z</time>
   </trkpt>
   <trkpt lat="47.839186" lon="12.827513">
    <ele>498.155</ele>
    <time>2026-06-17T09:38:31Z</time>
   </trkpt>
   <trkpt lat="47.838727" lon="12.827262">
    <ele>494.746</ele>
    <time>2026-06-17T09:38:39Z</time>
   </trkpt>
   <trkpt lat="47.838516" lon="12.827109">
    <ele>492.966</ele>
    <time>2026-06-17T09:38:43Z</time>
   </trkpt>
   <trkpt lat="47.838139" lon="12.826978">
    <ele>495.657</ele>
    <time>2026-06-17T09:38:50Z</time>
   </trkpt>
   <trkpt lat="47.837910" lon="12.826962">
    <ele>495.187</ele>
    <time>2026-06-17T09:38:54Z</time>
   </trkpt>
   <trkpt lat="47.837790" lon="12.826958">
    <ele>495.354</ele>
    <time>2026-06-17T09:38:56Z</time>
   </trkpt>
   <trkpt lat="47.837103" lon="12.827219">
    <ele>496.056</ele>
    <time>2026-06-17T09:39:10Z</time>
   </trkpt>
   <trkpt lat="47.836694" lon="12.827381">
    <ele>495.909</ele>
    <time>2026-06-17T09:39:26Z</time>
   </trkpt>
   <trkpt lat="47.836385" lon="12.827701">
    <ele>491.581</ele>
    <time>2026-06-17T09:39:36Z</time>
   </trkpt>
   <trkpt lat="47.836364" lon="12.827717">
    <ele>491.535</ele>
    <time>2026-06-17T09:39:37Z</time>
   </trkpt>
   <trkpt lat="47.835997" lon="12.828013">
    <ele>489.677</ele>
    <time>2026-06-17T09:39:44Z</time>
   </trkpt>
   <trkpt lat="47.835777" lon="12.828130">
    <ele>488.544</ele>
    <time>2026-06-17T09:39:48Z</time>
   </trkpt>
   <trkpt lat="47.835621" lon="12.828266">
    <ele>487.010</ele>
    <time>2026-06-17T09:39:51Z</time>
   </trkpt>
   <trkpt lat="47.835142" lon="12.828615">
    <ele>485.513</ele>
    <time>2026-06-17T09:40:02Z</time>
   </trkpt>
   <trkpt lat="47.835026" lon="12.828722">
    <ele>485.857</ele>
    <time>2026-06-17T09:40:06Z</time>
   </trkpt>
   <trkpt lat="47.834713" lon="12.829008">
    <ele>485.396</ele>
    <time>2026-06-17T09:40:14Z</time>
   </trkpt>
   <trkpt lat="47.834465" lon="12.829331">
    <ele>489.483</ele>
    <time>2026-06-17T09:40:20Z</time>
   </trkpt>
   <trkpt lat="47.834267" lon="12.829570">
    <ele>490.565</ele>
    <time>2026-06-17T09:40:25Z</time>
   </trkpt>
   <trkpt lat="47.833916" lon="12.829865">
    <ele>495.612</ele>
    <time>2026-06-17T09:40:33Z</time>
   </trkpt>
   <trkpt lat="47.833811" lon="12.829964">
    <ele>494.995</ele>
    <time>2026-06-17T09:40:36Z</time>
   </trkpt>
   <trkpt lat="47.833704" lon="12.830168">
    <ele>495.088</ele>
    <time>2026-06-17T09:40:40Z</time>
   </trkpt>
   <trkpt lat="47.833644" lon="12.830407">
    <ele>495.057</ele>
    <time>2026-06-17T09:40:44Z</time>
   </trkpt>
   <trkpt lat="47.833287" lon="12.830668">
    <ele>497.900</ele>
    <time>2026-06-17T09:40:53Z</time>
   </trkpt>
   <trkpt lat="47.832754" lon="12.830481">
    <ele>504.242</ele>
    <time>2026-06-17T09:41:06Z</time>
   </trkpt>
   <trkpt lat="47.832400" lon="12.830633">
    <ele>506.758</ele>
    <time>2026-06-17T09:41:18Z</time>
   </trkpt>
   <trkpt lat="47.831995" lon="12.830866">
    <ele>507.125</ele>
    <time>2026-06-17T09:41:35Z</time>
   </trkpt>
   <trkpt lat="47.831537" lon="12.831341">
    <ele>512.660</ele>
    <time>2026-06-17T09:41:57Z</time>
   </trkpt>
   <trkpt lat="47.831479" lon="12.831578">
    <ele>512.666</ele>
    <time>2026-06-17T09:42:02Z</time>
   </trkpt>
   <trkpt lat="47.831417" lon="12.831739">
    <ele>511.995</ele>
    <time>2026-06-17T09:42:05Z</time>
   </trkpt>
   <trkpt lat="47.831224" lon="12.831973">
    <ele>508.754</ele>
    <time>2026-06-17T09:42:10Z</time>
   </trkpt>
   <trkpt lat="47.831047" lon="12.832112">
    <ele>507.532</ele>
    <time>2026-06-17T09:42:15Z</time>
   </trkpt>
   <trkpt lat="47.830660" lon="12.832408">
    <ele>505.257</ele>
    <time>2026-06-17T09:42:23Z</time>
   </trkpt>
   <trkpt lat="47.830389" lon="12.832474">
    <ele>504.799</ele>
    <time>2026-06-17T09:42:28Z</time>
   </trkpt>
   <trkpt lat="47.829507" lon="12.831916">
    <ele>508.054</ele>
    <time>2026-06-17T09:42:45Z</time>
   </trkpt>
   <trkpt lat="47.828347" lon="12.831186">
    <ele>516.902</ele>
    <time>2026-06-17T09:43:11Z</time>
   </trkpt>
   <trkpt lat="47.827346" lon="12.830646">
    <ele>521.922</ele>
    <time>2026-06-17T09:43:39Z</time>
   </trkpt>
   <trkpt lat="47.826667" lon="12.830333">
    <ele>524.202</ele>
    <time>2026-06-17T09:44:01Z</time>
   </trkpt>
   <trkpt lat="47.825963" lon="12.830034">
    <ele>531.774</ele>
    <time>2026-06-17T09:44:28Z</time>
   </trkpt>
   <trkpt lat="47.825631" lon="12.829913">
    <ele>535.576</ele>
    <time>2026-06-17T09:44:43Z</time>
   </trkpt>
   <trkpt lat="47.825172" lon="12.829827">
    <ele>537.240</ele>
    <time>2026-06-17T09:45:02Z</time>
   </trkpt>
   <trkpt lat="47.824544" lon="12.829921">
    <ele>535.302</ele>
    <time>2026-06-17T09:45:20Z</time>
   </trkpt>
   <trkpt lat="47.824497" lon="12.829929">
    <ele>534.486</ele>
    <time>2026-06-17T09:45:21Z</time>
   </trkpt>
   <trkpt lat="47.824280" lon="12.830403">
    <ele>533.709</ele>
    <time>2026-06-17T09:45:29Z</time>
   </trkpt>
   <trkpt lat="47.824246" lon="12.830888">
    <ele>533.796</ele>
    <time>2026-06-17T09:45:35Z</time>
   </trkpt>
   <trkpt lat="47.824170" lon="12.831217">
    <ele>533.337</ele>
    <time>2026-06-17T09:45:39Z</time>
   </trkpt>
   <trkpt lat="47.824076" lon="12.831790">
    <ele>533.385</ele>
    <time>2026-06-17T09:45:45Z</time>
   </trkpt>
   <trkpt lat="47.823997" lon="12.832097">
    <ele>532.039</ele>
    <time>2026-06-17T09:45:48Z</time>
   </trkpt>
   <trkpt lat="47.823675" lon="12.832459">
    <ele>530.820</ele>
    <time>2026-06-17T09:45:54Z</time>
   </trkpt>
   <trkpt lat="47.823535" lon="12.832485">
    <ele>530.200</ele>
    <time>2026-06-17T09:45:56Z</time>
   </trkpt>
   <trkpt lat="47.822631" lon="12.832754">
    <ele>527.254</ele>
    <time>2026-06-17T09:46:11Z</time>
   </trkpt>
   <trkpt lat="47.822138" lon="12.832794">
    <ele>528.245</ele>
    <time>2026-06-17T09:46:20Z</time>
   </trkpt>
   <trkpt lat="47.821857" lon="12.832973">
    <ele>528.114</ele>
    <time>2026-06-17T09:46:26Z</time>
   </trkpt>
   <trkpt lat="47.821446" lon="12.833817">
    <ele>528.406</ele>
    <time>2026-06-17T09:46:42Z</time>
   </trkpt>
   <trkpt lat="47.821235" lon="12.834267">
    <ele>529.952</ele>
    <time>2026-06-17T09:46:52Z</time>
   </trkpt>
   <trkpt lat="47.821233" lon="12.834590">
    <ele>530.266</ele>
    <time>2026-06-17T09:46:58Z</time>
   </trkpt>
   <trkpt lat="47.821291" lon="12.834982">
    <ele>531.807</ele>
    <time>2026-06-17T09:47:05Z</time>
   </trkpt>
   <trkpt lat="47.821161" lon="12.835540">
    <ele>534.021</ele>
    <time>2026-06-17T09:47:14Z</time>
   </trkpt>
   <trkpt lat="47.821163" lon="12.835669">
    <ele>534.742</ele>
    <time>2026-06-17T09:47:17Z</time>
   </trkpt>
   <trkpt lat="47.821175" lon="12.835799">
    <ele>535.967</ele>
    <time>2026-06-17T09:47:23Z</time>
   </trkpt>
   <trkpt lat="47.821236" lon="12.835947">
    <ele>536.468</ele>
    <time>2026-06-17T09:47:27Z</time>
   </trkpt>
   <trkpt lat="47.821426" lon="12.836405">
    <ele>537.954</ele>
    <time>2026-06-17T09:47:39Z</time>
   </trkpt>
   <trkpt lat="47.821466" lon="12.836634">
    <ele>540.138</ele>
    <time>2026-06-17T09:47:45Z</time>
   </trkpt>
   <trkpt lat="47.821491" lon="12.836721">
    <ele>541.229</ele>
    <time>2026-06-17T09:47:48Z</time>
   </trkpt>
   <trkpt lat="47.821448" lon="12.836846">
    <ele>541.866</ele>
    <time>2026-06-17T09:47:52Z</time>
   </trkpt>
   <trkpt lat="47.821320" lon="12.837346">
    <ele>542.354</ele>
    <time>2026-06-17T09:48:02Z</time>
   </trkpt>
   <trkpt lat="47.821106" lon="12.837870">
    <ele>541.951</ele>
    <time>2026-06-17T09:48:11Z</time>
   </trkpt>
   <trkpt lat="47.821065" lon="12.838117">
    <ele>541.226</ele>
    <time>2026-06-17T09:48:14Z</time>
   </trkpt>
   <trkpt lat="47.820960" lon="12.838826">
    <ele>540.464</ele>
    <time>2026-06-17T09:48:24Z</time>
   </trkpt>
   <trkpt lat="47.820977" lon="12.838902">
    <ele>540.436</ele>
    <time>2026-06-17T09:48:25Z</time>
   </trkpt>
   <trkpt lat="47.820979" lon="12.839040">
    <ele>540.307</ele>
    <time>2026-06-17T09:48:27Z</time>
   </trkpt>
   <trkpt lat="47.821012" lon="12.839383">
    <ele>539.911</ele>
    <time>2026-06-17T09:48:32Z</time>
   </trkpt>
   <trkpt lat="47.821031" lon="12.839584">
    <ele>539.966</ele>
    <time>2026-06-17T09:48:36Z</time>
   </trkpt>
   <trkpt lat="47.821140" lon="12.839904">
    <ele>540.956</ele>
    <time>2026-06-17T09:48:41Z</time>
   </trkpt>
   <trkpt lat="47.821442" lon="12.840136">
    <ele>539.790</ele>
    <time>2026-06-17T09:48:47Z</time>
   </trkpt>
   <trkpt lat="47.821637" lon="12.840335">
    <ele>538.953</ele>
    <time>2026-06-17T09:48:51Z</time>
   </trkpt>
   <trkpt lat="47.821844" lon="12.840905">
    <ele>537.598</ele>
    <time>2026-06-17T09:49:02Z</time>
   </trkpt>
   <trkpt lat="47.821868" lon="12.841324">
    <ele>533.816</ele>
    <time>2026-06-17T09:49:13Z</time>
   </trkpt>
   <trkpt lat="47.821859" lon="12.841738">
    <ele>531.136</ele>
    <time>2026-06-17T09:49:22Z</time>
   </trkpt>
   <trkpt lat="47.821813" lon="12.841943">
    <ele>529.580</ele>
    <time>2026-06-17T09:49:25Z</time>
   </trkpt>
   <trkpt lat="47.821818" lon="12.842211">
    <ele>527.657</ele>
    <time>2026-06-17T09:49:28Z</time>
   </trkpt>
   <trkpt lat="47.821600" lon="12.842783">
    <ele>526.164</ele>
    <time>2026-06-17T09:49:39Z</time>
   </trkpt>
   <trkpt lat="47.821431" lon="12.843344">
    <ele>528.790</ele>
    <time>2026-06-17T09:49:48Z</time>
   </trkpt>
   <trkpt lat="47.821361" lon="12.843576">
    <ele>528.612</ele>
    <time>2026-06-17T09:49:51Z</time>
   </trkpt>
   <trkpt lat="47.821174" lon="12.843874">
    <ele>529.439</ele>
    <time>2026-06-17T09:49:56Z</time>
   </trkpt>
   <trkpt lat="47.820780" lon="12.844270">
    <ele>529.725</ele>
    <time>2026-06-17T09:50:04Z</time>
   </trkpt>
   <trkpt lat="47.820558" lon="12.844810">
    <ele>528.460</ele>
    <time>2026-06-17T09:50:11Z</time>
   </trkpt>
   <trkpt lat="47.820438" lon="12.845245">
    <ele>528.210</ele>
    <time>2026-06-17T09:50:16Z</time>
   </trkpt>
   <trkpt lat="47.820385" lon="12.845357">
    <ele>528.743</ele>
    <time>2026-06-17T09:50:23Z</time>
   </trkpt>
   <trkpt lat="47.820269" lon="12.845629">
    <ele>532.327</ele>
    <time>2026-06-17T09:51:09Z</time>
   </trkpt>
   <trkpt lat="47.819665" lon="12.846522">
    <ele>534.948</ele>
    <time>2026-06-17T09:51:27Z</time>
   </trkpt>
   <trkpt lat="47.819303" lon="12.846854">
    <ele>535.776</ele>
    <time>2026-06-17T09:51:35Z</time>
   </trkpt>
   <trkpt lat="47.818787" lon="12.846975">
    <ele>538.519</ele>
    <time>2026-06-17T09:51:48Z</time>
   </trkpt>
   <trkpt lat="47.818265" lon="12.846952">
    <ele>539.832</ele>
    <time>2026-06-17T09:52:01Z</time>
   </trkpt>
   <trkpt lat="47.817897" lon="12.846960">
    <ele>538.694</ele>
    <time>2026-06-17T09:52:10Z</time>
   </trkpt>
   <trkpt lat="47.817553" lon="12.846745">
    <ele>539.521</ele>
    <time>2026-06-17T09:52:15Z</time>
   </trkpt>
   <trkpt lat="47.817415" lon="12.846702">
    <ele>539.648</ele>
    <time>2026-06-17T09:52:17Z</time>
   </trkpt>
   <trkpt lat="47.816890" lon="12.846828">
    <ele>537.080</ele>
    <time>2026-06-17T09:52:26Z</time>
   </trkpt>
   <trkpt lat="47.816541" lon="12.847186">
    <ele>539.815</ele>
    <time>2026-06-17T09:52:38Z</time>
   </trkpt>
   <trkpt lat="47.816245" lon="12.847377">
    <ele>541.220</ele>
    <time>2026-06-17T09:52:54Z</time>
   </trkpt>
   <trkpt lat="47.816230" lon="12.847389">
    <ele>541.418</ele>
    <time>2026-06-17T09:52:55Z</time>
   </trkpt>
   <trkpt lat="47.816198" lon="12.847437">
    <ele>541.862</ele>
    <time>2026-06-17T09:53:16Z</time>
   </trkpt>
   <trkpt lat="47.816213" lon="12.847487">
    <ele>541.708</ele>
    <time>2026-06-17T09:53:35Z</time>
   </trkpt>
  </trkseg>
 </trk>
 <trk>
  <name>ACTIVE LOG035609</name>
  <trkseg>
   <trkpt lat="47.816160" lon="12.847705">
    <ele>476.935</ele>
    <time>2026-06-17T10:56:08Z</time>
   </trkpt>
   <trkpt lat="47.816185" lon="12.847506">
    <ele>544.823</ele>
    <time>2026-06-17T10:56:29Z</time>
   </trkpt>
   <trkpt lat="47.816184" lon="12.847507">
    <ele>545.554</ele>
    <time>2026-06-17T10:56:32Z</time>
   </trkpt>
   <trkpt lat="47.816194" lon="12.847324">
    <ele>545.601</ele>
    <time>2026-06-17T10:56:38Z</time>
   </trkpt>
   <trkpt lat="47.815919" lon="12.847257">
    <ele>543.117</ele>
    <time>2026-06-17T10:56:48Z</time>
   </trkpt>
   <trkpt lat="47.815890" lon="12.847320">
    <ele>542.350</ele>
    <time>2026-06-17T10:56:49Z</time>
   </trkpt>
   <trkpt lat="47.815786" lon="12.847561">
    <ele>540.345</ele>
    <time>2026-06-17T10:56:52Z</time>
   </trkpt>
   <trkpt lat="47.815555" lon="12.847821">
    <ele>539.349</ele>
    <time>2026-06-17T10:56:56Z</time>
   </trkpt>
   <trkpt lat="47.814700" lon="12.848312">
    <ele>540.531</ele>
    <time>2026-06-17T10:57:11Z</time>
   </trkpt>
   <trkpt lat="47.814506" lon="12.848567">
    <ele>542.122</ele>
    <time>2026-06-17T10:57:17Z</time>
   </trkpt>
   <trkpt lat="47.814172" lon="12.849340">
    <ele>541.341</ele>
    <time>2026-06-17T10:57:31Z</time>
   </trkpt>
   <trkpt lat="47.813755" lon="12.849850">
    <ele>541.174</ele>
    <time>2026-06-17T10:57:42Z</time>
   </trkpt>
   <trkpt lat="47.813514" lon="12.850320">
    <ele>542.136</ele>
    <time>2026-06-17T10:57:50Z</time>
   </trkpt>
   <trkpt lat="47.812826" lon="12.850928">
    <ele>543.996</ele>
    <time>2026-06-17T10:58:06Z</time>
   </trkpt>
   <trkpt lat="47.812594" lon="12.851104">
    <ele>544.733</ele>
    <time>2026-06-17T10:58:12Z</time>
   </trkpt>
   <trkpt lat="47.812107" lon="12.851529">
    <ele>545.154</ele>
    <time>2026-06-17T10:58:24Z</time>
   </trkpt>
   <trkpt lat="47.811147" lon="12.851917">
    <ele>544.862</ele>
    <time>2026-06-17T10:58:42Z</time>
   </trkpt>
   <trkpt lat="47.810869" lon="12.851983">
    <ele>548.186</ele>
    <time>2026-06-17T10:58:53Z</time>
   </trkpt>
   <trkpt lat="47.810468" lon="12.852168">
    <ele>550.764</ele>
    <time>2026-06-17T10:59:11Z</time>
   </trkpt>
   <trkpt lat="47.810071" lon="12.852443">
    <ele>556.841</ele>
    <time>2026-06-17T10:59:35Z</time>
   </trkpt>
   <trkpt lat="47.809959" lon="12.852543">
    <ele>561.447</ele>
    <time>2026-06-17T10:59:46Z</time>
   </trkpt>
   <trkpt lat="47.809793" lon="12.852671">
    <ele>565.343</ele>
    <time>2026-06-17T10:59:57Z</time>
   </trkpt>
   <trkpt lat="47.809483" lon="12.852842">
    <ele>560.638</ele>
    <time>2026-06-17T11:00:06Z</time>
   </trkpt>
   <trkpt lat="47.809060" lon="12.853288">
    <ele>556.905</ele>
    <time>2026-06-17T11:00:15Z</time>
   </trkpt>
   <trkpt lat="47.808453" lon="12.853565">
    <ele>558.870</ele>
    <time>2026-06-17T11:00:28Z</time>
   </trkpt>
   <trkpt lat="47.808234" lon="12.853655">
    <ele>559.798</ele>
    <time>2026-06-17T11:00:39Z</time>
   </trkpt>
   <trkpt lat="47.807875" lon="12.853829">
    <ele>558.844</ele>
    <time>2026-06-17T11:00:54Z</time>
   </trkpt>
   <trkpt lat="47.807656" lon="12.853921">
    <ele>558.613</ele>
    <time>2026-06-17T11:00:58Z</time>
   </trkpt>
   <trkpt lat="47.807102" lon="12.854195">
    <ele>555.810</ele>
    <time>2026-06-17T11:01:05Z</time>
   </trkpt>
   <trkpt lat="47.806440" lon="12.854212">
    <ele>557.784</ele>
    <time>2026-06-17T11:01:14Z</time>
   </trkpt>
   <trkpt lat="47.806202" lon="12.854279">
    <ele>559.086</ele>
    <time>2026-06-17T11:01:23Z</time>
   </trkpt>
   <trkpt lat="47.806020" lon="12.854401">
    <ele>559.908</ele>
    <time>2026-06-17T11:01:33Z</time>
   </trkpt>
   <trkpt lat="47.805715" lon="12.854794">
    <ele>564.803</ele>
    <time>2026-06-17T11:01:50Z</time>
   </trkpt>
   <trkpt lat="47.805309" lon="12.855330">
    <ele>566.587</ele>
    <time>2026-06-17T11:02:07Z</time>
   </trkpt>
   <trkpt lat="47.805124" lon="12.855360">
    <ele>565.698</ele>
    <time>2026-06-17T11:02:13Z</time>
   </trkpt>
   <trkpt lat="47.804698" lon="12.855719">
    <ele>565.107</ele>
    <time>2026-06-17T11:02:27Z</time>
   </trkpt>
   <trkpt lat="47.804356" lon="12.855496">
    <ele>564.140</ele>
    <time>2026-06-17T11:02:36Z</time>
   </trkpt>
   <trkpt lat="47.804250" lon="12.855600">
    <ele>564.188</ele>
    <time>2026-06-17T11:02:42Z</time>
   </trkpt>
   <trkpt lat="47.804246" lon="12.855600">
    <ele>564.313</ele>
    <time>2026-06-17T11:03:10Z</time>
   </trkpt>
   <trkpt lat="47.804197" lon="12.855574">
    <ele>564.342</ele>
    <time>2026-06-17T11:03:14Z</time>
   </trkpt>
   <trkpt lat="47.803875" lon="12.855824">
    <ele>564.594</ele>
    <time>2026-06-17T11:03:26Z</time>
   </trkpt>
   <trkpt lat="47.803160" lon="12.856532">
    <ele>561.785</ele>
    <time>2026-06-17T11:03:45Z</time>
   </trkpt>
   <trkpt lat="47.802510" lon="12.856871">
    <ele>562.084</ele>
    <time>2026-06-17T11:03:59Z</time>
   </trkpt>
   <trkpt lat="47.802270" lon="12.856936">
    <ele>561.774</ele>
    <time>2026-06-17T11:04:08Z</time>
   </trkpt>
   <trkpt lat="47.801963" lon="12.857646">
    <ele>554.770</ele>
    <time>2026-06-17T11:04:16Z</time>
   </trkpt>
   <trkpt lat="47.801949" lon="12.858342">
    <ele>549.529</ele>
    <time>2026-06-17T11:04:22Z</time>
   </trkpt>
   <trkpt lat="47.801972" lon="12.858391">
    <ele>549.251</ele>
    <time>2026-06-17T11:04:23Z</time>
   </trkpt>
   <trkpt lat="47.801963" lon="12.858456">
    <ele>548.517</ele>
    <time>2026-06-17T11:04:28Z</time>
   </trkpt>
   <trkpt lat="47.801718" lon="12.857907">
    <ele>543.052</ele>
    <time>2026-06-17T11:04:37Z</time>
   </trkpt>
   <trkpt lat="47.801492" lon="12.857639">
    <ele>543.883</ele>
    <time>2026-06-17T11:04:41Z</time>
   </trkpt>
   <trkpt lat="47.801322" lon="12.857353">
    <ele>543.355</ele>
    <time>2026-06-17T11:04:47Z</time>
   </trkpt>
   <trkpt lat="47.800786" lon="12.857005">
    <ele>540.414</ele>
    <time>2026-06-17T11:05:00Z</time>
   </trkpt>
   <trkpt lat="47.799893" lon="12.856096">
    <ele>537.209</ele>
    <time>2026-06-17T11:05:19Z</time>
   </trkpt>
   <trkpt lat="47.799554" lon="12.855673">
    <ele>535.893</ele>
    <time>2026-06-17T11:05:26Z</time>
   </trkpt>
   <trkpt lat="47.799442" lon="12.855455">
    <ele>534.205</ele>
    <time>2026-06-17T11:05:29Z</time>
   </trkpt>
   <trkpt lat="47.799003" lon="12.855379">
    <ele>533.594</ele>
    <time>2026-06-17T11:05:37Z</time>
   </trkpt>
   <trkpt lat="47.798913" lon="12.855647">
    <ele>533.351</ele>
    <time>2026-06-17T11:05:40Z</time>
   </trkpt>
   <trkpt lat="47.798800" lon="12.856135">
    <ele>532.913</ele>
    <time>2026-06-17T11:05:45Z</time>
   </trkpt>
   <trkpt lat="47.798354" lon="12.856888">
    <ele>531.897</ele>
    <time>2026-06-17T11:05:54Z</time>
   </trkpt>
   <trkpt lat="47.798108" lon="12.857095">
    <ele>531.506</ele>
    <time>2026-06-17T11:05:58Z</time>
   </trkpt>
   <trkpt lat="47.797665" lon="12.857246">
    <ele>530.753</ele>
    <time>2026-06-17T11:06:04Z</time>
   </trkpt>
   <trkpt lat="47.797261" lon="12.857533">
    <ele>528.825</ele>
    <time>2026-06-17T11:06:10Z</time>
   </trkpt>
   <trkpt lat="47.796830" lon="12.858070">
    <ele>527.639</ele>
    <time>2026-06-17T11:06:17Z</time>
   </trkpt>
   <trkpt lat="47.796642" lon="12.858298">
    <ele>526.920</ele>
    <time>2026-06-17T11:06:20Z</time>
   </trkpt>
   <trkpt lat="47.796301" lon="12.858881">
    <ele>525.709</ele>
    <time>2026-06-17T11:06:26Z</time>
   </trkpt>
   <trkpt lat="47.795229" lon="12.860268">
    <ele>522.492</ele>
    <time>2026-06-17T11:06:42Z</time>
   </trkpt>
   <trkpt lat="47.795148" lon="12.860360">
    <ele>520.834</ele>
    <time>2026-06-17T11:06:47Z</time>
   </trkpt>
   <trkpt lat="47.794973" lon="12.860552">
    <ele>520.039</ele>
    <time>2026-06-17T11:07:12Z</time>
   </trkpt>
   <trkpt lat="47.794240" lon="12.861131">
    <ele>517.291</ele>
    <time>2026-06-17T11:07:25Z</time>
   </trkpt>
   <trkpt lat="47.793622" lon="12.862130">
    <ele>514.523</ele>
    <time>2026-06-17T11:07:37Z</time>
   </trkpt>
   <trkpt lat="47.793178" lon="12.862791">
    <ele>512.526</ele>
    <time>2026-06-17T11:07:45Z</time>
   </trkpt>
   <trkpt lat="47.791907" lon="12.864038">
    <ele>507.616</ele>
    <time>2026-06-17T11:08:04Z</time>
   </trkpt>
   <trkpt lat="47.790621" lon="12.865064">
    <ele>503.723</ele>
    <time>2026-06-17T11:08:23Z</time>
   </trkpt>
   <trkpt lat="47.790256" lon="12.865327">
    <ele>503.680</ele>
    <time>2026-06-17T11:08:28Z</time>
   </trkpt>
   <trkpt lat="47.789287" lon="12.866151">
    <ele>501.196</ele>
    <time>2026-06-17T11:08:42Z</time>
   </trkpt>
   <trkpt lat="47.788098" lon="12.866598">
    <ele>501.007</ele>
    <time>2026-06-17T11:08:58Z</time>
   </trkpt>
   <trkpt lat="47.788027" lon="12.866609">
    <ele>500.932</ele>
    <time>2026-06-17T11:08:59Z</time>
   </trkpt>
   <trkpt lat="47.787048" lon="12.867113">
    <ele>500.857</ele>
    <time>2026-06-17T11:09:14Z</time>
   </trkpt>
   <trkpt lat="47.786892" lon="12.867259">
    <ele>501.183</ele>
    <time>2026-06-17T11:09:17Z</time>
   </trkpt>
   <trkpt lat="47.786617" lon="12.867213">
    <ele>501.183</ele>
    <time>2026-06-17T11:09:22Z</time>
   </trkpt>
   <trkpt lat="47.785985" lon="12.867257">
    <ele>503.834</ele>
    <time>2026-06-17T11:09:39Z</time>
   </trkpt>
   <trkpt lat="47.785382" lon="12.867644">
    <ele>506.398</ele>
    <time>2026-06-17T11:10:00Z</time>
   </trkpt>
   <trkpt lat="47.784853" lon="12.868309">
    <ele>508.263</ele>
    <time>2026-06-17T11:10:17Z</time>
   </trkpt>
   <trkpt lat="47.784451" lon="12.868837">
    <ele>511.117</ele>
    <time>2026-06-17T11:10:32Z</time>
   </trkpt>
   <trkpt lat="47.784511" lon="12.869147">
    <ele>510.804</ele>
    <time>2026-06-17T11:10:39Z</time>
   </trkpt>
   <trkpt lat="47.784971" lon="12.870001">
    <ele>506.548</ele>
    <time>2026-06-17T11:10:53Z</time>
   </trkpt>
   <trkpt lat="47.785023" lon="12.870095">
    <ele>506.336</ele>
    <time>2026-06-17T11:11:01Z</time>
   </trkpt>
   <trkpt lat="47.784991" lon="12.870518">
    <ele>504.790</ele>
    <time>2026-06-17T11:11:10Z</time>
   </trkpt>
   <trkpt lat="47.784898" lon="12.870812">
    <ele>503.000</ele>
    <time>2026-06-17T11:11:14Z</time>
   </trkpt>
   <trkpt lat="47.784958" lon="12.871203">
    <ele>501.226</ele>
    <time>2026-06-17T11:11:18Z</time>
   </trkpt>
   <trkpt lat="47.785065" lon="12.871394">
    <ele>501.283</ele>
    <time>2026-06-17T11:11:20Z</time>
   </trkpt>
   <trkpt lat="47.785497" lon="12.872806">
    <ele>496.236</ele>
    <time>2026-06-17T11:11:31Z</time>
   </trkpt>
   <trkpt lat="47.785762" lon="12.873295">
    <ele>495.899</ele>
    <time>2026-06-17T11:11:37Z</time>
   </trkpt>
   <trkpt lat="47.785814" lon="12.873465">
    <ele>495.086</ele>
    <time>2026-06-17T11:11:39Z</time>
   </trkpt>
   <trkpt lat="47.786014" lon="12.874042">
    <ele>492.881</ele>
    <time>2026-06-17T11:11:45Z</time>
   </trkpt>
   <trkpt lat="47.785949" lon="12.874890">
    <ele>488.822</ele>
    <time>2026-06-17T11:11:52Z</time>
   </trkpt>
   <trkpt lat="47.785631" lon="12.875252">
    <ele>488.496</ele>
    <time>2026-06-17T11:11:57Z</time>
   </trkpt>
   <trkpt lat="47.785389" lon="12.875311">
    <ele>488.398</ele>
    <time>2026-06-17T11:12:00Z</time>
   </trkpt>
   <trkpt lat="47.784260" lon="12.875998">
    <ele>488.705</ele>
    <time>2026-06-17T11:12:16Z</time>
   </trkpt>
   <trkpt lat="47.782880" lon="12.876855">
    <ele>487.133</ele>
    <time>2026-06-17T11:12:34Z</time>
   </trkpt>
   <trkpt lat="47.782648" lon="12.877335">
    <ele>486.374</ele>
    <time>2026-06-17T11:12:39Z</time>
   </trkpt>
   <trkpt lat="47.782599" lon="12.877683">
    <ele>485.396</ele>
    <time>2026-06-17T11:12:42Z</time>
   </trkpt>
   <trkpt lat="47.781818" lon="12.878777">
    <ele>481.899</ele>
    <time>2026-06-17T11:12:55Z</time>
   </trkpt>
   <trkpt lat="47.780972" lon="12.880558">
    <ele>479.922</ele>
    <time>2026-06-17T11:13:13Z</time>
   </trkpt>
   <trkpt lat="47.780219" lon="12.882421">
    <ele>478.844</ele>
    <time>2026-06-17T11:13:34Z</time>
   </trkpt>
   <trkpt lat="47.779958" lon="12.883047">
    <ele>479.207</ele>
    <time>2026-06-17T11:13:45Z</time>
   </trkpt>
   <trkpt lat="47.779719" lon="12.883637">
    <ele>478.185</ele>
    <time>2026-06-17T11:13:54Z</time>
   </trkpt>
   <trkpt lat="47.778964" lon="12.885494">
    <ele>476.880</ele>
    <time>2026-06-17T11:14:15Z</time>
   </trkpt>
   <trkpt lat="47.778240" lon="12.886191">
    <ele>474.861</ele>
    <time>2026-06-17T11:14:26Z</time>
   </trkpt>
   <trkpt lat="47.777379" lon="12.887000">
    <ele>473.648</ele>
    <time>2026-06-17T11:14:40Z</time>
   </trkpt>
   <trkpt lat="47.777196" lon="12.887327">
    <ele>473.349</ele>
    <time>2026-06-17T11:14:44Z</time>
   </trkpt>
   <trkpt lat="47.777094" lon="12.887613">
    <ele>472.591</ele>
    <time>2026-06-17T11:14:47Z</time>
   </trkpt>
   <trkpt lat="47.776809" lon="12.887925">
    <ele>472.363</ele>
    <time>2026-06-17T11:14:52Z</time>
   </trkpt>
   <trkpt lat="47.775354" lon="12.888627">
    <ele>470.820</ele>
    <time>2026-06-17T11:15:14Z</time>
   </trkpt>
   <trkpt lat="47.774748" lon="12.889025">
    <ele>470.980</ele>
    <time>2026-06-17T11:15:24Z</time>
   </trkpt>
   <trkpt lat="47.773628" lon="12.890315">
    <ele>470.073</ele>
    <time>2026-06-17T11:15:44Z</time>
   </trkpt>
   <trkpt lat="47.772505" lon="12.891803">
    <ele>466.979</ele>
    <time>2026-06-17T11:16:05Z</time>
   </trkpt>
   <trkpt lat="47.772026" lon="12.893031">
    <ele>466.864</ele>
    <time>2026-06-17T11:16:18Z</time>
   </trkpt>
   <trkpt lat="47.771134" lon="12.894565">
    <ele>465.786</ele>
    <time>2026-06-17T11:16:36Z</time>
   </trkpt>
   <trkpt lat="47.769762" lon="12.896523">
    <ele>463.451</ele>
    <time>2026-06-17T11:17:00Z</time>
   </trkpt>
   <trkpt lat="47.769724" lon="12.896606">
    <ele>463.244</ele>
    <time>2026-06-17T11:17:01Z</time>
   </trkpt>
   <trkpt lat="47.769741" lon="12.896803">
    <ele>463.403</ele>
    <time>2026-06-17T11:17:05Z</time>
   </trkpt>
   <trkpt lat="47.769902" lon="12.896839">
    <ele>463.618</ele>
    <time>2026-06-17T11:17:10Z</time>
   </trkpt>
   <trkpt lat="47.769966" lon="12.897176">
    <ele>462.180</ele>
    <time>2026-06-17T11:17:15Z</time>
   </trkpt>
   <trkpt lat="47.770074" lon="12.897490">
    <ele>462.277</ele>
    <time>2026-06-17T11:17:19Z</time>
   </trkpt>
   <trkpt lat="47.770525" lon="12.898309">
    <ele>461.750</ele>
    <time>2026-06-17T11:17:31Z</time>
   </trkpt>
   <trkpt lat="47.771280" lon="12.899110">
    <ele>460.637</ele>
    <time>2026-06-17T11:17:46Z</time>
   </trkpt>
   <trkpt lat="47.772045" lon="12.899841">
    <ele>460.392</ele>
    <time>2026-06-17T11:18:01Z</time>
   </trkpt>
   <trkpt lat="47.772065" lon="12.900135">
    <ele>459.941</ele>
    <time>2026-06-17T11:18:05Z</time>
   </trkpt>
   <trkpt lat="47.771497" lon="12.901720">
    <ele>459.104</ele>
    <time>2026-06-17T11:18:23Z</time>
   </trkpt>
   <trkpt lat="47.771033" lon="12.903045">
    <ele>458.463</ele>
    <time>2026-06-17T11:18:37Z</time>
   </trkpt>
   <trkpt lat="47.771104" lon="12.903337">
    <ele>457.933</ele>
    <time>2026-06-17T11:18:41Z</time>
   </trkpt>
   <trkpt lat="47.772295" lon="12.904321">
    <ele>458.838</ele>
    <time>2026-06-17T11:19:05Z</time>
   </trkpt>
   <trkpt lat="47.772969" lon="12.904891">
    <ele>459.960</ele>
    <time>2026-06-17T11:19:22Z</time>
   </trkpt>
   <trkpt lat="47.773570" lon="12.905386">
    <ele>460.340</ele>
    <time>2026-06-17T11:19:36Z</time>
   </trkpt>
   <trkpt lat="47.773631" lon="12.905638">
    <ele>459.491</ele>
    <time>2026-06-17T11:19:42Z</time>
   </trkpt>
   <trkpt lat="47.773559" lon="12.905720">
    <ele>459.101</ele>
    <time>2026-06-17T11:19:44Z</time>
   </trkpt>
   <trkpt lat="47.772872" lon="12.906720">
    <ele>456.553</ele>
    <time>2026-06-17T11:20:00Z</time>
   </trkpt>
   <trkpt lat="47.772035" lon="12.908236">
    <ele>457.596</ele>
    <time>2026-06-17T11:20:22Z</time>
   </trkpt>
   <trkpt lat="47.771760" lon="12.909378">
    <ele>457.646</ele>
    <time>2026-06-17T11:20:34Z</time>
   </trkpt>
   <trkpt lat="47.771518" lon="12.909714">
    <ele>457.075</ele>
    <time>2026-06-17T11:20:39Z</time>
   </trkpt>
   <trkpt lat="47.771395" lon="12.909799">
    <ele>456.731</ele>
    <time>2026-06-17T11:20:41Z</time>
   </trkpt>
   <trkpt lat="47.771134" lon="12.910175">
    <ele>453.911</ele>
    <time>2026-06-17T11:20:46Z</time>
   </trkpt>
   <trkpt lat="47.770970" lon="12.910597">
    <ele>454.201</ele>
    <time>2026-06-17T11:20:51Z</time>
   </trkpt>
   <trkpt lat="47.770250" lon="12.911312">
    <ele>454.591</ele>
    <time>2026-06-17T11:21:05Z</time>
   </trkpt>
   <trkpt lat="47.769823" lon="12.911721">
    <ele>456.515</ele>
    <time>2026-06-17T11:21:13Z</time>
   </trkpt>
   <trkpt lat="47.769620" lon="12.912069">
    <ele>457.063</ele>
    <time>2026-06-17T11:21:18Z</time>
   </trkpt>
   <trkpt lat="47.769546" lon="12.912408">
    <ele>457.296</ele>
    <time>2026-06-17T11:21:22Z</time>
   </trkpt>
   <trkpt lat="47.769348" lon="12.912567">
    <ele>458.433</ele>
    <time>2026-06-17T11:21:28Z</time>
   </trkpt>
   <trkpt lat="47.769235" lon="12.912483">
    <ele>458.861</ele>
    <time>2026-06-17T11:21:32Z</time>
   </trkpt>
   <trkpt lat="47.769227" lon="12.912552">
    <ele>458.599</ele>
    <time>2026-06-17T11:21:36Z</time>
   </trkpt>
   <trkpt lat="47.769438" lon="12.912649">
    <ele>458.598</ele>
    <time>2026-06-17T11:21:43Z</time>
   </trkpt>
   <trkpt lat="47.769602" lon="12.912962">
    <ele>458.071</ele>
    <time>2026-06-17T11:21:49Z</time>
   </trkpt>
   <trkpt lat="47.769885" lon="12.914355">
    <ele>457.663</ele>
    <time>2026-06-17T11:22:06Z</time>
   </trkpt>
   <trkpt lat="47.769651" lon="12.914629">
    <ele>458.443</ele>
    <time>2026-06-17T11:22:13Z</time>
   </trkpt>
   <trkpt lat="47.769608" lon="12.914663">
    <ele>459.044</ele>
    <time>2026-06-17T11:22:14Z</time>
   </trkpt>
   <trkpt lat="47.769425" lon="12.914920">
    <ele>459.441</ele>
    <time>2026-06-17T11:22:19Z</time>
   </trkpt>
   <trkpt lat="47.768798" lon="12.915450">
    <ele>459.221</ele>
    <time>2026-06-17T11:22:32Z</time>
   </trkpt>
   <trkpt lat="47.768693" lon="12.915569">
    <ele>458.444</ele>
    <time>2026-06-17T11:22:34Z</time>
   </trkpt>
   <trkpt lat="47.768533" lon="12.915809">
    <ele>456.621</ele>
    <time>2026-06-17T11:22:37Z</time>
   </trkpt>
   <trkpt lat="47.768386" lon="12.916405">
    <ele>454.280</ele>
    <time>2026-06-17T11:22:42Z</time>
   </trkpt>
   <trkpt lat="47.768382" lon="12.916658">
    <ele>453.930</ele>
    <time>2026-06-17T11:22:44Z</time>
   </trkpt>
   <trkpt lat="47.768477" lon="12.917044">
    <ele>452.911</ele>
    <time>2026-06-17T11:22:50Z</time>
   </trkpt>
   <trkpt lat="47.768382" lon="12.916989">
    <ele>452.275</ele>
    <time>2026-06-17T11:22:57Z</time>
   </trkpt>
   <trkpt lat="47.768370" lon="12.917042">
    <ele>452.091</ele>
    <time>2026-06-17T11:22:58Z</time>
   </trkpt>
   <trkpt lat="47.768209" lon="12.917633">
    <ele>451.762</ele>
    <time>2026-06-17T11:23:06Z</time>
   </trkpt>
   <trkpt lat="47.767633" lon="12.919411">
    <ele>449.883</ele>
    <time>2026-06-17T11:23:27Z</time>
   </trkpt>
   <trkpt lat="47.767420" lon="12.920953">
    <ele>450.369</ele>
    <time>2026-06-17T11:23:46Z</time>
   </trkpt>
   <trkpt lat="47.767427" lon="12.921016">
    <ele>450.708</ele>
    <time>2026-06-17T11:24:19Z</time>
   </trkpt>
   <trkpt lat="47.767415" lon="12.921121">
    <ele>451.611</ele>
    <time>2026-06-17T11:24:30Z</time>
   </trkpt>
   <trkpt lat="47.767405" lon="12.921135">
    <ele>451.493</ele>
    <time>2026-06-17T11:24:33Z</time>
   </trkpt>
   <trkpt lat="47.767379" lon="12.921183">
    <ele>450.783</ele>
    <time>2026-06-17T11:24:37Z</time>
   </trkpt>
   <trkpt lat="47.767374" lon="12.921503">
    <ele>449.333</ele>
    <time>2026-06-17T11:24:43Z</time>
   </trkpt>
   <trkpt lat="47.767696" lon="12.922411">
    <ele>449.604</ele>
    <time>2026-06-17T11:24:49Z</time>
   </trkpt>
   <trkpt lat="47.767696" lon="12.922411">
    <ele>449.498</ele>
    <time>2026-06-17T11:24:54Z</time>
   </trkpt>
   <trkpt lat="47.767696" lon="12.922411">
    <ele>449.282</ele>
    <time>2026-06-17T11:24:58Z</time>
   </trkpt>
   <trkpt lat="47.767696" lon="12.922411">
    <ele>449.882</ele>
    <time>2026-06-17T11:25:01Z</time>
   </trkpt>
   <trkpt lat="47.767647" lon="12.922584">
    <ele>449.740</ele>
    <time>2026-06-17T11:25:06Z</time>
   </trkpt>
   <trkpt lat="47.767696" lon="12.922411">
    <ele>449.318</ele>
    <time>2026-06-17T11:25:11Z</time>
   </trkpt>
   <trkpt lat="47.767696" lon="12.922411">
    <ele>449.854</ele>
    <time>2026-06-17T11:25:15Z</time>
   </trkpt>
   <trkpt lat="47.767056" lon="12.922042">
    <ele>450.782</ele>
    <time>2026-06-17T11:25:23Z</time>
   </trkpt>
   <trkpt lat="47.766688" lon="12.921672">
    <ele>448.728</ele>
    <time>2026-06-17T11:25:32Z</time>
   </trkpt>
   <trkpt lat="47.766376" lon="12.921645">
    <ele>450.411</ele>
    <time>2026-06-17T11:25:38Z</time>
   </trkpt>
   <trkpt lat="47.765637" lon="12.922200">
    <ele>452.861</ele>
    <time>2026-06-17T11:25:53Z</time>
   </trkpt>
   <trkpt lat="47.765590" lon="12.922233">
    <ele>453.103</ele>
    <time>2026-06-17T11:25:54Z</time>
   </trkpt>
   <trkpt lat="47.765390" lon="12.922194">
    <ele>453.295</ele>
    <time>2026-06-17T11:25:58Z</time>
   </trkpt>
   <trkpt lat="47.765284" lon="12.922156">
    <ele>454.760</ele>
    <time>2026-06-17T11:26:00Z</time>
   </trkpt>
   <trkpt lat="47.765036" lon="12.922079">
    <ele>452.734</ele>
    <time>2026-06-17T11:26:05Z</time>
   </trkpt>
   <trkpt lat="47.764867" lon="12.921932">
    <ele>451.171</ele>
    <time>2026-06-17T11:26:09Z</time>
   </trkpt>
   <trkpt lat="47.764465" lon="12.921554">
    <ele>447.902</ele>
    <time>2026-06-17T11:26:18Z</time>
   </trkpt>
   <trkpt lat="47.764419" lon="12.921510">
    <ele>447.931</ele>
    <time>2026-06-17T11:26:19Z</time>
   </trkpt>
   <trkpt lat="47.764289" lon="12.921365">
    <ele>446.196</ele>
    <time>2026-06-17T11:26:22Z</time>
   </trkpt>
   <trkpt lat="47.763686" lon="12.920595">
    <ele>447.828</ele>
    <time>2026-06-17T11:26:37Z</time>
   </trkpt>
   <trkpt lat="47.763619" lon="12.920481">
    <ele>448.445</ele>
    <time>2026-06-17T11:26:39Z</time>
   </trkpt>
   <trkpt lat="47.763420" lon="12.920069">
    <ele>447.832</ele>
    <time>2026-06-17T11:26:46Z</time>
   </trkpt>
   <trkpt lat="47.763268" lon="12.919614">
    <ele>446.664</ele>
    <time>2026-06-17T11:26:53Z</time>
   </trkpt>
   <trkpt lat="47.762987" lon="12.919609">
    <ele>451.446</ele>
    <time>2026-06-17T11:27:02Z</time>
   </trkpt>
   <trkpt lat="47.762786" lon="12.919807">
    <ele>456.460</ele>
    <time>2026-06-17T11:27:11Z</time>
   </trkpt>
   <trkpt lat="47.762483" lon="12.920190">
    <ele>460.087</ele>
    <time>2026-06-17T11:27:27Z</time>
   </trkpt>
   <trkpt lat="47.762479" lon="12.920195">
    <ele>459.511</ele>
    <time>2026-06-17T11:27:46Z</time>
   </trkpt>
   <trkpt lat="47.762334" lon="12.920385">
    <ele>459.357</ele>
    <time>2026-06-17T11:28:02Z</time>
   </trkpt>
   <trkpt lat="47.761949" lon="12.920893">
    <ele>455.822</ele>
    <time>2026-06-17T11:28:18Z</time>
   </trkpt>
   <trkpt lat="47.761919" lon="12.920914">
    <ele>454.951</ele>
    <time>2026-06-17T11:28:19Z</time>
   </trkpt>
   <trkpt lat="47.761797" lon="12.920800">
    <ele>452.121</ele>
    <time>2026-06-17T11:28:23Z</time>
   </trkpt>
   <trkpt lat="47.761359" lon="12.920246">
    <ele>450.357</ele>
    <time>2026-06-17T11:28:35Z</time>
   </trkpt>
   <trkpt lat="47.761170" lon="12.920015">
    <ele>451.215</ele>
    <time>2026-06-17T11:28:40Z</time>
   </trkpt>
   <trkpt lat="47.761029" lon="12.919836">
    <ele>451.768</ele>
    <time>2026-06-17T11:28:44Z</time>
   </trkpt>
   <trkpt lat="47.760755" lon="12.919433">
    <ele>453.516</ele>
    <time>2026-06-17T11:28:53Z</time>
   </trkpt>
   <trkpt lat="47.760457" lon="12.919034">
    <ele>453.177</ele>
    <time>2026-06-17T11:29:02Z</time>
   </trkpt>
   <trkpt lat="47.759988" lon="12.918495">
    <ele>452.604</ele>
    <time>2026-06-17T11:29:13Z</time>
   </trkpt>
   <trkpt lat="47.759953" lon="12.918455">
    <ele>452.297</ele>
    <time>2026-06-17T11:29:14Z</time>
   </trkpt>
   <trkpt lat="47.759558" lon="12.917986">
    <ele>453.429</ele>
    <time>2026-06-17T11:29:25Z</time>
   </trkpt>
   <trkpt lat="47.759348" lon="12.917762">
    <ele>453.225</ele>
    <time>2026-06-17T11:29:30Z</time>
   </trkpt>
   <trkpt lat="47.759013" lon="12.917366">
    <ele>451.825</ele>
    <time>2026-06-17T11:29:38Z</time>
   </trkpt>
   <trkpt lat="47.758543" lon="12.916828">
    <ele>452.321</ele>
    <time>2026-06-17T11:29:49Z</time>
   </trkpt>
   <trkpt lat="47.758047" lon="12.916169">
    <ele>452.326</ele>
    <time>2026-06-17T11:30:01Z</time>
   </trkpt>
   <trkpt lat="47.757446" lon="12.915476">
    <ele>460.478</ele>
    <time>2026-06-17T11:30:15Z</time>
   </trkpt>
   <trkpt lat="47.757172" lon="12.915136">
    <ele>461.362</ele>
    <time>2026-06-17T11:30:22Z</time>
   </trkpt>
   <trkpt lat="47.756774" lon="12.914664">
    <ele>462.459</ele>
    <time>2026-06-17T11:30:31Z</time>
   </trkpt>
   <trkpt lat="47.756382" lon="12.914191">
    <ele>462.280</ele>
    <time>2026-06-17T11:30:40Z</time>
   </trkpt>
   <trkpt lat="47.756236" lon="12.914000">
    <ele>460.570</ele>
    <time>2026-06-17T11:30:44Z</time>
   </trkpt>
   <trkpt lat="47.756079" lon="12.913774">
    <ele>457.469</ele>
    <time>2026-06-17T11:30:48Z</time>
   </trkpt>
   <trkpt lat="47.755915" lon="12.913590">
    <ele>457.243</ele>
    <time>2026-06-17T11:30:52Z</time>
   </trkpt>
   <trkpt lat="47.755720" lon="12.913718">
    <ele>456.932</ele>
    <time>2026-06-17T11:30:58Z</time>
   </trkpt>
   <trkpt lat="47.755652" lon="12.913842">
    <ele>455.541</ele>
    <time>2026-06-17T11:31:00Z</time>
   </trkpt>
   <trkpt lat="47.754908" lon="12.914989">
    <ele>459.649</ele>
    <time>2026-06-17T11:31:19Z</time>
   </trkpt>
   <trkpt lat="47.754766" lon="12.915233">
    <ele>459.432</ele>
    <time>2026-06-17T11:31:23Z</time>
   </trkpt>
   <trkpt lat="47.754328" lon="12.915978">
    <ele>456.086</ele>
    <time>2026-06-17T11:31:36Z</time>
   </trkpt>
   <trkpt lat="47.754297" lon="12.916043">
    <ele>456.673</ele>
    <time>2026-06-17T11:31:37Z</time>
   </trkpt>
   <trkpt lat="47.754079" lon="12.916471">
    <ele>456.835</ele>
    <time>2026-06-17T11:31:44Z</time>
   </trkpt>
   <trkpt lat="47.753779" lon="12.916967">
    <ele>464.223</ele>
    <time>2026-06-17T11:31:57Z</time>
   </trkpt>
   <trkpt lat="47.753628" lon="12.917144">
    <ele>465.958</ele>
    <time>2026-06-17T11:32:08Z</time>
   </trkpt>
   <trkpt lat="47.753471" lon="12.917388">
    <ele>465.862</ele>
    <time>2026-06-17T11:32:15Z</time>
   </trkpt>
   <trkpt lat="47.753400" lon="12.917660">
    <ele>464.091</ele>
    <time>2026-06-17T11:32:20Z</time>
   </trkpt>
   <trkpt lat="47.753545" lon="12.917949">
    <ele>460.377</ele>
    <time>2026-06-17T11:32:28Z</time>
   </trkpt>
   <trkpt lat="47.753373" lon="12.917930">
    <ele>462.700</ele>
    <time>2026-06-17T11:32:35Z</time>
   </trkpt>
   <trkpt lat="47.753347" lon="12.917959">
    <ele>462.486</ele>
    <time>2026-06-17T11:32:36Z</time>
   </trkpt>
   <trkpt lat="47.752764" lon="12.918512">
    <ele>464.157</ele>
    <time>2026-06-17T11:32:53Z</time>
   </trkpt>
   <trkpt lat="47.752246" lon="12.919105">
    <ele>464.841</ele>
    <time>2026-06-17T11:33:08Z</time>
   </trkpt>
   <trkpt lat="47.752100" lon="12.919235">
    <ele>465.406</ele>
    <time>2026-06-17T11:33:12Z</time>
   </trkpt>
   <trkpt lat="47.751904" lon="12.919319">
    <ele>464.999</ele>
    <time>2026-06-17T11:33:17Z</time>
   </trkpt>
   <trkpt lat="47.751026" lon="12.919702">
    <ele>465.625</ele>
    <time>2026-06-17T11:33:41Z</time>
   </trkpt>
   <trkpt lat="47.750709" lon="12.919832">
    <ele>467.663</ele>
    <time>2026-06-17T11:33:51Z</time>
   </trkpt>
   <trkpt lat="47.750677" lon="12.920076">
    <ele>467.380</ele>
    <time>2026-06-17T11:33:56Z</time>
   </trkpt>
   <trkpt lat="47.750715" lon="12.920344">
    <ele>467.652</ele>
    <time>2026-06-17T11:34:00Z</time>
   </trkpt>
   <trkpt lat="47.750990" lon="12.921749">
    <ele>467.790</ele>
    <time>2026-06-17T11:34:18Z</time>
   </trkpt>
   <trkpt lat="47.751377" lon="12.923718">
    <ele>469.222</ele>
    <time>2026-06-17T11:34:42Z</time>
   </trkpt>
   <trkpt lat="47.751222" lon="12.924826">
    <ele>470.718</ele>
    <time>2026-06-17T11:34:57Z</time>
   </trkpt>
   <trkpt lat="47.750673" lon="12.925743">
    <ele>473.219</ele>
    <time>2026-06-17T11:35:14Z</time>
   </trkpt>
   <trkpt lat="47.750336" lon="12.926680">
    <ele>473.114</ele>
    <time>2026-06-17T11:35:30Z</time>
   </trkpt>
   <trkpt lat="47.750205" lon="12.927380">
    <ele>473.683</ele>
    <time>2026-06-17T11:35:41Z</time>
   </trkpt>
   <trkpt lat="47.750067" lon="12.928205">
    <ele>474.076</ele>
    <time>2026-06-17T11:35:54Z</time>
   </trkpt>
   <trkpt lat="47.750054" lon="12.928335">
    <ele>473.999</ele>
    <time>2026-06-17T11:35:56Z</time>
   </trkpt>
   <trkpt lat="47.750062" lon="12.928531">
    <ele>474.022</ele>
    <time>2026-06-17T11:35:59Z</time>
   </trkpt>
   <trkpt lat="47.750197" lon="12.929083">
    <ele>474.525</ele>
    <time>2026-06-17T11:36:07Z</time>
   </trkpt>
   <trkpt lat="47.750421" lon="12.929823">
    <ele>474.918</ele>
    <time>2026-06-17T11:36:17Z</time>
   </trkpt>
   <trkpt lat="47.750423" lon="12.930059">
    <ele>474.636</ele>
    <time>2026-06-17T11:36:20Z</time>
   </trkpt>
   <trkpt lat="47.750123" lon="12.930951">
    <ele>473.178</ele>
    <time>2026-06-17T11:36:32Z</time>
   </trkpt>
   <trkpt lat="47.749954" lon="12.931148">
    <ele>477.600</ele>
    <time>2026-06-17T11:36:45Z</time>
   </trkpt>
   <trkpt lat="47.749736" lon="12.931402">
    <ele>483.639</ele>
    <time>2026-06-17T11:37:03Z</time>
   </trkpt>
   <trkpt lat="47.749372" lon="12.931960">
    <ele>488.225</ele>
    <time>2026-06-17T11:37:18Z</time>
   </trkpt>
   <trkpt lat="47.749044" lon="12.932437">
    <ele>491.113</ele>
    <time>2026-06-17T11:37:34Z</time>
   </trkpt>
   <trkpt lat="47.748850" lon="12.932885">
    <ele>489.508</ele>
    <time>2026-06-17T11:37:44Z</time>
   </trkpt>
   <trkpt lat="47.748298" lon="12.933759">
    <ele>488.866</ele>
    <time>2026-06-17T11:38:01Z</time>
   </trkpt>
   <trkpt lat="47.748190" lon="12.933906">
    <ele>488.970</ele>
    <time>2026-06-17T11:38:04Z</time>
   </trkpt>
   <trkpt lat="47.748148" lon="12.933955">
    <ele>488.980</ele>
    <time>2026-06-17T11:38:08Z</time>
   </trkpt>
   <trkpt lat="47.747911" lon="12.934099">
    <ele>488.542</ele>
    <time>2026-06-17T11:38:11Z</time>
   </trkpt>
   <trkpt lat="47.747782" lon="12.934197">
    <ele>488.306</ele>
    <time>2026-06-17T11:38:14Z</time>
   </trkpt>
   <trkpt lat="47.747521" lon="12.934458">
    <ele>488.222</ele>
    <time>2026-06-17T11:38:20Z</time>
   </trkpt>
   <trkpt lat="47.747458" lon="12.934588">
    <ele>489.005</ele>
    <time>2026-06-17T11:38:23Z</time>
   </trkpt>
   <trkpt lat="47.747376" lon="12.934824">
    <ele>488.185</ele>
    <time>2026-06-17T11:38:27Z</time>
   </trkpt>
   <trkpt lat="47.747066" lon="12.935619">
    <ele>495.876</ele>
    <time>2026-06-17T11:38:41Z</time>
   </trkpt>
   <trkpt lat="47.747033" lon="12.935783">
    <ele>495.928</ele>
    <time>2026-06-17T11:38:46Z</time>
   </trkpt>
   <trkpt lat="47.747033" lon="12.935801">
    <ele>494.718</ele>
    <time>2026-06-17T11:38:52Z</time>
   </trkpt>
   <trkpt lat="47.746947" lon="12.936037">
    <ele>495.092</ele>
    <time>2026-06-17T11:38:55Z</time>
   </trkpt>
   <trkpt lat="47.747414" lon="12.936799">
    <ele>491.622</ele>
    <time>2026-06-17T11:39:06Z</time>
   </trkpt>
   <trkpt lat="47.747559" lon="12.937044">
    <ele>491.081</ele>
    <time>2026-06-17T11:39:09Z</time>
   </trkpt>
   <trkpt lat="47.748188" lon="12.938210">
    <ele>489.083</ele>
    <time>2026-06-17T11:39:24Z</time>
   </trkpt>
   <trkpt lat="47.748694" lon="12.939682">
    <ele>488.332</ele>
    <time>2026-06-17T11:39:42Z</time>
   </trkpt>
   <trkpt lat="47.748830" lon="12.940425">
    <ele>487.704</ele>
    <time>2026-06-17T11:39:50Z</time>
   </trkpt>
   <trkpt lat="47.749119" lon="12.941822">
    <ele>484.811</ele>
    <time>2026-06-17T11:40:05Z</time>
   </trkpt>
   <trkpt lat="47.749595" lon="12.942884">
    <ele>483.773</ele>
    <time>2026-06-17T11:40:18Z</time>
   </trkpt>
   <trkpt lat="47.749681" lon="12.943017">
    <ele>483.933</ele>
    <time>2026-06-17T11:40:20Z</time>
   </trkpt>
   <trkpt lat="47.750078" lon="12.943502">
    <ele>485.984</ele>
    <time>2026-06-17T11:40:29Z</time>
   </trkpt>
   <trkpt lat="47.750600" lon="12.943996">
    <ele>486.886</ele>
    <time>2026-06-17T11:40:40Z</time>
   </trkpt>
   <trkpt lat="47.751353" lon="12.944314">
    <ele>484.767</ele>
    <time>2026-06-17T11:40:55Z</time>
   </trkpt>
   <trkpt lat="47.752125" lon="12.944448">
    <ele>484.696</ele>
    <time>2026-06-17T11:41:09Z</time>
   </trkpt>
   <trkpt lat="47.752352" lon="12.944326">
    <ele>483.791</ele>
    <time>2026-06-17T11:41:13Z</time>
   </trkpt>
   <trkpt lat="47.753164" lon="12.944342">
    <ele>483.957</ele>
    <time>2026-06-17T11:41:26Z</time>
   </trkpt>
   <trkpt lat="47.753920" lon="12.944432">
    <ele>485.671</ele>
    <time>2026-06-17T11:41:42Z</time>
   </trkpt>
   <trkpt lat="47.754790" lon="12.944582">
    <ele>486.268</ele>
    <time>2026-06-17T11:42:01Z</time>
   </trkpt>
   <trkpt lat="47.755406" lon="12.944703">
    <ele>485.968</ele>
    <time>2026-06-17T11:42:14Z</time>
   </trkpt>
   <trkpt lat="47.755653" lon="12.944752">
    <ele>485.536</ele>
    <time>2026-06-17T11:42:19Z</time>
   </trkpt>
   <trkpt lat="47.756447" lon="12.944908">
    <ele>483.942</ele>
    <time>2026-06-17T11:42:34Z</time>
   </trkpt>
   <trkpt lat="47.757120" lon="12.945041">
    <ele>482.596</ele>
    <time>2026-06-17T11:42:46Z</time>
   </trkpt>
   <trkpt lat="47.757324" lon="12.945136">
    <ele>482.232</ele>
    <time>2026-06-17T11:42:50Z</time>
   </trkpt>
   <trkpt lat="47.757550" lon="12.945155">
    <ele>481.992</ele>
    <time>2026-06-17T11:42:54Z</time>
   </trkpt>
   <trkpt lat="47.758161" lon="12.945207">
    <ele>480.634</ele>
    <time>2026-06-17T11:43:04Z</time>
   </trkpt>
   <trkpt lat="47.758430" lon="12.945237">
    <ele>479.836</ele>
    <time>2026-06-17T11:43:08Z</time>
   </trkpt>
   <trkpt lat="47.759497" lon="12.945511">
    <ele>481.135</ele>
    <time>2026-06-17T11:43:26Z</time>
   </trkpt>
   <trkpt lat="47.760200" lon="12.945901">
    <ele>482.451</ele>
    <time>2026-06-17T11:43:45Z</time>
   </trkpt>
   <trkpt lat="47.761303" lon="12.946904">
    <ele>480.748</ele>
    <time>2026-06-17T11:44:09Z</time>
   </trkpt>
   <trkpt lat="47.761770" lon="12.947362">
    <ele>477.626</ele>
    <time>2026-06-17T11:44:18Z</time>
   </trkpt>
   <trkpt lat="47.762106" lon="12.947626">
    <ele>475.456</ele>
    <time>2026-06-17T11:44:24Z</time>
   </trkpt>
   <trkpt lat="47.762308" lon="12.947708">
    <ele>474.578</ele>
    <time>2026-06-17T11:44:27Z</time>
   </trkpt>
   <trkpt lat="47.763173" lon="12.948704">
    <ele>474.845</ele>
    <time>2026-06-17T11:44:43Z</time>
   </trkpt>
   <trkpt lat="47.764144" lon="12.950068">
    <ele>473.721</ele>
    <time>2026-06-17T11:45:03Z</time>
   </trkpt>
   <trkpt lat="47.764756" lon="12.950867">
    <ele>470.122</ele>
    <time>2026-06-17T11:45:16Z</time>
   </trkpt>
   <trkpt lat="47.765409" lon="12.951646">
    <ele>467.584</ele>
    <time>2026-06-17T11:45:28Z</time>
   </trkpt>
   <trkpt lat="47.765997" lon="12.952300">
    <ele>461.977</ele>
    <time>2026-06-17T11:45:38Z</time>
   </trkpt>
   <trkpt lat="47.766441" lon="12.952813">
    <ele>456.301</ele>
    <time>2026-06-17T11:45:44Z</time>
   </trkpt>
   <trkpt lat="47.767301" lon="12.953808">
    <ele>448.665</ele>
    <time>2026-06-17T11:45:54Z</time>
   </trkpt>
   <trkpt lat="47.767786" lon="12.954322">
    <ele>445.346</ele>
    <time>2026-06-17T11:46:00Z</time>
   </trkpt>
   <trkpt lat="47.767888" lon="12.954816">
    <ele>444.119</ele>
    <time>2026-06-17T11:46:05Z</time>
   </trkpt>
   <trkpt lat="47.767505" lon="12.955891">
    <ele>440.111</ele>
    <time>2026-06-17T11:46:17Z</time>
   </trkpt>
   <trkpt lat="47.767521" lon="12.956502">
    <ele>436.307</ele>
    <time>2026-06-17T11:46:23Z</time>
   </trkpt>
   <trkpt lat="47.768215" lon="12.957653">
    <ele>438.336</ele>
    <time>2026-06-17T11:46:36Z</time>
   </trkpt>
   <trkpt lat="47.768532" lon="12.958827">
    <ele>440.392</ele>
    <time>2026-06-17T11:46:49Z</time>
   </trkpt>
   <trkpt lat="47.768437" lon="12.959230">
    <ele>440.762</ele>
    <time>2026-06-17T11:46:54Z</time>
   </trkpt>
   <trkpt lat="47.767961" lon="12.960413">
    <ele>443.152</ele>
    <time>2026-06-17T11:47:09Z</time>
   </trkpt>
   <trkpt lat="47.767660" lon="12.961495">
    <ele>442.790</ele>
    <time>2026-06-17T11:47:22Z</time>
   </trkpt>
   <trkpt lat="47.767596" lon="12.961724">
    <ele>442.119</ele>
    <time>2026-06-17T11:47:25Z</time>
   </trkpt>
   <trkpt lat="47.767518" lon="12.962004">
    <ele>441.618</ele>
    <time>2026-06-17T11:47:29Z</time>
   </trkpt>
   <trkpt lat="47.767440" lon="12.962319">
    <ele>440.070</ele>
    <time>2026-06-17T11:47:33Z</time>
   </trkpt>
   <trkpt lat="47.767309" lon="12.962957">
    <ele>441.643</ele>
    <time>2026-06-17T11:47:40Z</time>
   </trkpt>
   <trkpt lat="47.767336" lon="12.963454">
    <ele>443.114</ele>
    <time>2026-06-17T11:47:45Z</time>
   </trkpt>
   <trkpt lat="47.767452" lon="12.963880">
    <ele>444.187</ele>
    <time>2026-06-17T11:47:50Z</time>
   </trkpt>
   <trkpt lat="47.767434" lon="12.964315">
    <ele>443.620</ele>
    <time>2026-06-17T11:47:55Z</time>
   </trkpt>
   <trkpt lat="47.767380" lon="12.964667">
    <ele>443.960</ele>
    <time>2026-06-17T11:47:59Z</time>
   </trkpt>
   <trkpt lat="47.766834" lon="12.965421">
    <ele>444.605</ele>
    <time>2026-06-17T11:48:12Z</time>
   </trkpt>
   <trkpt lat="47.766516" lon="12.965790">
    <ele>444.851</ele>
    <time>2026-06-17T11:48:19Z</time>
   </trkpt>
   <trkpt lat="47.766384" lon="12.966164">
    <ele>445.053</ele>
    <time>2026-06-17T11:48:24Z</time>
   </trkpt>
   <trkpt lat="47.766366" lon="12.966292">
    <ele>444.810</ele>
    <time>2026-06-17T11:48:26Z</time>
   </trkpt>
   <trkpt lat="47.766153" lon="12.966508">
    <ele>443.880</ele>
    <time>2026-06-17T11:48:30Z</time>
   </trkpt>
   <trkpt lat="47.764822" lon="12.967488">
    <ele>443.441</ele>
    <time>2026-06-17T11:48:55Z</time>
   </trkpt>
   <trkpt lat="47.764624" lon="12.967633">
    <ele>444.517</ele>
    <time>2026-06-17T11:48:59Z</time>
   </trkpt>
   <trkpt lat="47.764633" lon="12.968045">
    <ele>444.884</ele>
    <time>2026-06-17T11:49:05Z</time>
   </trkpt>
   <trkpt lat="47.765026" lon="12.969669">
    <ele>442.024</ele>
    <time>2026-06-17T11:49:24Z</time>
   </trkpt>
   <trkpt lat="47.765075" lon="12.969941">
    <ele>442.155</ele>
    <time>2026-06-17T11:49:27Z</time>
   </trkpt>
   <trkpt lat="47.765008" lon="12.970666">
    <ele>442.172</ele>
    <time>2026-06-17T11:49:35Z</time>
   </trkpt>
   <trkpt lat="47.764516" lon="12.972507">
    <ele>441.237</ele>
    <time>2026-06-17T11:49:56Z</time>
   </trkpt>
   <trkpt lat="47.764124" lon="12.973904">
    <ele>441.190</ele>
    <time>2026-06-17T11:50:12Z</time>
   </trkpt>
   <trkpt lat="47.763647" lon="12.974830">
    <ele>441.435</ele>
    <time>2026-06-17T11:50:25Z</time>
   </trkpt>
   <trkpt lat="47.762674" lon="12.976245">
    <ele>440.983</ele>
    <time>2026-06-17T11:50:48Z</time>
   </trkpt>
   <trkpt lat="47.762078" lon="12.977335">
    <ele>441.870</ele>
    <time>2026-06-17T11:51:03Z</time>
   </trkpt>
   <trkpt lat="47.761782" lon="12.977588">
    <ele>442.741</ele>
    <time>2026-06-17T11:51:09Z</time>
   </trkpt>
   <trkpt lat="47.761538" lon="12.977793">
    <ele>443.330</ele>
    <time>2026-06-17T11:51:15Z</time>
   </trkpt>
   <trkpt lat="47.761070" lon="12.979034">
    <ele>443.198</ele>
    <time>2026-06-17T11:51:31Z</time>
   </trkpt>
   <trkpt lat="47.760670" lon="12.980105">
    <ele>443.482</ele>
    <time>2026-06-17T11:51:45Z</time>
   </trkpt>
   <trkpt lat="47.760455" lon="12.980943">
    <ele>443.689</ele>
    <time>2026-06-17T11:51:57Z</time>
   </trkpt>
   <trkpt lat="47.760488" lon="12.980942">
    <ele>443.503</ele>
    <time>2026-06-17T11:52:08Z</time>
   </trkpt>
   <trkpt lat="47.760489" lon="12.980924">
    <ele>443.648</ele>
    <time>2026-06-17T11:52:11Z</time>
   </trkpt>
   <trkpt lat="47.760542" lon="12.980700">
    <ele>442.035</ele>
    <time>2026-06-17T11:52:25Z</time>
   </trkpt>
   <trkpt lat="47.760517" lon="12.980719">
    <ele>442.264</ele>
    <time>2026-06-17T11:53:02Z</time>
   </trkpt>
   <trkpt lat="47.760510" lon="12.980755">
    <ele>443.006</ele>
    <time>2026-06-17T11:53:25Z</time>
   </trkpt>
   <trkpt lat="47.760418" lon="12.981217">
    <ele>443.662</ele>
    <time>2026-06-17T11:53:37Z</time>
   </trkpt>
   <trkpt lat="47.760068" lon="12.982277">
    <ele>443.875</ele>
    <time>2026-06-17T11:53:56Z</time>
   </trkpt>
   <trkpt lat="47.759829" lon="12.982698">
    <ele>444.035</ele>
    <time>2026-06-17T11:54:05Z</time>
   </trkpt>
   <trkpt lat="47.759665" lon="12.983376">
    <ele>444.481</ele>
    <time>2026-06-17T11:54:16Z</time>
   </trkpt>
   <trkpt lat="47.759574" lon="12.983798">
    <ele>443.493</ele>
    <time>2026-06-17T11:54:23Z</time>
   </trkpt>
   <trkpt lat="47.759495" lon="12.984168">
    <ele>442.370</ele>
    <time>2026-06-17T11:54:29Z</time>
   </trkpt>
   <trkpt lat="47.759257" lon="12.984888">
    <ele>444.355</ele>
    <time>2026-06-17T11:54:41Z</time>
   </trkpt>
   <trkpt lat="47.758802" lon="12.985368">
    <ele>443.031</ele>
    <time>2026-06-17T11:54:55Z</time>
   </trkpt>
   <trkpt lat="47.758057" lon="12.985695">
    <ele>445.823</ele>
    <time>2026-06-17T11:55:14Z</time>
   </trkpt>
   <trkpt lat="47.757527" lon="12.985989">
    <ele>450.330</ele>
    <time>2026-06-17T11:55:30Z</time>
   </trkpt>
   <trkpt lat="47.757029" lon="12.986351">
    <ele>448.880</ele>
    <time>2026-06-17T11:55:47Z</time>
   </trkpt>
   <trkpt lat="47.756510" lon="12.986818">
    <ele>451.134</ele>
    <time>2026-06-17T11:56:02Z</time>
   </trkpt>
   <trkpt lat="47.756142" lon="12.987218">
    <ele>453.148</ele>
    <time>2026-06-17T11:56:13Z</time>
   </trkpt>
   <trkpt lat="47.755830" lon="12.987660">
    <ele>457.435</ele>
    <time>2026-06-17T11:56:27Z</time>
   </trkpt>
   <trkpt lat="47.755775" lon="12.987701">
    <ele>458.407</ele>
    <time>2026-06-17T11:56:30Z</time>
   </trkpt>
   <trkpt lat="47.755775" lon="12.987701">
    <ele>459.305</ele>
    <time>2026-06-17T11:56:32Z</time>
   </trkpt>
   <trkpt lat="47.755563" lon="12.987863">
    <ele>465.782</ele>
    <time>2026-06-17T11:56:45Z</time>
   </trkpt>
   <trkpt lat="47.755461" lon="12.987940">
    <ele>469.449</ele>
    <time>2026-06-17T11:56:52Z</time>
   </trkpt>
   <trkpt lat="47.755114" lon="12.988191">
    <ele>475.075</ele>
    <time>2026-06-17T11:57:07Z</time>
   </trkpt>
   <trkpt lat="47.754692" lon="12.988588">
    <ele>479.046</ele>
    <time>2026-06-17T11:57:22Z</time>
   </trkpt>
   <trkpt lat="47.754336" lon="12.988891">
    <ele>477.813</ele>
    <time>2026-06-17T11:57:36Z</time>
   </trkpt>
   <trkpt lat="47.754289" lon="12.988959">
    <ele>476.236</ele>
    <time>2026-06-17T11:57:39Z</time>
   </trkpt>
   <trkpt lat="47.754247" lon="12.989027">
    <ele>475.280</ele>
    <time>2026-06-17T11:57:42Z</time>
   </trkpt>
   <trkpt lat="47.754182" lon="12.989133">
    <ele>474.006</ele>
    <time>2026-06-17T11:57:47Z</time>
   </trkpt>
   <trkpt lat="47.754146" lon="12.989191">
    <ele>473.564</ele>
    <time>2026-06-17T11:57:50Z</time>
   </trkpt>
   <trkpt lat="47.754093" lon="12.989245">
    <ele>472.486</ele>
    <time>2026-06-17T11:57:58Z</time>
   </trkpt>
   <trkpt lat="47.753835" lon="12.989469">
    <ele>468.928</ele>
    <time>2026-06-17T11:58:08Z</time>
   </trkpt>
   <trkpt lat="47.753502" lon="12.989783">
    <ele>465.334</ele>
    <time>2026-06-17T11:58:22Z</time>
   </trkpt>
   <trkpt lat="47.753361" lon="12.989929">
    <ele>462.848</ele>
    <time>2026-06-17T11:58:29Z</time>
   </trkpt>
   <trkpt lat="47.753097" lon="12.990203">
    <ele>461.723</ele>
    <time>2026-06-17T11:58:37Z</time>
   </trkpt>
   <trkpt lat="47.752657" lon="12.990608">
    <ele>461.564</ele>
    <time>2026-06-17T11:58:46Z</time>
   </trkpt>
   <trkpt lat="47.752485" lon="12.990788">
    <ele>461.173</ele>
    <time>2026-06-17T11:58:49Z</time>
   </trkpt>
   <trkpt lat="47.752224" lon="12.991070">
    <ele>460.858</ele>
    <time>2026-06-17T11:58:54Z</time>
   </trkpt>
   <trkpt lat="47.751849" lon="12.991485">
    <ele>458.808</ele>
    <time>2026-06-17T11:59:01Z</time>
   </trkpt>
   <trkpt lat="47.751653" lon="12.991807">
    <ele>454.181</ele>
    <time>2026-06-17T11:59:04Z</time>
   </trkpt>
   <trkpt lat="47.751529" lon="12.992213">
    <ele>448.492</ele>
    <time>2026-06-17T11:59:07Z</time>
   </trkpt>
   <trkpt lat="47.751410" lon="12.992642">
    <ele>447.922</ele>
    <time>2026-06-17T11:59:11Z</time>
   </trkpt>
   <trkpt lat="47.751231" lon="12.993115">
    <ele>448.958</ele>
    <time>2026-06-17T11:59:14Z</time>
   </trkpt>
   <trkpt lat="47.750852" lon="12.993715">
    <ele>448.258</ele>
    <time>2026-06-17T11:59:23Z</time>
   </trkpt>
   <trkpt lat="47.750545" lon="12.994104">
    <ele>448.245</ele>
    <time>2026-06-17T11:59:33Z</time>
   </trkpt>
   <trkpt lat="47.750371" lon="12.994326">
    <ele>449.536</ele>
    <time>2026-06-17T11:59:38Z</time>
   </trkpt>
   <trkpt lat="47.750242" lon="12.994539">
    <ele>449.101</ele>
    <time>2026-06-17T11:59:47Z</time>
   </trkpt>
   <trkpt lat="47.750208" lon="12.994616">
    <ele>446.003</ele>
    <time>2026-06-17T11:59:56Z</time>
   </trkpt>
   <trkpt lat="47.749556" lon="12.995431">
    <ele>444.148</ele>
    <time>2026-06-17T12:00:10Z</time>
   </trkpt>
   <trkpt lat="47.749389" lon="12.995849">
    <ele>443.329</ele>
    <time>2026-06-17T12:00:16Z</time>
   </trkpt>
   <trkpt lat="47.749196" lon="12.996277">
    <ele>442.393</ele>
    <time>2026-06-17T12:00:22Z</time>
   </trkpt>
   <trkpt lat="47.749135" lon="12.996612">
    <ele>442.520</ele>
    <time>2026-06-17T12:00:26Z</time>
   </trkpt>
   <trkpt lat="47.749081" lon="12.997131">
    <ele>443.265</ele>
    <time>2026-06-17T12:00:32Z</time>
   </trkpt>
   <trkpt lat="47.748854" lon="12.997787">
    <ele>442.578</ele>
    <time>2026-06-17T12:00:41Z</time>
   </trkpt>
   <trkpt lat="47.748658" lon="12.998445">
    <ele>442.430</ele>
    <time>2026-06-17T12:00:50Z</time>
   </trkpt>
   <trkpt lat="47.748593" lon="12.998815">
    <ele>443.085</ele>
    <time>2026-06-17T12:00:55Z</time>
   </trkpt>
   <trkpt lat="47.748565" lon="12.999049">
    <ele>443.464</ele>
    <time>2026-06-17T12:00:58Z</time>
   </trkpt>
   <trkpt lat="47.748135" lon="13.000053">
    <ele>442.544</ele>
    <time>2026-06-17T12:01:12Z</time>
   </trkpt>
   <trkpt lat="47.747934" lon="13.000388">
    <ele>441.935</ele>
    <time>2026-06-17T12:01:22Z</time>
   </trkpt>
   <trkpt lat="47.747891" lon="13.001161">
    <ele>443.113</ele>
    <time>2026-06-17T12:01:33Z</time>
   </trkpt>
   <trkpt lat="47.747891" lon="13.001161">
    <ele>443.290</ele>
    <time>2026-06-17T12:01:34Z</time>
   </trkpt>
   <trkpt lat="47.747891" lon="13.001483">
    <ele>442.238</ele>
    <time>2026-06-17T12:01:39Z</time>
   </trkpt>
   <trkpt lat="47.747891" lon="13.001546">
    <ele>442.171</ele>
    <time>2026-06-17T12:01:43Z</time>
   </trkpt>
   <trkpt lat="47.747877" lon="13.001735">
    <ele>443.780</ele>
    <time>2026-06-17T12:01:49Z</time>
   </trkpt>
   <trkpt lat="47.747845" lon="13.001971">
    <ele>444.494</ele>
    <time>2026-06-17T12:01:53Z</time>
   </trkpt>
   <trkpt lat="47.747816" lon="13.002148">
    <ele>445.124</ele>
    <time>2026-06-17T12:01:57Z</time>
   </trkpt>
   <trkpt lat="47.747710" lon="13.002561">
    <ele>445.630</ele>
    <time>2026-06-17T12:02:02Z</time>
   </trkpt>
   <trkpt lat="47.747350" lon="13.003806">
    <ele>442.296</ele>
    <time>2026-06-17T12:02:18Z</time>
   </trkpt>
   <trkpt lat="47.747342" lon="13.003834">
    <ele>441.899</ele>
    <time>2026-06-17T12:02:20Z</time>
   </trkpt>
   <trkpt lat="47.747359" lon="13.003777">
    <ele>441.522</ele>
    <time>2026-06-17T12:02:24Z</time>
   </trkpt>
   <trkpt lat="47.747475" lon="13.003392">
    <ele>439.928</ele>
    <time>2026-06-17T12:02:36Z</time>
   </trkpt>
   <trkpt lat="47.747475" lon="13.003392">
    <ele>440.107</ele>
    <time>2026-06-17T12:02:51Z</time>
   </trkpt>
   <trkpt lat="47.747344" lon="13.003826">
    <ele>440.132</ele>
    <time>2026-06-17T12:03:02Z</time>
   </trkpt>
   <trkpt lat="47.747097" lon="13.005185">
    <ele>441.753</ele>
    <time>2026-06-17T12:03:24Z</time>
   </trkpt>
   <trkpt lat="47.747062" lon="13.006413">
    <ele>445.740</ele>
    <time>2026-06-17T12:03:46Z</time>
   </trkpt>
   <trkpt lat="47.747095" lon="13.007108">
    <ele>446.897</ele>
    <time>2026-06-17T12:04:00Z</time>
   </trkpt>
   <trkpt lat="47.747135" lon="13.008104">
    <ele>446.419</ele>
    <time>2026-06-17T12:04:13Z</time>
   </trkpt>
   <trkpt lat="47.747151" lon="13.008493">
    <ele>445.904</ele>
    <time>2026-06-17T12:04:18Z</time>
   </trkpt>
   <trkpt lat="47.747214" lon="13.010108">
    <ele>448.935</ele>
    <time>2026-06-17T12:04:39Z</time>
   </trkpt>
   <trkpt lat="47.747380" lon="13.012106">
    <ele>446.656</ele>
    <time>2026-06-17T12:05:04Z</time>
   </trkpt>
   <trkpt lat="47.747415" lon="13.012178">
    <ele>446.482</ele>
    <time>2026-06-17T12:05:05Z</time>
   </trkpt>
   <trkpt lat="47.747827" lon="13.012726">
    <ele>445.079</ele>
    <time>2026-06-17T12:05:14Z</time>
   </trkpt>
   <trkpt lat="47.748116" lon="13.012810">
    <ele>443.707</ele>
    <time>2026-06-17T12:05:18Z</time>
   </trkpt>
   <trkpt lat="47.748728" lon="13.012836">
    <ele>441.216</ele>
    <time>2026-06-17T12:05:27Z</time>
   </trkpt>
   <trkpt lat="47.748979" lon="13.012847">
    <ele>440.969</ele>
    <time>2026-06-17T12:05:31Z</time>
   </trkpt>
   <trkpt lat="47.749155" lon="13.012854">
    <ele>440.579</ele>
    <time>2026-06-17T12:05:38Z</time>
   </trkpt>
   <trkpt lat="47.749155" lon="13.012854">
    <ele>440.618</ele>
    <time>2026-06-17T12:05:39Z</time>
   </trkpt>
   <trkpt lat="47.749586" lon="13.013048">
    <ele>439.669</ele>
    <time>2026-06-17T12:05:48Z</time>
   </trkpt>
   <trkpt lat="47.749586" lon="13.013048">
    <ele>439.589</ele>
    <time>2026-06-17T12:07:10Z</time>
   </trkpt>
   <trkpt lat="47.749423" lon="13.012925">
    <ele>439.808</ele>
    <time>2026-06-17T12:07:19Z</time>
   </trkpt>
   <trkpt lat="47.749502" lon="13.012972">
    <ele>439.139</ele>
    <time>2026-06-17T12:07:22Z</time>
   </trkpt>
   <trkpt lat="47.749586" lon="13.013370">
    <ele>438.791</ele>
    <time>2026-06-17T12:07:28Z</time>
   </trkpt>
   <trkpt lat="47.749401" lon="13.014857">
    <ele>439.259</ele>
    <time>2026-06-17T12:07:45Z</time>
   </trkpt>
   <trkpt lat="47.749013" lon="13.016453">
    <ele>438.391</ele>
    <time>2026-06-17T12:08:03Z</time>
   </trkpt>
   <trkpt lat="47.748925" lon="13.016708">
    <ele>438.430</ele>
    <time>2026-06-17T12:08:06Z</time>
   </trkpt>
   <trkpt lat="47.748796" lon="13.016940">
    <ele>438.295</ele>
    <time>2026-06-17T12:08:09Z</time>
   </trkpt>
   <trkpt lat="47.748093" lon="13.017773">
    <ele>438.765</ele>
    <time>2026-06-17T12:08:24Z</time>
   </trkpt>
   <trkpt lat="47.748032" lon="13.017911">
    <ele>438.617</ele>
    <time>2026-06-17T12:08:26Z</time>
   </trkpt>
   <trkpt lat="47.747805" lon="13.018747">
    <ele>438.078</ele>
    <time>2026-06-17T12:08:36Z</time>
   </trkpt>
   <trkpt lat="47.747699" lon="13.019075">
    <ele>438.318</ele>
    <time>2026-06-17T12:08:40Z</time>
   </trkpt>
   <trkpt lat="47.747728" lon="13.019418">
    <ele>438.033</ele>
    <time>2026-06-17T12:08:44Z</time>
   </trkpt>
   <trkpt lat="47.747829" lon="13.020842">
    <ele>437.686</ele>
    <time>2026-06-17T12:09:00Z</time>
   </trkpt>
   <trkpt lat="47.747969" lon="13.021886">
    <ele>438.067</ele>
    <time>2026-06-17T12:09:12Z</time>
   </trkpt>
   <trkpt lat="47.748213" lon="13.022247">
    <ele>436.350</ele>
    <time>2026-06-17T12:09:18Z</time>
   </trkpt>
   <trkpt lat="47.748633" lon="13.022505">
    <ele>434.135</ele>
    <time>2026-06-17T12:09:25Z</time>
   </trkpt>
   <trkpt lat="47.748800" lon="13.022616">
    <ele>432.717</ele>
    <time>2026-06-17T12:09:28Z</time>
   </trkpt>
   <trkpt lat="47.749207" lon="13.023017">
    <ele>434.562</ele>
    <time>2026-06-17T12:09:39Z</time>
   </trkpt>
   <trkpt lat="47.749292" lon="13.023111">
    <ele>435.866</ele>
    <time>2026-06-17T12:09:47Z</time>
   </trkpt>
   <trkpt lat="47.749347" lon="13.023170">
    <ele>436.218</ele>
    <time>2026-06-17T12:09:50Z</time>
   </trkpt>
   <trkpt lat="47.749459" lon="13.023302">
    <ele>436.346</ele>
    <time>2026-06-17T12:09:53Z</time>
   </trkpt>
   <trkpt lat="47.750340" lon="13.024330">
    <ele>436.808</ele>
    <time>2026-06-17T12:10:11Z</time>
   </trkpt>
   <trkpt lat="47.751366" lon="13.025593">
    <ele>436.335</ele>
    <time>2026-06-17T12:10:33Z</time>
   </trkpt>
   <trkpt lat="47.752084" lon="13.027017">
    <ele>436.305</ele>
    <time>2026-06-17T12:10:53Z</time>
   </trkpt>
   <trkpt lat="47.752843" lon="13.029459">
    <ele>438.022</ele>
    <time>2026-06-17T12:11:23Z</time>
   </trkpt>
   <trkpt lat="47.752917" lon="13.029891">
    <ele>438.459</ele>
    <time>2026-06-17T12:11:28Z</time>
   </trkpt>
   <trkpt lat="47.752821" lon="13.030452">
    <ele>439.290</ele>
    <time>2026-06-17T12:11:35Z</time>
   </trkpt>
   <trkpt lat="47.752730" lon="13.030657">
    <ele>439.662</ele>
    <time>2026-06-17T12:11:38Z</time>
   </trkpt>
   <trkpt lat="47.752724" lon="13.031025">
    <ele>439.747</ele>
    <time>2026-06-17T12:11:43Z</time>
   </trkpt>
   <trkpt lat="47.752865" lon="13.031696">
    <ele>438.729</ele>
    <time>2026-06-17T12:11:52Z</time>
   </trkpt>
   <trkpt lat="47.752869" lon="13.031716">
    <ele>438.296</ele>
    <time>2026-06-17T12:11:56Z</time>
   </trkpt>
   <trkpt lat="47.753015" lon="13.032121">
    <ele>438.948</ele>
    <time>2026-06-17T12:12:03Z</time>
   </trkpt>
   <trkpt lat="47.753533" lon="13.033238">
    <ele>438.986</ele>
    <time>2026-06-17T12:12:18Z</time>
   </trkpt>
   <trkpt lat="47.754312" lon="13.035075">
    <ele>438.815</ele>
    <time>2026-06-17T12:12:42Z</time>
   </trkpt>
   <trkpt lat="47.755067" lon="13.036147">
    <ele>437.744</ele>
    <time>2026-06-17T12:13:00Z</time>
   </trkpt>
   <trkpt lat="47.755218" lon="13.036341">
    <ele>437.268</ele>
    <time>2026-06-17T12:13:04Z</time>
   </trkpt>
   <trkpt lat="47.755316" lon="13.036478">
    <ele>437.433</ele>
    <time>2026-06-17T12:13:07Z</time>
   </trkpt>
   <trkpt lat="47.755549" lon="13.036963">
    <ele>437.933</ele>
    <time>2026-06-17T12:13:19Z</time>
   </trkpt>
   <trkpt lat="47.755549" lon="13.036963">
    <ele>437.859</ele>
    <time>2026-06-17T12:14:27Z</time>
   </trkpt>
   <trkpt lat="47.755549" lon="13.036963">
    <ele>437.856</ele>
    <time>2026-06-17T12:14:31Z</time>
   </trkpt>
   <trkpt lat="47.755573" lon="13.037038">
    <ele>437.877</ele>
    <time>2026-06-17T12:14:38Z</time>
   </trkpt>
   <trkpt lat="47.755573" lon="13.037038">
    <ele>437.604</ele>
    <time>2026-06-17T12:14:40Z</time>
   </trkpt>
   <trkpt lat="47.755873" lon="13.037403">
    <ele>437.392</ele>
    <time>2026-06-17T12:14:51Z</time>
   </trkpt>
   <trkpt lat="47.756684" lon="13.037972">
    <ele>435.890</ele>
    <time>2026-06-17T12:15:06Z</time>
   </trkpt>
   <trkpt lat="47.756825" lon="13.038049">
    <ele>435.292</ele>
    <time>2026-06-17T12:15:09Z</time>
   </trkpt>
   <trkpt lat="47.756860" lon="13.038150">
    <ele>435.616</ele>
    <time>2026-06-17T12:15:15Z</time>
   </trkpt>
   <trkpt lat="47.756910" lon="13.038503">
    <ele>434.471</ele>
    <time>2026-06-17T12:15:20Z</time>
   </trkpt>
   <trkpt lat="47.757131" lon="13.039441">
    <ele>436.182</ele>
    <time>2026-06-17T12:15:32Z</time>
   </trkpt>
   <trkpt lat="47.757298" lon="13.040125">
    <ele>436.924</ele>
    <time>2026-06-17T12:15:40Z</time>
   </trkpt>
   <trkpt lat="47.757369" lon="13.040416">
    <ele>437.187</ele>
    <time>2026-06-17T12:15:44Z</time>
   </trkpt>
   <trkpt lat="47.757459" lon="13.040784">
    <ele>436.772</ele>
    <time>2026-06-17T12:15:48Z</time>
   </trkpt>
   <trkpt lat="47.757579" lon="13.041275">
    <ele>433.725</ele>
    <time>2026-06-17T12:15:54Z</time>
   </trkpt>
   <trkpt lat="47.757771" lon="13.042062">
    <ele>433.335</ele>
    <time>2026-06-17T12:16:03Z</time>
   </trkpt>
   <trkpt lat="47.757808" lon="13.042211">
    <ele>433.799</ele>
    <time>2026-06-17T12:16:05Z</time>
   </trkpt>
   <trkpt lat="47.757871" lon="13.042468">
    <ele>436.597</ele>
    <time>2026-06-17T12:16:08Z</time>
   </trkpt>
   <trkpt lat="47.758074" lon="13.043235">
    <ele>442.111</ele>
    <time>2026-06-17T12:16:18Z</time>
   </trkpt>
   <trkpt lat="47.758241" lon="13.043826">
    <ele>443.833</ele>
    <time>2026-06-17T12:16:26Z</time>
   </trkpt>
   <trkpt lat="47.758293" lon="13.044044">
    <ele>443.338</ele>
    <time>2026-06-17T12:16:29Z</time>
   </trkpt>
   <trkpt lat="47.758430" lon="13.044610">
    <ele>440.477</ele>
    <time>2026-06-17T12:16:35Z</time>
   </trkpt>
   <trkpt lat="47.758530" lon="13.045023">
    <ele>437.112</ele>
    <time>2026-06-17T12:16:40Z</time>
   </trkpt>
   <trkpt lat="47.758720" lon="13.045906">
    <ele>431.325</ele>
    <time>2026-06-17T12:16:50Z</time>
   </trkpt>
   <trkpt lat="47.758741" lon="13.046003">
    <ele>431.764</ele>
    <time>2026-06-17T12:16:51Z</time>
   </trkpt>
   <trkpt lat="47.758823" lon="13.046383">
    <ele>432.936</ele>
    <time>2026-06-17T12:16:55Z</time>
   </trkpt>
   <trkpt lat="47.759289" lon="13.047317">
    <ele>433.092</ele>
    <time>2026-06-17T12:17:08Z</time>
   </trkpt>
   <trkpt lat="47.759499" lon="13.047666">
    <ele>434.314</ele>
    <time>2026-06-17T12:17:13Z</time>
   </trkpt>
   <trkpt lat="47.759672" lon="13.048087">
    <ele>433.282</ele>
    <time>2026-06-17T12:17:19Z</time>
   </trkpt>
   <trkpt lat="47.759808" lon="13.048509">
    <ele>432.294</ele>
    <time>2026-06-17T12:17:25Z</time>
   </trkpt>
   <trkpt lat="47.759730" lon="13.049086">
    <ele>433.676</ele>
    <time>2026-06-17T12:17:31Z</time>
   </trkpt>
   <trkpt lat="47.759637" lon="13.049289">
    <ele>433.400</ele>
    <time>2026-06-17T12:17:34Z</time>
   </trkpt>
   <trkpt lat="47.759643" lon="13.049851">
    <ele>431.658</ele>
    <time>2026-06-17T12:17:41Z</time>
   </trkpt>
   <trkpt lat="47.760159" lon="13.052035">
    <ele>433.982</ele>
    <time>2026-06-17T12:18:06Z</time>
   </trkpt>
   <trkpt lat="47.760760" lon="13.054553">
    <ele>433.210</ele>
    <time>2026-06-17T12:18:34Z</time>
   </trkpt>
   <trkpt lat="47.760920" lon="13.055223">
    <ele>433.279</ele>
    <time>2026-06-17T12:18:46Z</time>
   </trkpt>
   <trkpt lat="47.760920" lon="13.055223">
    <ele>433.647</ele>
    <time>2026-06-17T12:19:25Z</time>
   </trkpt>
   <trkpt lat="47.761039" lon="13.055720">
    <ele>436.294</ele>
    <time>2026-06-17T12:19:35Z</time>
   </trkpt>
   <trkpt lat="47.761293" lon="13.056782">
    <ele>436.656</ele>
    <time>2026-06-17T12:19:50Z</time>
   </trkpt>
   <trkpt lat="47.761488" lon="13.057602">
    <ele>436.889</ele>
    <time>2026-06-17T12:20:00Z</time>
   </trkpt>
   <trkpt lat="47.761627" lon="13.058239">
    <ele>436.326</ele>
    <time>2026-06-17T12:20:08Z</time>
   </trkpt>
   <trkpt lat="47.761757" lon="13.058865">
    <ele>433.470</ele>
    <time>2026-06-17T12:20:16Z</time>
   </trkpt>
   <trkpt lat="47.761879" lon="13.059244">
    <ele>436.105</ele>
    <time>2026-06-17T12:20:23Z</time>
   </trkpt>
   <trkpt lat="47.762029" lon="13.059320">
    <ele>435.690</ele>
    <time>2026-06-17T12:20:28Z</time>
   </trkpt>
   <trkpt lat="47.762852" lon="13.058990">
    <ele>435.602</ele>
    <time>2026-06-17T12:20:41Z</time>
   </trkpt>
   <trkpt lat="47.763204" lon="13.058849">
    <ele>434.876</ele>
    <time>2026-06-17T12:20:46Z</time>
   </trkpt>
   <trkpt lat="47.763359" lon="13.059098">
    <ele>433.659</ele>
    <time>2026-06-17T12:20:50Z</time>
   </trkpt>
   <trkpt lat="47.763520" lon="13.059824">
    <ele>428.294</ele>
    <time>2026-06-17T12:20:57Z</time>
   </trkpt>
   <trkpt lat="47.763410" lon="13.060657">
    <ele>426.716</ele>
    <time>2026-06-17T12:21:04Z</time>
   </trkpt>
   <trkpt lat="47.763114" lon="13.061362">
    <ele>428.284</ele>
    <time>2026-06-17T12:21:12Z</time>
   </trkpt>
   <trkpt lat="47.763046" lon="13.062143">
    <ele>429.011</ele>
    <time>2026-06-17T12:21:21Z</time>
   </trkpt>
   <trkpt lat="47.763103" lon="13.062483">
    <ele>429.285</ele>
    <time>2026-06-17T12:21:25Z</time>
   </trkpt>
   <trkpt lat="47.763655" lon="13.064282">
    <ele>429.138</ele>
    <time>2026-06-17T12:21:46Z</time>
   </trkpt>
   <trkpt lat="47.763642" lon="13.064510">
    <ele>428.634</ele>
    <time>2026-06-17T12:21:50Z</time>
   </trkpt>
   <trkpt lat="47.763846" lon="13.064539">
    <ele>427.890</ele>
    <time>2026-06-17T12:21:56Z</time>
   </trkpt>
   <trkpt lat="47.764040" lon="13.064483">
    <ele>427.448</ele>
    <time>2026-06-17T12:22:01Z</time>
   </trkpt>
   <trkpt lat="47.764719" lon="13.064280">
    <ele>428.740</ele>
    <time>2026-06-17T12:22:16Z</time>
   </trkpt>
   <trkpt lat="47.764800" lon="13.064253">
    <ele>427.946</ele>
    <time>2026-06-17T12:22:18Z</time>
   </trkpt>
   <trkpt lat="47.765018" lon="13.064186">
    <ele>427.967</ele>
    <time>2026-06-17T12:22:23Z</time>
   </trkpt>
   <trkpt lat="47.765474" lon="13.064049">
    <ele>424.460</ele>
    <time>2026-06-17T12:22:33Z</time>
   </trkpt>
   <trkpt lat="47.766023" lon="13.063879">
    <ele>422.458</ele>
    <time>2026-06-17T12:22:44Z</time>
   </trkpt>
   <trkpt lat="47.766422" lon="13.063751">
    <ele>421.716</ele>
    <time>2026-06-17T12:22:54Z</time>
   </trkpt>
   <trkpt lat="47.766441" lon="13.063745">
    <ele>424.302</ele>
    <time>2026-06-17T12:23:09Z</time>
   </trkpt>
   <trkpt lat="47.766657" lon="13.063676">
    <ele>424.342</ele>
    <time>2026-06-17T12:23:48Z</time>
   </trkpt>
   <trkpt lat="47.767694" lon="13.063343">
    <ele>422.837</ele>
    <time>2026-06-17T12:24:07Z</time>
   </trkpt>
   <trkpt lat="47.768694" lon="13.063024">
    <ele>424.453</ele>
    <time>2026-06-17T12:24:26Z</time>
   </trkpt>
   <trkpt lat="47.768740" lon="13.063009">
    <ele>424.088</ele>
    <time>2026-06-17T12:24:27Z</time>
   </trkpt>
   <trkpt lat="47.769401" lon="13.062802">
    <ele>422.894</ele>
    <time>2026-06-17T12:24:40Z</time>
   </trkpt>
   <trkpt lat="47.770166" lon="13.062564">
    <ele>420.080</ele>
    <time>2026-06-17T12:24:54Z</time>
   </trkpt>
   <trkpt lat="47.770442" lon="13.062483">
    <ele>419.535</ele>
    <time>2026-06-17T12:24:59Z</time>
   </trkpt>
   <trkpt lat="47.771173" lon="13.062273">
    <ele>418.341</ele>
    <time>2026-06-17T12:25:13Z</time>
   </trkpt>
   <trkpt lat="47.771898" lon="13.062040">
    <ele>423.503</ele>
    <time>2026-06-17T12:25:26Z</time>
   </trkpt>
   <trkpt lat="47.772352" lon="13.061880">
    <ele>422.404</ele>
    <time>2026-06-17T12:25:36Z</time>
   </trkpt>
   <trkpt lat="47.773027" lon="13.061662">
    <ele>422.561</ele>
    <time>2026-06-17T12:25:47Z</time>
   </trkpt>
   <trkpt lat="47.773622" lon="13.061471">
    <ele>421.113</ele>
    <time>2026-06-17T12:25:58Z</time>
   </trkpt>
   <trkpt lat="47.774052" lon="13.061342">
    <ele>421.508</ele>
    <time>2026-06-17T12:26:06Z</time>
   </trkpt>
   <trkpt lat="47.774664" lon="13.061150">
    <ele>421.572</ele>
    <time>2026-06-17T12:26:18Z</time>
   </trkpt>
   <trkpt lat="47.775367" lon="13.060929">
    <ele>418.683</ele>
    <time>2026-06-17T12:26:32Z</time>
   </trkpt>
   <trkpt lat="47.775992" lon="13.060742">
    <ele>418.333</ele>
    <time>2026-06-17T12:26:44Z</time>
   </trkpt>
   <trkpt lat="47.776254" lon="13.060673">
    <ele>419.921</ele>
    <time>2026-06-17T12:26:49Z</time>
   </trkpt>
   <trkpt lat="47.776552" lon="13.060585">
    <ele>421.656</ele>
    <time>2026-06-17T12:26:55Z</time>
   </trkpt>
   <trkpt lat="47.776701" lon="13.060534">
    <ele>422.294</ele>
    <time>2026-06-17T12:26:58Z</time>
   </trkpt>
   <trkpt lat="47.777546" lon="13.060254">
    <ele>421.735</ele>
    <time>2026-06-17T12:27:15Z</time>
   </trkpt>
   <trkpt lat="47.778070" lon="13.060092">
    <ele>421.456</ele>
    <time>2026-06-17T12:27:26Z</time>
   </trkpt>
   <trkpt lat="47.778891" lon="13.059846">
    <ele>420.484</ele>
    <time>2026-06-17T12:27:41Z</time>
   </trkpt>
   <trkpt lat="47.779213" lon="13.059742">
    <ele>422.865</ele>
    <time>2026-06-17T12:27:47Z</time>
   </trkpt>
   <trkpt lat="47.779360" lon="13.059693">
    <ele>423.760</ele>
    <time>2026-06-17T12:27:50Z</time>
   </trkpt>
   <trkpt lat="47.780170" lon="13.059439">
    <ele>421.439</ele>
    <time>2026-06-17T12:28:05Z</time>
   </trkpt>
   <trkpt lat="47.780803" lon="13.059238">
    <ele>423.284</ele>
    <time>2026-06-17T12:28:17Z</time>
   </trkpt>
   <trkpt lat="47.781531" lon="13.059010">
    <ele>423.783</ele>
    <time>2026-06-17T12:28:31Z</time>
   </trkpt>
   <trkpt lat="47.782334" lon="13.058757">
    <ele>422.576</ele>
    <time>2026-06-17T12:28:47Z</time>
   </trkpt>
   <trkpt lat="47.782599" lon="13.058675">
    <ele>420.369</ele>
    <time>2026-06-17T12:28:53Z</time>
   </trkpt>
   <trkpt lat="47.783158" lon="13.058500">
    <ele>422.538</ele>
    <time>2026-06-17T12:29:04Z</time>
   </trkpt>
   <trkpt lat="47.783361" lon="13.058436">
    <ele>421.969</ele>
    <time>2026-06-17T12:29:08Z</time>
   </trkpt>
   <trkpt lat="47.784004" lon="13.058238">
    <ele>418.768</ele>
    <time>2026-06-17T12:29:21Z</time>
   </trkpt>
   <trkpt lat="47.784437" lon="13.058094">
    <ele>419.073</ele>
    <time>2026-06-17T12:29:31Z</time>
   </trkpt>
   <trkpt lat="47.784941" lon="13.057930">
    <ele>416.533</ele>
    <time>2026-06-17T12:29:41Z</time>
   </trkpt>
   <trkpt lat="47.785082" lon="13.057879">
    <ele>415.774</ele>
    <time>2026-06-17T12:29:44Z</time>
   </trkpt>
   <trkpt lat="47.785554" lon="13.057722">
    <ele>417.985</ele>
    <time>2026-06-17T12:29:56Z</time>
   </trkpt>
   <trkpt lat="47.785614" lon="13.057702">
    <ele>417.781</ele>
    <time>2026-06-17T12:30:00Z</time>
   </trkpt>
   <trkpt lat="47.785614" lon="13.057702">
    <ele>418.774</ele>
    <time>2026-06-17T12:30:15Z</time>
   </trkpt>
   <trkpt lat="47.785614" lon="13.057702">
    <ele>418.669</ele>
    <time>2026-06-17T12:30:16Z</time>
   </trkpt>
   <trkpt lat="47.786021" lon="13.057503">
    <ele>419.307</ele>
    <time>2026-06-17T12:30:27Z</time>
   </trkpt>
   <trkpt lat="47.786227" lon="13.057331">
    <ele>418.442</ele>
    <time>2026-06-17T12:31:03Z</time>
   </trkpt>
   <trkpt lat="47.786875" lon="13.057016">
    <ele>418.207</ele>
    <time>2026-06-17T12:31:19Z</time>
   </trkpt>
   <trkpt lat="47.787609" lon="13.056264">
    <ele>416.906</ele>
    <time>2026-06-17T12:31:39Z</time>
   </trkpt>
   <trkpt lat="47.787609" lon="13.056264">
    <ele>416.786</ele>
    <time>2026-06-17T12:31:41Z</time>
   </trkpt>
   <trkpt lat="47.787852" lon="13.055983">
    <ele>416.079</ele>
    <time>2026-06-17T12:31:44Z</time>
   </trkpt>
   <trkpt lat="47.788359" lon="13.055653">
    <ele>415.846</ele>
    <time>2026-06-17T12:31:55Z</time>
   </trkpt>
   <trkpt lat="47.788842" lon="13.055500">
    <ele>415.606</ele>
    <time>2026-06-17T12:32:06Z</time>
   </trkpt>
   <trkpt lat="47.789893" lon="13.055237">
    <ele>413.904</ele>
    <time>2026-06-17T12:32:28Z</time>
   </trkpt>
   <trkpt lat="47.790577" lon="13.054915">
    <ele>412.937</ele>
    <time>2026-06-17T12:32:43Z</time>
   </trkpt>
   <trkpt lat="47.791177" lon="13.054676">
    <ele>412.326</ele>
    <time>2026-06-17T12:32:56Z</time>
   </trkpt>
   <trkpt lat="47.791407" lon="13.054676">
    <ele>412.263</ele>
    <time>2026-06-17T12:33:01Z</time>
   </trkpt>
   <trkpt lat="47.791588" lon="13.054676">
    <ele>412.105</ele>
    <time>2026-06-17T12:33:05Z</time>
   </trkpt>
   <trkpt lat="47.791704" lon="13.054664">
    <ele>411.974</ele>
    <time>2026-06-17T12:33:08Z</time>
   </trkpt>
   <trkpt lat="47.791858" lon="13.054633">
    <ele>412.917</ele>
    <time>2026-06-17T12:33:14Z</time>
   </trkpt>
   <trkpt lat="47.792123" lon="13.054602">
    <ele>412.763</ele>
    <time>2026-06-17T12:33:18Z</time>
   </trkpt>
   <trkpt lat="47.792471" lon="13.054561">
    <ele>412.302</ele>
    <time>2026-06-17T12:33:25Z</time>
   </trkpt>
   <trkpt lat="47.792672" lon="13.054632">
    <ele>413.188</ele>
    <time>2026-06-17T12:33:29Z</time>
   </trkpt>
   <trkpt lat="47.792755" lon="13.054708">
    <ele>413.202</ele>
    <time>2026-06-17T12:33:31Z</time>
   </trkpt>
   <trkpt lat="47.792965" lon="13.054700">
    <ele>412.022</ele>
    <time>2026-06-17T12:33:36Z</time>
   </trkpt>
   <trkpt lat="47.793190" lon="13.054660">
    <ele>411.747</ele>
    <time>2026-06-17T12:33:40Z</time>
   </trkpt>
   <trkpt lat="47.793451" lon="13.054695">
    <ele>411.819</ele>
    <time>2026-06-17T12:33:45Z</time>
   </trkpt>
   <trkpt lat="47.794013" lon="13.054388">
    <ele>412.230</ele>
    <time>2026-06-17T12:33:58Z</time>
   </trkpt>
   <trkpt lat="47.794068" lon="13.054354">
    <ele>412.651</ele>
    <time>2026-06-17T12:34:03Z</time>
   </trkpt>
   <trkpt lat="47.794379" lon="13.054327">
    <ele>416.860</ele>
    <time>2026-06-17T12:34:22Z</time>
   </trkpt>
   <trkpt lat="47.794379" lon="13.054327">
    <ele>417.174</ele>
    <time>2026-06-17T12:34:23Z</time>
   </trkpt>
   <trkpt lat="47.794404" lon="13.054331">
    <ele>418.782</ele>
    <time>2026-06-17T12:34:42Z</time>
   </trkpt>
   <trkpt lat="47.794404" lon="13.054331">
    <ele>421.187</ele>
    <time>2026-06-17T12:35:14Z</time>
   </trkpt>
   <trkpt lat="47.794404" lon="13.054331">
    <ele>422.997</ele>
    <time>2026-06-17T12:35:42Z</time>
   </trkpt>
   <trkpt lat="47.794404" lon="13.054331">
    <ele>423.277</ele>
    <time>2026-06-17T12:36:26Z</time>
   </trkpt>
  </trkseg>
 </trk>
 <trk>
  <name>ACTIVE LOG054242</name>
  <trkseg>
   <trkpt lat="47.794139" lon="13.053972">
    <ele>432.259</ele>
    <time>2026-06-17T12:42:42Z</time>
   </trkpt>
   <trkpt lat="47.794105" lon="13.054326">
    <ele>436.366</ele>
    <time>2026-06-17T12:43:00Z</time>
   </trkpt>
   <trkpt lat="47.794097" lon="13.054363">
    <ele>447.916</ele>
    <time>2026-06-17T12:43:03Z</time>
   </trkpt>
   <trkpt lat="47.794088" lon="13.054375">
    <ele>439.461</ele>
    <time>2026-06-17T12:43:21Z</time>
   </trkpt>
   <trkpt lat="47.794060" lon="13.054415">
    <ele>434.114</ele>
    <time>2026-06-17T12:43:27Z</time>
   </trkpt>
   <trkpt lat="47.793992" lon="13.053813">
    <ele>428.701</ele>
    <time>2026-06-17T12:43:38Z</time>
   </trkpt>
   <trkpt lat="47.793958" lon="13.053565">
    <ele>426.540</ele>
    <time>2026-06-17T12:43:43Z</time>
   </trkpt>
   <trkpt lat="47.794049" lon="13.053453">
    <ele>426.206</ele>
    <time>2026-06-17T12:43:47Z</time>
   </trkpt>
   <trkpt lat="47.794364" lon="13.053477">
    <ele>427.535</ele>
    <time>2026-06-17T12:43:59Z</time>
   </trkpt>
   <trkpt lat="47.794660" lon="13.053494">
    <ele>426.054</ele>
    <time>2026-06-17T12:44:07Z</time>
   </trkpt>
   <trkpt lat="47.795553" lon="13.053472">
    <ele>423.615</ele>
    <time>2026-06-17T12:44:26Z</time>
   </trkpt>
   <trkpt lat="47.795656" lon="13.053474">
    <ele>423.050</ele>
    <time>2026-06-17T12:44:31Z</time>
   </trkpt>
   <trkpt lat="47.796078" lon="13.053609">
    <ele>423.704</ele>
    <time>2026-06-17T12:44:42Z</time>
   </trkpt>
   <trkpt lat="47.796495" lon="13.053640">
    <ele>424.090</ele>
    <time>2026-06-17T12:44:53Z</time>
   </trkpt>
   <trkpt lat="47.796722" lon="13.053668">
    <ele>427.314</ele>
    <time>2026-06-17T12:45:06Z</time>
   </trkpt>
   <trkpt lat="47.796722" lon="13.053668">
    <ele>427.939</ele>
    <time>2026-06-17T12:45:19Z</time>
   </trkpt>
   <trkpt lat="47.796829" lon="13.053685">
    <ele>426.647</ele>
    <time>2026-06-17T12:45:23Z</time>
   </trkpt>
   <trkpt lat="47.796839" lon="13.054068">
    <ele>423.124</ele>
    <time>2026-06-17T12:45:29Z</time>
   </trkpt>
   <trkpt lat="47.797060" lon="13.054334">
    <ele>420.647</ele>
    <time>2026-06-17T12:45:35Z</time>
   </trkpt>
   <trkpt lat="47.797215" lon="13.054326">
    <ele>419.481</ele>
    <time>2026-06-17T12:45:39Z</time>
   </trkpt>
   <trkpt lat="47.797332" lon="13.054081">
    <ele>418.107</ele>
    <time>2026-06-17T12:45:44Z</time>
   </trkpt>
   <trkpt lat="47.797428" lon="13.053863">
    <ele>417.302</ele>
    <time>2026-06-17T12:45:48Z</time>
   </trkpt>
   <trkpt lat="47.797507" lon="13.053682">
    <ele>415.405</ele>
    <time>2026-06-17T12:45:51Z</time>
   </trkpt>
   <trkpt lat="47.797768" lon="13.053445">
    <ele>413.600</ele>
    <time>2026-06-17T12:45:55Z</time>
   </trkpt>
   <trkpt lat="47.797952" lon="13.052788">
    <ele>416.438</ele>
    <time>2026-06-17T12:46:07Z</time>
   </trkpt>
   <trkpt lat="47.798456" lon="13.051554">
    <ele>414.728</ele>
    <time>2026-06-17T12:46:24Z</time>
   </trkpt>
   <trkpt lat="47.799137" lon="13.049578">
    <ele>416.018</ele>
    <time>2026-06-17T12:46:52Z</time>
   </trkpt>
   <trkpt lat="47.799362" lon="13.048792">
    <ele>414.030</ele>
    <time>2026-06-17T12:47:04Z</time>
   </trkpt>
   <trkpt lat="47.799686" lon="13.047863">
    <ele>415.598</ele>
    <time>2026-06-17T12:47:19Z</time>
   </trkpt>
   <trkpt lat="47.800194" lon="13.046262">
    <ele>415.763</ele>
    <time>2026-06-17T12:47:44Z</time>
   </trkpt>
   <trkpt lat="47.800314" lon="13.045800">
    <ele>415.496</ele>
    <time>2026-06-17T12:47:52Z</time>
   </trkpt>
   <trkpt lat="47.800415" lon="13.045341">
    <ele>415.352</ele>
    <time>2026-06-17T12:47:59Z</time>
   </trkpt>
   <trkpt lat="47.800496" lon="13.045164">
    <ele>415.244</ele>
    <time>2026-06-17T12:48:02Z</time>
   </trkpt>
   <trkpt lat="47.800601" lon="13.044568">
    <ele>414.283</ele>
    <time>2026-06-17T12:48:10Z</time>
   </trkpt>
   <trkpt lat="47.800624" lon="13.044438">
    <ele>413.815</ele>
    <time>2026-06-17T12:48:12Z</time>
   </trkpt>
   <trkpt lat="47.800829" lon="13.043419">
    <ele>414.726</ele>
    <time>2026-06-17T12:48:25Z</time>
   </trkpt>
   <trkpt lat="47.800879" lon="13.043137">
    <ele>415.956</ele>
    <time>2026-06-17T12:48:29Z</time>
   </trkpt>
   <trkpt lat="47.801238" lon="13.042195">
    <ele>414.868</ele>
    <time>2026-06-17T12:48:44Z</time>
   </trkpt>
   <trkpt lat="47.801315" lon="13.042032">
    <ele>414.369</ele>
    <time>2026-06-17T12:48:46Z</time>
   </trkpt>
   <trkpt lat="47.801600" lon="13.041089">
    <ele>416.511</ele>
    <time>2026-06-17T12:48:59Z</time>
   </trkpt>
   <trkpt lat="47.801670" lon="13.040910">
    <ele>416.246</ele>
    <time>2026-06-17T12:49:02Z</time>
   </trkpt>
   <trkpt lat="47.801694" lon="13.040677">
    <ele>416.476</ele>
    <time>2026-06-17T12:49:06Z</time>
   </trkpt>
   <trkpt lat="47.801794" lon="13.040425">
    <ele>416.282</ele>
    <time>2026-06-17T12:49:11Z</time>
   </trkpt>
   <trkpt lat="47.802288" lon="13.039491">
    <ele>417.850</ele>
    <time>2026-06-17T12:49:28Z</time>
   </trkpt>
   <trkpt lat="47.802483" lon="13.039182">
    <ele>417.919</ele>
    <time>2026-06-17T12:49:33Z</time>
   </trkpt>
   <trkpt lat="47.803091" lon="13.038486">
    <ele>417.725</ele>
    <time>2026-06-17T12:49:48Z</time>
   </trkpt>
   <trkpt lat="47.803342" lon="13.038226">
    <ele>416.514</ele>
    <time>2026-06-17T12:49:54Z</time>
   </trkpt>
   <trkpt lat="47.803539" lon="13.038048">
    <ele>415.128</ele>
    <time>2026-06-17T12:49:59Z</time>
   </trkpt>
   <trkpt lat="47.803974" lon="13.037714">
    <ele>415.770</ele>
    <time>2026-06-17T12:50:09Z</time>
   </trkpt>
   <trkpt lat="47.804625" lon="13.037231">
    <ele>415.625</ele>
    <time>2026-06-17T12:50:22Z</time>
   </trkpt>
   <trkpt lat="47.805270" lon="13.036882">
    <ele>413.244</ele>
    <time>2026-06-17T12:50:36Z</time>
   </trkpt>
   <trkpt lat="47.805334" lon="13.036843">
    <ele>412.865</ele>
    <time>2026-06-17T12:50:38Z</time>
   </trkpt>
   <trkpt lat="47.805354" lon="13.036831">
    <ele>412.768</ele>
    <time>2026-06-17T12:50:52Z</time>
   </trkpt>
   <trkpt lat="47.805354" lon="13.036831">
    <ele>411.526</ele>
    <time>2026-06-17T12:56:03Z</time>
   </trkpt>
   <trkpt lat="47.805539" lon="13.036720">
    <ele>410.777</ele>
    <time>2026-06-17T12:56:15Z</time>
   </trkpt>
   <trkpt lat="47.805826" lon="13.036546">
    <ele>410.266</ele>
    <time>2026-06-17T12:56:22Z</time>
   </trkpt>
   <trkpt lat="47.806076" lon="13.036395">
    <ele>410.180</ele>
    <time>2026-06-17T12:56:28Z</time>
   </trkpt>
   <trkpt lat="47.806498" lon="13.036176">
    <ele>411.014</ele>
    <time>2026-06-17T12:56:39Z</time>
   </trkpt>
   <trkpt lat="47.807136" lon="13.035858">
    <ele>409.848</ele>
    <time>2026-06-17T12:56:55Z</time>
   </trkpt>
   <trkpt lat="47.807512" lon="13.035726">
    <ele>410.196</ele>
    <time>2026-06-17T12:57:01Z</time>
   </trkpt>
   <trkpt lat="47.808292" lon="13.035425">
    <ele>411.749</ele>
    <time>2026-06-17T12:57:18Z</time>
   </trkpt>
   <trkpt lat="47.808402" lon="13.035386">
    <ele>410.461</ele>
    <time>2026-06-17T12:57:28Z</time>
   </trkpt>
   <trkpt lat="47.808402" lon="13.035386">
    <ele>408.186</ele>
    <time>2026-06-17T12:57:42Z</time>
   </trkpt>
   <trkpt lat="47.808402" lon="13.035386">
    <ele>405.857</ele>
    <time>2026-06-17T12:58:08Z</time>
   </trkpt>
   <trkpt lat="47.808616" lon="13.035343">
    <ele>412.138</ele>
    <time>2026-06-17T12:58:15Z</time>
   </trkpt>
   <trkpt lat="47.809022" lon="13.035386">
    <ele>415.767</ele>
    <time>2026-06-17T12:58:21Z</time>
   </trkpt>
   <trkpt lat="47.809196" lon="13.035450">
    <ele>414.119</ele>
    <time>2026-06-17T12:58:26Z</time>
   </trkpt>
   <trkpt lat="47.809533" lon="13.035591">
    <ele>412.632</ele>
    <time>2026-06-17T12:58:32Z</time>
   </trkpt>
   <trkpt lat="47.809701" lon="13.035634">
    <ele>412.389</ele>
    <time>2026-06-17T12:58:36Z</time>
   </trkpt>
   <trkpt lat="47.810408" lon="13.035852">
    <ele>411.276</ele>
    <time>2026-06-17T12:58:52Z</time>
   </trkpt>
   <trkpt lat="47.810692" lon="13.035971">
    <ele>410.875</ele>
    <time>2026-06-17T12:59:02Z</time>
   </trkpt>
   <trkpt lat="47.810923" lon="13.036008">
    <ele>413.004</ele>
    <time>2026-06-17T12:59:09Z</time>
   </trkpt>
   <trkpt lat="47.810977" lon="13.035944">
    <ele>412.130</ele>
    <time>2026-06-17T12:59:14Z</time>
   </trkpt>
   <trkpt lat="47.810920" lon="13.037064">
    <ele>418.547</ele>
    <time>2026-06-17T12:59:36Z</time>
   </trkpt>
   <trkpt lat="47.810934" lon="13.038263">
    <ele>417.830</ele>
    <time>2026-06-17T12:59:54Z</time>
   </trkpt>
   <trkpt lat="47.810912" lon="13.038583">
    <ele>416.178</ele>
    <time>2026-06-17T13:00:01Z</time>
   </trkpt>
   <trkpt lat="47.810891" lon="13.038905">
    <ele>416.696</ele>
    <time>2026-06-17T13:00:11Z</time>
   </trkpt>
   <trkpt lat="47.810891" lon="13.038905">
    <ele>416.212</ele>
    <time>2026-06-17T13:00:31Z</time>
   </trkpt>
   <trkpt lat="47.810955" lon="13.039076">
    <ele>418.965</ele>
    <time>2026-06-17T13:00:46Z</time>
   </trkpt>
   <trkpt lat="47.810955" lon="13.039076">
    <ele>419.981</ele>
    <time>2026-06-17T13:00:48Z</time>
   </trkpt>
   <trkpt lat="47.811520" lon="13.038983">
    <ele>421.441</ele>
    <time>2026-06-17T13:00:54Z</time>
   </trkpt>
   <trkpt lat="47.811688" lon="13.039004">
    <ele>420.538</ele>
    <time>2026-06-17T13:00:58Z</time>
   </trkpt>
   <trkpt lat="47.811779" lon="13.038438">
    <ele>416.634</ele>
    <time>2026-06-17T13:01:07Z</time>
   </trkpt>
   <trkpt lat="47.811792" lon="13.037601">
    <ele>416.860</ele>
    <time>2026-06-17T13:01:22Z</time>
   </trkpt>
   <trkpt lat="47.811792" lon="13.037460">
    <ele>417.163</ele>
    <time>2026-06-17T13:01:25Z</time>
   </trkpt>
   <trkpt lat="47.811845" lon="13.037446">
    <ele>415.956</ele>
    <time>2026-06-17T13:01:29Z</time>
   </trkpt>
   <trkpt lat="47.812676" lon="13.037446">
    <ele>417.111</ele>
    <time>2026-06-17T13:01:46Z</time>
   </trkpt>
   <trkpt lat="47.813672" lon="13.037425">
    <ele>417.053</ele>
    <time>2026-06-17T13:02:05Z</time>
   </trkpt>
   <trkpt lat="47.814147" lon="13.037406">
    <ele>417.715</ele>
    <time>2026-06-17T13:02:15Z</time>
   </trkpt>
   <trkpt lat="47.814238" lon="13.037605">
    <ele>417.605</ele>
    <time>2026-06-17T13:02:19Z</time>
   </trkpt>
   <trkpt lat="47.814238" lon="13.038646">
    <ele>416.427</ele>
    <time>2026-06-17T13:02:36Z</time>
   </trkpt>
   <trkpt lat="47.814238" lon="13.038646">
    <ele>415.288</ele>
    <time>2026-06-17T13:02:57Z</time>
   </trkpt>
   <trkpt lat="47.814238" lon="13.038976">
    <ele>414.498</ele>
    <time>2026-06-17T13:03:19Z</time>
   </trkpt>
   <trkpt lat="47.814238" lon="13.038976">
    <ele>415.668</ele>
    <time>2026-06-17T13:03:39Z</time>
   </trkpt>
   <trkpt lat="47.814238" lon="13.039076">
    <ele>415.669</ele>
    <time>2026-06-17T13:03:45Z</time>
   </trkpt>
   <trkpt lat="47.814225" lon="13.039640">
    <ele>415.912</ele>
    <time>2026-06-17T13:04:05Z</time>
   </trkpt>
   <trkpt lat="47.814217" lon="13.040235">
    <ele>415.826</ele>
    <time>2026-06-17T13:04:30Z</time>
   </trkpt>
   <trkpt lat="47.814217" lon="13.040607">
    <ele>415.887</ele>
    <time>2026-06-17T13:04:48Z</time>
   </trkpt>
   <trkpt lat="47.814217" lon="13.040664">
    <ele>416.154</ele>
    <time>2026-06-17T13:04:54Z</time>
   </trkpt>
   <trkpt lat="47.814217" lon="13.040664">
    <ele>415.799</ele>
    <time>2026-06-17T13:04:56Z</time>
   </trkpt>
   <trkpt lat="47.814217" lon="13.040664">
    <ele>415.792</ele>
    <time>2026-06-17T13:04:59Z</time>
   </trkpt>
   <trkpt lat="47.814217" lon="13.040664">
    <ele>416.241</ele>
    <time>2026-06-17T13:05:04Z</time>
   </trkpt>
   <trkpt lat="47.814203" lon="13.041382">
    <ele>416.316</ele>
    <time>2026-06-17T13:05:23Z</time>
   </trkpt>
   <trkpt lat="47.814178" lon="13.041902">
    <ele>413.937</ele>
    <time>2026-06-17T13:05:45Z</time>
   </trkpt>
   <trkpt lat="47.814175" lon="13.041923">
    <ele>413.219</ele>
    <time>2026-06-17T13:05:49Z</time>
   </trkpt>
   <trkpt lat="47.814152" lon="13.042016">
    <ele>413.435</ele>
    <time>2026-06-17T13:05:53Z</time>
   </trkpt>
  </trkseg>
 </trk>
 <trk>
  <name>ACTIVE LOG235957</name>
  <trkseg>
   <trkpt lat="47.813094" lon="13.039343">
    <ele>414.055</ele>
    <time>2026-06-18T06:59:57Z</time>
   </trkpt>
  </trkseg>
 </trk>
</gpx>
