<?xml version="1.0" encoding="UTF-8" standalone="no" ?>
<gpx xmlns="http://www.topografix.com/GPX/1/1" creator="" version="1.1" xmlns:xsi="http://www.w3.org/2001/XMLSchema-instance" xsi:schemaLocation="http://www.topografix.com/GPX/1/1 http://www.topografix.com/GPX/1/1/gpx.xsd">
 <trk>
  <name>ACTIVE LOG235406</name>
  <trkseg>
   <trkpt lat="46.747832" lon="12.972214">
    <ele>616.939</ele>
    <time>2026-06-23T06:54:53Z</time>
   </trkpt>
   <trkpt lat="46.747727" lon="12.971150">
    <ele>623.846</ele>
    <time>2026-06-23T06:55:11Z</time>
   </trkpt>
   <trkpt lat="46.747712" lon="12.970606">
    <ele>626.138</ele>
    <time>2026-06-23T06:55:21Z</time>
   </trkpt>
   <trkpt lat="46.747366" lon="12.970508">
    <ele>627.422</ele>
    <time>2026-06-23T06:55:30Z</time>
   </trkpt>
   <trkpt lat="46.747194" lon="12.970519">
    <ele>628.585</ele>
    <time>2026-06-23T06:55:34Z</time>
   </trkpt>
   <trkpt lat="46.747004" lon="12.970519">
    <ele>629.691</ele>
    <time>2026-06-23T06:55:40Z</time>
   </trkpt>
   <trkpt lat="46.746817" lon="12.970487">
    <ele>628.606</ele>
    <time>2026-06-23T06:55:44Z</time>
   </trkpt>
   <trkpt lat="46.746225" lon="12.969978">
    <ele>632.629</ele>
    <time>2026-06-23T06:55:57Z</time>
   </trkpt>
   <trkpt lat="46.746037" lon="12.969762">
    <ele>634.593</ele>
    <time>2026-06-23T06:56:04Z</time>
   </trkpt>
   <trkpt lat="46.745867" lon="12.969234">
    <ele>635.608</ele>
    <time>2026-06-23T06:56:17Z</time>
   </trkpt>
   <trkpt lat="46.745989" lon="12.968137">
    <ele>634.332</ele>
    <time>2026-06-23T06:56:33Z</time>
   </trkpt>
   <trkpt lat="46.745814" lon="12.966682">
    <ele>635.438</ele>
    <time>2026-06-23T06:56:52Z</time>
   </trkpt>
   <trkpt lat="46.745482" lon="12.965155">
    <ele>637.118</ele>
    <time>2026-06-23T06:57:14Z</time>
   </trkpt>
   <trkpt lat="46.745128" lon="12.964346">
    <ele>638.078</ele>
    <time>2026-06-23T06:57:27Z</time>
   </trkpt>
   <trkpt lat="46.744484" lon="12.963000">
    <ele>637.987</ele>
    <time>2026-06-23T06:57:49Z</time>
   </trkpt>
   <trkpt lat="46.744162" lon="12.961804">
    <ele>636.856</ele>
    <time>2026-06-23T06:58:06Z</time>
   </trkpt>
   <trkpt lat="46.743735" lon="12.959990">
    <ele>634.693</ele>
    <time>2026-06-23T06:58:29Z</time>
   </trkpt>
   <trkpt lat="46.743842" lon="12.958938">
    <ele>631.574</ele>
    <time>2026-06-23T06:58:39Z</time>
   </trkpt>
   <trkpt lat="46.744055" lon="12.958309">
    <ele>631.260</ele>
    <time>2026-06-23T06:58:45Z</time>
   </trkpt>
   <trkpt lat="46.744134" lon="12.957914">
    <ele>630.731</ele>
    <time>2026-06-23T06:58:49Z</time>
   </trkpt>
   <trkpt lat="46.744185" lon="12.955923">
    <ele>630.468</ele>
    <time>2026-06-23T06:59:10Z</time>
   </trkpt>
   <trkpt lat="46.744230" lon="12.955254">
    <ele>630.251</ele>
    <time>2026-06-23T06:59:18Z</time>
   </trkpt>
   <trkpt lat="46.744225" lon="12.953468">
    <ele>630.566</ele>
    <time>2026-06-23T06:59:39Z</time>
   </trkpt>
   <trkpt lat="46.744274" lon="12.953035">
    <ele>631.775</ele>
    <time>2026-06-23T06:59:44Z</time>
   </trkpt>
   <trkpt lat="46.744370" lon="12.952411">
    <ele>631.233</ele>
    <time>2026-06-23T06:59:51Z</time>
   </trkpt>
   <trkpt lat="46.744480" lon="12.952002">
    <ele>630.390</ele>
    <time>2026-06-23T06:59:56Z</time>
   </trkpt>
  </trkseg>
 </trk>
 <trk>
  <name>ACTIVE LOG000002</name>
  <trkseg>
   <trkpt lat="46.744590" lon="12.951599">
    <ele>629.859</ele>
    <time>2026-06-23T07:00:01Z</time>
   </trkpt>
   <trkpt lat="46.744643" lon="12.951375">
    <ele>629.877</ele>
    <time>2026-06-23T07:00:04Z</time>
   </trkpt>
   <trkpt lat="46.744687" lon="12.950834">
    <ele>629.761</ele>
    <time>2026-06-23T07:00:11Z</time>
   </trkpt>
   <trkpt lat="46.744714" lon="12.950050">
    <ele>629.965</ele>
    <time>2026-06-23T07:00:21Z</time>
   </trkpt>
   <trkpt lat="46.744723" lon="12.949807">
    <ele>630.291</ele>
    <time>2026-06-23T07:00:24Z</time>
   </trkpt>
   <trkpt lat="46.744765" lon="12.949476">
    <ele>628.551</ele>
    <time>2026-06-23T07:00:28Z</time>
   </trkpt>
   <trkpt lat="46.745311" lon="12.948576">
    <ele>630.340</ele>
    <time>2026-06-23T07:00:42Z</time>
   </trkpt>
   <trkpt lat="46.745974" lon="12.947331">
    <ele>632.783</ele>
    <time>2026-06-23T07:01:01Z</time>
   </trkpt>
   <trkpt lat="46.746547" lon="12.946095">
    <ele>636.537</ele>
    <time>2026-06-23T07:01:23Z</time>
   </trkpt>
   <trkpt lat="46.746633" lon="12.945735">
    <ele>638.565</ele>
    <time>2026-06-23T07:01:29Z</time>
   </trkpt>
   <trkpt lat="46.746729" lon="12.944994">
    <ele>638.005</ele>
    <time>2026-06-23T07:01:41Z</time>
   </trkpt>
   <trkpt lat="46.746846" lon="12.943923">
    <ele>635.333</ele>
    <time>2026-06-23T07:01:53Z</time>
   </trkpt>
   <trkpt lat="46.746931" lon="12.943516">
    <ele>634.564</ele>
    <time>2026-06-23T07:01:57Z</time>
   </trkpt>
   <trkpt lat="46.747518" lon="12.942447">
    <ele>632.734</ele>
    <time>2026-06-23T07:02:11Z</time>
   </trkpt>
   <trkpt lat="46.748345" lon="12.941172">
    <ele>633.857</ele>
    <time>2026-06-23T07:02:32Z</time>
   </trkpt>
   <trkpt lat="46.748455" lon="12.940787">
    <ele>633.251</ele>
    <time>2026-06-23T07:02:37Z</time>
   </trkpt>
   <trkpt lat="46.748736" lon="12.940324">
    <ele>632.584</ele>
    <time>2026-06-23T07:02:44Z</time>
   </trkpt>
   <trkpt lat="46.749046" lon="12.940137">
    <ele>633.302</ele>
    <time>2026-06-23T07:02:50Z</time>
   </trkpt>
   <trkpt lat="46.749438" lon="12.939950">
    <ele>634.546</ele>
    <time>2026-06-23T07:02:57Z</time>
   </trkpt>
   <trkpt lat="46.749721" lon="12.939499">
    <ele>633.983</ele>
    <time>2026-06-23T07:03:05Z</time>
   </trkpt>
   <trkpt lat="46.749750" lon="12.939354">
    <ele>634.190</ele>
    <time>2026-06-23T07:03:07Z</time>
   </trkpt>
   <trkpt lat="46.749936" lon="12.938263">
    <ele>632.921</ele>
    <time>2026-06-23T07:03:24Z</time>
   </trkpt>
   <trkpt lat="46.750208" lon="12.936895">
    <ele>634.532</ele>
    <time>2026-06-23T07:03:47Z</time>
   </trkpt>
   <trkpt lat="46.750476" lon="12.935463">
    <ele>632.916</ele>
    <time>2026-06-23T07:04:07Z</time>
   </trkpt>
   <trkpt lat="46.751031" lon="12.934216">
    <ele>630.051</ele>
    <time>2026-06-23T07:04:22Z</time>
   </trkpt>
   <trkpt lat="46.751756" lon="12.932836">
    <ele>630.713</ele>
    <time>2026-06-23T07:04:40Z</time>
   </trkpt>
   <trkpt lat="46.752531" lon="12.931563">
    <ele>632.535</ele>
    <time>2026-06-23T07:05:02Z</time>
   </trkpt>
   <trkpt lat="46.753271" lon="12.930470">
    <ele>633.456</ele>
    <time>2026-06-23T07:05:23Z</time>
   </trkpt>
   <trkpt lat="46.754186" lon="12.929321">
    <ele>638.613</ele>
    <time>2026-06-23T07:05:50Z</time>
   </trkpt>
   <trkpt lat="46.754813" lon="12.927925">
    <ele>643.135</ele>
    <time>2026-06-23T07:06:16Z</time>
   </trkpt>
   <trkpt lat="46.755522" lon="12.926919">
    <ele>646.081</ele>
    <time>2026-06-23T07:06:39Z</time>
   </trkpt>
   <trkpt lat="46.755983" lon="12.926531">
    <ele>645.932</ele>
    <time>2026-06-23T07:06:51Z</time>
   </trkpt>
   <trkpt lat="46.756791" lon="12.926049">
    <ele>647.686</ele>
    <time>2026-06-23T07:07:11Z</time>
   </trkpt>
   <trkpt lat="46.757385" lon="12.925849">
    <ele>647.698</ele>
    <time>2026-06-23T07:07:25Z</time>
   </trkpt>
   <trkpt lat="46.758667" lon="12.925589">
    <ele>647.315</ele>
    <time>2026-06-23T07:07:50Z</time>
   </trkpt>
   <trkpt lat="46.758800" lon="12.925565">
    <ele>648.476</ele>
    <time>2026-06-23T07:07:53Z</time>
   </trkpt>
   <trkpt lat="46.758944" lon="12.925493">
    <ele>649.074</ele>
    <time>2026-06-23T07:07:56Z</time>
   </trkpt>
   <trkpt lat="46.759065" lon="12.925421">
    <ele>648.413</ele>
    <time>2026-06-23T07:07:59Z</time>
   </trkpt>
   <trkpt lat="46.759235" lon="12.925452">
    <ele>646.545</ele>
    <time>2026-06-23T07:08:03Z</time>
   </trkpt>
   <trkpt lat="46.759672" lon="12.925743">
    <ele>645.570</ele>
    <time>2026-06-23T07:08:12Z</time>
   </trkpt>
   <trkpt lat="46.759877" lon="12.925877">
    <ele>646.205</ele>
    <time>2026-06-23T07:08:16Z</time>
   </trkpt>
   <trkpt lat="46.759958" lon="12.925930">
    <ele>646.837</ele>
    <time>2026-06-23T07:08:18Z</time>
   </trkpt>
   <trkpt lat="46.760315" lon="12.926045">
    <ele>646.083</ele>
    <time>2026-06-23T07:08:25Z</time>
   </trkpt>
   <trkpt lat="46.760568" lon="12.926128">
    <ele>645.502</ele>
    <time>2026-06-23T07:08:30Z</time>
   </trkpt>
   <trkpt lat="46.760933" lon="12.926310">
    <ele>645.443</ele>
    <time>2026-06-23T07:08:36Z</time>
   </trkpt>
   <trkpt lat="46.761933" lon="12.926307">
    <ele>644.365</ele>
    <time>2026-06-23T07:08:52Z</time>
   </trkpt>
   <trkpt lat="46.762577" lon="12.926295">
    <ele>644.999</ele>
    <time>2026-06-23T07:09:02Z</time>
   </trkpt>
   <trkpt lat="46.763030" lon="12.926286">
    <ele>646.699</ele>
    <time>2026-06-23T07:09:11Z</time>
   </trkpt>
   <trkpt lat="46.763285" lon="12.926278">
    <ele>644.554</ele>
    <time>2026-06-23T07:09:15Z</time>
   </trkpt>
   <trkpt lat="46.763434" lon="12.926209">
    <ele>647.324</ele>
    <time>2026-06-23T07:09:21Z</time>
   </trkpt>
   <trkpt lat="46.763557" lon="12.925810">
    <ele>645.076</ele>
    <time>2026-06-23T07:09:25Z</time>
   </trkpt>
   <trkpt lat="46.763664" lon="12.925798">
    <ele>644.566</ele>
    <time>2026-06-23T07:09:27Z</time>
   </trkpt>
   <trkpt lat="46.763855" lon="12.925775">
    <ele>642.157</ele>
    <time>2026-06-23T07:09:31Z</time>
   </trkpt>
   <trkpt lat="46.764298" lon="12.925825">
    <ele>640.728</ele>
    <time>2026-06-23T07:09:39Z</time>
   </trkpt>
   <trkpt lat="46.764617" lon="12.925843">
    <ele>638.785</ele>
    <time>2026-06-23T07:09:44Z</time>
   </trkpt>
   <trkpt lat="46.764808" lon="12.925572">
    <ele>637.531</ele>
    <time>2026-06-23T07:09:49Z</time>
   </trkpt>
   <trkpt lat="46.764745" lon="12.924755">
    <ele>637.653</ele>
    <time>2026-06-23T07:09:59Z</time>
   </trkpt>
   <trkpt lat="46.764785" lon="12.923123">
    <ele>641.121</ele>
    <time>2026-06-23T07:10:19Z</time>
   </trkpt>
   <trkpt lat="46.764979" lon="12.921703">
    <ele>639.808</ele>
    <time>2026-06-23T07:10:38Z</time>
   </trkpt>
   <trkpt lat="46.765394" lon="12.920259">
    <ele>639.522</ele>
    <time>2026-06-23T07:10:58Z</time>
   </trkpt>
   <trkpt lat="46.765557" lon="12.919759">
    <ele>640.284</ele>
    <time>2026-06-23T07:11:06Z</time>
   </trkpt>
   <trkpt lat="46.765645" lon="12.919664">
    <ele>640.894</ele>
    <time>2026-06-23T07:11:10Z</time>
   </trkpt>
   <trkpt lat="46.765835" lon="12.919765">
    <ele>641.870</ele>
    <time>2026-06-23T07:11:18Z</time>
   </trkpt>
   <trkpt lat="46.765862" lon="12.919779">
    <ele>640.888</ele>
    <time>2026-06-23T07:11:34Z</time>
   </trkpt>
   <trkpt lat="46.765862" lon="12.919779">
    <ele>640.673</ele>
    <time>2026-06-23T07:12:03Z</time>
   </trkpt>
   <trkpt lat="46.766009" lon="12.919858">
    <ele>640.438</ele>
    <time>2026-06-23T07:12:11Z</time>
   </trkpt>
   <trkpt lat="46.766100" lon="12.919816">
    <ele>640.406</ele>
    <time>2026-06-23T07:12:16Z</time>
   </trkpt>
   <trkpt lat="46.766527" lon="12.918689">
    <ele>640.396</ele>
    <time>2026-06-23T07:12:33Z</time>
   </trkpt>
   <trkpt lat="46.767332" lon="12.916946">
    <ele>638.591</ele>
    <time>2026-06-23T07:12:58Z</time>
   </trkpt>
   <trkpt lat="46.768369" lon="12.915228">
    <ele>638.390</ele>
    <time>2026-06-23T07:13:25Z</time>
   </trkpt>
   <trkpt lat="46.768584" lon="12.914963">
    <ele>638.530</ele>
    <time>2026-06-23T07:13:30Z</time>
   </trkpt>
   <trkpt lat="46.768734" lon="12.914793">
    <ele>639.311</ele>
    <time>2026-06-23T07:13:35Z</time>
   </trkpt>
   <trkpt lat="46.769000" lon="12.914546">
    <ele>639.982</ele>
    <time>2026-06-23T07:13:39Z</time>
   </trkpt>
   <trkpt lat="46.770086" lon="12.913533">
    <ele>642.258</ele>
    <time>2026-06-23T07:14:02Z</time>
   </trkpt>
   <trkpt lat="46.771355" lon="12.912526">
    <ele>642.600</ele>
    <time>2026-06-23T07:14:28Z</time>
   </trkpt>
   <trkpt lat="46.772320" lon="12.911310">
    <ele>641.169</ele>
    <time>2026-06-23T07:14:51Z</time>
   </trkpt>
   <trkpt lat="46.773053" lon="12.909711">
    <ele>639.507</ele>
    <time>2026-06-23T07:15:14Z</time>
   </trkpt>
   <trkpt lat="46.773823" lon="12.907797">
    <ele>638.893</ele>
    <time>2026-06-23T07:15:40Z</time>
   </trkpt>
   <trkpt lat="46.774634" lon="12.905781">
    <ele>638.996</ele>
    <time>2026-06-23T07:16:08Z</time>
   </trkpt>
   <trkpt lat="46.775449" lon="12.903755">
    <ele>638.527</ele>
    <time>2026-06-23T07:16:36Z</time>
   </trkpt>
   <trkpt lat="46.776254" lon="12.901781">
    <ele>638.004</ele>
    <time>2026-06-23T07:17:03Z</time>
   </trkpt>
   <trkpt lat="46.777217" lon="12.899435">
    <ele>638.274</ele>
    <time>2026-06-23T07:17:35Z</time>
   </trkpt>
   <trkpt lat="46.777948" lon="12.897719">
    <ele>638.959</ele>
    <time>2026-06-23T07:17:59Z</time>
   </trkpt>
   <trkpt lat="46.778718" lon="12.895912">
    <ele>639.420</ele>
    <time>2026-06-23T07:18:24Z</time>
   </trkpt>
   <trkpt lat="46.779689" lon="12.893535">
    <ele>640.257</ele>
    <time>2026-06-23T07:18:57Z</time>
   </trkpt>
   <trkpt lat="46.780260" lon="12.891793">
    <ele>641.008</ele>
    <time>2026-06-23T07:19:21Z</time>
   </trkpt>
   <trkpt lat="46.780768" lon="12.889919">
    <ele>641.207</ele>
    <time>2026-06-23T07:19:45Z</time>
   </trkpt>
   <trkpt lat="46.781520" lon="12.887305">
    <ele>642.187</ele>
    <time>2026-06-23T07:20:19Z</time>
   </trkpt>
   <trkpt lat="46.782181" lon="12.885581">
    <ele>643.086</ele>
    <time>2026-06-23T07:20:43Z</time>
   </trkpt>
   <trkpt lat="46.783116" lon="12.883698">
    <ele>644.037</ele>
    <time>2026-06-23T07:21:11Z</time>
   </trkpt>
   <trkpt lat="46.784221" lon="12.881967">
    <ele>644.074</ele>
    <time>2026-06-23T07:21:40Z</time>
   </trkpt>
   <trkpt lat="46.785548" lon="12.880379">
    <ele>645.636</ele>
    <time>2026-06-23T07:22:11Z</time>
   </trkpt>
   <trkpt lat="46.786535" lon="12.879307">
    <ele>645.575</ele>
    <time>2026-06-23T07:22:33Z</time>
   </trkpt>
   <trkpt lat="46.787733" lon="12.878015">
    <ele>645.612</ele>
    <time>2026-06-23T07:22:59Z</time>
   </trkpt>
   <trkpt lat="46.789164" lon="12.876474">
    <ele>646.288</ele>
    <time>2026-06-23T07:23:30Z</time>
   </trkpt>
   <trkpt lat="46.790360" lon="12.875159">
    <ele>646.544</ele>
    <time>2026-06-23T07:23:57Z</time>
   </trkpt>
   <trkpt lat="46.790468" lon="12.875039">
    <ele>646.928</ele>
    <time>2026-06-23T07:24:00Z</time>
   </trkpt>
   <trkpt lat="46.790514" lon="12.874990">
    <ele>647.182</ele>
    <time>2026-06-23T07:24:03Z</time>
   </trkpt>
   <trkpt lat="46.790678" lon="12.874798">
    <ele>646.717</ele>
    <time>2026-06-23T07:24:08Z</time>
   </trkpt>
   <trkpt lat="46.791525" lon="12.873738">
    <ele>646.577</ele>
    <time>2026-06-23T07:24:30Z</time>
   </trkpt>
   <trkpt lat="46.792474" lon="12.872321">
    <ele>647.030</ele>
    <time>2026-06-23T07:24:56Z</time>
   </trkpt>
   <trkpt lat="46.793260" lon="12.870904">
    <ele>647.569</ele>
    <time>2026-06-23T07:25:20Z</time>
   </trkpt>
   <trkpt lat="46.794231" lon="12.868950">
    <ele>647.732</ele>
    <time>2026-06-23T07:25:50Z</time>
   </trkpt>
   <trkpt lat="46.795066" lon="12.866640">
    <ele>647.773</ele>
    <time>2026-06-23T07:26:21Z</time>
   </trkpt>
   <trkpt lat="46.795784" lon="12.864643">
    <ele>648.151</ele>
    <time>2026-06-23T07:26:47Z</time>
   </trkpt>
   <trkpt lat="46.796567" lon="12.862688">
    <ele>649.412</ele>
    <time>2026-06-23T07:27:14Z</time>
   </trkpt>
   <trkpt lat="46.797418" lon="12.860837">
    <ele>649.126</ele>
    <time>2026-06-23T07:27:42Z</time>
   </trkpt>
   <trkpt lat="46.798062" lon="12.859519">
    <ele>648.994</ele>
    <time>2026-06-23T07:28:02Z</time>
   </trkpt>
   <trkpt lat="46.798983" lon="12.857735">
    <ele>648.902</ele>
    <time>2026-06-23T07:28:30Z</time>
   </trkpt>
   <trkpt lat="46.799874" lon="12.856255">
    <ele>649.240</ele>
    <time>2026-06-23T07:28:54Z</time>
   </trkpt>
   <trkpt lat="46.801034" lon="12.854332">
    <ele>649.592</ele>
    <time>2026-06-23T07:29:25Z</time>
   </trkpt>
   <trkpt lat="46.802268" lon="12.852273">
    <ele>650.562</ele>
    <time>2026-06-23T07:29:58Z</time>
   </trkpt>
   <trkpt lat="46.803468" lon="12.850246">
    <ele>651.233</ele>
    <time>2026-06-23T07:30:31Z</time>
   </trkpt>
   <trkpt lat="46.804490" lon="12.848519">
    <ele>651.574</ele>
    <time>2026-06-23T07:31:00Z</time>
   </trkpt>
   <trkpt lat="46.805525" lon="12.846770">
    <ele>651.837</ele>
    <time>2026-06-23T07:31:29Z</time>
   </trkpt>
   <trkpt lat="46.806634" lon="12.844880">
    <ele>651.354</ele>
    <time>2026-06-23T07:32:00Z</time>
   </trkpt>
   <trkpt lat="46.806798" lon="12.844597">
    <ele>652.246</ele>
    <time>2026-06-23T07:32:10Z</time>
   </trkpt>
   <trkpt lat="46.806854" lon="12.844501">
    <ele>652.883</ele>
    <time>2026-06-23T07:32:19Z</time>
   </trkpt>
   <trkpt lat="46.806957" lon="12.844330">
    <ele>652.663</ele>
    <time>2026-06-23T07:32:23Z</time>
   </trkpt>
   <trkpt lat="46.807701" lon="12.843340">
    <ele>652.363</ele>
    <time>2026-06-23T07:32:43Z</time>
   </trkpt>
   <trkpt lat="46.808553" lon="12.842655">
    <ele>654.068</ele>
    <time>2026-06-23T07:33:03Z</time>
   </trkpt>
   <trkpt lat="46.809164" lon="12.842356">
    <ele>654.897</ele>
    <time>2026-06-23T07:33:16Z</time>
   </trkpt>
   <trkpt lat="46.809247" lon="12.842224">
    <ele>654.509</ele>
    <time>2026-06-23T07:33:20Z</time>
   </trkpt>
   <trkpt lat="46.809247" lon="12.842224">
    <ele>654.547</ele>
    <time>2026-06-23T07:33:22Z</time>
   </trkpt>
   <trkpt lat="46.809320" lon="12.841764">
    <ele>653.833</ele>
    <time>2026-06-23T07:33:27Z</time>
   </trkpt>
   <trkpt lat="46.810042" lon="12.841080">
    <ele>654.111</ele>
    <time>2026-06-23T07:33:44Z</time>
   </trkpt>
   <trkpt lat="46.810814" lon="12.840268">
    <ele>652.968</ele>
    <time>2026-06-23T07:34:03Z</time>
   </trkpt>
   <trkpt lat="46.811885" lon="12.838947">
    <ele>653.394</ele>
    <time>2026-06-23T07:34:30Z</time>
   </trkpt>
   <trkpt lat="46.812527" lon="12.837655">
    <ele>653.575</ele>
    <time>2026-06-23T07:34:51Z</time>
   </trkpt>
   <trkpt lat="46.812933" lon="12.836366">
    <ele>654.763</ele>
    <time>2026-06-23T07:35:09Z</time>
   </trkpt>
   <trkpt lat="46.813224" lon="12.834618">
    <ele>655.578</ele>
    <time>2026-06-23T07:35:32Z</time>
   </trkpt>
   <trkpt lat="46.813554" lon="12.832504">
    <ele>655.434</ele>
    <time>2026-06-23T07:35:59Z</time>
   </trkpt>
   <trkpt lat="46.813818" lon="12.830814">
    <ele>655.853</ele>
    <time>2026-06-23T07:36:20Z</time>
   </trkpt>
   <trkpt lat="46.814148" lon="12.828697">
    <ele>657.569</ele>
    <time>2026-06-23T07:36:47Z</time>
   </trkpt>
   <trkpt lat="46.814375" lon="12.828534">
    <ele>655.672</ele>
    <time>2026-06-23T07:36:52Z</time>
   </trkpt>
   <trkpt lat="46.815481" lon="12.829078">
    <ele>652.551</ele>
    <time>2026-06-23T07:37:10Z</time>
   </trkpt>
   <trkpt lat="46.816285" lon="12.829511">
    <ele>652.091</ele>
    <time>2026-06-23T07:37:26Z</time>
   </trkpt>
   <trkpt lat="46.816961" lon="12.829783">
    <ele>653.997</ele>
    <time>2026-06-23T07:37:41Z</time>
   </trkpt>
   <trkpt lat="46.817524" lon="12.830075">
    <ele>653.271</ele>
    <time>2026-06-23T07:37:56Z</time>
   </trkpt>
   <trkpt lat="46.818484" lon="12.830636">
    <ele>652.466</ele>
    <time>2026-06-23T07:38:14Z</time>
   </trkpt>
   <trkpt lat="46.819702" lon="12.831327">
    <ele>654.958</ele>
    <time>2026-06-23T07:38:39Z</time>
   </trkpt>
   <trkpt lat="46.820638" lon="12.831922">
    <ele>656.784</ele>
    <time>2026-06-23T07:38:59Z</time>
   </trkpt>
   <trkpt lat="46.821339" lon="12.832349">
    <ele>656.665</ele>
    <time>2026-06-23T07:39:15Z</time>
   </trkpt>
   <trkpt lat="46.821427" lon="12.832400">
    <ele>656.885</ele>
    <time>2026-06-23T07:39:17Z</time>
   </trkpt>
   <trkpt lat="46.821551" lon="12.832473">
    <ele>657.145</ele>
    <time>2026-06-23T07:39:20Z</time>
   </trkpt>
   <trkpt lat="46.822107" lon="12.832698">
    <ele>658.796</ele>
    <time>2026-06-23T07:39:33Z</time>
   </trkpt>
   <trkpt lat="46.822636" lon="12.832739">
    <ele>660.194</ele>
    <time>2026-06-23T07:39:48Z</time>
   </trkpt>
   <trkpt lat="46.822636" lon="12.832739">
    <ele>660.037</ele>
    <time>2026-06-23T07:39:50Z</time>
   </trkpt>
   <trkpt lat="46.822636" lon="12.832804">
    <ele>660.485</ele>
    <time>2026-06-23T07:39:57Z</time>
   </trkpt>
   <trkpt lat="46.822731" lon="12.833004">
    <ele>660.128</ele>
    <time>2026-06-23T07:40:03Z</time>
   </trkpt>
   <trkpt lat="46.823461" lon="12.833450">
    <ele>661.754</ele>
    <time>2026-06-23T07:40:24Z</time>
   </trkpt>
   <trkpt lat="46.823870" lon="12.834078">
    <ele>664.168</ele>
    <time>2026-06-23T07:40:42Z</time>
   </trkpt>
   <trkpt lat="46.824282" lon="12.834936">
    <ele>669.097</ele>
    <time>2026-06-23T07:41:09Z</time>
   </trkpt>
   <trkpt lat="46.824342" lon="12.835074">
    <ele>669.056</ele>
    <time>2026-06-23T07:41:19Z</time>
   </trkpt>
   <trkpt lat="46.824353" lon="12.835100">
    <ele>669.654</ele>
    <time>2026-06-23T07:41:22Z</time>
   </trkpt>
   <trkpt lat="46.824637" lon="12.835736">
    <ele>673.269</ele>
    <time>2026-06-23T07:41:38Z</time>
   </trkpt>
   <trkpt lat="46.824925" lon="12.836415">
    <ele>675.686</ele>
    <time>2026-06-23T07:42:00Z</time>
   </trkpt>
   <trkpt lat="46.825300" lon="12.837309">
    <ele>679.402</ele>
    <time>2026-06-23T07:42:29Z</time>
   </trkpt>
   <trkpt lat="46.825606" lon="12.838007">
    <ele>684.716</ele>
    <time>2026-06-23T07:42:55Z</time>
   </trkpt>
   <trkpt lat="46.825837" lon="12.838508">
    <ele>688.959</ele>
    <time>2026-06-23T07:43:14Z</time>
   </trkpt>
   <trkpt lat="46.826110" lon="12.839148">
    <ele>695.006</ele>
    <time>2026-06-23T07:43:38Z</time>
   </trkpt>
   <trkpt lat="46.826071" lon="12.839615">
    <ele>698.258</ele>
    <time>2026-06-23T07:43:55Z</time>
   </trkpt>
   <trkpt lat="46.826040" lon="12.840096">
    <ele>700.638</ele>
    <time>2026-06-23T07:44:12Z</time>
   </trkpt>
   <trkpt lat="46.826231" lon="12.840234">
    <ele>702.866</ele>
    <time>2026-06-23T07:44:27Z</time>
   </trkpt>
   <trkpt lat="46.826488" lon="12.840425">
    <ele>705.977</ele>
    <time>2026-06-23T07:44:44Z</time>
   </trkpt>
   <trkpt lat="46.826537" lon="12.840755">
    <ele>708.113</ele>
    <time>2026-06-23T07:44:57Z</time>
   </trkpt>
   <trkpt lat="46.826617" lon="12.840802">
    <ele>708.950</ele>
    <time>2026-06-23T07:45:02Z</time>
   </trkpt>
   <trkpt lat="46.826842" lon="12.840872">
    <ele>712.715</ele>
    <time>2026-06-23T07:45:21Z</time>
   </trkpt>
   <trkpt lat="46.827301" lon="12.840559">
    <ele>714.512</ele>
    <time>2026-06-23T07:45:36Z</time>
   </trkpt>
   <trkpt lat="46.827544" lon="12.840291">
    <ele>718.053</ele>
    <time>2026-06-23T07:45:53Z</time>
   </trkpt>
   <trkpt lat="46.827883" lon="12.839970">
    <ele>720.862</ele>
    <time>2026-06-23T07:46:14Z</time>
   </trkpt>
   <trkpt lat="46.828294" lon="12.839510">
    <ele>726.163</ele>
    <time>2026-06-23T07:46:40Z</time>
   </trkpt>
   <trkpt lat="46.828655" lon="12.839029">
    <ele>731.563</ele>
    <time>2026-06-23T07:47:05Z</time>
   </trkpt>
   <trkpt lat="46.829022" lon="12.838612">
    <ele>736.438</ele>
    <time>2026-06-23T07:47:28Z</time>
   </trkpt>
   <trkpt lat="46.829311" lon="12.838198">
    <ele>740.980</ele>
    <time>2026-06-23T07:47:48Z</time>
   </trkpt>
   <trkpt lat="46.829663" lon="12.837715">
    <ele>747.458</ele>
    <time>2026-06-23T07:48:13Z</time>
   </trkpt>
   <trkpt lat="46.829964" lon="12.837459">
    <ele>751.342</ele>
    <time>2026-06-23T07:48:31Z</time>
   </trkpt>
   <trkpt lat="46.830261" lon="12.837173">
    <ele>749.331</ele>
    <time>2026-06-23T07:48:49Z</time>
   </trkpt>
   <trkpt lat="46.830594" lon="12.836866">
    <ele>751.011</ele>
    <time>2026-06-23T07:49:10Z</time>
   </trkpt>
   <trkpt lat="46.830956" lon="12.836750">
    <ele>753.347</ele>
    <time>2026-06-23T07:49:29Z</time>
   </trkpt>
   <trkpt lat="46.830988" lon="12.836746">
    <ele>752.665</ele>
    <time>2026-06-23T07:49:33Z</time>
   </trkpt>
   <trkpt lat="46.831272" lon="12.836708">
    <ele>755.613</ele>
    <time>2026-06-23T07:49:46Z</time>
   </trkpt>
   <trkpt lat="46.831598" lon="12.836574">
    <ele>758.780</ele>
    <time>2026-06-23T07:50:04Z</time>
   </trkpt>
   <trkpt lat="46.831882" lon="12.836304">
    <ele>762.613</ele>
    <time>2026-06-23T07:50:23Z</time>
   </trkpt>
   <trkpt lat="46.832163" lon="12.835895">
    <ele>765.923</ele>
    <time>2026-06-23T07:50:42Z</time>
   </trkpt>
   <trkpt lat="46.832280" lon="12.835338">
    <ele>764.014</ele>
    <time>2026-06-23T07:50:54Z</time>
   </trkpt>
   <trkpt lat="46.832473" lon="12.834932">
    <ele>764.933</ele>
    <time>2026-06-23T07:51:02Z</time>
   </trkpt>
   <trkpt lat="46.832757" lon="12.834260">
    <ele>767.811</ele>
    <time>2026-06-23T07:51:18Z</time>
   </trkpt>
   <trkpt lat="46.833134" lon="12.833746">
    <ele>769.118</ele>
    <time>2026-06-23T07:51:36Z</time>
   </trkpt>
   <trkpt lat="46.833482" lon="12.833557">
    <ele>772.614</ele>
    <time>2026-06-23T07:51:52Z</time>
   </trkpt>
   <trkpt lat="46.833806" lon="12.833001">
    <ele>777.015</ele>
    <time>2026-06-23T07:52:13Z</time>
   </trkpt>
   <trkpt lat="46.834021" lon="12.832555">
    <ele>778.795</ele>
    <time>2026-06-23T07:52:30Z</time>
   </trkpt>
   <trkpt lat="46.834209" lon="12.831909">
    <ele>782.814</ele>
    <time>2026-06-23T07:52:54Z</time>
   </trkpt>
   <trkpt lat="46.834363" lon="12.831887">
    <ele>784.667</ele>
    <time>2026-06-23T07:53:02Z</time>
   </trkpt>
   <trkpt lat="46.834409" lon="12.832378">
    <ele>788.853</ele>
    <time>2026-06-23T07:53:21Z</time>
   </trkpt>
   <trkpt lat="46.834454" lon="12.832732">
    <ele>792.462</ele>
    <time>2026-06-23T07:53:37Z</time>
   </trkpt>
   <trkpt lat="46.834513" lon="12.832992">
    <ele>794.558</ele>
    <time>2026-06-23T07:53:49Z</time>
   </trkpt>
   <trkpt lat="46.834570" lon="12.833009">
    <ele>795.977</ele>
    <time>2026-06-23T07:53:54Z</time>
   </trkpt>
   <trkpt lat="46.834660" lon="12.832990">
    <ele>797.767</ele>
    <time>2026-06-23T07:54:06Z</time>
   </trkpt>
   <trkpt lat="46.834912" lon="12.832705">
    <ele>802.175</ele>
    <time>2026-06-23T07:54:29Z</time>
   </trkpt>
   <trkpt lat="46.835167" lon="12.832480">
    <ele>807.941</ele>
    <time>2026-06-23T07:54:53Z</time>
   </trkpt>
   <trkpt lat="46.835267" lon="12.832402">
    <ele>809.933</ele>
    <time>2026-06-23T07:55:02Z</time>
   </trkpt>
   <trkpt lat="46.835305" lon="12.832413">
    <ele>810.323</ele>
    <time>2026-06-23T07:55:25Z</time>
   </trkpt>
   <trkpt lat="46.835305" lon="12.832413">
    <ele>812.420</ele>
    <time>2026-06-23T07:57:10Z</time>
   </trkpt>
   <trkpt lat="46.835467" lon="12.832516">
    <ele>814.151</ele>
    <time>2026-06-23T07:57:17Z</time>
   </trkpt>
   <trkpt lat="46.835792" lon="12.832113">
    <ele>819.265</ele>
    <time>2026-06-23T07:57:38Z</time>
   </trkpt>
   <trkpt lat="46.836183" lon="12.831460">
    <ele>827.226</ele>
    <time>2026-06-23T07:58:09Z</time>
   </trkpt>
   <trkpt lat="46.836494" lon="12.830948">
    <ele>834.847</ele>
    <time>2026-06-23T07:58:35Z</time>
   </trkpt>
   <trkpt lat="46.836716" lon="12.830637">
    <ele>840.184</ele>
    <time>2026-06-23T07:58:52Z</time>
   </trkpt>
   <trkpt lat="46.837024" lon="12.830222">
    <ele>845.661</ele>
    <time>2026-06-23T07:59:11Z</time>
   </trkpt>
   <trkpt lat="46.837278" lon="12.829824">
    <ele>849.588</ele>
    <time>2026-06-23T07:59:26Z</time>
   </trkpt>
   <trkpt lat="46.837544" lon="12.829191">
    <ele>853.633</ele>
    <time>2026-06-23T07:59:50Z</time>
   </trkpt>
   <trkpt lat="46.837826" lon="12.828505">
    <ele>859.113</ele>
    <time>2026-06-23T08:00:18Z</time>
   </trkpt>
   <trkpt lat="46.838061" lon="12.828155">
    <ele>862.160</ele>
    <time>2026-06-23T08:00:35Z</time>
   </trkpt>
   <trkpt lat="46.838399" lon="12.827937">
    <ele>868.509</ele>
    <time>2026-06-23T08:00:55Z</time>
   </trkpt>
   <trkpt lat="46.838710" lon="12.827803">
    <ele>875.351</ele>
    <time>2026-06-23T08:01:12Z</time>
   </trkpt>
   <trkpt lat="46.839043" lon="12.827701">
    <ele>878.712</ele>
    <time>2026-06-23T08:01:31Z</time>
   </trkpt>
   <trkpt lat="46.839393" lon="12.827621">
    <ele>882.001</ele>
    <time>2026-06-23T08:01:50Z</time>
   </trkpt>
   <trkpt lat="46.839722" lon="12.827757">
    <ele>881.562</ele>
    <time>2026-06-23T08:02:05Z</time>
   </trkpt>
   <trkpt lat="46.839618" lon="12.828162">
    <ele>881.897</ele>
    <time>2026-06-23T08:02:16Z</time>
   </trkpt>
   <trkpt lat="46.839115" lon="12.828113">
    <ele>883.939</ele>
    <time>2026-06-23T08:02:34Z</time>
   </trkpt>
   <trkpt lat="46.838638" lon="12.828325">
    <ele>889.341</ele>
    <time>2026-06-23T08:02:54Z</time>
   </trkpt>
   <trkpt lat="46.838460" lon="12.828855">
    <ele>893.892</ele>
    <time>2026-06-23T08:03:11Z</time>
   </trkpt>
   <trkpt lat="46.838550" lon="12.829531">
    <ele>897.803</ele>
    <time>2026-06-23T08:03:33Z</time>
   </trkpt>
   <trkpt lat="46.838572" lon="12.829604">
    <ele>898.719</ele>
    <time>2026-06-23T08:03:46Z</time>
   </trkpt>
   <trkpt lat="46.838615" lon="12.829776">
    <ele>898.684</ele>
    <time>2026-06-23T08:04:49Z</time>
   </trkpt>
   <trkpt lat="46.838627" lon="12.829823">
    <ele>898.395</ele>
    <time>2026-06-23T08:04:50Z</time>
   </trkpt>
   <trkpt lat="46.838396" lon="12.830715">
    <ele>896.988</ele>
    <time>2026-06-23T08:05:01Z</time>
   </trkpt>
   <trkpt lat="46.838297" lon="12.831746">
    <ele>900.504</ele>
    <time>2026-06-23T08:05:20Z</time>
   </trkpt>
   <trkpt lat="46.838270" lon="12.832395">
    <ele>904.318</ele>
    <time>2026-06-23T08:05:36Z</time>
   </trkpt>
   <trkpt lat="46.838072" lon="12.832976">
    <ele>908.442</ele>
    <time>2026-06-23T08:05:55Z</time>
   </trkpt>
   <trkpt lat="46.838060" lon="12.832991">
    <ele>907.942</ele>
    <time>2026-06-23T08:06:10Z</time>
   </trkpt>
   <trkpt lat="46.838060" lon="12.832991">
    <ele>907.857</ele>
    <time>2026-06-23T08:06:21Z</time>
   </trkpt>
   <trkpt lat="46.837914" lon="12.833353">
    <ele>910.639</ele>
    <time>2026-06-23T08:06:40Z</time>
   </trkpt>
   <trkpt lat="46.837809" lon="12.833884">
    <ele>913.211</ele>
    <time>2026-06-23T08:07:02Z</time>
   </trkpt>
   <trkpt lat="46.837730" lon="12.834208">
    <ele>914.287</ele>
    <time>2026-06-23T08:07:16Z</time>
   </trkpt>
   <trkpt lat="46.837567" lon="12.834533">
    <ele>918.701</ele>
    <time>2026-06-23T08:07:35Z</time>
   </trkpt>
   <trkpt lat="46.837513" lon="12.834612">
    <ele>918.547</ele>
    <time>2026-06-23T08:07:40Z</time>
   </trkpt>
   <trkpt lat="46.837338" lon="12.835043">
    <ele>922.861</ele>
    <time>2026-06-23T08:08:03Z</time>
   </trkpt>
   <trkpt lat="46.837116" lon="12.835447">
    <ele>924.314</ele>
    <time>2026-06-23T08:08:25Z</time>
   </trkpt>
   <trkpt lat="46.836963" lon="12.835861">
    <ele>925.383</ele>
    <time>2026-06-23T08:08:45Z</time>
   </trkpt>
   <trkpt lat="46.836776" lon="12.836393">
    <ele>931.035</ele>
    <time>2026-06-23T08:09:10Z</time>
   </trkpt>
   <trkpt lat="46.836569" lon="12.836682">
    <ele>932.636</ele>
    <time>2026-06-23T08:09:27Z</time>
   </trkpt>
   <trkpt lat="46.836607" lon="12.836830">
    <ele>934.126</ele>
    <time>2026-06-23T08:09:35Z</time>
   </trkpt>
   <trkpt lat="46.836675" lon="12.836838">
    <ele>935.115</ele>
    <time>2026-06-23T08:09:40Z</time>
   </trkpt>
   <trkpt lat="46.836933" lon="12.836598">
    <ele>936.841</ele>
    <time>2026-06-23T08:09:59Z</time>
   </trkpt>
   <trkpt lat="46.837165" lon="12.836302">
    <ele>939.896</ele>
    <time>2026-06-23T08:10:17Z</time>
   </trkpt>
   <trkpt lat="46.837451" lon="12.836159">
    <ele>943.355</ele>
    <time>2026-06-23T08:10:35Z</time>
   </trkpt>
   <trkpt lat="46.837627" lon="12.836090">
    <ele>945.514</ele>
    <time>2026-06-23T08:10:48Z</time>
   </trkpt>
   <trkpt lat="46.837734" lon="12.836144">
    <ele>945.130</ele>
    <time>2026-06-23T08:10:54Z</time>
   </trkpt>
   <trkpt lat="46.837894" lon="12.836146">
    <ele>946.505</ele>
    <time>2026-06-23T08:11:01Z</time>
   </trkpt>
   <trkpt lat="46.837982" lon="12.836000">
    <ele>948.510</ele>
    <time>2026-06-23T08:11:10Z</time>
   </trkpt>
   <trkpt lat="46.838016" lon="12.835978">
    <ele>947.612</ele>
    <time>2026-06-23T08:11:12Z</time>
   </trkpt>
   <trkpt lat="46.838332" lon="12.835750">
    <ele>953.258</ele>
    <time>2026-06-23T08:11:35Z</time>
   </trkpt>
   <trkpt lat="46.838574" lon="12.835566">
    <ele>955.218</ele>
    <time>2026-06-23T08:11:51Z</time>
   </trkpt>
   <trkpt lat="46.838843" lon="12.835361">
    <ele>956.597</ele>
    <time>2026-06-23T08:12:09Z</time>
   </trkpt>
   <trkpt lat="46.839128" lon="12.834948">
    <ele>961.544</ele>
    <time>2026-06-23T08:12:32Z</time>
   </trkpt>
   <trkpt lat="46.839495" lon="12.834696">
    <ele>965.994</ele>
    <time>2026-06-23T08:12:53Z</time>
   </trkpt>
   <trkpt lat="46.839878" lon="12.834567">
    <ele>969.084</ele>
    <time>2026-06-23T08:13:13Z</time>
   </trkpt>
   <trkpt lat="46.840159" lon="12.834326">
    <ele>974.615</ele>
    <time>2026-06-23T08:13:31Z</time>
   </trkpt>
   <trkpt lat="46.840368" lon="12.833952">
    <ele>976.928</ele>
    <time>2026-06-23T08:13:53Z</time>
   </trkpt>
   <trkpt lat="46.840641" lon="12.833712">
    <ele>980.129</ele>
    <time>2026-06-23T08:14:15Z</time>
   </trkpt>
   <trkpt lat="46.840859" lon="12.833580">
    <ele>981.028</ele>
    <time>2026-06-23T08:14:31Z</time>
   </trkpt>
   <trkpt lat="46.840875" lon="12.833579">
    <ele>981.048</ele>
    <time>2026-06-23T08:14:32Z</time>
   </trkpt>
   <trkpt lat="46.840904" lon="12.833562">
    <ele>982.173</ele>
    <time>2026-06-23T08:14:35Z</time>
   </trkpt>
   <trkpt lat="46.840969" lon="12.833467">
    <ele>984.301</ele>
    <time>2026-06-23T08:14:43Z</time>
   </trkpt>
   <trkpt lat="46.841069" lon="12.833291">
    <ele>985.926</ele>
    <time>2026-06-23T08:14:54Z</time>
   </trkpt>
   <trkpt lat="46.841180" lon="12.833037">
    <ele>985.367</ele>
    <time>2026-06-23T08:15:08Z</time>
   </trkpt>
   <trkpt lat="46.841213" lon="12.833124">
    <ele>986.403</ele>
    <time>2026-06-23T08:15:13Z</time>
   </trkpt>
   <trkpt lat="46.841067" lon="12.833592">
    <ele>988.688</ele>
    <time>2026-06-23T08:15:34Z</time>
   </trkpt>
   <trkpt lat="46.840965" lon="12.834060">
    <ele>993.895</ele>
    <time>2026-06-23T08:15:55Z</time>
   </trkpt>
   <trkpt lat="46.840793" lon="12.834472">
    <ele>996.480</ele>
    <time>2026-06-23T08:16:17Z</time>
   </trkpt>
   <trkpt lat="46.840626" lon="12.834982">
    <ele>999.944</ele>
    <time>2026-06-23T08:16:41Z</time>
   </trkpt>
   <trkpt lat="46.840487" lon="12.835411">
    <ele>1003.835</ele>
    <time>2026-06-23T08:17:04Z</time>
   </trkpt>
   <trkpt lat="46.840354" lon="12.835726">
    <ele>1006.188</ele>
    <time>2026-06-23T08:17:21Z</time>
   </trkpt>
   <trkpt lat="46.840156" lon="12.836199">
    <ele>1009.849</ele>
    <time>2026-06-23T08:17:46Z</time>
   </trkpt>
   <trkpt lat="46.839941" lon="12.836610">
    <ele>1014.926</ele>
    <time>2026-06-23T08:18:09Z</time>
   </trkpt>
   <trkpt lat="46.839700" lon="12.837037">
    <ele>1019.557</ele>
    <time>2026-06-23T08:18:34Z</time>
   </trkpt>
   <trkpt lat="46.839420" lon="12.837522">
    <ele>1023.220</ele>
    <time>2026-06-23T08:19:02Z</time>
   </trkpt>
   <trkpt lat="46.839234" lon="12.837721">
    <ele>1025.473</ele>
    <time>2026-06-23T08:19:17Z</time>
   </trkpt>
   <trkpt lat="46.838934" lon="12.837980">
    <ele>1027.371</ele>
    <time>2026-06-23T08:19:39Z</time>
   </trkpt>
   <trkpt lat="46.838681" lon="12.838180">
    <ele>1032.132</ele>
    <time>2026-06-23T08:19:59Z</time>
   </trkpt>
   <trkpt lat="46.838389" lon="12.838379">
    <ele>1036.484</ele>
    <time>2026-06-23T08:20:21Z</time>
   </trkpt>
   <trkpt lat="46.838298" lon="12.838421">
    <ele>1038.694</ele>
    <time>2026-06-23T08:20:26Z</time>
   </trkpt>
   <trkpt lat="46.838177" lon="12.838537">
    <ele>1036.832</ele>
    <time>2026-06-23T08:20:36Z</time>
   </trkpt>
   <trkpt lat="46.837863" lon="12.838725">
    <ele>1041.245</ele>
    <time>2026-06-23T08:20:57Z</time>
   </trkpt>
   <trkpt lat="46.837582" lon="12.838891">
    <ele>1046.034</ele>
    <time>2026-06-23T08:21:16Z</time>
   </trkpt>
   <trkpt lat="46.837323" lon="12.839096">
    <ele>1052.253</ele>
    <time>2026-06-23T08:21:35Z</time>
   </trkpt>
   <trkpt lat="46.837113" lon="12.839456">
    <ele>1054.431</ele>
    <time>2026-06-23T08:21:54Z</time>
   </trkpt>
   <trkpt lat="46.836984" lon="12.839508">
    <ele>1054.222</ele>
    <time>2026-06-23T08:22:02Z</time>
   </trkpt>
   <trkpt lat="46.836716" lon="12.839646">
    <ele>1053.173</ele>
    <time>2026-06-23T08:22:19Z</time>
   </trkpt>
   <trkpt lat="46.836469" lon="12.839910">
    <ele>1057.697</ele>
    <time>2026-06-23T08:22:37Z</time>
   </trkpt>
   <trkpt lat="46.836184" lon="12.840302">
    <ele>1060.137</ele>
    <time>2026-06-23T08:23:01Z</time>
   </trkpt>
   <trkpt lat="46.835988" lon="12.840601">
    <ele>1062.568</ele>
    <time>2026-06-23T08:23:20Z</time>
   </trkpt>
   <trkpt lat="46.835855" lon="12.841010">
    <ele>1064.424</ele>
    <time>2026-06-23T08:23:40Z</time>
   </trkpt>
   <trkpt lat="46.835797" lon="12.841414">
    <ele>1068.028</ele>
    <time>2026-06-23T08:23:59Z</time>
   </trkpt>
   <trkpt lat="46.835790" lon="12.841496">
    <ele>1068.953</ele>
    <time>2026-06-23T08:24:03Z</time>
   </trkpt>
   <trkpt lat="46.835792" lon="12.841666">
    <ele>1070.126</ele>
    <time>2026-06-23T08:24:11Z</time>
   </trkpt>
   <trkpt lat="46.835808" lon="12.841833">
    <ele>1071.050</ele>
    <time>2026-06-23T08:24:18Z</time>
   </trkpt>
   <trkpt lat="46.835790" lon="12.842304">
    <ele>1073.444</ele>
    <time>2026-06-23T08:24:36Z</time>
   </trkpt>
   <trkpt lat="46.835651" lon="12.842807">
    <ele>1074.677</ele>
    <time>2026-06-23T08:24:59Z</time>
   </trkpt>
   <trkpt lat="46.835752" lon="12.843230">
    <ele>1075.832</ele>
    <time>2026-06-23T08:25:17Z</time>
   </trkpt>
   <trkpt lat="46.835823" lon="12.843245">
    <ele>1075.903</ele>
    <time>2026-06-23T08:25:30Z</time>
   </trkpt>
   <trkpt lat="46.835828" lon="12.843245">
    <ele>1076.248</ele>
    <time>2026-06-23T08:28:16Z</time>
   </trkpt>
   <trkpt lat="46.835838" lon="12.843244">
    <ele>1076.194</ele>
    <time>2026-06-23T08:29:08Z</time>
   </trkpt>
   <trkpt lat="46.836099" lon="12.842991">
    <ele>1077.554</ele>
    <time>2026-06-23T08:29:25Z</time>
   </trkpt>
   <trkpt lat="46.836357" lon="12.842810">
    <ele>1079.922</ele>
    <time>2026-06-23T08:29:40Z</time>
   </trkpt>
   <trkpt lat="46.836487" lon="12.842348">
    <ele>1083.249</ele>
    <time>2026-06-23T08:29:56Z</time>
   </trkpt>
   <trkpt lat="46.836686" lon="12.841485">
    <ele>1088.795</ele>
    <time>2026-06-23T08:30:28Z</time>
   </trkpt>
   <trkpt lat="46.836978" lon="12.840848">
    <ele>1091.386</ele>
    <time>2026-06-23T08:30:54Z</time>
   </trkpt>
   <trkpt lat="46.837365" lon="12.840761">
    <ele>1094.459</ele>
    <time>2026-06-23T08:31:13Z</time>
   </trkpt>
   <trkpt lat="46.837592" lon="12.841076">
    <ele>1098.300</ele>
    <time>2026-06-23T08:31:29Z</time>
   </trkpt>
   <trkpt lat="46.837579" lon="12.841663">
    <ele>1100.062</ele>
    <time>2026-06-23T08:31:49Z</time>
   </trkpt>
   <trkpt lat="46.837460" lon="12.842323">
    <ele>1104.831</ele>
    <time>2026-06-23T08:32:11Z</time>
   </trkpt>
   <trkpt lat="46.837527" lon="12.842654">
    <ele>1108.053</ele>
    <time>2026-06-23T08:32:22Z</time>
   </trkpt>
   <trkpt lat="46.837552" lon="12.842768">
    <ele>1110.363</ele>
    <time>2026-06-23T08:32:28Z</time>
   </trkpt>
   <trkpt lat="46.837613" lon="12.843047">
    <ele>1116.099</ele>
    <time>2026-06-23T08:32:50Z</time>
   </trkpt>
   <trkpt lat="46.837620" lon="12.843122">
    <ele>1117.449</ele>
    <time>2026-06-23T08:32:54Z</time>
   </trkpt>
   <trkpt lat="46.837665" lon="12.843415">
    <ele>1119.826</ele>
    <time>2026-06-23T08:33:09Z</time>
   </trkpt>
   <trkpt lat="46.837679" lon="12.843472">
    <ele>1120.166</ele>
    <time>2026-06-23T08:33:12Z</time>
   </trkpt>
   <trkpt lat="46.837853" lon="12.843747">
    <ele>1121.454</ele>
    <time>2026-06-23T08:33:31Z</time>
   </trkpt>
   <trkpt lat="46.838061" lon="12.844045">
    <ele>1120.742</ele>
    <time>2026-06-23T08:33:47Z</time>
   </trkpt>
   <trkpt lat="46.838377" lon="12.844204">
    <ele>1122.630</ele>
    <time>2026-06-23T08:34:05Z</time>
   </trkpt>
   <trkpt lat="46.838660" lon="12.844499">
    <ele>1126.858</ele>
    <time>2026-06-23T08:34:24Z</time>
   </trkpt>
   <trkpt lat="46.838889" lon="12.844847">
    <ele>1129.900</ele>
    <time>2026-06-23T08:34:45Z</time>
   </trkpt>
   <trkpt lat="46.839151" lon="12.845177">
    <ele>1132.647</ele>
    <time>2026-06-23T08:35:03Z</time>
   </trkpt>
   <trkpt lat="46.839456" lon="12.845491">
    <ele>1135.911</ele>
    <time>2026-06-23T08:35:22Z</time>
   </trkpt>
   <trkpt lat="46.839651" lon="12.846033">
    <ele>1138.427</ele>
    <time>2026-06-23T08:35:44Z</time>
   </trkpt>
   <trkpt lat="46.839698" lon="12.846672">
    <ele>1139.680</ele>
    <time>2026-06-23T08:36:03Z</time>
   </trkpt>
   <trkpt lat="46.839693" lon="12.847302">
    <ele>1142.792</ele>
    <time>2026-06-23T08:36:23Z</time>
   </trkpt>
   <trkpt lat="46.839794" lon="12.848066">
    <ele>1147.500</ele>
    <time>2026-06-23T08:36:50Z</time>
   </trkpt>
   <trkpt lat="46.839999" lon="12.848502">
    <ele>1151.810</ele>
    <time>2026-06-23T08:37:09Z</time>
   </trkpt>
   <trkpt lat="46.840235" lon="12.848931">
    <ele>1155.134</ele>
    <time>2026-06-23T08:37:29Z</time>
   </trkpt>
   <trkpt lat="46.840489" lon="12.849285">
    <ele>1155.757</ele>
    <time>2026-06-23T08:37:48Z</time>
   </trkpt>
   <trkpt lat="46.840559" lon="12.849379">
    <ele>1155.471</ele>
    <time>2026-06-23T08:38:00Z</time>
   </trkpt>
   <trkpt lat="46.840559" lon="12.849379">
    <ele>1155.398</ele>
    <time>2026-06-23T08:38:29Z</time>
   </trkpt>
   <trkpt lat="46.840578" lon="12.849478">
    <ele>1155.984</ele>
    <time>2026-06-23T08:38:33Z</time>
   </trkpt>
   <trkpt lat="46.841052" lon="12.849734">
    <ele>1160.043</ele>
    <time>2026-06-23T08:38:51Z</time>
   </trkpt>
   <trkpt lat="46.841481" lon="12.849974">
    <ele>1164.495</ele>
    <time>2026-06-23T08:39:10Z</time>
   </trkpt>
   <trkpt lat="46.841890" lon="12.850341">
    <ele>1168.158</ele>
    <time>2026-06-23T08:39:30Z</time>
   </trkpt>
   <trkpt lat="46.842409" lon="12.850938">
    <ele>1171.624</ele>
    <time>2026-06-23T08:39:57Z</time>
   </trkpt>
   <trkpt lat="46.842507" lon="12.851050">
    <ele>1172.160</ele>
    <time>2026-06-23T08:40:01Z</time>
   </trkpt>
   <trkpt lat="46.842863" lon="12.851702">
    <ele>1172.326</ele>
    <time>2026-06-23T08:40:18Z</time>
   </trkpt>
   <trkpt lat="46.843564" lon="12.852069">
    <ele>1175.896</ele>
    <time>2026-06-23T08:40:40Z</time>
   </trkpt>
   <trkpt lat="46.844375" lon="12.852474">
    <ele>1178.849</ele>
    <time>2026-06-23T08:41:08Z</time>
   </trkpt>
   <trkpt lat="46.844913" lon="12.852721">
    <ele>1179.356</ele>
    <time>2026-06-23T08:41:25Z</time>
   </trkpt>
   <trkpt lat="46.845452" lon="12.853072">
    <ele>1179.035</ele>
    <time>2026-06-23T08:41:42Z</time>
   </trkpt>
   <trkpt lat="46.846063" lon="12.853334">
    <ele>1182.969</ele>
    <time>2026-06-23T08:42:05Z</time>
   </trkpt>
   <trkpt lat="46.846400" lon="12.853665">
    <ele>1186.878</ele>
    <time>2026-06-23T08:42:25Z</time>
   </trkpt>
   <trkpt lat="46.846621" lon="12.853998">
    <ele>1191.493</ele>
    <time>2026-06-23T08:42:44Z</time>
   </trkpt>
   <trkpt lat="46.846866" lon="12.854136">
    <ele>1193.196</ele>
    <time>2026-06-23T08:43:00Z</time>
   </trkpt>
   <trkpt lat="46.847315" lon="12.854382">
    <ele>1194.252</ele>
    <time>2026-06-23T08:43:19Z</time>
   </trkpt>
   <trkpt lat="46.847959" lon="12.854742">
    <ele>1196.332</ele>
    <time>2026-06-23T08:43:42Z</time>
   </trkpt>
   <trkpt lat="46.848384" lon="12.855093">
    <ele>1199.799</ele>
    <time>2026-06-23T08:44:01Z</time>
   </trkpt>
   <trkpt lat="46.848685" lon="12.855497">
    <ele>1198.537</ele>
    <time>2026-06-23T08:44:18Z</time>
   </trkpt>
   <trkpt lat="46.849136" lon="12.856021">
    <ele>1196.890</ele>
    <time>2026-06-23T08:44:33Z</time>
   </trkpt>
   <trkpt lat="46.849247" lon="12.856132">
    <ele>1196.560</ele>
    <time>2026-06-23T08:44:36Z</time>
   </trkpt>
   <trkpt lat="46.849933" lon="12.856681">
    <ele>1199.720</ele>
    <time>2026-06-23T08:44:54Z</time>
   </trkpt>
   <trkpt lat="46.850563" lon="12.857190">
    <ele>1200.168</ele>
    <time>2026-06-23T08:45:11Z</time>
   </trkpt>
   <trkpt lat="46.851123" lon="12.857814">
    <ele>1198.703</ele>
    <time>2026-06-23T08:45:31Z</time>
   </trkpt>
   <trkpt lat="46.851322" lon="12.857909">
    <ele>1199.288</ele>
    <time>2026-06-23T08:45:42Z</time>
   </trkpt>
  </trkseg>
 </trk>
 <trk>
  <name>ACTIVE LOG015854</name>
  <trkseg>
   <trkpt lat="46.851356" lon="12.857977">
    <ele>1210.272</ele>
    <time>2026-06-23T08:58:53Z</time>
   </trkpt>
   <trkpt lat="46.851297" lon="12.857949">
    <ele>1198.260</ele>
    <time>2026-06-23T08:59:04Z</time>
   </trkpt>
   <trkpt lat="46.851648" lon="12.857915">
    <ele>1200.728</ele>
    <time>2026-06-23T08:59:17Z</time>
   </trkpt>
   <trkpt lat="46.852282" lon="12.858056">
    <ele>1202.237</ele>
    <time>2026-06-23T08:59:37Z</time>
   </trkpt>
   <trkpt lat="46.852657" lon="12.858052">
    <ele>1204.781</ele>
    <time>2026-06-23T08:59:54Z</time>
   </trkpt>
   <trkpt lat="46.853063" lon="12.858061">
    <ele>1206.377</ele>
    <time>2026-06-23T09:00:13Z</time>
   </trkpt>
   <trkpt lat="46.853439" lon="12.858200">
    <ele>1207.300</ele>
    <time>2026-06-23T09:00:30Z</time>
   </trkpt>
   <trkpt lat="46.853663" lon="12.858231">
    <ele>1208.284</ele>
    <time>2026-06-23T09:00:55Z</time>
   </trkpt>
   <trkpt lat="46.854372" lon="12.858295">
    <ele>1210.809</ele>
    <time>2026-06-23T09:01:12Z</time>
   </trkpt>
   <trkpt lat="46.854479" lon="12.858253">
    <ele>1210.406</ele>
    <time>2026-06-23T09:01:17Z</time>
   </trkpt>
   <trkpt lat="46.855391" lon="12.858606">
    <ele>1209.745</ele>
    <time>2026-06-23T09:01:32Z</time>
   </trkpt>
   <trkpt lat="46.856087" lon="12.858921">
    <ele>1208.061</ele>
    <time>2026-06-23T09:01:43Z</time>
   </trkpt>
   <trkpt lat="46.856287" lon="12.859509">
    <ele>1203.441</ele>
    <time>2026-06-23T09:01:51Z</time>
   </trkpt>
   <trkpt lat="46.856287" lon="12.859509">
    <ele>1203.942</ele>
    <time>2026-06-23T09:02:01Z</time>
   </trkpt>
   <trkpt lat="46.856287" lon="12.859509">
    <ele>1203.908</ele>
    <time>2026-06-23T09:02:02Z</time>
   </trkpt>
   <trkpt lat="46.856248" lon="12.859437">
    <ele>1204.871</ele>
    <time>2026-06-23T09:02:07Z</time>
   </trkpt>
   <trkpt lat="46.856228" lon="12.859400">
    <ele>1205.402</ele>
    <time>2026-06-23T09:02:09Z</time>
   </trkpt>
   <trkpt lat="46.856149" lon="12.859088">
    <ele>1208.003</ele>
    <time>2026-06-23T09:02:18Z</time>
   </trkpt>
   <trkpt lat="46.856330" lon="12.859043">
    <ele>1208.899</ele>
    <time>2026-06-23T09:02:24Z</time>
   </trkpt>
   <trkpt lat="46.856967" lon="12.859398">
    <ele>1203.639</ele>
    <time>2026-06-23T09:02:35Z</time>
   </trkpt>
   <trkpt lat="46.858045" lon="12.860036">
    <ele>1192.964</ele>
    <time>2026-06-23T09:02:46Z</time>
   </trkpt>
   <trkpt lat="46.859488" lon="12.861055">
    <ele>1178.113</ele>
    <time>2026-06-23T09:02:58Z</time>
   </trkpt>
   <trkpt lat="46.860797" lon="12.862755">
    <ele>1161.367</ele>
    <time>2026-06-23T09:03:11Z</time>
   </trkpt>
   <trkpt lat="46.861874" lon="12.864805">
    <ele>1145.470</ele>
    <time>2026-06-23T09:03:24Z</time>
   </trkpt>
   <trkpt lat="46.862884" lon="12.865660">
    <ele>1135.566</ele>
    <time>2026-06-23T09:03:33Z</time>
   </trkpt>
   <trkpt lat="46.864447" lon="12.866589">
    <ele>1118.718</ele>
    <time>2026-06-23T09:03:45Z</time>
   </trkpt>
   <trkpt lat="46.865686" lon="12.868009">
    <ele>1104.304</ele>
    <time>2026-06-23T09:03:56Z</time>
   </trkpt>
   <trkpt lat="46.867244" lon="12.869353">
    <ele>1088.667</ele>
    <time>2026-06-23T09:04:09Z</time>
   </trkpt>
   <trkpt lat="46.868336" lon="12.869646">
    <ele>1081.033</ele>
    <time>2026-06-23T09:04:18Z</time>
   </trkpt>
   <trkpt lat="46.868541" lon="12.870018">
    <ele>1078.765</ele>
    <time>2026-06-23T09:04:23Z</time>
   </trkpt>
   <trkpt lat="46.868305" lon="12.870204">
    <ele>1077.082</ele>
    <time>2026-06-23T09:04:27Z</time>
   </trkpt>
   <trkpt lat="46.867141" lon="12.870045">
    <ele>1069.320</ele>
    <time>2026-06-23T09:04:39Z</time>
   </trkpt>
   <trkpt lat="46.865169" lon="12.870404">
    <ele>1053.931</ele>
    <time>2026-06-23T09:04:54Z</time>
   </trkpt>
   <trkpt lat="46.865032" lon="12.870456">
    <ele>1052.882</ele>
    <time>2026-06-23T09:04:55Z</time>
   </trkpt>
   <trkpt lat="46.864191" lon="12.871492">
    <ele>1042.662</ele>
    <time>2026-06-23T09:05:03Z</time>
   </trkpt>
   <trkpt lat="46.862984" lon="12.874460">
    <ele>1020.867</ele>
    <time>2026-06-23T09:05:19Z</time>
   </trkpt>
   <trkpt lat="46.862377" lon="12.875252">
    <ele>1015.271</ele>
    <time>2026-06-23T09:05:25Z</time>
   </trkpt>
   <trkpt lat="46.862080" lon="12.875840">
    <ele>1013.309</ele>
    <time>2026-06-23T09:05:31Z</time>
   </trkpt>
   <trkpt lat="46.862344" lon="12.875901">
    <ele>1011.582</ele>
    <time>2026-06-23T09:05:35Z</time>
   </trkpt>
   <trkpt lat="46.862492" lon="12.875746">
    <ele>1009.659</ele>
    <time>2026-06-23T09:05:37Z</time>
   </trkpt>
   <trkpt lat="46.863273" lon="12.874890">
    <ele>1001.301</ele>
    <time>2026-06-23T09:05:46Z</time>
   </trkpt>
   <trkpt lat="46.864064" lon="12.874487">
    <ele>992.911</ele>
    <time>2026-06-23T09:05:53Z</time>
   </trkpt>
   <trkpt lat="46.864303" lon="12.874475">
    <ele>990.861</ele>
    <time>2026-06-23T09:05:55Z</time>
   </trkpt>
   <trkpt lat="46.864801" lon="12.874659">
    <ele>987.200</ele>
    <time>2026-06-23T09:05:59Z</time>
   </trkpt>
   <trkpt lat="46.866574" lon="12.875528">
    <ele>971.565</ele>
    <time>2026-06-23T09:06:13Z</time>
   </trkpt>
   <trkpt lat="46.867931" lon="12.875580">
    <ele>958.435</ele>
    <time>2026-06-23T09:06:23Z</time>
   </trkpt>
   <trkpt lat="46.869371" lon="12.876095">
    <ele>944.897</ele>
    <time>2026-06-23T09:06:34Z</time>
   </trkpt>
   <trkpt lat="46.870206" lon="12.876541">
    <ele>938.143</ele>
    <time>2026-06-23T09:06:42Z</time>
   </trkpt>
   <trkpt lat="46.870721" lon="12.877046">
    <ele>936.085</ele>
    <time>2026-06-23T09:06:50Z</time>
   </trkpt>
   <trkpt lat="46.870739" lon="12.877067">
    <ele>935.472</ele>
    <time>2026-06-23T09:06:59Z</time>
   </trkpt>
   <trkpt lat="46.870850" lon="12.877199">
    <ele>935.499</ele>
    <time>2026-06-23T09:07:04Z</time>
   </trkpt>
   <trkpt lat="46.871809" lon="12.878264">
    <ele>936.828</ele>
    <time>2026-06-23T09:07:26Z</time>
   </trkpt>
   <trkpt lat="46.872904" lon="12.879421">
    <ele>936.556</ele>
    <time>2026-06-23T09:07:48Z</time>
   </trkpt>
   <trkpt lat="46.873791" lon="12.879857">
    <ele>937.697</ele>
    <time>2026-06-23T09:08:03Z</time>
   </trkpt>
   <trkpt lat="46.874974" lon="12.880093">
    <ele>937.250</ele>
    <time>2026-06-23T09:08:23Z</time>
   </trkpt>
   <trkpt lat="46.876181" lon="12.880568">
    <ele>934.909</ele>
    <time>2026-06-23T09:08:41Z</time>
   </trkpt>
   <trkpt lat="46.877238" lon="12.880813">
    <ele>928.364</ele>
    <time>2026-06-23T09:08:53Z</time>
   </trkpt>
   <trkpt lat="46.877638" lon="12.880698">
    <ele>924.986</ele>
    <time>2026-06-23T09:08:57Z</time>
   </trkpt>
   <trkpt lat="46.878147" lon="12.880440">
    <ele>921.612</ele>
    <time>2026-06-23T09:09:03Z</time>
   </trkpt>
   <trkpt lat="46.879193" lon="12.880481">
    <ele>913.943</ele>
    <time>2026-06-23T09:09:11Z</time>
   </trkpt>
   <trkpt lat="46.881394" lon="12.881615">
    <ele>894.889</ele>
    <time>2026-06-23T09:09:28Z</time>
   </trkpt>
   <trkpt lat="46.881664" lon="12.881778">
    <ele>892.785</ele>
    <time>2026-06-23T09:09:30Z</time>
   </trkpt>
   <trkpt lat="46.882272" lon="12.882800">
    <ele>887.772</ele>
    <time>2026-06-23T09:09:37Z</time>
   </trkpt>
   <trkpt lat="46.882317" lon="12.882979">
    <ele>887.529</ele>
    <time>2026-06-23T09:09:38Z</time>
   </trkpt>
   <trkpt lat="46.882772" lon="12.885037">
    <ele>884.050</ele>
    <time>2026-06-23T09:09:52Z</time>
   </trkpt>
   <trkpt lat="46.883344" lon="12.887428">
    <ele>882.512</ele>
    <time>2026-06-23T09:10:12Z</time>
   </trkpt>
   <trkpt lat="46.883811" lon="12.888359">
    <ele>883.386</ele>
    <time>2026-06-23T09:10:25Z</time>
   </trkpt>
   <trkpt lat="46.884074" lon="12.888760">
    <ele>885.245</ele>
    <time>2026-06-23T09:10:33Z</time>
   </trkpt>
   <trkpt lat="46.883970" lon="12.888601">
    <ele>885.395</ele>
    <time>2026-06-23T09:10:39Z</time>
   </trkpt>
   <trkpt lat="46.883608" lon="12.887983">
    <ele>884.707</ele>
    <time>2026-06-23T09:10:47Z</time>
   </trkpt>
   <trkpt lat="46.883436" lon="12.887622">
    <ele>884.844</ele>
    <time>2026-06-23T09:10:52Z</time>
   </trkpt>
   <trkpt lat="46.883365" lon="12.887473">
    <ele>884.996</ele>
    <time>2026-06-23T09:10:54Z</time>
   </trkpt>
   <trkpt lat="46.883049" lon="12.887610">
    <ele>885.533</ele>
    <time>2026-06-23T09:11:01Z</time>
   </trkpt>
   <trkpt lat="46.883018" lon="12.887642">
    <ele>885.400</ele>
    <time>2026-06-23T09:11:02Z</time>
   </trkpt>
   <trkpt lat="46.882957" lon="12.887830">
    <ele>886.107</ele>
    <time>2026-06-23T09:11:06Z</time>
   </trkpt>
   <trkpt lat="46.883080" lon="12.888295">
    <ele>886.094</ele>
    <time>2026-06-23T09:11:18Z</time>
   </trkpt>
   <trkpt lat="46.883111" lon="12.888413">
    <ele>886.047</ele>
    <time>2026-06-23T09:11:20Z</time>
   </trkpt>
   <trkpt lat="46.883242" lon="12.888886">
    <ele>884.805</ele>
    <time>2026-06-23T09:11:27Z</time>
   </trkpt>
   <trkpt lat="46.883921" lon="12.889825">
    <ele>883.848</ele>
    <time>2026-06-23T09:11:45Z</time>
   </trkpt>
   <trkpt lat="46.884321" lon="12.890379">
    <ele>885.128</ele>
    <time>2026-06-23T09:11:57Z</time>
   </trkpt>
   <trkpt lat="46.884860" lon="12.891342">
    <ele>887.787</ele>
    <time>2026-06-23T09:12:16Z</time>
   </trkpt>
   <trkpt lat="46.885113" lon="12.891854">
    <ele>888.247</ele>
    <time>2026-06-23T09:12:26Z</time>
   </trkpt>
   <trkpt lat="46.885206" lon="12.892043">
    <ele>889.179</ele>
    <time>2026-06-23T09:12:29Z</time>
   </trkpt>
   <trkpt lat="46.885570" lon="12.892480">
    <ele>888.301</ele>
    <time>2026-06-23T09:12:37Z</time>
   </trkpt>
   <trkpt lat="46.886345" lon="12.892473">
    <ele>889.328</ele>
    <time>2026-06-23T09:12:51Z</time>
   </trkpt>
   <trkpt lat="46.886767" lon="12.892381">
    <ele>889.698</ele>
    <time>2026-06-23T09:12:59Z</time>
   </trkpt>
   <trkpt lat="46.886963" lon="12.892207">
    <ele>890.582</ele>
    <time>2026-06-23T09:13:04Z</time>
   </trkpt>
   <trkpt lat="46.887166" lon="12.892139">
    <ele>890.199</ele>
    <time>2026-06-23T09:13:09Z</time>
   </trkpt>
   <trkpt lat="46.887368" lon="12.892199">
    <ele>890.152</ele>
    <time>2026-06-23T09:13:13Z</time>
   </trkpt>
   <trkpt lat="46.887508" lon="12.892200">
    <ele>889.923</ele>
    <time>2026-06-23T09:13:16Z</time>
   </trkpt>
   <trkpt lat="46.888141" lon="12.892723">
    <ele>893.753</ele>
    <time>2026-06-23T09:13:31Z</time>
   </trkpt>
   <trkpt lat="46.888818" lon="12.893581">
    <ele>892.290</ele>
    <time>2026-06-23T09:13:49Z</time>
   </trkpt>
   <trkpt lat="46.889519" lon="12.894247">
    <ele>892.752</ele>
    <time>2026-06-23T09:14:07Z</time>
   </trkpt>
   <trkpt lat="46.889538" lon="12.894263">
    <ele>892.897</ele>
    <time>2026-06-23T09:14:16Z</time>
   </trkpt>
   <trkpt lat="46.889715" lon="12.894410">
    <ele>894.361</ele>
    <time>2026-06-23T09:17:13Z</time>
   </trkpt>
   <trkpt lat="46.890594" lon="12.894860">
    <ele>894.947</ele>
    <time>2026-06-23T09:17:31Z</time>
   </trkpt>
   <trkpt lat="46.891939" lon="12.895611">
    <ele>894.668</ele>
    <time>2026-06-23T09:17:58Z</time>
   </trkpt>
   <trkpt lat="46.892669" lon="12.896271">
    <ele>895.867</ele>
    <time>2026-06-23T09:18:14Z</time>
   </trkpt>
   <trkpt lat="46.893551" lon="12.897790">
    <ele>895.831</ele>
    <time>2026-06-23T09:18:39Z</time>
   </trkpt>
   <trkpt lat="46.893573" lon="12.897863">
    <ele>895.910</ele>
    <time>2026-06-23T09:18:40Z</time>
   </trkpt>
   <trkpt lat="46.893785" lon="12.899139">
    <ele>897.654</ele>
    <time>2026-06-23T09:18:59Z</time>
   </trkpt>
   <trkpt lat="46.893832" lon="12.899703">
    <ele>902.728</ele>
    <time>2026-06-23T09:19:13Z</time>
   </trkpt>
   <trkpt lat="46.893950" lon="12.900370">
    <ele>905.566</ele>
    <time>2026-06-23T09:19:30Z</time>
   </trkpt>
   <trkpt lat="46.894323" lon="12.900950">
    <ele>906.266</ele>
    <time>2026-06-23T09:19:46Z</time>
   </trkpt>
   <trkpt lat="46.894544" lon="12.900975">
    <ele>903.874</ele>
    <time>2026-06-23T09:19:50Z</time>
   </trkpt>
   <trkpt lat="46.894795" lon="12.900899">
    <ele>902.831</ele>
    <time>2026-06-23T09:19:54Z</time>
   </trkpt>
   <trkpt lat="46.895657" lon="12.900503">
    <ele>903.114</ele>
    <time>2026-06-23T09:20:09Z</time>
   </trkpt>
   <trkpt lat="46.895860" lon="12.900326">
    <ele>903.169</ele>
    <time>2026-06-23T09:20:13Z</time>
   </trkpt>
   <trkpt lat="46.896203" lon="12.900387">
    <ele>903.222</ele>
    <time>2026-06-23T09:20:19Z</time>
   </trkpt>
   <trkpt lat="46.896994" lon="12.901087">
    <ele>904.915</ele>
    <time>2026-06-23T09:20:38Z</time>
   </trkpt>
   <trkpt lat="46.897508" lon="12.901999">
    <ele>906.590</ele>
    <time>2026-06-23T09:20:55Z</time>
   </trkpt>
   <trkpt lat="46.897790" lon="12.902673">
    <ele>908.506</ele>
    <time>2026-06-23T09:21:08Z</time>
   </trkpt>
   <trkpt lat="46.898417" lon="12.903489">
    <ele>909.414</ele>
    <time>2026-06-23T09:21:28Z</time>
   </trkpt>
   <trkpt lat="46.898622" lon="12.903686">
    <ele>909.839</ele>
    <time>2026-06-23T09:21:33Z</time>
   </trkpt>
   <trkpt lat="46.898768" lon="12.903743">
    <ele>910.062</ele>
    <time>2026-06-23T09:21:38Z</time>
   </trkpt>
   <trkpt lat="46.898875" lon="12.903335">
    <ele>910.729</ele>
    <time>2026-06-23T09:21:43Z</time>
   </trkpt>
   <trkpt lat="46.899052" lon="12.903334">
    <ele>909.961</ele>
    <time>2026-06-23T09:21:47Z</time>
   </trkpt>
   <trkpt lat="46.900056" lon="12.904156">
    <ele>910.452</ele>
    <time>2026-06-23T09:22:07Z</time>
   </trkpt>
   <trkpt lat="46.900636" lon="12.904711">
    <ele>911.508</ele>
    <time>2026-06-23T09:22:19Z</time>
   </trkpt>
   <trkpt lat="46.900955" lon="12.904716">
    <ele>911.719</ele>
    <time>2026-06-23T09:22:25Z</time>
   </trkpt>
   <trkpt lat="46.901119" lon="12.904665">
    <ele>911.903</ele>
    <time>2026-06-23T09:22:28Z</time>
   </trkpt>
   <trkpt lat="46.901328" lon="12.904728">
    <ele>911.628</ele>
    <time>2026-06-23T09:22:32Z</time>
   </trkpt>
   <trkpt lat="46.901664" lon="12.904987">
    <ele>912.398</ele>
    <time>2026-06-23T09:22:39Z</time>
   </trkpt>
   <trkpt lat="46.902409" lon="12.905155">
    <ele>913.337</ele>
    <time>2026-06-23T09:22:53Z</time>
   </trkpt>
   <trkpt lat="46.902612" lon="12.905062">
    <ele>913.935</ele>
    <time>2026-06-23T09:22:57Z</time>
   </trkpt>
   <trkpt lat="46.902746" lon="12.904946">
    <ele>913.810</ele>
    <time>2026-06-23T09:23:00Z</time>
   </trkpt>
   <trkpt lat="46.902835" lon="12.904701">
    <ele>913.681</ele>
    <time>2026-06-23T09:23:04Z</time>
   </trkpt>
   <trkpt lat="46.903022" lon="12.904485">
    <ele>914.300</ele>
    <time>2026-06-23T09:23:09Z</time>
   </trkpt>
   <trkpt lat="46.903219" lon="12.904518">
    <ele>914.580</ele>
    <time>2026-06-23T09:23:13Z</time>
   </trkpt>
   <trkpt lat="46.903407" lon="12.904604">
    <ele>914.696</ele>
    <time>2026-06-23T09:23:17Z</time>
   </trkpt>
   <trkpt lat="46.904231" lon="12.904954">
    <ele>916.071</ele>
    <time>2026-06-23T09:23:34Z</time>
   </trkpt>
   <trkpt lat="46.904722" lon="12.905120">
    <ele>919.122</ele>
    <time>2026-06-23T09:23:50Z</time>
   </trkpt>
   <trkpt lat="46.905003" lon="12.905281">
    <ele>920.239</ele>
    <time>2026-06-23T09:24:05Z</time>
   </trkpt>
   <trkpt lat="46.905326" lon="12.905391">
    <ele>918.138</ele>
    <time>2026-06-23T09:24:24Z</time>
   </trkpt>
   <trkpt lat="46.905659" lon="12.905649">
    <ele>916.382</ele>
    <time>2026-06-23T09:24:33Z</time>
   </trkpt>
   <trkpt lat="46.906280" lon="12.906299">
    <ele>913.398</ele>
    <time>2026-06-23T09:24:47Z</time>
   </trkpt>
   <trkpt lat="46.906715" lon="12.906785">
    <ele>914.936</ele>
    <time>2026-06-23T09:24:59Z</time>
   </trkpt>
   <trkpt lat="46.906779" lon="12.906877">
    <ele>914.516</ele>
    <time>2026-06-23T09:25:01Z</time>
   </trkpt>
   <trkpt lat="46.906984" lon="12.907562">
    <ele>914.503</ele>
    <time>2026-06-23T09:25:11Z</time>
   </trkpt>
   <trkpt lat="46.907437" lon="12.908315">
    <ele>918.715</ele>
    <time>2026-06-23T09:25:24Z</time>
   </trkpt>
   <trkpt lat="46.907921" lon="12.908857">
    <ele>922.481</ele>
    <time>2026-06-23T09:25:36Z</time>
   </trkpt>
   <trkpt lat="46.908198" lon="12.909084">
    <ele>923.575</ele>
    <time>2026-06-23T09:25:43Z</time>
   </trkpt>
   <trkpt lat="46.908325" lon="12.909154">
    <ele>923.877</ele>
    <time>2026-06-23T09:25:46Z</time>
   </trkpt>
   <trkpt lat="46.908703" lon="12.909236">
    <ele>927.302</ele>
    <time>2026-06-23T09:26:02Z</time>
   </trkpt>
   <trkpt lat="46.909242" lon="12.909443">
    <ele>925.491</ele>
    <time>2026-06-23T09:26:13Z</time>
   </trkpt>
   <trkpt lat="46.910198" lon="12.909715">
    <ele>924.217</ele>
    <time>2026-06-23T09:26:33Z</time>
   </trkpt>
   <trkpt lat="46.911109" lon="12.910343">
    <ele>925.825</ele>
    <time>2026-06-23T09:26:55Z</time>
   </trkpt>
   <trkpt lat="46.911587" lon="12.910728">
    <ele>925.879</ele>
    <time>2026-06-23T09:27:09Z</time>
   </trkpt>
   <trkpt lat="46.911635" lon="12.910752">
    <ele>925.596</ele>
    <time>2026-06-23T09:27:10Z</time>
   </trkpt>
   <trkpt lat="46.912397" lon="12.910888">
    <ele>927.421</ele>
    <time>2026-06-23T09:27:26Z</time>
   </trkpt>
   <trkpt lat="46.913220" lon="12.910697">
    <ele>928.710</ele>
    <time>2026-06-23T09:27:44Z</time>
   </trkpt>
   <trkpt lat="46.914202" lon="12.910269">
    <ele>929.953</ele>
    <time>2026-06-23T09:28:07Z</time>
   </trkpt>
   <trkpt lat="46.914488" lon="12.910068">
    <ele>930.619</ele>
    <time>2026-06-23T09:28:19Z</time>
   </trkpt>
   <trkpt lat="46.914991" lon="12.909930">
    <ele>929.644</ele>
    <time>2026-06-23T09:28:33Z</time>
   </trkpt>
   <trkpt lat="46.915651" lon="12.909811">
    <ele>930.418</ele>
    <time>2026-06-23T09:28:47Z</time>
   </trkpt>
   <trkpt lat="46.916577" lon="12.909851">
    <ele>931.414</ele>
    <time>2026-06-23T09:29:07Z</time>
   </trkpt>
   <trkpt lat="46.917618" lon="12.909816">
    <ele>934.654</ele>
    <time>2026-06-23T09:29:30Z</time>
   </trkpt>
   <trkpt lat="46.918325" lon="12.909626">
    <ele>935.492</ele>
    <time>2026-06-23T09:29:47Z</time>
   </trkpt>
   <trkpt lat="46.919082" lon="12.909128">
    <ele>937.089</ele>
    <time>2026-06-23T09:30:06Z</time>
   </trkpt>
   <trkpt lat="46.919848" lon="12.908750">
    <ele>940.298</ele>
    <time>2026-06-23T09:30:27Z</time>
   </trkpt>
   <trkpt lat="46.920117" lon="12.908681">
    <ele>938.687</ele>
    <time>2026-06-23T09:30:40Z</time>
   </trkpt>
   <trkpt lat="46.920451" lon="12.908732">
    <ele>939.688</ele>
    <time>2026-06-23T09:30:47Z</time>
   </trkpt>
   <trkpt lat="46.920654" lon="12.908835">
    <ele>940.827</ele>
    <time>2026-06-23T09:30:52Z</time>
   </trkpt>
   <trkpt lat="46.921357" lon="12.909559">
    <ele>941.870</ele>
    <time>2026-06-23T09:31:13Z</time>
   </trkpt>
   <trkpt lat="46.921544" lon="12.909728">
    <ele>943.178</ele>
    <time>2026-06-23T09:31:18Z</time>
   </trkpt>
   <trkpt lat="46.921618" lon="12.909778">
    <ele>942.924</ele>
    <time>2026-06-23T09:31:20Z</time>
   </trkpt>
   <trkpt lat="46.922401" lon="12.909808">
    <ele>943.479</ele>
    <time>2026-06-23T09:31:38Z</time>
   </trkpt>
   <trkpt lat="46.922990" lon="12.909622">
    <ele>944.750</ele>
    <time>2026-06-23T09:31:54Z</time>
   </trkpt>
   <trkpt lat="46.923421" lon="12.909432">
    <ele>944.600</ele>
    <time>2026-06-23T09:32:05Z</time>
   </trkpt>
   <trkpt lat="46.924430" lon="12.908696">
    <ele>946.288</ele>
    <time>2026-06-23T09:32:27Z</time>
   </trkpt>
   <trkpt lat="46.924952" lon="12.908219">
    <ele>946.965</ele>
    <time>2026-06-23T09:32:39Z</time>
   </trkpt>
   <trkpt lat="46.925186" lon="12.907877">
    <ele>948.022</ele>
    <time>2026-06-23T09:32:46Z</time>
   </trkpt>
   <trkpt lat="46.925402" lon="12.907472">
    <ele>950.168</ele>
    <time>2026-06-23T09:32:58Z</time>
   </trkpt>
   <trkpt lat="46.925758" lon="12.906939">
    <ele>951.778</ele>
    <time>2026-06-23T09:33:15Z</time>
   </trkpt>
   <trkpt lat="46.926123" lon="12.906528">
    <ele>953.067</ele>
    <time>2026-06-23T09:33:28Z</time>
   </trkpt>
   <trkpt lat="46.926413" lon="12.906332">
    <ele>953.290</ele>
    <time>2026-06-23T09:33:36Z</time>
   </trkpt>
   <trkpt lat="46.927318" lon="12.906041">
    <ele>952.146</ele>
    <time>2026-06-23T09:33:56Z</time>
   </trkpt>
   <trkpt lat="46.928250" lon="12.905814">
    <ele>951.906</ele>
    <time>2026-06-23T09:34:13Z</time>
   </trkpt>
   <trkpt lat="46.929201" lon="12.905638">
    <ele>953.468</ele>
    <time>2026-06-23T09:34:32Z</time>
   </trkpt>
   <trkpt lat="46.930165" lon="12.905307">
    <ele>954.844</ele>
    <time>2026-06-23T09:34:54Z</time>
   </trkpt>
   <trkpt lat="46.930425" lon="12.905177">
    <ele>955.146</ele>
    <time>2026-06-23T09:35:01Z</time>
   </trkpt>
   <trkpt lat="46.930596" lon="12.905092">
    <ele>957.113</ele>
    <time>2026-06-23T09:35:05Z</time>
   </trkpt>
   <trkpt lat="46.931411" lon="12.904662">
    <ele>957.219</ele>
    <time>2026-06-23T09:35:25Z</time>
   </trkpt>
   <trkpt lat="46.932116" lon="12.904313">
    <ele>958.635</ele>
    <time>2026-06-23T09:35:43Z</time>
   </trkpt>
   <trkpt lat="46.932909" lon="12.904060">
    <ele>961.463</ele>
    <time>2026-06-23T09:36:02Z</time>
   </trkpt>
   <trkpt lat="46.933853" lon="12.903947">
    <ele>963.472</ele>
    <time>2026-06-23T09:36:23Z</time>
   </trkpt>
   <trkpt lat="46.934273" lon="12.903927">
    <ele>963.152</ele>
    <time>2026-06-23T09:36:32Z</time>
   </trkpt>
   <trkpt lat="46.934444" lon="12.903808">
    <ele>962.898</ele>
    <time>2026-06-23T09:36:36Z</time>
   </trkpt>
   <trkpt lat="46.934558" lon="12.903689">
    <ele>963.303</ele>
    <time>2026-06-23T09:36:39Z</time>
   </trkpt>
   <trkpt lat="46.935108" lon="12.903221">
    <ele>964.190</ele>
    <time>2026-06-23T09:36:54Z</time>
   </trkpt>
   <trkpt lat="46.935694" lon="12.902760">
    <ele>966.331</ele>
    <time>2026-06-23T09:37:11Z</time>
   </trkpt>
   <trkpt lat="46.935727" lon="12.902725">
    <ele>966.235</ele>
    <time>2026-06-23T09:37:12Z</time>
   </trkpt>
   <trkpt lat="46.935721" lon="12.902572">
    <ele>964.863</ele>
    <time>2026-06-23T09:37:16Z</time>
   </trkpt>
   <trkpt lat="46.935342" lon="12.901815">
    <ele>966.673</ele>
    <time>2026-06-23T09:37:33Z</time>
   </trkpt>
   <trkpt lat="46.935391" lon="12.901362">
    <ele>968.838</ele>
    <time>2026-06-23T09:37:45Z</time>
   </trkpt>
   <trkpt lat="46.935802" lon="12.900863">
    <ele>971.937</ele>
    <time>2026-06-23T09:38:06Z</time>
   </trkpt>
   <trkpt lat="46.936119" lon="12.900478">
    <ele>976.914</ele>
    <time>2026-06-23T09:38:23Z</time>
   </trkpt>
   <trkpt lat="46.936487" lon="12.900441">
    <ele>976.724</ele>
    <time>2026-06-23T09:38:37Z</time>
   </trkpt>
   <trkpt lat="46.936849" lon="12.900426">
    <ele>978.751</ele>
    <time>2026-06-23T09:38:51Z</time>
   </trkpt>
   <trkpt lat="46.937339" lon="12.900347">
    <ele>978.792</ele>
    <time>2026-06-23T09:39:07Z</time>
   </trkpt>
   <trkpt lat="46.938034" lon="12.900381">
    <ele>979.389</ele>
    <time>2026-06-23T09:39:26Z</time>
   </trkpt>
   <trkpt lat="46.938638" lon="12.900342">
    <ele>981.693</ele>
    <time>2026-06-23T09:39:44Z</time>
   </trkpt>
   <trkpt lat="46.938864" lon="12.900546">
    <ele>980.144</ele>
    <time>2026-06-23T09:39:52Z</time>
   </trkpt>
   <trkpt lat="46.939099" lon="12.900541">
    <ele>980.370</ele>
    <time>2026-06-23T09:39:56Z</time>
   </trkpt>
   <trkpt lat="46.939482" lon="12.900388">
    <ele>979.088</ele>
    <time>2026-06-23T09:40:03Z</time>
   </trkpt>
   <trkpt lat="46.939847" lon="12.900238">
    <ele>979.056</ele>
    <time>2026-06-23T09:40:13Z</time>
   </trkpt>
   <trkpt lat="46.940111" lon="12.900132">
    <ele>978.439</ele>
    <time>2026-06-23T09:40:19Z</time>
   </trkpt>
   <trkpt lat="46.940562" lon="12.900179">
    <ele>977.741</ele>
    <time>2026-06-23T09:40:31Z</time>
   </trkpt>
   <trkpt lat="46.940889" lon="12.900310">
    <ele>975.084</ele>
    <time>2026-06-23T09:40:39Z</time>
   </trkpt>
   <trkpt lat="46.942177" lon="12.900092">
    <ele>974.451</ele>
    <time>2026-06-23T09:40:59Z</time>
   </trkpt>
   <trkpt lat="46.943695" lon="12.899859">
    <ele>975.310</ele>
    <time>2026-06-23T09:41:24Z</time>
   </trkpt>
   <trkpt lat="46.944260" lon="12.899769">
    <ele>976.925</ele>
    <time>2026-06-23T09:41:34Z</time>
   </trkpt>
   <trkpt lat="46.945489" lon="12.899511">
    <ele>977.914</ele>
    <time>2026-06-23T09:41:58Z</time>
   </trkpt>
   <trkpt lat="46.946724" lon="12.899138">
    <ele>981.083</ele>
    <time>2026-06-23T09:42:23Z</time>
   </trkpt>
   <trkpt lat="46.947456" lon="12.898808">
    <ele>985.907</ele>
    <time>2026-06-23T09:42:44Z</time>
   </trkpt>
   <trkpt lat="46.948240" lon="12.898400">
    <ele>990.539</ele>
    <time>2026-06-23T09:43:08Z</time>
   </trkpt>
   <trkpt lat="46.948811" lon="12.897990">
    <ele>991.499</ele>
    <time>2026-06-23T09:43:24Z</time>
   </trkpt>
   <trkpt lat="46.949090" lon="12.897460">
    <ele>993.855</ele>
    <time>2026-06-23T09:43:33Z</time>
   </trkpt>
   <trkpt lat="46.949294" lon="12.897161">
    <ele>995.435</ele>
    <time>2026-06-23T09:43:39Z</time>
   </trkpt>
   <trkpt lat="46.949723" lon="12.896532">
    <ele>996.952</ele>
    <time>2026-06-23T09:43:55Z</time>
   </trkpt>
   <trkpt lat="46.950439" lon="12.895895">
    <ele>998.241</ele>
    <time>2026-06-23T09:44:16Z</time>
   </trkpt>
   <trkpt lat="46.950543" lon="12.895843">
    <ele>998.465</ele>
    <time>2026-06-23T09:44:18Z</time>
   </trkpt>
   <trkpt lat="46.950647" lon="12.895825">
    <ele>999.034</ele>
    <time>2026-06-23T09:44:20Z</time>
   </trkpt>
   <trkpt lat="46.950912" lon="12.895868">
    <ele>999.989</ele>
    <time>2026-06-23T09:44:25Z</time>
   </trkpt>
   <trkpt lat="46.951194" lon="12.895828">
    <ele>1001.126</ele>
    <time>2026-06-23T09:44:31Z</time>
   </trkpt>
   <trkpt lat="46.951295" lon="12.895791">
    <ele>1001.506</ele>
    <time>2026-06-23T09:44:33Z</time>
   </trkpt>
   <trkpt lat="46.951626" lon="12.895627">
    <ele>1001.806</ele>
    <time>2026-06-23T09:44:40Z</time>
   </trkpt>
   <trkpt lat="46.952229" lon="12.895613">
    <ele>1003.691</ele>
    <time>2026-06-23T09:44:57Z</time>
   </trkpt>
   <trkpt lat="46.952706" lon="12.895682">
    <ele>1001.480</ele>
    <time>2026-06-23T09:45:09Z</time>
   </trkpt>
   <trkpt lat="46.953204" lon="12.895781">
    <ele>998.508</ele>
    <time>2026-06-23T09:45:24Z</time>
   </trkpt>
   <trkpt lat="46.953464" lon="12.895954">
    <ele>998.917</ele>
    <time>2026-06-23T09:45:35Z</time>
   </trkpt>
   <trkpt lat="46.953528" lon="12.896254">
    <ele>997.838</ele>
    <time>2026-06-23T09:45:40Z</time>
   </trkpt>
   <trkpt lat="46.953904" lon="12.896205">
    <ele>996.819</ele>
    <time>2026-06-23T09:45:47Z</time>
   </trkpt>
   <trkpt lat="46.954526" lon="12.896061">
    <ele>996.527</ele>
    <time>2026-06-23T09:46:00Z</time>
   </trkpt>
   <trkpt lat="46.955513" lon="12.896124">
    <ele>995.622</ele>
    <time>2026-06-23T09:46:19Z</time>
   </trkpt>
   <trkpt lat="46.956434" lon="12.896233">
    <ele>997.487</ele>
    <time>2026-06-23T09:46:38Z</time>
   </trkpt>
   <trkpt lat="46.956874" lon="12.896126">
    <ele>998.532</ele>
    <time>2026-06-23T09:46:49Z</time>
   </trkpt>
   <trkpt lat="46.957288" lon="12.895579">
    <ele>997.015</ele>
    <time>2026-06-23T09:47:05Z</time>
   </trkpt>
   <trkpt lat="46.957368" lon="12.895399">
    <ele>996.433</ele>
    <time>2026-06-23T09:47:09Z</time>
   </trkpt>
   <trkpt lat="46.957503" lon="12.894149">
    <ele>994.175</ele>
    <time>2026-06-23T09:47:28Z</time>
   </trkpt>
   <trkpt lat="46.957516" lon="12.893807">
    <ele>994.393</ele>
    <time>2026-06-23T09:47:33Z</time>
   </trkpt>
   <trkpt lat="46.957728" lon="12.893397">
    <ele>996.033</ele>
    <time>2026-06-23T09:47:41Z</time>
   </trkpt>
   <trkpt lat="46.958090" lon="12.893366">
    <ele>997.897</ele>
    <time>2026-06-23T09:47:53Z</time>
   </trkpt>
   <trkpt lat="46.958098" lon="12.893336">
    <ele>998.241</ele>
    <time>2026-06-23T09:47:54Z</time>
   </trkpt>
   <trkpt lat="46.958113" lon="12.893260">
    <ele>998.658</ele>
    <time>2026-06-23T09:47:58Z</time>
   </trkpt>
   <trkpt lat="46.958163" lon="12.893014">
    <ele>997.843</ele>
    <time>2026-06-23T09:48:05Z</time>
   </trkpt>
   <trkpt lat="46.958337" lon="12.893059">
    <ele>997.922</ele>
    <time>2026-06-23T09:48:10Z</time>
   </trkpt>
   <trkpt lat="46.959091" lon="12.893328">
    <ele>997.357</ele>
    <time>2026-06-23T09:48:28Z</time>
   </trkpt>
   <trkpt lat="46.959890" lon="12.893524">
    <ele>998.925</ele>
    <time>2026-06-23T09:48:46Z</time>
   </trkpt>
   <trkpt lat="46.960131" lon="12.893567">
    <ele>999.963</ele>
    <time>2026-06-23T09:48:51Z</time>
   </trkpt>
   <trkpt lat="46.961048" lon="12.893514">
    <ele>1002.691</ele>
    <time>2026-06-23T09:49:11Z</time>
   </trkpt>
   <trkpt lat="46.961111" lon="12.893510">
    <ele>1003.017</ele>
    <time>2026-06-23T09:49:13Z</time>
   </trkpt>
  </trkseg>
 </trk>
 <trk>
  <name>ACTIVE LOG031616</name>
  <trkseg>
   <trkpt lat="46.961163" lon="12.893481">
    <ele>999.879</ele>
    <time>2026-06-23T10:16:16Z</time>
   </trkpt>
   <trkpt lat="46.961435" lon="12.893533">
    <ele>1003.355</ele>
    <time>2026-06-23T10:16:26Z</time>
   </trkpt>
   <trkpt lat="46.961812" lon="12.893646">
    <ele>1006.555</ele>
    <time>2026-06-23T10:16:40Z</time>
   </trkpt>
   <trkpt lat="46.962208" lon="12.893877">
    <ele>1009.165</ele>
    <time>2026-06-23T10:16:53Z</time>
   </trkpt>
   <trkpt lat="46.962427" lon="12.894100">
    <ele>1009.572</ele>
    <time>2026-06-23T10:17:01Z</time>
   </trkpt>
   <trkpt lat="46.962868" lon="12.894549">
    <ele>1008.732</ele>
    <time>2026-06-23T10:17:14Z</time>
   </trkpt>
   <trkpt lat="46.963132" lon="12.894829">
    <ele>1008.284</ele>
    <time>2026-06-23T10:17:21Z</time>
   </trkpt>
   <trkpt lat="46.963681" lon="12.895204">
    <ele>1010.401</ele>
    <time>2026-06-23T10:17:33Z</time>
   </trkpt>
   <trkpt lat="46.963938" lon="12.895169">
    <ele>1011.034</ele>
    <time>2026-06-23T10:17:39Z</time>
   </trkpt>
   <trkpt lat="46.964474" lon="12.894749">
    <ele>1013.247</ele>
    <time>2026-06-23T10:17:56Z</time>
   </trkpt>
   <trkpt lat="46.964913" lon="12.894418">
    <ele>1011.484</ele>
    <time>2026-06-23T10:18:09Z</time>
   </trkpt>
   <trkpt lat="46.965509" lon="12.894131">
    <ele>1011.065</ele>
    <time>2026-06-23T10:18:26Z</time>
   </trkpt>
   <trkpt lat="46.965944" lon="12.894080">
    <ele>1009.604</ele>
    <time>2026-06-23T10:18:38Z</time>
   </trkpt>
   <trkpt lat="46.966305" lon="12.894065">
    <ele>1010.040</ele>
    <time>2026-06-23T10:18:47Z</time>
   </trkpt>
   <trkpt lat="46.967030" lon="12.894145">
    <ele>1011.594</ele>
    <time>2026-06-23T10:19:05Z</time>
   </trkpt>
   <trkpt lat="46.967695" lon="12.894260">
    <ele>1013.616</ele>
    <time>2026-06-23T10:19:21Z</time>
   </trkpt>
   <trkpt lat="46.967847" lon="12.894311">
    <ele>1014.409</ele>
    <time>2026-06-23T10:19:25Z</time>
   </trkpt>
   <trkpt lat="46.968119" lon="12.894323">
    <ele>1015.687</ele>
    <time>2026-06-23T10:19:32Z</time>
   </trkpt>
   <trkpt lat="46.968566" lon="12.894091">
    <ele>1016.702</ele>
    <time>2026-06-23T10:19:43Z</time>
   </trkpt>
   <trkpt lat="46.968908" lon="12.893749">
    <ele>1016.552</ele>
    <time>2026-06-23T10:19:52Z</time>
   </trkpt>
   <trkpt lat="46.969353" lon="12.893161">
    <ele>1013.339</ele>
    <time>2026-06-23T10:20:06Z</time>
   </trkpt>
   <trkpt lat="46.969411" lon="12.893068">
    <ele>1013.268</ele>
    <time>2026-06-23T10:20:08Z</time>
   </trkpt>
   <trkpt lat="46.969643" lon="12.892799">
    <ele>1015.092</ele>
    <time>2026-06-23T10:20:18Z</time>
   </trkpt>
   <trkpt lat="46.969857" lon="12.893100">
    <ele>1014.156</ele>
    <time>2026-06-23T10:20:29Z</time>
   </trkpt>
   <trkpt lat="46.970051" lon="12.892924">
    <ele>1013.993</ele>
    <time>2026-06-23T10:20:34Z</time>
   </trkpt>
   <trkpt lat="46.970166" lon="12.892787">
    <ele>1014.289</ele>
    <time>2026-06-23T10:20:37Z</time>
   </trkpt>
   <trkpt lat="46.970335" lon="12.892718">
    <ele>1015.970</ele>
    <time>2026-06-23T10:20:41Z</time>
   </trkpt>
   <trkpt lat="46.970775" lon="12.892559">
    <ele>1019.123</ele>
    <time>2026-06-23T10:20:55Z</time>
   </trkpt>
   <trkpt lat="46.971403" lon="12.891985">
    <ele>1018.622</ele>
    <time>2026-06-23T10:21:16Z</time>
   </trkpt>
   <trkpt lat="46.971973" lon="12.891264">
    <ele>1020.447</ele>
    <time>2026-06-23T10:21:37Z</time>
   </trkpt>
   <trkpt lat="46.972759" lon="12.890453">
    <ele>1022.155</ele>
    <time>2026-06-23T10:22:03Z</time>
   </trkpt>
   <trkpt lat="46.974036" lon="12.889616">
    <ele>1024.984</ele>
    <time>2026-06-23T10:22:39Z</time>
   </trkpt>
   <trkpt lat="46.974689" lon="12.889100">
    <ele>1026.298</ele>
    <time>2026-06-23T10:23:01Z</time>
   </trkpt>
   <trkpt lat="46.974854" lon="12.888932">
    <ele>1026.811</ele>
    <time>2026-06-23T10:23:14Z</time>
   </trkpt>
   <trkpt lat="46.974854" lon="12.888932">
    <ele>1026.626</ele>
    <time>2026-06-23T10:23:31Z</time>
   </trkpt>
   <trkpt lat="46.975158" lon="12.888623">
    <ele>1027.880</ele>
    <time>2026-06-23T10:23:42Z</time>
   </trkpt>
   <trkpt lat="46.975847" lon="12.887922">
    <ele>1030.199</ele>
    <time>2026-06-23T10:24:03Z</time>
   </trkpt>
   <trkpt lat="46.976716" lon="12.887037">
    <ele>1033.778</ele>
    <time>2026-06-23T10:24:30Z</time>
   </trkpt>
   <trkpt lat="46.977276" lon="12.886408">
    <ele>1034.707</ele>
    <time>2026-06-23T10:24:50Z</time>
   </trkpt>
   <trkpt lat="46.978089" lon="12.885468">
    <ele>1041.290</ele>
    <time>2026-06-23T10:25:17Z</time>
   </trkpt>
   <trkpt lat="46.978520" lon="12.884813">
    <ele>1042.201</ele>
    <time>2026-06-23T10:25:34Z</time>
   </trkpt>
   <trkpt lat="46.978932" lon="12.884297">
    <ele>1035.410</ele>
    <time>2026-06-23T10:25:50Z</time>
   </trkpt>
   <trkpt lat="46.979583" lon="12.883697">
    <ele>1041.899</ele>
    <time>2026-06-23T10:26:12Z</time>
   </trkpt>
   <trkpt lat="46.980227" lon="12.883070">
    <ele>1044.577</ele>
    <time>2026-06-23T10:26:34Z</time>
   </trkpt>
   <trkpt lat="46.980781" lon="12.882495">
    <ele>1047.915</ele>
    <time>2026-06-23T10:26:53Z</time>
   </trkpt>
   <trkpt lat="46.981223" lon="12.882014">
    <ele>1049.684</ele>
    <time>2026-06-23T10:27:08Z</time>
   </trkpt>
   <trkpt lat="46.981658" lon="12.881393">
    <ele>1051.023</ele>
    <time>2026-06-23T10:27:25Z</time>
   </trkpt>
   <trkpt lat="46.982122" lon="12.880728">
    <ele>1054.153</ele>
    <time>2026-06-23T10:27:43Z</time>
   </trkpt>
   <trkpt lat="46.982209" lon="12.880458">
    <ele>1053.728</ele>
    <time>2026-06-23T10:27:49Z</time>
   </trkpt>
   <trkpt lat="46.982689" lon="12.879605">
    <ele>1055.456</ele>
    <time>2026-06-23T10:28:07Z</time>
   </trkpt>
   <trkpt lat="46.983154" lon="12.878770">
    <ele>1058.490</ele>
    <time>2026-06-23T10:28:27Z</time>
   </trkpt>
   <trkpt lat="46.983467" lon="12.878453">
    <ele>1059.875</ele>
    <time>2026-06-23T10:28:42Z</time>
   </trkpt>
   <trkpt lat="46.983709" lon="12.878125">
    <ele>1066.138</ele>
    <time>2026-06-23T10:29:00Z</time>
   </trkpt>
   <trkpt lat="46.983738" lon="12.878083">
    <ele>1065.683</ele>
    <time>2026-06-23T10:29:03Z</time>
   </trkpt>
   <trkpt lat="46.983740" lon="12.878079">
    <ele>1065.331</ele>
    <time>2026-06-23T10:29:06Z</time>
   </trkpt>
   <trkpt lat="46.984087" lon="12.877496">
    <ele>1060.711</ele>
    <time>2026-06-23T10:29:19Z</time>
   </trkpt>
   <trkpt lat="46.984434" lon="12.877142">
    <ele>1063.141</ele>
    <time>2026-06-23T10:29:28Z</time>
   </trkpt>
   <trkpt lat="46.985207" lon="12.876658">
    <ele>1065.505</ele>
    <time>2026-06-23T10:29:47Z</time>
   </trkpt>
   <trkpt lat="46.985971" lon="12.876518">
    <ele>1066.845</ele>
    <time>2026-06-23T10:30:05Z</time>
   </trkpt>
   <trkpt lat="46.986366" lon="12.876561">
    <ele>1067.619</ele>
    <time>2026-06-23T10:30:14Z</time>
   </trkpt>
   <trkpt lat="46.986728" lon="12.876644">
    <ele>1066.159</ele>
    <time>2026-06-23T10:30:24Z</time>
   </trkpt>
   <trkpt lat="46.986809" lon="12.876663">
    <ele>1067.126</ele>
    <time>2026-06-23T10:30:28Z</time>
   </trkpt>
   <trkpt lat="46.986809" lon="12.876663">
    <ele>1066.013</ele>
    <time>2026-06-23T10:30:31Z</time>
   </trkpt>
   <trkpt lat="46.987167" lon="12.876740">
    <ele>1064.634</ele>
    <time>2026-06-23T10:30:34Z</time>
   </trkpt>
   <trkpt lat="46.987455" lon="12.876911">
    <ele>1066.355</ele>
    <time>2026-06-23T10:30:43Z</time>
   </trkpt>
   <trkpt lat="46.987848" lon="12.876998">
    <ele>1068.220</ele>
    <time>2026-06-23T10:30:55Z</time>
   </trkpt>
   <trkpt lat="46.988310" lon="12.877091">
    <ele>1068.059</ele>
    <time>2026-06-23T10:31:07Z</time>
   </trkpt>
   <trkpt lat="46.988964" lon="12.876736">
    <ele>1068.217</ele>
    <time>2026-06-23T10:31:26Z</time>
   </trkpt>
   <trkpt lat="46.989728" lon="12.876330">
    <ele>1068.197</ele>
    <time>2026-06-23T10:31:43Z</time>
   </trkpt>
   <trkpt lat="46.990469" lon="12.876022">
    <ele>1069.303</ele>
    <time>2026-06-23T10:32:00Z</time>
   </trkpt>
   <trkpt lat="46.990628" lon="12.875969">
    <ele>1069.551</ele>
    <time>2026-06-23T10:32:04Z</time>
   </trkpt>
   <trkpt lat="46.991303" lon="12.876104">
    <ele>1071.164</ele>
    <time>2026-06-23T10:32:20Z</time>
   </trkpt>
   <trkpt lat="46.992060" lon="12.876148">
    <ele>1071.772</ele>
    <time>2026-06-23T10:32:38Z</time>
   </trkpt>
   <trkpt lat="46.992729" lon="12.876133">
    <ele>1071.821</ele>
    <time>2026-06-23T10:32:55Z</time>
   </trkpt>
   <trkpt lat="46.993020" lon="12.876127">
    <ele>1071.464</ele>
    <time>2026-06-23T10:33:09Z</time>
   </trkpt>
   <trkpt lat="46.993332" lon="12.876168">
    <ele>1067.321</ele>
    <time>2026-06-23T10:33:25Z</time>
   </trkpt>
   <trkpt lat="46.993541" lon="12.876206">
    <ele>1066.337</ele>
    <time>2026-06-23T10:33:37Z</time>
   </trkpt>
   <trkpt lat="46.993875" lon="12.876246">
    <ele>1070.257</ele>
    <time>2026-06-23T10:33:53Z</time>
   </trkpt>
   <trkpt lat="46.994351" lon="12.876324">
    <ele>1083.002</ele>
    <time>2026-06-23T10:34:12Z</time>
   </trkpt>
   <trkpt lat="46.994595" lon="12.876390">
    <ele>1087.574</ele>
    <time>2026-06-23T10:34:21Z</time>
   </trkpt>
   <trkpt lat="46.995003" lon="12.876475">
    <ele>1085.840</ele>
    <time>2026-06-23T10:34:33Z</time>
   </trkpt>
   <trkpt lat="46.995200" lon="12.876390">
    <ele>1091.181</ele>
    <time>2026-06-23T10:34:39Z</time>
   </trkpt>
   <trkpt lat="46.995392" lon="12.876379">
    <ele>1089.748</ele>
    <time>2026-06-23T10:34:43Z</time>
   </trkpt>
   <trkpt lat="46.995700" lon="12.876417">
    <ele>1088.917</ele>
    <time>2026-06-23T10:34:47Z</time>
   </trkpt>
   <trkpt lat="46.996128" lon="12.876591">
    <ele>1083.234</ele>
    <time>2026-06-23T10:34:52Z</time>
   </trkpt>
   <trkpt lat="46.996207" lon="12.876685">
    <ele>1081.457</ele>
    <time>2026-06-23T10:34:56Z</time>
   </trkpt>
   <trkpt lat="46.996494" lon="12.877157">
    <ele>1081.251</ele>
    <time>2026-06-23T10:35:06Z</time>
   </trkpt>
   <trkpt lat="46.996760" lon="12.877449">
    <ele>1082.232</ele>
    <time>2026-06-23T10:35:24Z</time>
   </trkpt>
   <trkpt lat="46.996877" lon="12.877607">
    <ele>1083.242</ele>
    <time>2026-06-23T10:35:36Z</time>
   </trkpt>
   <trkpt lat="46.996981" lon="12.877754">
    <ele>1082.131</ele>
    <time>2026-06-23T10:35:46Z</time>
   </trkpt>
   <trkpt lat="46.997113" lon="12.877941">
    <ele>1080.847</ele>
    <time>2026-06-23T10:35:55Z</time>
   </trkpt>
   <trkpt lat="46.997343" lon="12.878236">
    <ele>1079.939</ele>
    <time>2026-06-23T10:36:12Z</time>
   </trkpt>
   <trkpt lat="46.997524" lon="12.878357">
    <ele>1079.753</ele>
    <time>2026-06-23T10:36:25Z</time>
   </trkpt>
   <trkpt lat="46.997771" lon="12.878521">
    <ele>1083.114</ele>
    <time>2026-06-23T10:36:40Z</time>
   </trkpt>
   <trkpt lat="46.998003" lon="12.878716">
    <ele>1091.481</ele>
    <time>2026-06-23T10:36:58Z</time>
   </trkpt>
   <trkpt lat="46.998145" lon="12.879056">
    <ele>1097.429</ele>
    <time>2026-06-23T10:37:15Z</time>
   </trkpt>
   <trkpt lat="46.998267" lon="12.879266">
    <ele>1102.465</ele>
    <time>2026-06-23T10:37:28Z</time>
   </trkpt>
   <trkpt lat="46.998434" lon="12.879516">
    <ele>1108.161</ele>
    <time>2026-06-23T10:37:44Z</time>
   </trkpt>
   <trkpt lat="46.998692" lon="12.879624">
    <ele>1114.224</ele>
    <time>2026-06-23T10:38:00Z</time>
   </trkpt>
   <trkpt lat="46.999086" lon="12.879436">
    <ele>1107.883</ele>
    <time>2026-06-23T10:38:22Z</time>
   </trkpt>
   <trkpt lat="46.999287" lon="12.879082">
    <ele>1103.965</ele>
    <time>2026-06-23T10:38:44Z</time>
   </trkpt>
   <trkpt lat="46.999470" lon="12.878668">
    <ele>1112.270</ele>
    <time>2026-06-23T10:39:06Z</time>
   </trkpt>
   <trkpt lat="46.999626" lon="12.878405">
    <ele>1117.231</ele>
    <time>2026-06-23T10:39:22Z</time>
   </trkpt>
   <trkpt lat="46.999678" lon="12.878344">
    <ele>1117.714</ele>
    <time>2026-06-23T10:39:26Z</time>
   </trkpt>
   <trkpt lat="46.999987" lon="12.878227">
    <ele>1123.394</ele>
    <time>2026-06-23T10:39:46Z</time>
   </trkpt>
   <trkpt lat="47.000045" lon="12.878191">
    <ele>1124.478</ele>
    <time>2026-06-23T10:40:03Z</time>
   </trkpt>
   <trkpt lat="47.000045" lon="12.878191">
    <ele>1124.532</ele>
    <time>2026-06-23T10:40:26Z</time>
   </trkpt>
   <trkpt lat="47.000275" lon="12.877987">
    <ele>1128.260</ele>
    <time>2026-06-23T10:40:38Z</time>
   </trkpt>
   <trkpt lat="47.000476" lon="12.877708">
    <ele>1132.193</ele>
    <time>2026-06-23T10:40:53Z</time>
   </trkpt>
   <trkpt lat="47.000616" lon="12.877679">
    <ele>1134.356</ele>
    <time>2026-06-23T10:41:02Z</time>
   </trkpt>
   <trkpt lat="47.000662" lon="12.877704">
    <ele>1134.594</ele>
    <time>2026-06-23T10:41:06Z</time>
   </trkpt>
   <trkpt lat="47.000704" lon="12.877678">
    <ele>1134.846</ele>
    <time>2026-06-23T10:41:23Z</time>
   </trkpt>
   <trkpt lat="47.000764" lon="12.877526">
    <ele>1133.485</ele>
    <time>2026-06-23T10:41:45Z</time>
   </trkpt>
   <trkpt lat="47.000787" lon="12.877488">
    <ele>1133.899</ele>
    <time>2026-06-23T10:42:00Z</time>
   </trkpt>
   <trkpt lat="47.000787" lon="12.877518">
    <ele>1135.213</ele>
    <time>2026-06-23T10:42:17Z</time>
   </trkpt>
   <trkpt lat="47.000868" lon="12.877337">
    <ele>1134.652</ele>
    <time>2026-06-23T10:42:27Z</time>
   </trkpt>
   <trkpt lat="47.001147" lon="12.877013">
    <ele>1128.643</ele>
    <time>2026-06-23T10:42:38Z</time>
   </trkpt>
   <trkpt lat="47.001354" lon="12.876894">
    <ele>1129.525</ele>
    <time>2026-06-23T10:42:51Z</time>
   </trkpt>
   <trkpt lat="47.001663" lon="12.876466">
    <ele>1124.807</ele>
    <time>2026-06-23T10:43:04Z</time>
   </trkpt>
   <trkpt lat="47.001933" lon="12.875900">
    <ele>1114.585</ele>
    <time>2026-06-23T10:43:19Z</time>
   </trkpt>
   <trkpt lat="47.002079" lon="12.875560">
    <ele>1108.929</ele>
    <time>2026-06-23T10:43:31Z</time>
   </trkpt>
   <trkpt lat="47.002190" lon="12.875295">
    <ele>1106.231</ele>
    <time>2026-06-23T10:43:57Z</time>
   </trkpt>
   <trkpt lat="47.002295" lon="12.875086">
    <ele>1104.407</ele>
    <time>2026-06-23T10:44:08Z</time>
   </trkpt>
   <trkpt lat="47.002300" lon="12.875035">
    <ele>1104.915</ele>
    <time>2026-06-23T10:44:24Z</time>
   </trkpt>
   <trkpt lat="47.002306" lon="12.875047">
    <ele>1105.578</ele>
    <time>2026-06-23T10:44:45Z</time>
   </trkpt>
   <trkpt lat="47.002613" lon="12.874947">
    <ele>1101.871</ele>
    <time>2026-06-23T10:44:56Z</time>
   </trkpt>
   <trkpt lat="47.003135" lon="12.874710">
    <ele>1100.405</ele>
    <time>2026-06-23T10:45:09Z</time>
   </trkpt>
   <trkpt lat="47.003847" lon="12.874462">
    <ele>1101.586</ele>
    <time>2026-06-23T10:45:24Z</time>
   </trkpt>
   <trkpt lat="47.003926" lon="12.874414">
    <ele>1101.531</ele>
    <time>2026-06-23T10:45:26Z</time>
   </trkpt>
   <trkpt lat="47.004694" lon="12.873779">
    <ele>1102.451</ele>
    <time>2026-06-23T10:45:48Z</time>
   </trkpt>
   <trkpt lat="47.005099" lon="12.873400">
    <ele>1104.176</ele>
    <time>2026-06-23T10:46:01Z</time>
   </trkpt>
   <trkpt lat="47.005431" lon="12.873033">
    <ele>1105.681</ele>
    <time>2026-06-23T10:46:18Z</time>
   </trkpt>
   <trkpt lat="47.005562" lon="12.872897">
    <ele>1105.651</ele>
    <time>2026-06-23T10:46:32Z</time>
   </trkpt>
   <trkpt lat="47.005738" lon="12.872716">
    <ele>1106.836</ele>
    <time>2026-06-23T10:47:27Z</time>
   </trkpt>
   <trkpt lat="47.006362" lon="12.872199">
    <ele>1107.842</ele>
    <time>2026-06-23T10:47:52Z</time>
   </trkpt>
   <trkpt lat="47.007006" lon="12.871786">
    <ele>1102.700</ele>
    <time>2026-06-23T10:48:04Z</time>
   </trkpt>
   <trkpt lat="47.007043" lon="12.871706">
    <ele>1102.589</ele>
    <time>2026-06-23T10:48:08Z</time>
   </trkpt>
   <trkpt lat="47.007043" lon="12.871706">
    <ele>1102.945</ele>
    <time>2026-06-23T10:48:10Z</time>
   </trkpt>
   <trkpt lat="47.007200" lon="12.870916">
    <ele>1102.248</ele>
    <time>2026-06-23T10:48:17Z</time>
   </trkpt>
   <trkpt lat="47.008041" lon="12.870076">
    <ele>1105.090</ele>
    <time>2026-06-23T10:48:38Z</time>
   </trkpt>
   <trkpt lat="47.008641" lon="12.869569">
    <ele>1104.904</ele>
    <time>2026-06-23T10:48:53Z</time>
   </trkpt>
   <trkpt lat="47.009348" lon="12.868995">
    <ele>1105.279</ele>
    <time>2026-06-23T10:49:11Z</time>
   </trkpt>
   <trkpt lat="47.009422" lon="12.868920">
    <ele>1105.533</ele>
    <time>2026-06-23T10:49:13Z</time>
   </trkpt>
   <trkpt lat="47.009795" lon="12.868475">
    <ele>1103.911</ele>
    <time>2026-06-23T10:49:23Z</time>
   </trkpt>
   <trkpt lat="47.009975" lon="12.868401">
    <ele>1104.481</ele>
    <time>2026-06-23T10:49:27Z</time>
   </trkpt>
   <trkpt lat="47.010102" lon="12.868362">
    <ele>1105.453</ele>
    <time>2026-06-23T10:49:30Z</time>
   </trkpt>
   <trkpt lat="47.010291" lon="12.868396">
    <ele>1106.469</ele>
    <time>2026-06-23T10:49:35Z</time>
   </trkpt>
   <trkpt lat="47.010665" lon="12.868417">
    <ele>1107.600</ele>
    <time>2026-06-23T10:49:44Z</time>
   </trkpt>
   <trkpt lat="47.011095" lon="12.868470">
    <ele>1107.297</ele>
    <time>2026-06-23T10:49:57Z</time>
   </trkpt>
   <trkpt lat="47.011120" lon="12.868077">
    <ele>1106.459</ele>
    <time>2026-06-23T10:50:07Z</time>
   </trkpt>
   <trkpt lat="47.011120" lon="12.868037">
    <ele>1106.490</ele>
    <time>2026-06-23T10:50:11Z</time>
   </trkpt>
   <trkpt lat="47.011271" lon="12.867544">
    <ele>1108.272</ele>
    <time>2026-06-23T10:50:20Z</time>
   </trkpt>
   <trkpt lat="47.011690" lon="12.867708">
    <ele>1105.004</ele>
    <time>2026-06-23T10:50:34Z</time>
   </trkpt>
   <trkpt lat="47.012084" lon="12.867633">
    <ele>1101.000</ele>
    <time>2026-06-23T10:50:44Z</time>
   </trkpt>
   <trkpt lat="47.012107" lon="12.867630">
    <ele>1105.349</ele>
    <time>2026-06-23T10:50:47Z</time>
   </trkpt>
   <trkpt lat="47.012622" lon="12.867144">
    <ele>1105.876</ele>
    <time>2026-06-23T10:50:56Z</time>
   </trkpt>
   <trkpt lat="47.013114" lon="12.866702">
    <ele>1108.252</ele>
    <time>2026-06-23T10:51:09Z</time>
   </trkpt>
   <trkpt lat="47.013200" lon="12.866663">
    <ele>1108.611</ele>
    <time>2026-06-23T10:51:11Z</time>
   </trkpt>
   <trkpt lat="47.013335" lon="12.866579">
    <ele>1109.053</ele>
    <time>2026-06-23T10:51:14Z</time>
   </trkpt>
   <trkpt lat="47.014035" lon="12.866234">
    <ele>1111.595</ele>
    <time>2026-06-23T10:51:28Z</time>
   </trkpt>
   <trkpt lat="47.014242" lon="12.866161">
    <ele>1114.422</ele>
    <time>2026-06-23T10:51:33Z</time>
   </trkpt>
   <trkpt lat="47.014694" lon="12.865894">
    <ele>1119.239</ele>
    <time>2026-06-23T10:51:48Z</time>
   </trkpt>
   <trkpt lat="47.014740" lon="12.865866">
    <ele>1119.725</ele>
    <time>2026-06-23T10:51:50Z</time>
   </trkpt>
   <trkpt lat="47.014855" lon="12.865797">
    <ele>1121.534</ele>
    <time>2026-06-23T10:51:55Z</time>
   </trkpt>
   <trkpt lat="47.015575" lon="12.865658">
    <ele>1116.938</ele>
    <time>2026-06-23T10:52:18Z</time>
   </trkpt>
   <trkpt lat="47.016025" lon="12.865370">
    <ele>1117.592</ele>
    <time>2026-06-23T10:52:30Z</time>
   </trkpt>
   <trkpt lat="47.016152" lon="12.865307">
    <ele>1117.334</ele>
    <time>2026-06-23T10:52:33Z</time>
   </trkpt>
   <trkpt lat="47.016263" lon="12.865262">
    <ele>1116.522</ele>
    <time>2026-06-23T10:52:35Z</time>
   </trkpt>
   <trkpt lat="47.017142" lon="12.865102">
    <ele>1119.880</ele>
    <time>2026-06-23T10:52:49Z</time>
   </trkpt>
   <trkpt lat="47.017710" lon="12.865055">
    <ele>1119.910</ele>
    <time>2026-06-23T10:53:00Z</time>
   </trkpt>
   <trkpt lat="47.017810" lon="12.865037">
    <ele>1120.115</ele>
    <time>2026-06-23T10:53:02Z</time>
   </trkpt>
   <trkpt lat="47.017950" lon="12.865008">
    <ele>1120.177</ele>
    <time>2026-06-23T10:53:05Z</time>
   </trkpt>
   <trkpt lat="47.018113" lon="12.864896">
    <ele>1121.202</ele>
    <time>2026-06-23T10:53:09Z</time>
   </trkpt>
   <trkpt lat="47.018227" lon="12.864817">
    <ele>1121.878</ele>
    <time>2026-06-23T10:53:12Z</time>
   </trkpt>
   <trkpt lat="47.018918" lon="12.864298">
    <ele>1121.943</ele>
    <time>2026-06-23T10:53:28Z</time>
   </trkpt>
   <trkpt lat="47.018954" lon="12.864264">
    <ele>1122.494</ele>
    <time>2026-06-23T10:53:29Z</time>
   </trkpt>
   <trkpt lat="47.019152" lon="12.864077">
    <ele>1122.254</ele>
    <time>2026-06-23T10:53:34Z</time>
   </trkpt>
   <trkpt lat="47.019554" lon="12.863659">
    <ele>1121.404</ele>
    <time>2026-06-23T10:53:47Z</time>
   </trkpt>
   <trkpt lat="47.020133" lon="12.863424">
    <ele>1120.555</ele>
    <time>2026-06-23T10:54:01Z</time>
   </trkpt>
   <trkpt lat="47.019961" lon="12.863166">
    <ele>1121.096</ele>
    <time>2026-06-23T10:54:09Z</time>
   </trkpt>
   <trkpt lat="47.020111" lon="12.863381">
    <ele>1118.485</ele>
    <time>2026-06-23T10:54:14Z</time>
   </trkpt>
   <trkpt lat="47.020417" lon="12.863126">
    <ele>1116.243</ele>
    <time>2026-06-23T10:54:23Z</time>
   </trkpt>
   <trkpt lat="47.021168" lon="12.862387">
    <ele>1115.947</ele>
    <time>2026-06-23T10:54:44Z</time>
   </trkpt>
   <trkpt lat="47.022020" lon="12.861580">
    <ele>1117.735</ele>
    <time>2026-06-23T10:55:07Z</time>
   </trkpt>
   <trkpt lat="47.022699" lon="12.860699">
    <ele>1116.127</ele>
    <time>2026-06-23T10:55:28Z</time>
   </trkpt>
   <trkpt lat="47.023143" lon="12.860006">
    <ele>1115.511</ele>
    <time>2026-06-23T10:55:44Z</time>
   </trkpt>
   <trkpt lat="47.023428" lon="12.859559">
    <ele>1116.446</ele>
    <time>2026-06-23T10:55:58Z</time>
   </trkpt>
   <trkpt lat="47.023663" lon="12.859191">
    <ele>1117.653</ele>
    <time>2026-06-23T10:56:09Z</time>
   </trkpt>
   <trkpt lat="47.023977" lon="12.858746">
    <ele>1118.383</ele>
    <time>2026-06-23T10:56:22Z</time>
   </trkpt>
   <trkpt lat="47.024590" lon="12.858155">
    <ele>1122.588</ele>
    <time>2026-06-23T10:56:42Z</time>
   </trkpt>
   <trkpt lat="47.025191" lon="12.857692">
    <ele>1126.944</ele>
    <time>2026-06-23T10:57:02Z</time>
   </trkpt>
   <trkpt lat="47.025751" lon="12.857325">
    <ele>1127.087</ele>
    <time>2026-06-23T10:57:20Z</time>
   </trkpt>
   <trkpt lat="47.026280" lon="12.857117">
    <ele>1129.539</ele>
    <time>2026-06-23T10:57:36Z</time>
   </trkpt>
   <trkpt lat="47.026763" lon="12.856879">
    <ele>1127.889</ele>
    <time>2026-06-23T10:57:52Z</time>
   </trkpt>
   <trkpt lat="47.027066" lon="12.857279">
    <ele>1125.323</ele>
    <time>2026-06-23T10:58:02Z</time>
   </trkpt>
   <trkpt lat="47.027484" lon="12.857505">
    <ele>1129.881</ele>
    <time>2026-06-23T10:58:19Z</time>
   </trkpt>
   <trkpt lat="47.027599" lon="12.857540">
    <ele>1131.510</ele>
    <time>2026-06-23T10:58:26Z</time>
   </trkpt>
   <trkpt lat="47.027912" lon="12.857916">
    <ele>1132.729</ele>
    <time>2026-06-23T10:58:45Z</time>
   </trkpt>
   <trkpt lat="47.028123" lon="12.858187">
    <ele>1136.399</ele>
    <time>2026-06-23T10:59:01Z</time>
   </trkpt>
   <trkpt lat="47.028239" lon="12.858467">
    <ele>1138.196</ele>
    <time>2026-06-23T10:59:15Z</time>
   </trkpt>
   <trkpt lat="47.028235" lon="12.858630">
    <ele>1139.165</ele>
    <time>2026-06-23T10:59:31Z</time>
   </trkpt>
   <trkpt lat="47.028222" lon="12.858682">
    <ele>1139.626</ele>
    <time>2026-06-23T11:00:29Z</time>
   </trkpt>
   <trkpt lat="47.028371" lon="12.859373">
    <ele>1144.329</ele>
    <time>2026-06-23T11:00:55Z</time>
   </trkpt>
   <trkpt lat="47.028484" lon="12.859725">
    <ele>1147.113</ele>
    <time>2026-06-23T11:01:12Z</time>
   </trkpt>
   <trkpt lat="47.028667" lon="12.859588">
    <ele>1147.557</ele>
    <time>2026-06-23T11:01:25Z</time>
   </trkpt>
   <trkpt lat="47.028918" lon="12.859409">
    <ele>1150.211</ele>
    <time>2026-06-23T11:01:42Z</time>
   </trkpt>
   <trkpt lat="47.029117" lon="12.859273">
    <ele>1152.310</ele>
    <time>2026-06-23T11:01:54Z</time>
   </trkpt>
   <trkpt lat="47.029166" lon="12.859240">
    <ele>1152.767</ele>
    <time>2026-06-23T11:01:59Z</time>
   </trkpt>
   <trkpt lat="47.029199" lon="12.859640">
    <ele>1155.364</ele>
    <time>2026-06-23T11:02:12Z</time>
   </trkpt>
   <trkpt lat="47.028967" lon="12.859968">
    <ele>1156.655</ele>
    <time>2026-06-23T11:02:29Z</time>
   </trkpt>
   <trkpt lat="47.028866" lon="12.860350">
    <ele>1158.810</ele>
    <time>2026-06-23T11:02:43Z</time>
   </trkpt>
   <trkpt lat="47.028901" lon="12.860503">
    <ele>1158.829</ele>
    <time>2026-06-23T11:02:49Z</time>
   </trkpt>
   <trkpt lat="47.029071" lon="12.860533">
    <ele>1159.212</ele>
    <time>2026-06-23T11:02:57Z</time>
   </trkpt>
   <trkpt lat="47.029184" lon="12.860407">
    <ele>1162.020</ele>
    <time>2026-06-23T11:03:15Z</time>
   </trkpt>
   <trkpt lat="47.029366" lon="12.860367">
    <ele>1163.752</ele>
    <time>2026-06-23T11:04:10Z</time>
   </trkpt>
   <trkpt lat="47.029379" lon="12.860369">
    <ele>1163.725</ele>
    <time>2026-06-23T11:04:11Z</time>
   </trkpt>
   <trkpt lat="47.029498" lon="12.860396">
    <ele>1166.623</ele>
    <time>2026-06-23T11:04:20Z</time>
   </trkpt>
   <trkpt lat="47.029574" lon="12.860528">
    <ele>1167.792</ele>
    <time>2026-06-23T11:04:27Z</time>
   </trkpt>
   <trkpt lat="47.029574" lon="12.860634">
    <ele>1168.648</ele>
    <time>2026-06-23T11:04:32Z</time>
   </trkpt>
   <trkpt lat="47.029422" lon="12.861135">
    <ele>1173.647</ele>
    <time>2026-06-23T11:04:55Z</time>
   </trkpt>
   <trkpt lat="47.029392" lon="12.861254">
    <ele>1174.316</ele>
    <time>2026-06-23T11:05:11Z</time>
   </trkpt>
   <trkpt lat="47.029381" lon="12.861363">
    <ele>1174.865</ele>
    <time>2026-06-23T11:05:50Z</time>
   </trkpt>
   <trkpt lat="47.029772" lon="12.861364">
    <ele>1174.759</ele>
    <time>2026-06-23T11:06:03Z</time>
   </trkpt>
   <trkpt lat="47.030313" lon="12.861364">
    <ele>1179.025</ele>
    <time>2026-06-23T11:06:23Z</time>
   </trkpt>
   <trkpt lat="47.030726" lon="12.861170">
    <ele>1182.174</ele>
    <time>2026-06-23T11:06:42Z</time>
   </trkpt>
   <trkpt lat="47.030877" lon="12.860587">
    <ele>1185.084</ele>
    <time>2026-06-23T11:07:00Z</time>
   </trkpt>
   <trkpt lat="47.030912" lon="12.860445">
    <ele>1185.242</ele>
    <time>2026-06-23T11:07:04Z</time>
   </trkpt>
   <trkpt lat="47.031390" lon="12.859891">
    <ele>1190.413</ele>
    <time>2026-06-23T11:07:33Z</time>
   </trkpt>
   <trkpt lat="47.031778" lon="12.859430">
    <ele>1195.244</ele>
    <time>2026-06-23T11:07:58Z</time>
   </trkpt>
   <trkpt lat="47.031977" lon="12.858893">
    <ele>1199.765</ele>
    <time>2026-06-23T11:08:20Z</time>
   </trkpt>
   <trkpt lat="47.032148" lon="12.858227">
    <ele>1203.109</ele>
    <time>2026-06-23T11:08:43Z</time>
   </trkpt>
   <trkpt lat="47.032443" lon="12.857765">
    <ele>1206.205</ele>
    <time>2026-06-23T11:09:03Z</time>
   </trkpt>
   <trkpt lat="47.032710" lon="12.857481">
    <ele>1205.791</ele>
    <time>2026-06-23T11:09:20Z</time>
   </trkpt>
   <trkpt lat="47.032996" lon="12.857005">
    <ele>1210.826</ele>
    <time>2026-06-23T11:09:43Z</time>
   </trkpt>
   <trkpt lat="47.033220" lon="12.856391">
    <ele>1215.358</ele>
    <time>2026-06-23T11:10:08Z</time>
   </trkpt>
   <trkpt lat="47.033400" lon="12.855850">
    <ele>1219.518</ele>
    <time>2026-06-23T11:10:29Z</time>
   </trkpt>
   <trkpt lat="47.033592" lon="12.855276">
    <ele>1222.612</ele>
    <time>2026-06-23T11:10:53Z</time>
   </trkpt>
   <trkpt lat="47.033781" lon="12.854675">
    <ele>1226.362</ele>
    <time>2026-06-23T11:11:17Z</time>
   </trkpt>
   <trkpt lat="47.033801" lon="12.854539">
    <ele>1228.169</ele>
    <time>2026-06-23T11:11:32Z</time>
   </trkpt>
   <trkpt lat="47.033801" lon="12.854539">
    <ele>1228.607</ele>
    <time>2026-06-23T11:14:19Z</time>
   </trkpt>
   <trkpt lat="47.033795" lon="12.854204">
    <ele>1231.946</ele>
    <time>2026-06-23T11:14:30Z</time>
   </trkpt>
   <trkpt lat="47.033542" lon="12.853826">
    <ele>1237.049</ele>
    <time>2026-06-23T11:14:46Z</time>
   </trkpt>
   <trkpt lat="47.033068" lon="12.853473">
    <ele>1243.766</ele>
    <time>2026-06-23T11:15:11Z</time>
   </trkpt>
   <trkpt lat="47.032776" lon="12.853298">
    <ele>1246.177</ele>
    <time>2026-06-23T11:15:24Z</time>
   </trkpt>
   <trkpt lat="47.032319" lon="12.853105">
    <ele>1252.058</ele>
    <time>2026-06-23T11:15:42Z</time>
   </trkpt>
   <trkpt lat="47.031755" lon="12.852923">
    <ele>1255.833</ele>
    <time>2026-06-23T11:16:03Z</time>
   </trkpt>
   <trkpt lat="47.031655" lon="12.852473">
    <ele>1256.205</ele>
    <time>2026-06-23T11:16:15Z</time>
   </trkpt>
   <trkpt lat="47.031887" lon="12.851693">
    <ele>1254.955</ele>
    <time>2026-06-23T11:16:37Z</time>
   </trkpt>
   <trkpt lat="47.032148" lon="12.851195">
    <ele>1257.371</ele>
    <time>2026-06-23T11:16:54Z</time>
   </trkpt>
   <trkpt lat="47.032547" lon="12.850821">
    <ele>1259.878</ele>
    <time>2026-06-23T11:17:13Z</time>
   </trkpt>
   <trkpt lat="47.032823" lon="12.850563">
    <ele>1261.414</ele>
    <time>2026-06-23T11:17:27Z</time>
   </trkpt>
   <trkpt lat="47.033008" lon="12.850389">
    <ele>1262.914</ele>
    <time>2026-06-23T11:17:37Z</time>
   </trkpt>
   <trkpt lat="47.033036" lon="12.850373">
    <ele>1263.583</ele>
    <time>2026-06-23T11:17:41Z</time>
   </trkpt>
   <trkpt lat="47.032987" lon="12.850383">
    <ele>1263.116</ele>
    <time>2026-06-23T11:17:45Z</time>
   </trkpt>
   <trkpt lat="47.032674" lon="12.850702">
    <ele>1258.453</ele>
    <time>2026-06-23T11:17:54Z</time>
   </trkpt>
   <trkpt lat="47.032564" lon="12.850805">
    <ele>1257.536</ele>
    <time>2026-06-23T11:17:56Z</time>
   </trkpt>
   <trkpt lat="47.032338" lon="12.851017">
    <ele>1254.982</ele>
    <time>2026-06-23T11:18:00Z</time>
   </trkpt>
   <trkpt lat="47.032252" lon="12.851098">
    <ele>1249.934</ele>
    <time>2026-06-23T11:18:05Z</time>
   </trkpt>
   <trkpt lat="47.032272" lon="12.851079">
    <ele>1248.917</ele>
    <time>2026-06-23T11:18:06Z</time>
   </trkpt>
   <trkpt lat="47.032399" lon="12.850960">
    <ele>1244.161</ele>
    <time>2026-06-23T11:18:11Z</time>
   </trkpt>
   <trkpt lat="47.032116" lon="12.850470">
    <ele>1240.840</ele>
    <time>2026-06-23T11:18:17Z</time>
   </trkpt>
   <trkpt lat="47.032106" lon="12.850463">
    <ele>1240.200</ele>
    <time>2026-06-23T11:18:19Z</time>
   </trkpt>
   <trkpt lat="47.032019" lon="12.849920">
    <ele>1237.914</ele>
    <time>2026-06-23T11:18:24Z</time>
   </trkpt>
   <trkpt lat="47.032115" lon="12.849776">
    <ele>1237.499</ele>
    <time>2026-06-23T11:18:26Z</time>
   </trkpt>
   <trkpt lat="47.032158" lon="12.849401">
    <ele>1237.281</ele>
    <time>2026-06-23T11:18:30Z</time>
   </trkpt>
   <trkpt lat="47.032162" lon="12.849183">
    <ele>1236.916</ele>
    <time>2026-06-23T11:18:32Z</time>
   </trkpt>
   <trkpt lat="47.032461" lon="12.848126">
    <ele>1237.074</ele>
    <time>2026-06-23T11:18:46Z</time>
   </trkpt>
   <trkpt lat="47.033224" lon="12.846769">
    <ele>1238.045</ele>
    <time>2026-06-23T11:19:09Z</time>
   </trkpt>
   <trkpt lat="47.033885" lon="12.846287">
    <ele>1238.567</ele>
    <time>2026-06-23T11:19:24Z</time>
   </trkpt>
   <trkpt lat="47.034665" lon="12.845775">
    <ele>1240.907</ele>
    <time>2026-06-23T11:19:45Z</time>
   </trkpt>
   <trkpt lat="47.034963" lon="12.845300">
    <ele>1244.834</ele>
    <time>2026-06-23T11:20:01Z</time>
   </trkpt>
   <trkpt lat="47.035127" lon="12.844552">
    <ele>1244.291</ele>
    <time>2026-06-23T11:20:21Z</time>
   </trkpt>
   <trkpt lat="47.035521" lon="12.843807">
    <ele>1244.374</ele>
    <time>2026-06-23T11:20:39Z</time>
   </trkpt>
   <trkpt lat="47.035836" lon="12.843309">
    <ele>1243.958</ele>
    <time>2026-06-23T11:20:51Z</time>
   </trkpt>
   <trkpt lat="47.036493" lon="12.842507">
    <ele>1242.858</ele>
    <time>2026-06-23T11:21:08Z</time>
   </trkpt>
   <trkpt lat="47.037014" lon="12.841394">
    <ele>1244.204</ele>
    <time>2026-06-23T11:21:28Z</time>
   </trkpt>
   <trkpt lat="47.037366" lon="12.840467">
    <ele>1245.580</ele>
    <time>2026-06-23T11:21:47Z</time>
   </trkpt>
   <trkpt lat="47.037466" lon="12.839431">
    <ele>1245.774</ele>
    <time>2026-06-23T11:22:05Z</time>
   </trkpt>
   <trkpt lat="47.037730" lon="12.838567">
    <ele>1247.685</ele>
    <time>2026-06-23T11:22:23Z</time>
   </trkpt>
   <trkpt lat="47.038026" lon="12.837437">
    <ele>1248.012</ele>
    <time>2026-06-23T11:22:44Z</time>
   </trkpt>
   <trkpt lat="47.038314" lon="12.836461">
    <ele>1249.221</ele>
    <time>2026-06-23T11:23:02Z</time>
   </trkpt>
   <trkpt lat="47.038792" lon="12.835681">
    <ele>1249.597</ele>
    <time>2026-06-23T11:23:18Z</time>
   </trkpt>
   <trkpt lat="47.039327" lon="12.834884">
    <ele>1249.728</ele>
    <time>2026-06-23T11:23:37Z</time>
   </trkpt>
   <trkpt lat="47.039632" lon="12.833961">
    <ele>1251.523</ele>
    <time>2026-06-23T11:23:56Z</time>
   </trkpt>
   <trkpt lat="47.040016" lon="12.832919">
    <ele>1252.827</ele>
    <time>2026-06-23T11:24:18Z</time>
   </trkpt>
   <trkpt lat="47.040527" lon="12.832115">
    <ele>1253.111</ele>
    <time>2026-06-23T11:24:39Z</time>
   </trkpt>
   <trkpt lat="47.041086" lon="12.831594">
    <ele>1254.713</ele>
    <time>2026-06-23T11:24:57Z</time>
   </trkpt>
   <trkpt lat="47.041203" lon="12.831928">
    <ele>1253.405</ele>
    <time>2026-06-23T11:25:08Z</time>
   </trkpt>
   <trkpt lat="47.041037" lon="12.832289">
    <ele>1254.580</ele>
    <time>2026-06-23T11:25:19Z</time>
   </trkpt>
   <trkpt lat="47.040890" lon="12.832601">
    <ele>1254.562</ele>
    <time>2026-06-23T11:25:28Z</time>
   </trkpt>
   <trkpt lat="47.040861" lon="12.832696">
    <ele>1256.432</ele>
    <time>2026-06-23T11:25:42Z</time>
   </trkpt>
  </trkseg>
 </trk>
</gpx>
