<?xml version="1.0" encoding="UTF-8" standalone="no" ?>
<gpx xmlns="http://www.topografix.com/GPX/1/1" creator="" version="1.1" xmlns:xsi="http://www.w3.org/2001/XMLSchema-instance" xsi:schemaLocation="http://www.topografix.com/GPX/1/1 http://www.topografix.com/GPX/1/1/gpx.xsd">
 <trk>
  <name>ACTIVE LOG235222</name>
  <trkseg>
   <trkpt lat="47.356612" lon="13.392097">
    <ele>826.330</ele>
    <time>2026-06-21T06:52:22Z</time>
   </trkpt>
   <trkpt lat="47.356800" lon="13.392530">
    <ele>889.677</ele>
    <time>2026-06-21T06:52:27Z</time>
   </trkpt>
   <trkpt lat="47.356840" lon="13.392578">
    <ele>892.973</ele>
    <time>2026-06-21T06:52:29Z</time>
   </trkpt>
   <trkpt lat="47.356867" lon="13.392661">
    <ele>897.877</ele>
    <time>2026-06-21T06:52:39Z</time>
   </trkpt>
   <trkpt lat="47.356874" lon="13.392648">
    <ele>897.548</ele>
    <time>2026-06-21T06:53:11Z</time>
   </trkpt>
   <trkpt lat="47.356905" lon="13.392593">
    <ele>896.562</ele>
    <time>2026-06-21T06:53:25Z</time>
   </trkpt>
   <trkpt lat="47.356903" lon="13.392590">
    <ele>896.617</ele>
    <time>2026-06-21T06:53:57Z</time>
   </trkpt>
   <trkpt lat="47.356911" lon="13.392514">
    <ele>896.311</ele>
    <time>2026-06-21T06:54:00Z</time>
   </trkpt>
   <trkpt lat="47.357014" lon="13.392313">
    <ele>895.063</ele>
    <time>2026-06-21T06:54:04Z</time>
   </trkpt>
   <trkpt lat="47.357309" lon="13.392010">
    <ele>893.852</ele>
    <time>2026-06-21T06:54:10Z</time>
   </trkpt>
   <trkpt lat="47.357535" lon="13.391570">
    <ele>893.893</ele>
    <time>2026-06-21T06:54:16Z</time>
   </trkpt>
   <trkpt lat="47.357665" lon="13.391046">
    <ele>894.034</ele>
    <time>2026-06-21T06:54:22Z</time>
   </trkpt>
   <trkpt lat="47.358043" lon="13.390664">
    <ele>893.014</ele>
    <time>2026-06-21T06:54:30Z</time>
   </trkpt>
   <trkpt lat="47.358104" lon="13.390678">
    <ele>892.946</ele>
    <time>2026-06-21T06:54:31Z</time>
   </trkpt>
   <trkpt lat="47.358594" lon="13.390584">
    <ele>891.979</ele>
    <time>2026-06-21T06:54:39Z</time>
   </trkpt>
   <trkpt lat="47.358910" lon="13.390590">
    <ele>891.685</ele>
    <time>2026-06-21T06:54:44Z</time>
   </trkpt>
   <trkpt lat="47.359095" lon="13.390547">
    <ele>891.233</ele>
    <time>2026-06-21T06:54:47Z</time>
   </trkpt>
   <trkpt lat="47.359313" lon="13.390392">
    <ele>890.445</ele>
    <time>2026-06-21T06:54:51Z</time>
   </trkpt>
   <trkpt lat="47.359640" lon="13.390141">
    <ele>889.541</ele>
    <time>2026-06-21T06:55:00Z</time>
   </trkpt>
   <trkpt lat="47.360050" lon="13.390120">
    <ele>889.236</ele>
    <time>2026-06-21T06:55:10Z</time>
   </trkpt>
   <trkpt lat="47.360240" lon="13.390188">
    <ele>889.070</ele>
    <time>2026-06-21T06:55:14Z</time>
   </trkpt>
   <trkpt lat="47.361157" lon="13.390908">
    <ele>887.707</ele>
    <time>2026-06-21T06:55:31Z</time>
   </trkpt>
   <trkpt lat="47.361262" lon="13.390966">
    <ele>887.721</ele>
    <time>2026-06-21T06:55:33Z</time>
   </trkpt>
   <trkpt lat="47.361357" lon="13.391144">
    <ele>887.570</ele>
    <time>2026-06-21T06:55:37Z</time>
   </trkpt>
   <trkpt lat="47.361431" lon="13.391237">
    <ele>886.611</ele>
    <time>2026-06-21T06:55:41Z</time>
   </trkpt>
   <trkpt lat="47.361655" lon="13.391176">
    <ele>885.715</ele>
    <time>2026-06-21T06:55:47Z</time>
   </trkpt>
   <trkpt lat="47.362027" lon="13.391073">
    <ele>885.150</ele>
    <time>2026-06-21T06:55:56Z</time>
   </trkpt>
   <trkpt lat="47.362247" lon="13.391103">
    <ele>885.218</ele>
    <time>2026-06-21T06:56:00Z</time>
   </trkpt>
   <trkpt lat="47.362354" lon="13.390846">
    <ele>885.942</ele>
    <time>2026-06-21T06:56:05Z</time>
   </trkpt>
   <trkpt lat="47.362344" lon="13.390126">
    <ele>886.440</ele>
    <time>2026-06-21T06:56:14Z</time>
   </trkpt>
   <trkpt lat="47.362437" lon="13.390001">
    <ele>886.316</ele>
    <time>2026-06-21T06:56:18Z</time>
   </trkpt>
   <trkpt lat="47.363357" lon="13.389979">
    <ele>883.524</ele>
    <time>2026-06-21T06:56:33Z</time>
   </trkpt>
   <trkpt lat="47.364503" lon="13.390122">
    <ele>882.812</ele>
    <time>2026-06-21T06:56:51Z</time>
   </trkpt>
   <trkpt lat="47.365535" lon="13.390972">
    <ele>880.262</ele>
    <time>2026-06-21T06:57:09Z</time>
   </trkpt>
   <trkpt lat="47.366366" lon="13.392073">
    <ele>879.887</ele>
    <time>2026-06-21T06:57:26Z</time>
   </trkpt>
   <trkpt lat="47.367095" lon="13.393137">
    <ele>879.107</ele>
    <time>2026-06-21T06:57:42Z</time>
   </trkpt>
   <trkpt lat="47.367305" lon="13.393324">
    <ele>879.116</ele>
    <time>2026-06-21T06:57:46Z</time>
   </trkpt>
   <trkpt lat="47.367487" lon="13.393665">
    <ele>878.900</ele>
    <time>2026-06-21T06:57:52Z</time>
   </trkpt>
   <trkpt lat="47.367695" lon="13.394095">
    <ele>878.040</ele>
    <time>2026-06-21T06:57:58Z</time>
   </trkpt>
   <trkpt lat="47.367791" lon="13.394209">
    <ele>878.004</ele>
    <time>2026-06-21T06:58:00Z</time>
   </trkpt>
   <trkpt lat="47.367918" lon="13.394493">
    <ele>877.606</ele>
    <time>2026-06-21T06:58:04Z</time>
   </trkpt>
   <trkpt lat="47.367942" lon="13.394654">
    <ele>877.326</ele>
    <time>2026-06-21T06:58:06Z</time>
   </trkpt>
   <trkpt lat="47.368115" lon="13.394686">
    <ele>877.994</ele>
    <time>2026-06-21T06:58:12Z</time>
   </trkpt>
   <trkpt lat="47.368531" lon="13.394529">
    <ele>877.556</ele>
    <time>2026-06-21T06:58:20Z</time>
   </trkpt>
   <trkpt lat="47.369510" lon="13.394387">
    <ele>876.178</ele>
    <time>2026-06-21T06:58:35Z</time>
   </trkpt>
   <trkpt lat="47.370862" lon="13.394373">
    <ele>874.354</ele>
    <time>2026-06-21T06:58:56Z</time>
   </trkpt>
   <trkpt lat="47.372444" lon="13.394779">
    <ele>874.260</ele>
    <time>2026-06-21T06:59:21Z</time>
   </trkpt>
   <trkpt lat="47.373097" lon="13.395091">
    <ele>873.815</ele>
    <time>2026-06-21T06:59:32Z</time>
   </trkpt>
   <trkpt lat="47.373512" lon="13.395028">
    <ele>874.003</ele>
    <time>2026-06-21T06:59:39Z</time>
   </trkpt>
   <trkpt lat="47.373659" lon="13.394920">
    <ele>875.288</ele>
    <time>2026-06-21T06:59:42Z</time>
   </trkpt>
  </trkseg>
 </trk>
 <trk>
  <name>ACTIVE LOG000002</name>
  <trkseg>
   <trkpt lat="47.374604" lon="13.393653">
    <ele>874.410</ele>
    <time>2026-06-21T07:00:02Z</time>
   </trkpt>
   <trkpt lat="47.375216" lon="13.392913">
    <ele>874.465</ele>
    <time>2026-06-21T07:00:18Z</time>
   </trkpt>
   <trkpt lat="47.375222" lon="13.392907">
    <ele>874.601</ele>
    <time>2026-06-21T07:00:22Z</time>
   </trkpt>
   <trkpt lat="47.375261" lon="13.392868">
    <ele>874.621</ele>
    <time>2026-06-21T07:00:24Z</time>
   </trkpt>
   <trkpt lat="47.375653" lon="13.393175">
    <ele>871.357</ele>
    <time>2026-06-21T07:00:33Z</time>
   </trkpt>
   <trkpt lat="47.376502" lon="13.394140">
    <ele>867.908</ele>
    <time>2026-06-21T07:00:48Z</time>
   </trkpt>
   <trkpt lat="47.376896" lon="13.394841">
    <ele>867.513</ele>
    <time>2026-06-21T07:00:57Z</time>
   </trkpt>
   <trkpt lat="47.377531" lon="13.396183">
    <ele>866.391</ele>
    <time>2026-06-21T07:01:13Z</time>
   </trkpt>
   <trkpt lat="47.378640" lon="13.397659">
    <ele>864.814</ele>
    <time>2026-06-21T07:01:35Z</time>
   </trkpt>
   <trkpt lat="47.379779" lon="13.399262">
    <ele>862.166</ele>
    <time>2026-06-21T07:01:58Z</time>
   </trkpt>
   <trkpt lat="47.380537" lon="13.400441">
    <ele>861.136</ele>
    <time>2026-06-21T07:02:14Z</time>
   </trkpt>
   <trkpt lat="47.380809" lon="13.400707">
    <ele>859.997</ele>
    <time>2026-06-21T07:02:19Z</time>
   </trkpt>
   <trkpt lat="47.380970" lon="13.401090">
    <ele>859.701</ele>
    <time>2026-06-21T07:02:24Z</time>
   </trkpt>
   <trkpt lat="47.381172" lon="13.401649">
    <ele>859.111</ele>
    <time>2026-06-21T07:02:32Z</time>
   </trkpt>
   <trkpt lat="47.381417" lon="13.401868">
    <ele>859.763</ele>
    <time>2026-06-21T07:02:44Z</time>
   </trkpt>
   <trkpt lat="47.381418" lon="13.401857">
    <ele>859.592</ele>
    <time>2026-06-21T07:02:45Z</time>
   </trkpt>
   <trkpt lat="47.381215" lon="13.401658">
    <ele>860.395</ele>
    <time>2026-06-21T07:02:55Z</time>
   </trkpt>
   <trkpt lat="47.381165" lon="13.401622">
    <ele>860.327</ele>
    <time>2026-06-21T07:02:57Z</time>
   </trkpt>
   <trkpt lat="47.381072" lon="13.401302">
    <ele>861.454</ele>
    <time>2026-06-21T07:03:01Z</time>
   </trkpt>
   <trkpt lat="47.381274" lon="13.401271">
    <ele>861.734</ele>
    <time>2026-06-21T07:03:09Z</time>
   </trkpt>
   <trkpt lat="47.382166" lon="13.401443">
    <ele>862.448</ele>
    <time>2026-06-21T07:03:28Z</time>
   </trkpt>
   <trkpt lat="47.383440" lon="13.401515">
    <ele>860.961</ele>
    <time>2026-06-21T07:03:53Z</time>
   </trkpt>
   <trkpt lat="47.384763" lon="13.401357">
    <ele>862.222</ele>
    <time>2026-06-21T07:04:18Z</time>
   </trkpt>
   <trkpt lat="47.386018" lon="13.401049">
    <ele>861.439</ele>
    <time>2026-06-21T07:04:42Z</time>
   </trkpt>
   <trkpt lat="47.387191" lon="13.400599">
    <ele>862.266</ele>
    <time>2026-06-21T07:05:04Z</time>
   </trkpt>
   <trkpt lat="47.388247" lon="13.400128">
    <ele>862.803</ele>
    <time>2026-06-21T07:05:24Z</time>
   </trkpt>
   <trkpt lat="47.388974" lon="13.399760">
    <ele>862.217</ele>
    <time>2026-06-21T07:05:38Z</time>
   </trkpt>
   <trkpt lat="47.389095" lon="13.399622">
    <ele>861.430</ele>
    <time>2026-06-21T07:05:42Z</time>
   </trkpt>
   <trkpt lat="47.389211" lon="13.399752">
    <ele>859.077</ele>
    <time>2026-06-21T07:05:46Z</time>
   </trkpt>
   <trkpt lat="47.389329" lon="13.400113">
    <ele>856.518</ele>
    <time>2026-06-21T07:05:51Z</time>
   </trkpt>
   <trkpt lat="47.389498" lon="13.400355">
    <ele>858.607</ele>
    <time>2026-06-21T07:05:56Z</time>
   </trkpt>
   <trkpt lat="47.389786" lon="13.401495">
    <ele>858.385</ele>
    <time>2026-06-21T07:06:12Z</time>
   </trkpt>
   <trkpt lat="47.390218" lon="13.403762">
    <ele>856.522</ele>
    <time>2026-06-21T07:06:38Z</time>
   </trkpt>
   <trkpt lat="47.390549" lon="13.405860">
    <ele>855.560</ele>
    <time>2026-06-21T07:07:02Z</time>
   </trkpt>
   <trkpt lat="47.390304" lon="13.407281">
    <ele>854.853</ele>
    <time>2026-06-21T07:07:18Z</time>
   </trkpt>
   <trkpt lat="47.389805" lon="13.408192">
    <ele>854.939</ele>
    <time>2026-06-21T07:07:31Z</time>
   </trkpt>
   <trkpt lat="47.388608" lon="13.409290">
    <ele>855.125</ele>
    <time>2026-06-21T07:07:53Z</time>
   </trkpt>
   <trkpt lat="47.387951" lon="13.410367">
    <ele>853.295</ele>
    <time>2026-06-21T07:08:08Z</time>
   </trkpt>
   <trkpt lat="47.387142" lon="13.411572">
    <ele>852.630</ele>
    <time>2026-06-21T07:08:25Z</time>
   </trkpt>
   <trkpt lat="47.386517" lon="13.412905">
    <ele>850.737</ele>
    <time>2026-06-21T07:08:42Z</time>
   </trkpt>
   <trkpt lat="47.386132" lon="13.413838">
    <ele>851.331</ele>
    <time>2026-06-21T07:08:56Z</time>
   </trkpt>
   <trkpt lat="47.386070" lon="13.413996">
    <ele>850.720</ele>
    <time>2026-06-21T07:08:59Z</time>
   </trkpt>
   <trkpt lat="47.385573" lon="13.415013">
    <ele>847.877</ele>
    <time>2026-06-21T07:09:14Z</time>
   </trkpt>
   <trkpt lat="47.385254" lon="13.415925">
    <ele>849.659</ele>
    <time>2026-06-21T07:09:25Z</time>
   </trkpt>
   <trkpt lat="47.385289" lon="13.416225">
    <ele>851.002</ele>
    <time>2026-06-21T07:09:29Z</time>
   </trkpt>
   <trkpt lat="47.385343" lon="13.416362">
    <ele>850.630</ele>
    <time>2026-06-21T07:09:31Z</time>
   </trkpt>
   <trkpt lat="47.385301" lon="13.416716">
    <ele>849.604</ele>
    <time>2026-06-21T07:09:35Z</time>
   </trkpt>
   <trkpt lat="47.385189" lon="13.417091">
    <ele>849.314</ele>
    <time>2026-06-21T07:09:39Z</time>
   </trkpt>
   <trkpt lat="47.384987" lon="13.418254">
    <ele>847.497</ele>
    <time>2026-06-21T07:09:51Z</time>
   </trkpt>
   <trkpt lat="47.384778" lon="13.419414">
    <ele>848.484</ele>
    <time>2026-06-21T07:10:03Z</time>
   </trkpt>
   <trkpt lat="47.384701" lon="13.419693">
    <ele>848.969</ele>
    <time>2026-06-21T07:10:06Z</time>
   </trkpt>
   <trkpt lat="47.384159" lon="13.420669">
    <ele>847.975</ele>
    <time>2026-06-21T07:10:19Z</time>
   </trkpt>
   <trkpt lat="47.383367" lon="13.422102">
    <ele>847.576</ele>
    <time>2026-06-21T07:10:38Z</time>
   </trkpt>
   <trkpt lat="47.383016" lon="13.423019">
    <ele>846.599</ele>
    <time>2026-06-21T07:10:49Z</time>
   </trkpt>
   <trkpt lat="47.382845" lon="13.423142">
    <ele>847.457</ele>
    <time>2026-06-21T07:10:55Z</time>
   </trkpt>
   <trkpt lat="47.382733" lon="13.423063">
    <ele>846.915</ele>
    <time>2026-06-21T07:10:59Z</time>
   </trkpt>
   <trkpt lat="47.382606" lon="13.422804">
    <ele>844.869</ele>
    <time>2026-06-21T07:11:03Z</time>
   </trkpt>
   <trkpt lat="47.382539" lon="13.422537">
    <ele>844.291</ele>
    <time>2026-06-21T07:11:06Z</time>
   </trkpt>
   <trkpt lat="47.382402" lon="13.422219">
    <ele>844.356</ele>
    <time>2026-06-21T07:11:10Z</time>
   </trkpt>
   <trkpt lat="47.382154" lon="13.421868">
    <ele>845.163</ele>
    <time>2026-06-21T07:11:17Z</time>
   </trkpt>
   <trkpt lat="47.382032" lon="13.422007">
    <ele>844.784</ele>
    <time>2026-06-21T07:11:21Z</time>
   </trkpt>
   <trkpt lat="47.381842" lon="13.422279">
    <ele>844.746</ele>
    <time>2026-06-21T07:11:26Z</time>
   </trkpt>
   <trkpt lat="47.381195" lon="13.423058">
    <ele>846.349</ele>
    <time>2026-06-21T07:11:40Z</time>
   </trkpt>
   <trkpt lat="47.381185" lon="13.423373">
    <ele>846.857</ele>
    <time>2026-06-21T07:11:44Z</time>
   </trkpt>
   <trkpt lat="47.381239" lon="13.423522">
    <ele>846.270</ele>
    <time>2026-06-21T07:11:46Z</time>
   </trkpt>
   <trkpt lat="47.381290" lon="13.424678">
    <ele>846.124</ele>
    <time>2026-06-21T07:11:59Z</time>
   </trkpt>
   <trkpt lat="47.381324" lon="13.424950">
    <ele>846.180</ele>
    <time>2026-06-21T07:12:02Z</time>
   </trkpt>
   <trkpt lat="47.381360" lon="13.425508">
    <ele>846.984</ele>
    <time>2026-06-21T07:12:10Z</time>
   </trkpt>
   <trkpt lat="47.381342" lon="13.425757">
    <ele>846.180</ele>
    <time>2026-06-21T07:12:13Z</time>
   </trkpt>
   <trkpt lat="47.381249" lon="13.426766">
    <ele>846.924</ele>
    <time>2026-06-21T07:12:24Z</time>
   </trkpt>
   <trkpt lat="47.381095" lon="13.426927">
    <ele>846.743</ele>
    <time>2026-06-21T07:12:28Z</time>
   </trkpt>
   <trkpt lat="47.381021" lon="13.426903">
    <ele>846.531</ele>
    <time>2026-06-21T07:12:30Z</time>
   </trkpt>
   <trkpt lat="47.380928" lon="13.426981">
    <ele>845.627</ele>
    <time>2026-06-21T07:12:35Z</time>
   </trkpt>
   <trkpt lat="47.380870" lon="13.427590">
    <ele>843.967</ele>
    <time>2026-06-21T07:12:47Z</time>
   </trkpt>
   <trkpt lat="47.380568" lon="13.427623">
    <ele>845.361</ele>
    <time>2026-06-21T07:12:56Z</time>
   </trkpt>
   <trkpt lat="47.380517" lon="13.427616">
    <ele>845.513</ele>
    <time>2026-06-21T07:13:05Z</time>
   </trkpt>
   <trkpt lat="47.380518" lon="13.427616">
    <ele>845.576</ele>
    <time>2026-06-21T07:13:21Z</time>
   </trkpt>
   <trkpt lat="47.380500" lon="13.427504">
    <ele>846.411</ele>
    <time>2026-06-21T07:13:25Z</time>
   </trkpt>
   <trkpt lat="47.380507" lon="13.427329">
    <ele>846.818</ele>
    <time>2026-06-21T07:13:28Z</time>
   </trkpt>
   <trkpt lat="47.380507" lon="13.426210">
    <ele>849.517</ele>
    <time>2026-06-21T07:13:43Z</time>
   </trkpt>
   <trkpt lat="47.380505" lon="13.425912">
    <ele>850.291</ele>
    <time>2026-06-21T07:13:47Z</time>
   </trkpt>
   <trkpt lat="47.380609" lon="13.424800">
    <ele>850.662</ele>
    <time>2026-06-21T07:14:02Z</time>
   </trkpt>
   <trkpt lat="47.380546" lon="13.424398">
    <ele>850.023</ele>
    <time>2026-06-21T07:14:08Z</time>
   </trkpt>
   <trkpt lat="47.380462" lon="13.424390">
    <ele>848.958</ele>
    <time>2026-06-21T07:14:12Z</time>
   </trkpt>
   <trkpt lat="47.380259" lon="13.424317">
    <ele>850.177</ele>
    <time>2026-06-21T07:14:17Z</time>
   </trkpt>
   <trkpt lat="47.380170" lon="13.424287">
    <ele>850.461</ele>
    <time>2026-06-21T07:14:19Z</time>
   </trkpt>
   <trkpt lat="47.380070" lon="13.424425">
    <ele>849.648</ele>
    <time>2026-06-21T07:14:23Z</time>
   </trkpt>
   <trkpt lat="47.380046" lon="13.424636">
    <ele>849.697</ele>
    <time>2026-06-21T07:14:26Z</time>
   </trkpt>
   <trkpt lat="47.379979" lon="13.424899">
    <ele>849.458</ele>
    <time>2026-06-21T07:14:30Z</time>
   </trkpt>
   <trkpt lat="47.379816" lon="13.425069">
    <ele>849.397</ele>
    <time>2026-06-21T07:14:34Z</time>
   </trkpt>
   <trkpt lat="47.379725" lon="13.425079">
    <ele>849.252</ele>
    <time>2026-06-21T07:14:36Z</time>
   </trkpt>
   <trkpt lat="47.379643" lon="13.424903">
    <ele>850.274</ele>
    <time>2026-06-21T07:14:41Z</time>
   </trkpt>
   <trkpt lat="47.379262" lon="13.423920">
    <ele>851.161</ele>
    <time>2026-06-21T07:14:55Z</time>
   </trkpt>
   <trkpt lat="47.378526" lon="13.423313">
    <ele>851.568</ele>
    <time>2026-06-21T07:15:11Z</time>
   </trkpt>
   <trkpt lat="47.378439" lon="13.423261">
    <ele>851.567</ele>
    <time>2026-06-21T07:15:13Z</time>
   </trkpt>
   <trkpt lat="47.378206" lon="13.423328">
    <ele>851.611</ele>
    <time>2026-06-21T07:15:18Z</time>
   </trkpt>
   <trkpt lat="47.377368" lon="13.423247">
    <ele>852.326</ele>
    <time>2026-06-21T07:15:35Z</time>
   </trkpt>
   <trkpt lat="47.376017" lon="13.423250">
    <ele>852.186</ele>
    <time>2026-06-21T07:16:02Z</time>
   </trkpt>
   <trkpt lat="47.375965" lon="13.423249">
    <ele>852.074</ele>
    <time>2026-06-21T07:16:03Z</time>
   </trkpt>
   <trkpt lat="47.375159" lon="13.422697">
    <ele>853.432</ele>
    <time>2026-06-21T07:16:21Z</time>
   </trkpt>
   <trkpt lat="47.374962" lon="13.422471">
    <ele>854.263</ele>
    <time>2026-06-21T07:16:26Z</time>
   </trkpt>
   <trkpt lat="47.374817" lon="13.422026">
    <ele>854.208</ele>
    <time>2026-06-21T07:16:33Z</time>
   </trkpt>
   <trkpt lat="47.374545" lon="13.421536">
    <ele>855.207</ele>
    <time>2026-06-21T07:16:42Z</time>
   </trkpt>
   <trkpt lat="47.373672" lon="13.421305">
    <ele>857.086</ele>
    <time>2026-06-21T07:17:01Z</time>
   </trkpt>
   <trkpt lat="47.373584" lon="13.421297">
    <ele>857.631</ele>
    <time>2026-06-21T07:17:03Z</time>
   </trkpt>
   <trkpt lat="47.372928" lon="13.421348">
    <ele>859.638</ele>
    <time>2026-06-21T07:17:19Z</time>
   </trkpt>
   <trkpt lat="47.372360" lon="13.421121">
    <ele>860.262</ele>
    <time>2026-06-21T07:17:33Z</time>
   </trkpt>
   <trkpt lat="47.372258" lon="13.421304">
    <ele>859.681</ele>
    <time>2026-06-21T07:17:38Z</time>
   </trkpt>
   <trkpt lat="47.372385" lon="13.422568">
    <ele>856.578</ele>
    <time>2026-06-21T07:17:53Z</time>
   </trkpt>
   <trkpt lat="47.372547" lon="13.424023">
    <ele>854.787</ele>
    <time>2026-06-21T07:18:10Z</time>
   </trkpt>
   <trkpt lat="47.372643" lon="13.424535">
    <ele>853.856</ele>
    <time>2026-06-21T07:18:16Z</time>
   </trkpt>
   <trkpt lat="47.372822" lon="13.426137">
    <ele>853.873</ele>
    <time>2026-06-21T07:18:33Z</time>
   </trkpt>
   <trkpt lat="47.373087" lon="13.427616">
    <ele>851.674</ele>
    <time>2026-06-21T07:18:50Z</time>
   </trkpt>
   <trkpt lat="47.372961" lon="13.427913">
    <ele>851.299</ele>
    <time>2026-06-21T07:18:55Z</time>
   </trkpt>
   <trkpt lat="47.371939" lon="13.428106">
    <ele>852.730</ele>
    <time>2026-06-21T07:19:13Z</time>
   </trkpt>
   <trkpt lat="47.371402" lon="13.428195">
    <ele>853.875</ele>
    <time>2026-06-21T07:19:26Z</time>
   </trkpt>
   <trkpt lat="47.370862" lon="13.428308">
    <ele>853.008</ele>
    <time>2026-06-21T07:19:37Z</time>
   </trkpt>
   <trkpt lat="47.370703" lon="13.428484">
    <ele>853.422</ele>
    <time>2026-06-21T07:19:41Z</time>
   </trkpt>
   <trkpt lat="47.370640" lon="13.428601">
    <ele>853.707</ele>
    <time>2026-06-21T07:19:43Z</time>
   </trkpt>
   <trkpt lat="47.370561" lon="13.428790">
    <ele>852.520</ele>
    <time>2026-06-21T07:19:46Z</time>
   </trkpt>
   <trkpt lat="47.370388" lon="13.428969">
    <ele>852.791</ele>
    <time>2026-06-21T07:19:50Z</time>
   </trkpt>
   <trkpt lat="47.370244" lon="13.429043">
    <ele>852.686</ele>
    <time>2026-06-21T07:19:53Z</time>
   </trkpt>
   <trkpt lat="47.370074" lon="13.429175">
    <ele>853.733</ele>
    <time>2026-06-21T07:19:57Z</time>
   </trkpt>
   <trkpt lat="47.369934" lon="13.429531">
    <ele>853.901</ele>
    <time>2026-06-21T07:20:04Z</time>
   </trkpt>
   <trkpt lat="47.370000" lon="13.430195">
    <ele>856.861</ele>
    <time>2026-06-21T07:20:20Z</time>
   </trkpt>
   <trkpt lat="47.370142" lon="13.431032">
    <ele>857.517</ele>
    <time>2026-06-21T07:20:39Z</time>
   </trkpt>
   <trkpt lat="47.370311" lon="13.432158">
    <ele>856.283</ele>
    <time>2026-06-21T07:20:57Z</time>
   </trkpt>
   <trkpt lat="47.370323" lon="13.432228">
    <ele>856.153</ele>
    <time>2026-06-21T07:20:58Z</time>
   </trkpt>
   <trkpt lat="47.370490" lon="13.433436">
    <ele>856.518</ele>
    <time>2026-06-21T07:21:16Z</time>
   </trkpt>
   <trkpt lat="47.370657" lon="13.434646">
    <ele>858.636</ele>
    <time>2026-06-21T07:21:37Z</time>
   </trkpt>
   <trkpt lat="47.370756" lon="13.435522">
    <ele>862.534</ele>
    <time>2026-06-21T07:21:55Z</time>
   </trkpt>
   <trkpt lat="47.370792" lon="13.436455">
    <ele>867.876</ele>
    <time>2026-06-21T07:22:16Z</time>
   </trkpt>
   <trkpt lat="47.370804" lon="13.437560">
    <ele>873.328</ele>
    <time>2026-06-21T07:22:42Z</time>
   </trkpt>
   <trkpt lat="47.370831" lon="13.438386">
    <ele>877.669</ele>
    <time>2026-06-21T07:23:04Z</time>
   </trkpt>
   <trkpt lat="47.370874" lon="13.438947">
    <ele>880.294</ele>
    <time>2026-06-21T07:23:20Z</time>
   </trkpt>
   <trkpt lat="47.371000" lon="13.439859">
    <ele>883.565</ele>
    <time>2026-06-21T07:23:45Z</time>
   </trkpt>
   <trkpt lat="47.371133" lon="13.440715">
    <ele>886.898</ele>
    <time>2026-06-21T07:24:08Z</time>
   </trkpt>
   <trkpt lat="47.371298" lon="13.441545">
    <ele>886.478</ele>
    <time>2026-06-21T07:24:30Z</time>
   </trkpt>
   <trkpt lat="47.371313" lon="13.441602">
    <ele>885.874</ele>
    <time>2026-06-21T07:24:31Z</time>
   </trkpt>
   <trkpt lat="47.371703" lon="13.442141">
    <ele>878.888</ele>
    <time>2026-06-21T07:24:39Z</time>
   </trkpt>
   <trkpt lat="47.371989" lon="13.442142">
    <ele>875.560</ele>
    <time>2026-06-21T07:24:42Z</time>
   </trkpt>
   <trkpt lat="47.372477" lon="13.442161">
    <ele>870.216</ele>
    <time>2026-06-21T07:24:47Z</time>
   </trkpt>
   <trkpt lat="47.372889" lon="13.442109">
    <ele>868.453</ele>
    <time>2026-06-21T07:24:51Z</time>
   </trkpt>
   <trkpt lat="47.373902" lon="13.442367">
    <ele>861.562</ele>
    <time>2026-06-21T07:25:02Z</time>
   </trkpt>
   <trkpt lat="47.374133" lon="13.442240">
    <ele>858.611</ele>
    <time>2026-06-21T07:25:09Z</time>
   </trkpt>
   <trkpt lat="47.374553" lon="13.442039">
    <ele>854.498</ele>
    <time>2026-06-21T07:25:15Z</time>
   </trkpt>
   <trkpt lat="47.375481" lon="13.441999">
    <ele>848.176</ele>
    <time>2026-06-21T07:25:25Z</time>
   </trkpt>
   <trkpt lat="47.375596" lon="13.442305">
    <ele>847.264</ele>
    <time>2026-06-21T07:25:31Z</time>
   </trkpt>
   <trkpt lat="47.375549" lon="13.442449">
    <ele>847.619</ele>
    <time>2026-06-21T07:25:33Z</time>
   </trkpt>
   <trkpt lat="47.375101" lon="13.443897">
    <ele>851.348</ele>
    <time>2026-06-21T07:25:56Z</time>
   </trkpt>
   <trkpt lat="47.374860" lon="13.444766">
    <ele>852.503</ele>
    <time>2026-06-21T07:26:11Z</time>
   </trkpt>
   <trkpt lat="47.374695" lon="13.446093">
    <ele>849.744</ele>
    <time>2026-06-21T07:26:27Z</time>
   </trkpt>
   <trkpt lat="47.374731" lon="13.447694">
    <ele>846.973</ele>
    <time>2026-06-21T07:26:42Z</time>
   </trkpt>
   <trkpt lat="47.374616" lon="13.449315">
    <ele>847.462</ele>
    <time>2026-06-21T07:26:59Z</time>
   </trkpt>
   <trkpt lat="47.374547" lon="13.450130">
    <ele>846.323</ele>
    <time>2026-06-21T07:27:11Z</time>
   </trkpt>
   <trkpt lat="47.374642" lon="13.451786">
    <ele>847.344</ele>
    <time>2026-06-21T07:27:30Z</time>
   </trkpt>
   <trkpt lat="47.374636" lon="13.452897">
    <ele>850.990</ele>
    <time>2026-06-21T07:27:50Z</time>
   </trkpt>
   <trkpt lat="47.374467" lon="13.453736">
    <ele>849.543</ele>
    <time>2026-06-21T07:28:03Z</time>
   </trkpt>
   <trkpt lat="47.374408" lon="13.454130">
    <ele>847.478</ele>
    <time>2026-06-21T07:28:07Z</time>
   </trkpt>
   <trkpt lat="47.374449" lon="13.454734">
    <ele>844.453</ele>
    <time>2026-06-21T07:28:12Z</time>
   </trkpt>
   <trkpt lat="47.374350" lon="13.455967">
    <ele>840.423</ele>
    <time>2026-06-21T07:28:21Z</time>
   </trkpt>
   <trkpt lat="47.374328" lon="13.457785">
    <ele>839.125</ele>
    <time>2026-06-21T07:28:36Z</time>
   </trkpt>
   <trkpt lat="47.374294" lon="13.458383">
    <ele>840.591</ele>
    <time>2026-06-21T07:28:45Z</time>
   </trkpt>
   <trkpt lat="47.374198" lon="13.458783">
    <ele>841.704</ele>
    <time>2026-06-21T07:28:52Z</time>
   </trkpt>
   <trkpt lat="47.374191" lon="13.459849">
    <ele>844.200</ele>
    <time>2026-06-21T07:29:11Z</time>
   </trkpt>
   <trkpt lat="47.374312" lon="13.460187">
    <ele>843.960</ele>
    <time>2026-06-21T07:29:20Z</time>
   </trkpt>
   <trkpt lat="47.374824" lon="13.461085">
    <ele>840.709</ele>
    <time>2026-06-21T07:29:34Z</time>
   </trkpt>
   <trkpt lat="47.374954" lon="13.461462">
    <ele>840.001</ele>
    <time>2026-06-21T07:29:38Z</time>
   </trkpt>
   <trkpt lat="47.375947" lon="13.463381">
    <ele>835.958</ele>
    <time>2026-06-21T07:30:01Z</time>
   </trkpt>
   <trkpt lat="47.376088" lon="13.463879">
    <ele>836.990</ele>
    <time>2026-06-21T07:30:07Z</time>
   </trkpt>
   <trkpt lat="47.376101" lon="13.464215">
    <ele>837.562</ele>
    <time>2026-06-21T07:30:11Z</time>
   </trkpt>
   <trkpt lat="47.376003" lon="13.464904">
    <ele>839.670</ele>
    <time>2026-06-21T07:30:20Z</time>
   </trkpt>
   <trkpt lat="47.375965" lon="13.465720">
    <ele>840.625</ele>
    <time>2026-06-21T07:30:31Z</time>
   </trkpt>
   <trkpt lat="47.375718" lon="13.466441">
    <ele>841.232</ele>
    <time>2026-06-21T07:30:43Z</time>
   </trkpt>
   <trkpt lat="47.375498" lon="13.467850">
    <ele>839.130</ele>
    <time>2026-06-21T07:30:59Z</time>
   </trkpt>
   <trkpt lat="47.375282" lon="13.469534">
    <ele>839.198</ele>
    <time>2026-06-21T07:31:18Z</time>
   </trkpt>
   <trkpt lat="47.375190" lon="13.470698">
    <ele>840.102</ele>
    <time>2026-06-21T07:31:32Z</time>
   </trkpt>
   <trkpt lat="47.375141" lon="13.470930">
    <ele>840.926</ele>
    <time>2026-06-21T07:31:35Z</time>
   </trkpt>
   <trkpt lat="47.375007" lon="13.471107">
    <ele>841.509</ele>
    <time>2026-06-21T07:31:39Z</time>
   </trkpt>
   <trkpt lat="47.374601" lon="13.471200">
    <ele>843.715</ele>
    <time>2026-06-21T07:31:51Z</time>
   </trkpt>
   <trkpt lat="47.374379" lon="13.472048">
    <ele>842.756</ele>
    <time>2026-06-21T07:32:03Z</time>
   </trkpt>
   <trkpt lat="47.374312" lon="13.472430">
    <ele>842.621</ele>
    <time>2026-06-21T07:32:08Z</time>
   </trkpt>
   <trkpt lat="47.373812" lon="13.473569">
    <ele>841.694</ele>
    <time>2026-06-21T07:32:24Z</time>
   </trkpt>
   <trkpt lat="47.373510" lon="13.474170">
    <ele>840.747</ele>
    <time>2026-06-21T07:32:32Z</time>
   </trkpt>
   <trkpt lat="47.373006" lon="13.475456">
    <ele>839.720</ele>
    <time>2026-06-21T07:32:48Z</time>
   </trkpt>
   <trkpt lat="47.372849" lon="13.475744">
    <ele>840.028</ele>
    <time>2026-06-21T07:32:52Z</time>
   </trkpt>
   <trkpt lat="47.372533" lon="13.476006">
    <ele>840.162</ele>
    <time>2026-06-21T07:32:58Z</time>
   </trkpt>
   <trkpt lat="47.371632" lon="13.476335">
    <ele>840.786</ele>
    <time>2026-06-21T07:33:16Z</time>
   </trkpt>
   <trkpt lat="47.370773" lon="13.476903">
    <ele>840.980</ele>
    <time>2026-06-21T07:33:38Z</time>
   </trkpt>
   <trkpt lat="47.369990" lon="13.477421">
    <ele>843.752</ele>
    <time>2026-06-21T07:34:00Z</time>
   </trkpt>
   <trkpt lat="47.369666" lon="13.477603">
    <ele>844.709</ele>
    <time>2026-06-21T07:34:08Z</time>
   </trkpt>
   <trkpt lat="47.369068" lon="13.478321">
    <ele>845.220</ele>
    <time>2026-06-21T07:34:24Z</time>
   </trkpt>
   <trkpt lat="47.368743" lon="13.479401">
    <ele>842.995</ele>
    <time>2026-06-21T07:34:39Z</time>
   </trkpt>
   <trkpt lat="47.368543" lon="13.480717">
    <ele>842.540</ele>
    <time>2026-06-21T07:34:54Z</time>
   </trkpt>
   <trkpt lat="47.368624" lon="13.481827">
    <ele>843.450</ele>
    <time>2026-06-21T07:35:07Z</time>
   </trkpt>
   <trkpt lat="47.368530" lon="13.482146">
    <ele>844.070</ele>
    <time>2026-06-21T07:35:12Z</time>
   </trkpt>
   <trkpt lat="47.368126" lon="13.482547">
    <ele>844.741</ele>
    <time>2026-06-21T07:35:22Z</time>
   </trkpt>
   <trkpt lat="47.367435" lon="13.483446">
    <ele>844.622</ele>
    <time>2026-06-21T07:35:41Z</time>
   </trkpt>
   <trkpt lat="47.366588" lon="13.484652">
    <ele>845.950</ele>
    <time>2026-06-21T07:36:04Z</time>
   </trkpt>
   <trkpt lat="47.365863" lon="13.485919">
    <ele>846.657</ele>
    <time>2026-06-21T07:36:27Z</time>
   </trkpt>
   <trkpt lat="47.365290" lon="13.487311">
    <ele>849.199</ele>
    <time>2026-06-21T07:36:51Z</time>
   </trkpt>
   <trkpt lat="47.364812" lon="13.488564">
    <ele>849.833</ele>
    <time>2026-06-21T07:37:12Z</time>
   </trkpt>
   <trkpt lat="47.364564" lon="13.488943">
    <ele>851.227</ele>
    <time>2026-06-21T07:37:23Z</time>
   </trkpt>
   <trkpt lat="47.364336" lon="13.489098">
    <ele>852.174</ele>
    <time>2026-06-21T07:37:50Z</time>
   </trkpt>
   <trkpt lat="47.363462" lon="13.489414">
    <ele>851.599</ele>
    <time>2026-06-21T07:38:10Z</time>
   </trkpt>
   <trkpt lat="47.362503" lon="13.489486">
    <ele>851.531</ele>
    <time>2026-06-21T07:38:29Z</time>
   </trkpt>
   <trkpt lat="47.361650" lon="13.489850">
    <ele>854.359</ele>
    <time>2026-06-21T07:38:51Z</time>
   </trkpt>
   <trkpt lat="47.361091" lon="13.490038">
    <ele>857.519</ele>
    <time>2026-06-21T07:39:08Z</time>
   </trkpt>
   <trkpt lat="47.360632" lon="13.489817">
    <ele>860.027</ele>
    <time>2026-06-21T07:39:24Z</time>
   </trkpt>
   <trkpt lat="47.360234" lon="13.489939">
    <ele>864.007</ele>
    <time>2026-06-21T07:39:39Z</time>
   </trkpt>
   <trkpt lat="47.359542" lon="13.490238">
    <ele>868.032</ele>
    <time>2026-06-21T07:40:05Z</time>
   </trkpt>
   <trkpt lat="47.358980" lon="13.490526">
    <ele>871.433</ele>
    <time>2026-06-21T07:40:26Z</time>
   </trkpt>
   <trkpt lat="47.358712" lon="13.491375">
    <ele>874.246</ele>
    <time>2026-06-21T07:40:48Z</time>
   </trkpt>
   <trkpt lat="47.358224" lon="13.491890">
    <ele>876.189</ele>
    <time>2026-06-21T07:41:08Z</time>
   </trkpt>
   <trkpt lat="47.357695" lon="13.492272">
    <ele>877.620</ele>
    <time>2026-06-21T07:41:28Z</time>
   </trkpt>
   <trkpt lat="47.357265" lon="13.492504">
    <ele>878.794</ele>
    <time>2026-06-21T07:41:43Z</time>
   </trkpt>
   <trkpt lat="47.356677" lon="13.493280">
    <ele>877.932</ele>
    <time>2026-06-21T07:42:03Z</time>
   </trkpt>
   <trkpt lat="47.355906" lon="13.494137">
    <ele>874.910</ele>
    <time>2026-06-21T07:42:20Z</time>
   </trkpt>
   <trkpt lat="47.355562" lon="13.494356">
    <ele>875.317</ele>
    <time>2026-06-21T07:42:26Z</time>
   </trkpt>
   <trkpt lat="47.355048" lon="13.494286">
    <ele>874.911</ele>
    <time>2026-06-21T07:42:34Z</time>
   </trkpt>
   <trkpt lat="47.354585" lon="13.494082">
    <ele>879.325</ele>
    <time>2026-06-21T07:42:46Z</time>
   </trkpt>
   <trkpt lat="47.354112" lon="13.493834">
    <ele>883.613</ele>
    <time>2026-06-21T07:43:05Z</time>
   </trkpt>
   <trkpt lat="47.353668" lon="13.493596">
    <ele>885.212</ele>
    <time>2026-06-21T07:43:19Z</time>
   </trkpt>
   <trkpt lat="47.352984" lon="13.493798">
    <ele>885.792</ele>
    <time>2026-06-21T07:43:36Z</time>
   </trkpt>
   <trkpt lat="47.352302" lon="13.493941">
    <ele>889.519</ele>
    <time>2026-06-21T07:43:57Z</time>
   </trkpt>
   <trkpt lat="47.351618" lon="13.494054">
    <ele>893.417</ele>
    <time>2026-06-21T07:44:20Z</time>
   </trkpt>
   <trkpt lat="47.351119" lon="13.494219">
    <ele>895.948</ele>
    <time>2026-06-21T07:44:39Z</time>
   </trkpt>
   <trkpt lat="47.350337" lon="13.494636">
    <ele>896.131</ele>
    <time>2026-06-21T07:45:05Z</time>
   </trkpt>
   <trkpt lat="47.349603" lon="13.495046">
    <ele>898.542</ele>
    <time>2026-06-21T07:45:28Z</time>
   </trkpt>
   <trkpt lat="47.348944" lon="13.495275">
    <ele>900.357</ele>
    <time>2026-06-21T07:45:50Z</time>
   </trkpt>
   <trkpt lat="47.348665" lon="13.495493">
    <ele>900.354</ele>
    <time>2026-06-21T07:45:58Z</time>
   </trkpt>
   <trkpt lat="47.348432" lon="13.496023">
    <ele>897.756</ele>
    <time>2026-06-21T07:46:05Z</time>
   </trkpt>
   <trkpt lat="47.348485" lon="13.496705">
    <ele>892.166</ele>
    <time>2026-06-21T07:46:10Z</time>
   </trkpt>
   <trkpt lat="47.348548" lon="13.496975">
    <ele>889.874</ele>
    <time>2026-06-21T07:46:12Z</time>
   </trkpt>
   <trkpt lat="47.348298" lon="13.497637">
    <ele>884.045</ele>
    <time>2026-06-21T07:46:18Z</time>
   </trkpt>
   <trkpt lat="47.348089" lon="13.497788">
    <ele>882.315</ele>
    <time>2026-06-21T07:46:21Z</time>
   </trkpt>
   <trkpt lat="47.347808" lon="13.497882">
    <ele>881.570</ele>
    <time>2026-06-21T07:46:29Z</time>
   </trkpt>
   <trkpt lat="47.347259" lon="13.498206">
    <ele>879.951</ele>
    <time>2026-06-21T07:46:40Z</time>
   </trkpt>
   <trkpt lat="47.347155" lon="13.498285">
    <ele>880.256</ele>
    <time>2026-06-21T07:46:42Z</time>
   </trkpt>
   <trkpt lat="47.346995" lon="13.498518">
    <ele>880.969</ele>
    <time>2026-06-21T07:46:46Z</time>
   </trkpt>
   <trkpt lat="47.346402" lon="13.499372">
    <ele>884.902</ele>
    <time>2026-06-21T07:47:02Z</time>
   </trkpt>
   <trkpt lat="47.345927" lon="13.499867">
    <ele>885.672</ele>
    <time>2026-06-21T07:47:17Z</time>
   </trkpt>
   <trkpt lat="47.345343" lon="13.500462">
    <ele>887.624</ele>
    <time>2026-06-21T07:47:33Z</time>
   </trkpt>
   <trkpt lat="47.345301" lon="13.500485">
    <ele>887.306</ele>
    <time>2026-06-21T07:47:34Z</time>
   </trkpt>
   <trkpt lat="47.345017" lon="13.500401">
    <ele>887.020</ele>
    <time>2026-06-21T07:47:41Z</time>
   </trkpt>
   <trkpt lat="47.344913" lon="13.500280">
    <ele>888.483</ele>
    <time>2026-06-21T07:47:44Z</time>
   </trkpt>
   <trkpt lat="47.344678" lon="13.500034">
    <ele>890.039</ele>
    <time>2026-06-21T07:47:51Z</time>
   </trkpt>
   <trkpt lat="47.343819" lon="13.499909">
    <ele>891.597</ele>
    <time>2026-06-21T07:48:12Z</time>
   </trkpt>
   <trkpt lat="47.343164" lon="13.499926">
    <ele>894.392</ele>
    <time>2026-06-21T07:48:29Z</time>
   </trkpt>
   <trkpt lat="47.342407" lon="13.500189">
    <ele>894.360</ele>
    <time>2026-06-21T07:48:48Z</time>
   </trkpt>
   <trkpt lat="47.342397" lon="13.500351">
    <ele>892.047</ele>
    <time>2026-06-21T07:48:57Z</time>
   </trkpt>
   <trkpt lat="47.342399" lon="13.500354">
    <ele>892.168</ele>
    <time>2026-06-21T07:49:23Z</time>
   </trkpt>
   <trkpt lat="47.342396" lon="13.500288">
    <ele>891.909</ele>
    <time>2026-06-21T07:49:28Z</time>
   </trkpt>
   <trkpt lat="47.342244" lon="13.500055">
    <ele>891.859</ele>
    <time>2026-06-21T07:49:36Z</time>
   </trkpt>
   <trkpt lat="47.341664" lon="13.500317">
    <ele>887.373</ele>
    <time>2026-06-21T07:49:51Z</time>
   </trkpt>
   <trkpt lat="47.341006" lon="13.500153">
    <ele>881.391</ele>
    <time>2026-06-21T07:50:07Z</time>
   </trkpt>
   <trkpt lat="47.340967" lon="13.500129">
    <ele>880.969</ele>
    <time>2026-06-21T07:50:08Z</time>
   </trkpt>
   <trkpt lat="47.340702" lon="13.500031">
    <ele>878.186</ele>
    <time>2026-06-21T07:50:15Z</time>
   </trkpt>
   <trkpt lat="47.340383" lon="13.500106">
    <ele>883.344</ele>
    <time>2026-06-21T07:50:24Z</time>
   </trkpt>
   <trkpt lat="47.340060" lon="13.500375">
    <ele>882.794</ele>
    <time>2026-06-21T07:50:34Z</time>
   </trkpt>
   <trkpt lat="47.339914" lon="13.500877">
    <ele>885.665</ele>
    <time>2026-06-21T07:50:42Z</time>
   </trkpt>
   <trkpt lat="47.339901" lon="13.501273">
    <ele>885.577</ele>
    <time>2026-06-21T07:50:48Z</time>
   </trkpt>
   <trkpt lat="47.339976" lon="13.501716">
    <ele>884.625</ele>
    <time>2026-06-21T07:50:55Z</time>
   </trkpt>
   <trkpt lat="47.339880" lon="13.502477">
    <ele>886.054</ele>
    <time>2026-06-21T07:51:08Z</time>
   </trkpt>
   <trkpt lat="47.339714" lon="13.502693">
    <ele>886.324</ele>
    <time>2026-06-21T07:51:14Z</time>
   </trkpt>
   <trkpt lat="47.339215" lon="13.502768">
    <ele>890.561</ele>
    <time>2026-06-21T07:51:27Z</time>
   </trkpt>
   <trkpt lat="47.339060" lon="13.502688">
    <ele>889.958</ele>
    <time>2026-06-21T07:51:31Z</time>
   </trkpt>
   <trkpt lat="47.338512" lon="13.502357">
    <ele>890.623</ele>
    <time>2026-06-21T07:51:47Z</time>
   </trkpt>
   <trkpt lat="47.338040" lon="13.502418">
    <ele>892.191</ele>
    <time>2026-06-21T07:52:03Z</time>
   </trkpt>
   <trkpt lat="47.337732" lon="13.502796">
    <ele>892.882</ele>
    <time>2026-06-21T07:52:21Z</time>
   </trkpt>
   <trkpt lat="47.337421" lon="13.503036">
    <ele>891.249</ele>
    <time>2026-06-21T07:52:36Z</time>
   </trkpt>
   <trkpt lat="47.337044" lon="13.503076">
    <ele>900.002</ele>
    <time>2026-06-21T07:52:54Z</time>
   </trkpt>
   <trkpt lat="47.336709" lon="13.503105">
    <ele>898.650</ele>
    <time>2026-06-21T07:53:05Z</time>
   </trkpt>
   <trkpt lat="47.335898" lon="13.503619">
    <ele>901.387</ele>
    <time>2026-06-21T07:53:21Z</time>
   </trkpt>
   <trkpt lat="47.335760" lon="13.503654">
    <ele>901.687</ele>
    <time>2026-06-21T07:53:24Z</time>
   </trkpt>
   <trkpt lat="47.335499" lon="13.503803">
    <ele>902.947</ele>
    <time>2026-06-21T07:53:30Z</time>
   </trkpt>
   <trkpt lat="47.335009" lon="13.504116">
    <ele>908.182</ele>
    <time>2026-06-21T07:53:45Z</time>
   </trkpt>
   <trkpt lat="47.334976" lon="13.504156">
    <ele>908.575</ele>
    <time>2026-06-21T07:53:47Z</time>
   </trkpt>
   <trkpt lat="47.335036" lon="13.504260">
    <ele>909.704</ele>
    <time>2026-06-21T07:53:52Z</time>
   </trkpt>
   <trkpt lat="47.334995" lon="13.504378">
    <ele>909.546</ele>
    <time>2026-06-21T07:53:58Z</time>
   </trkpt>
   <trkpt lat="47.334910" lon="13.504423">
    <ele>909.688</ele>
    <time>2026-06-21T07:54:00Z</time>
   </trkpt>
   <trkpt lat="47.334618" lon="13.504679">
    <ele>910.461</ele>
    <time>2026-06-21T07:54:08Z</time>
   </trkpt>
   <trkpt lat="47.334188" lon="13.505199">
    <ele>912.865</ele>
    <time>2026-06-21T07:54:23Z</time>
   </trkpt>
   <trkpt lat="47.333867" lon="13.505231">
    <ele>913.482</ele>
    <time>2026-06-21T07:54:31Z</time>
   </trkpt>
   <trkpt lat="47.333657" lon="13.505731">
    <ele>913.748</ele>
    <time>2026-06-21T07:54:41Z</time>
   </trkpt>
   <trkpt lat="47.333334" lon="13.506306">
    <ele>916.054</ele>
    <time>2026-06-21T07:54:56Z</time>
   </trkpt>
   <trkpt lat="47.332791" lon="13.506390">
    <ele>916.868</ele>
    <time>2026-06-21T07:55:10Z</time>
   </trkpt>
   <trkpt lat="47.332727" lon="13.506391">
    <ele>917.517</ele>
    <time>2026-06-21T07:55:19Z</time>
   </trkpt>
   <trkpt lat="47.332529" lon="13.506448">
    <ele>918.892</ele>
    <time>2026-06-21T07:55:41Z</time>
   </trkpt>
   <trkpt lat="47.332015" lon="13.506262">
    <ele>920.839</ele>
    <time>2026-06-21T07:55:55Z</time>
   </trkpt>
   <trkpt lat="47.331718" lon="13.506391">
    <ele>922.986</ele>
    <time>2026-06-21T07:56:04Z</time>
   </trkpt>
   <trkpt lat="47.331697" lon="13.506479">
    <ele>923.823</ele>
    <time>2026-06-21T07:56:06Z</time>
   </trkpt>
   <trkpt lat="47.331624" lon="13.506720">
    <ele>923.681</ele>
    <time>2026-06-21T07:56:12Z</time>
   </trkpt>
   <trkpt lat="47.331516" lon="13.506914">
    <ele>921.999</ele>
    <time>2026-06-21T07:56:16Z</time>
   </trkpt>
   <trkpt lat="47.331220" lon="13.507103">
    <ele>921.431</ele>
    <time>2026-06-21T07:56:23Z</time>
   </trkpt>
   <trkpt lat="47.331053" lon="13.507091">
    <ele>921.991</ele>
    <time>2026-06-21T07:56:27Z</time>
   </trkpt>
   <trkpt lat="47.330661" lon="13.506687">
    <ele>923.292</ele>
    <time>2026-06-21T07:56:39Z</time>
   </trkpt>
   <trkpt lat="47.330635" lon="13.506638">
    <ele>923.505</ele>
    <time>2026-06-21T07:56:40Z</time>
   </trkpt>
   <trkpt lat="47.330435" lon="13.506404">
    <ele>924.093</ele>
    <time>2026-06-21T07:56:46Z</time>
   </trkpt>
   <trkpt lat="47.330043" lon="13.506479">
    <ele>925.180</ele>
    <time>2026-06-21T07:56:56Z</time>
   </trkpt>
   <trkpt lat="47.330012" lon="13.506529">
    <ele>925.354</ele>
    <time>2026-06-21T07:56:57Z</time>
   </trkpt>
   <trkpt lat="47.329954" lon="13.506637">
    <ele>925.986</ele>
    <time>2026-06-21T07:56:59Z</time>
   </trkpt>
   <trkpt lat="47.329691" lon="13.506846">
    <ele>925.270</ele>
    <time>2026-06-21T07:57:06Z</time>
   </trkpt>
   <trkpt lat="47.329485" lon="13.506792">
    <ele>926.147</ele>
    <time>2026-06-21T07:57:17Z</time>
   </trkpt>
   <trkpt lat="47.329021" lon="13.506276">
    <ele>926.965</ele>
    <time>2026-06-21T07:57:30Z</time>
   </trkpt>
   <trkpt lat="47.328809" lon="13.506068">
    <ele>928.286</ele>
    <time>2026-06-21T07:57:35Z</time>
   </trkpt>
   <trkpt lat="47.328618" lon="13.506053">
    <ele>928.606</ele>
    <time>2026-06-21T07:57:39Z</time>
   </trkpt>
   <trkpt lat="47.328020" lon="13.506175">
    <ele>929.296</ele>
    <time>2026-06-21T07:57:52Z</time>
   </trkpt>
   <trkpt lat="47.327770" lon="13.506048">
    <ele>929.827</ele>
    <time>2026-06-21T07:57:58Z</time>
   </trkpt>
   <trkpt lat="47.327451" lon="13.505528">
    <ele>931.150</ele>
    <time>2026-06-21T07:58:08Z</time>
   </trkpt>
   <trkpt lat="47.327169" lon="13.505517">
    <ele>932.121</ele>
    <time>2026-06-21T07:58:15Z</time>
   </trkpt>
   <trkpt lat="47.326988" lon="13.505701">
    <ele>930.327</ele>
    <time>2026-06-21T07:58:20Z</time>
   </trkpt>
   <trkpt lat="47.326710" lon="13.506513">
    <ele>930.970</ele>
    <time>2026-06-21T07:58:34Z</time>
   </trkpt>
   <trkpt lat="47.326444" lon="13.507116">
    <ele>930.894</ele>
    <time>2026-06-21T07:58:49Z</time>
   </trkpt>
   <trkpt lat="47.326087" lon="13.507503">
    <ele>931.906</ele>
    <time>2026-06-21T07:58:59Z</time>
   </trkpt>
   <trkpt lat="47.325648" lon="13.507694">
    <ele>931.541</ele>
    <time>2026-06-21T07:59:09Z</time>
   </trkpt>
   <trkpt lat="47.325496" lon="13.507809">
    <ele>932.481</ele>
    <time>2026-06-21T07:59:13Z</time>
   </trkpt>
   <trkpt lat="47.325188" lon="13.507985">
    <ele>932.127</ele>
    <time>2026-06-21T07:59:24Z</time>
   </trkpt>
   <trkpt lat="47.324424" lon="13.508388">
    <ele>932.639</ele>
    <time>2026-06-21T07:59:42Z</time>
   </trkpt>
   <trkpt lat="47.323723" lon="13.508651">
    <ele>933.607</ele>
    <time>2026-06-21T08:00:01Z</time>
   </trkpt>
   <trkpt lat="47.323198" lon="13.508621">
    <ele>933.741</ele>
    <time>2026-06-21T08:00:16Z</time>
   </trkpt>
   <trkpt lat="47.322897" lon="13.508517">
    <ele>933.934</ele>
    <time>2026-06-21T08:00:23Z</time>
   </trkpt>
   <trkpt lat="47.322656" lon="13.508293">
    <ele>934.775</ele>
    <time>2026-06-21T08:00:29Z</time>
   </trkpt>
   <trkpt lat="47.322465" lon="13.507860">
    <ele>936.222</ele>
    <time>2026-06-21T08:00:37Z</time>
   </trkpt>
   <trkpt lat="47.322377" lon="13.507649">
    <ele>937.045</ele>
    <time>2026-06-21T08:00:41Z</time>
   </trkpt>
   <trkpt lat="47.322176" lon="13.507476">
    <ele>938.401</ele>
    <time>2026-06-21T08:00:47Z</time>
   </trkpt>
   <trkpt lat="47.321986" lon="13.507539">
    <ele>938.744</ele>
    <time>2026-06-21T08:00:52Z</time>
   </trkpt>
   <trkpt lat="47.321852" lon="13.507683">
    <ele>939.024</ele>
    <time>2026-06-21T08:00:56Z</time>
   </trkpt>
   <trkpt lat="47.321344" lon="13.508343">
    <ele>939.932</ele>
    <time>2026-06-21T08:01:13Z</time>
   </trkpt>
   <trkpt lat="47.321132" lon="13.508377">
    <ele>940.423</ele>
    <time>2026-06-21T08:01:18Z</time>
   </trkpt>
   <trkpt lat="47.320481" lon="13.507923">
    <ele>943.018</ele>
    <time>2026-06-21T08:01:36Z</time>
   </trkpt>
   <trkpt lat="47.320068" lon="13.508215">
    <ele>942.414</ele>
    <time>2026-06-21T08:01:48Z</time>
   </trkpt>
   <trkpt lat="47.319604" lon="13.508431">
    <ele>943.839</ele>
    <time>2026-06-21T08:02:03Z</time>
   </trkpt>
   <trkpt lat="47.319070" lon="13.508153">
    <ele>945.300</ele>
    <time>2026-06-21T08:02:21Z</time>
   </trkpt>
   <trkpt lat="47.318706" lon="13.507740">
    <ele>945.612</ele>
    <time>2026-06-21T08:02:34Z</time>
   </trkpt>
   <trkpt lat="47.318095" lon="13.507420">
    <ele>947.566</ele>
    <time>2026-06-21T08:02:50Z</time>
   </trkpt>
   <trkpt lat="47.317520" lon="13.507311">
    <ele>949.303</ele>
    <time>2026-06-21T08:03:05Z</time>
   </trkpt>
   <trkpt lat="47.316891" lon="13.507361">
    <ele>949.111</ele>
    <time>2026-06-21T08:03:21Z</time>
   </trkpt>
   <trkpt lat="47.316330" lon="13.507327">
    <ele>950.233</ele>
    <time>2026-06-21T08:03:36Z</time>
   </trkpt>
   <trkpt lat="47.315727" lon="13.506781">
    <ele>949.662</ele>
    <time>2026-06-21T08:03:55Z</time>
   </trkpt>
   <trkpt lat="47.315152" lon="13.506419">
    <ele>950.223</ele>
    <time>2026-06-21T08:04:12Z</time>
   </trkpt>
   <trkpt lat="47.314605" lon="13.506086">
    <ele>948.288</ele>
    <time>2026-06-21T08:04:28Z</time>
   </trkpt>
   <trkpt lat="47.314089" lon="13.505760">
    <ele>948.754</ele>
    <time>2026-06-21T08:04:44Z</time>
   </trkpt>
   <trkpt lat="47.313622" lon="13.505150">
    <ele>949.478</ele>
    <time>2026-06-21T08:05:02Z</time>
   </trkpt>
   <trkpt lat="47.313144" lon="13.504957">
    <ele>951.238</ele>
    <time>2026-06-21T08:05:17Z</time>
   </trkpt>
   <trkpt lat="47.312669" lon="13.505111">
    <ele>952.247</ele>
    <time>2026-06-21T08:05:33Z</time>
   </trkpt>
   <trkpt lat="47.312055" lon="13.505713">
    <ele>956.335</ele>
    <time>2026-06-21T08:05:57Z</time>
   </trkpt>
   <trkpt lat="47.311655" lon="13.506210">
    <ele>952.855</ele>
    <time>2026-06-21T08:06:16Z</time>
   </trkpt>
   <trkpt lat="47.311527" lon="13.506447">
    <ele>952.073</ele>
    <time>2026-06-21T08:06:25Z</time>
   </trkpt>
   <trkpt lat="47.311299" lon="13.506661">
    <ele>955.980</ele>
    <time>2026-06-21T08:06:39Z</time>
   </trkpt>
   <trkpt lat="47.311280" lon="13.506665">
    <ele>956.072</ele>
    <time>2026-06-21T08:06:40Z</time>
   </trkpt>
   <trkpt lat="47.311255" lon="13.506650">
    <ele>955.166</ele>
    <time>2026-06-21T08:07:02Z</time>
   </trkpt>
   <trkpt lat="47.311090" lon="13.506518">
    <ele>957.252</ele>
    <time>2026-06-21T08:09:02Z</time>
   </trkpt>
   <trkpt lat="47.310751" lon="13.506256">
    <ele>958.325</ele>
    <time>2026-06-21T08:09:13Z</time>
   </trkpt>
   <trkpt lat="47.310496" lon="13.506067">
    <ele>959.737</ele>
    <time>2026-06-21T08:09:21Z</time>
   </trkpt>
   <trkpt lat="47.310459" lon="13.505790">
    <ele>960.968</ele>
    <time>2026-06-21T08:09:27Z</time>
   </trkpt>
   <trkpt lat="47.310437" lon="13.505582">
    <ele>960.360</ele>
    <time>2026-06-21T08:09:32Z</time>
   </trkpt>
   <trkpt lat="47.310293" lon="13.505529">
    <ele>959.977</ele>
    <time>2026-06-21T08:09:36Z</time>
   </trkpt>
   <trkpt lat="47.309886" lon="13.505569">
    <ele>960.490</ele>
    <time>2026-06-21T08:09:46Z</time>
   </trkpt>
   <trkpt lat="47.309368" lon="13.505198">
    <ele>961.438</ele>
    <time>2026-06-21T08:10:01Z</time>
   </trkpt>
   <trkpt lat="47.309183" lon="13.504738">
    <ele>965.734</ele>
    <time>2026-06-21T08:10:14Z</time>
   </trkpt>
   <trkpt lat="47.308869" lon="13.504352">
    <ele>965.547</ele>
    <time>2026-06-21T08:10:30Z</time>
   </trkpt>
   <trkpt lat="47.308442" lon="13.504494">
    <ele>967.385</ele>
    <time>2026-06-21T08:10:43Z</time>
   </trkpt>
   <trkpt lat="47.308055" lon="13.504812">
    <ele>967.008</ele>
    <time>2026-06-21T08:10:57Z</time>
   </trkpt>
   <trkpt lat="47.307679" lon="13.504565">
    <ele>968.296</ele>
    <time>2026-06-21T08:11:09Z</time>
   </trkpt>
   <trkpt lat="47.307413" lon="13.504207">
    <ele>972.217</ele>
    <time>2026-06-21T08:11:23Z</time>
   </trkpt>
   <trkpt lat="47.307104" lon="13.504030">
    <ele>969.670</ele>
    <time>2026-06-21T08:11:35Z</time>
   </trkpt>
   <trkpt lat="47.306975" lon="13.504041">
    <ele>969.727</ele>
    <time>2026-06-21T08:11:38Z</time>
   </trkpt>
   <trkpt lat="47.306471" lon="13.504031">
    <ele>971.535</ele>
    <time>2026-06-21T08:11:52Z</time>
   </trkpt>
   <trkpt lat="47.306092" lon="13.503899">
    <ele>972.449</ele>
    <time>2026-06-21T08:12:05Z</time>
   </trkpt>
   <trkpt lat="47.305710" lon="13.503936">
    <ele>975.505</ele>
    <time>2026-06-21T08:12:19Z</time>
   </trkpt>
   <trkpt lat="47.305426" lon="13.504113">
    <ele>977.475</ele>
    <time>2026-06-21T08:12:27Z</time>
   </trkpt>
   <trkpt lat="47.304944" lon="13.504210">
    <ele>979.048</ele>
    <time>2026-06-21T08:12:40Z</time>
   </trkpt>
   <trkpt lat="47.304760" lon="13.504152">
    <ele>978.027</ele>
    <time>2026-06-21T08:12:45Z</time>
   </trkpt>
   <trkpt lat="47.304225" lon="13.503806">
    <ele>982.198</ele>
    <time>2026-06-21T08:13:01Z</time>
   </trkpt>
   <trkpt lat="47.303823" lon="13.503773">
    <ele>986.802</ele>
    <time>2026-06-21T08:13:15Z</time>
   </trkpt>
   <trkpt lat="47.303779" lon="13.503787">
    <ele>987.015</ele>
    <time>2026-06-21T08:13:16Z</time>
   </trkpt>
   <trkpt lat="47.303619" lon="13.503896">
    <ele>987.573</ele>
    <time>2026-06-21T08:13:20Z</time>
   </trkpt>
   <trkpt lat="47.303082" lon="13.504438">
    <ele>985.260</ele>
    <time>2026-06-21T08:13:38Z</time>
   </trkpt>
   <trkpt lat="47.302899" lon="13.504600">
    <ele>984.725</ele>
    <time>2026-06-21T08:13:43Z</time>
   </trkpt>
   <trkpt lat="47.302243" lon="13.505298">
    <ele>986.795</ele>
    <time>2026-06-21T08:14:02Z</time>
   </trkpt>
   <trkpt lat="47.301601" lon="13.505638">
    <ele>986.158</ele>
    <time>2026-06-21T08:14:19Z</time>
   </trkpt>
   <trkpt lat="47.300945" lon="13.505632">
    <ele>986.667</ele>
    <time>2026-06-21T08:14:37Z</time>
   </trkpt>
   <trkpt lat="47.300655" lon="13.505552">
    <ele>987.149</ele>
    <time>2026-06-21T08:14:45Z</time>
   </trkpt>
   <trkpt lat="47.300637" lon="13.505795">
    <ele>987.023</ele>
    <time>2026-06-21T08:14:50Z</time>
   </trkpt>
   <trkpt lat="47.300469" lon="13.506101">
    <ele>988.680</ele>
    <time>2026-06-21T08:15:00Z</time>
   </trkpt>
   <trkpt lat="47.300417" lon="13.506130">
    <ele>989.265</ele>
    <time>2026-06-21T08:15:04Z</time>
   </trkpt>
   <trkpt lat="47.300345" lon="13.506182">
    <ele>989.299</ele>
    <time>2026-06-21T08:15:19Z</time>
   </trkpt>
   <trkpt lat="47.300170" lon="13.506226">
    <ele>991.567</ele>
    <time>2026-06-21T08:16:04Z</time>
   </trkpt>
   <trkpt lat="47.299527" lon="13.505997">
    <ele>995.036</ele>
    <time>2026-06-21T08:16:22Z</time>
   </trkpt>
   <trkpt lat="47.298850" lon="13.505803">
    <ele>997.499</ele>
    <time>2026-06-21T08:16:43Z</time>
   </trkpt>
   <trkpt lat="47.298011" lon="13.505603">
    <ele>1005.136</ele>
    <time>2026-06-21T08:17:11Z</time>
   </trkpt>
   <trkpt lat="47.297432" lon="13.505463">
    <ele>1012.282</ele>
    <time>2026-06-21T08:17:35Z</time>
   </trkpt>
   <trkpt lat="47.296965" lon="13.505402">
    <ele>1017.411</ele>
    <time>2026-06-21T08:17:57Z</time>
   </trkpt>
   <trkpt lat="47.296471" lon="13.505362">
    <ele>1023.788</ele>
    <time>2026-06-21T08:18:21Z</time>
   </trkpt>
   <trkpt lat="47.295922" lon="13.505305">
    <ele>1032.279</ele>
    <time>2026-06-21T08:18:48Z</time>
   </trkpt>
   <trkpt lat="47.295489" lon="13.505225">
    <ele>1037.998</ele>
    <time>2026-06-21T08:19:11Z</time>
   </trkpt>
   <trkpt lat="47.295097" lon="13.505044">
    <ele>1043.431</ele>
    <time>2026-06-21T08:19:32Z</time>
   </trkpt>
   <trkpt lat="47.294752" lon="13.504802">
    <ele>1047.951</ele>
    <time>2026-06-21T08:19:52Z</time>
   </trkpt>
   <trkpt lat="47.294322" lon="13.504531">
    <ele>1054.202</ele>
    <time>2026-06-21T08:20:18Z</time>
   </trkpt>
   <trkpt lat="47.293889" lon="13.504401">
    <ele>1058.632</ele>
    <time>2026-06-21T08:20:40Z</time>
   </trkpt>
   <trkpt lat="47.293418" lon="13.504201">
    <ele>1058.332</ele>
    <time>2026-06-21T08:21:00Z</time>
   </trkpt>
   <trkpt lat="47.293077" lon="13.504022">
    <ele>1056.116</ele>
    <time>2026-06-21T08:21:14Z</time>
   </trkpt>
   <trkpt lat="47.293016" lon="13.503972">
    <ele>1056.076</ele>
    <time>2026-06-21T08:21:24Z</time>
   </trkpt>
   <trkpt lat="47.293005" lon="13.503978">
    <ele>1055.227</ele>
    <time>2026-06-21T08:22:32Z</time>
   </trkpt>
   <trkpt lat="47.292951" lon="13.504028">
    <ele>1055.578</ele>
    <time>2026-06-21T08:22:35Z</time>
   </trkpt>
   <trkpt lat="47.292842" lon="13.504106">
    <ele>1057.971</ele>
    <time>2026-06-21T08:22:38Z</time>
   </trkpt>
   <trkpt lat="47.292772" lon="13.504199">
    <ele>1058.289</ele>
    <time>2026-06-21T08:22:40Z</time>
   </trkpt>
   <trkpt lat="47.292225" lon="13.505119">
    <ele>1060.042</ele>
    <time>2026-06-21T08:22:57Z</time>
   </trkpt>
   <trkpt lat="47.292090" lon="13.505503">
    <ele>1058.780</ele>
    <time>2026-06-21T08:23:03Z</time>
   </trkpt>
   <trkpt lat="47.291874" lon="13.506105">
    <ele>1060.797</ele>
    <time>2026-06-21T08:23:17Z</time>
   </trkpt>
   <trkpt lat="47.291567" lon="13.506040">
    <ele>1068.370</ele>
    <time>2026-06-21T08:23:32Z</time>
   </trkpt>
   <trkpt lat="47.291136" lon="13.505943">
    <ele>1075.959</ele>
    <time>2026-06-21T08:23:50Z</time>
   </trkpt>
   <trkpt lat="47.290731" lon="13.505931">
    <ele>1082.580</ele>
    <time>2026-06-21T08:24:10Z</time>
   </trkpt>
   <trkpt lat="47.290271" lon="13.505780">
    <ele>1090.212</ele>
    <time>2026-06-21T08:24:35Z</time>
   </trkpt>
   <trkpt lat="47.289883" lon="13.505631">
    <ele>1095.389</ele>
    <time>2026-06-21T08:24:57Z</time>
   </trkpt>
   <trkpt lat="47.289460" lon="13.505352">
    <ele>1102.091</ele>
    <time>2026-06-21T08:25:22Z</time>
   </trkpt>
   <trkpt lat="47.289177" lon="13.505229">
    <ele>1106.377</ele>
    <time>2026-06-21T08:25:36Z</time>
   </trkpt>
   <trkpt lat="47.289104" lon="13.505167">
    <ele>1107.499</ele>
    <time>2026-06-21T08:25:48Z</time>
   </trkpt>
   <trkpt lat="47.289101" lon="13.505168">
    <ele>1105.976</ele>
    <time>2026-06-21T08:27:29Z</time>
   </trkpt>
   <trkpt lat="47.288889" lon="13.505461">
    <ele>1109.359</ele>
    <time>2026-06-21T08:27:41Z</time>
   </trkpt>
   <trkpt lat="47.288492" lon="13.505836">
    <ele>1116.391</ele>
    <time>2026-06-21T08:28:01Z</time>
   </trkpt>
   <trkpt lat="47.288454" lon="13.505846">
    <ele>1116.658</ele>
    <time>2026-06-21T08:28:03Z</time>
   </trkpt>
   <trkpt lat="47.288538" lon="13.505886">
    <ele>1117.639</ele>
    <time>2026-06-21T08:28:09Z</time>
   </trkpt>
   <trkpt lat="47.288577" lon="13.505865">
    <ele>1117.444</ele>
    <time>2026-06-21T08:28:10Z</time>
   </trkpt>
   <trkpt lat="47.289063" lon="13.505592">
    <ele>1118.335</ele>
    <time>2026-06-21T08:28:20Z</time>
   </trkpt>
   <trkpt lat="47.289375" lon="13.505584">
    <ele>1115.366</ele>
    <time>2026-06-21T08:28:34Z</time>
   </trkpt>
   <trkpt lat="47.289390" lon="13.505600">
    <ele>1115.656</ele>
    <time>2026-06-21T08:28:35Z</time>
   </trkpt>
   <trkpt lat="47.289392" lon="13.505670">
    <ele>1116.547</ele>
    <time>2026-06-21T08:28:39Z</time>
   </trkpt>
   <trkpt lat="47.289343" lon="13.505695">
    <ele>1116.390</ele>
    <time>2026-06-21T08:28:43Z</time>
   </trkpt>
   <trkpt lat="47.289158" lon="13.505819">
    <ele>1119.305</ele>
    <time>2026-06-21T08:29:01Z</time>
   </trkpt>
   <trkpt lat="47.289050" lon="13.505879">
    <ele>1121.825</ele>
    <time>2026-06-21T08:29:11Z</time>
   </trkpt>
   <trkpt lat="47.288950" lon="13.505939">
    <ele>1123.100</ele>
    <time>2026-06-21T08:29:20Z</time>
   </trkpt>
   <trkpt lat="47.288777" lon="13.506027">
    <ele>1125.271</ele>
    <time>2026-06-21T08:29:39Z</time>
   </trkpt>
   <trkpt lat="47.288738" lon="13.506065">
    <ele>1125.989</ele>
    <time>2026-06-21T08:31:21Z</time>
   </trkpt>
   <trkpt lat="47.288715" lon="13.506042">
    <ele>1127.050</ele>
    <time>2026-06-21T08:31:51Z</time>
   </trkpt>
   <trkpt lat="47.288448" lon="13.506185">
    <ele>1129.230</ele>
    <time>2026-06-21T08:32:14Z</time>
   </trkpt>
   <trkpt lat="47.288343" lon="13.506247">
    <ele>1130.062</ele>
    <time>2026-06-21T08:32:26Z</time>
   </trkpt>
   <trkpt lat="47.288318" lon="13.506279">
    <ele>1130.090</ele>
    <time>2026-06-21T08:32:39Z</time>
   </trkpt>
   <trkpt lat="47.288254" lon="13.506301">
    <ele>1131.142</ele>
    <time>2026-06-21T08:33:03Z</time>
   </trkpt>
   <trkpt lat="47.288149" lon="13.506333">
    <ele>1134.424</ele>
    <time>2026-06-21T08:33:20Z</time>
   </trkpt>
   <trkpt lat="47.287986" lon="13.506486">
    <ele>1134.367</ele>
    <time>2026-06-21T08:33:43Z</time>
   </trkpt>
   <trkpt lat="47.287856" lon="13.506505">
    <ele>1136.468</ele>
    <time>2026-06-21T08:34:02Z</time>
   </trkpt>
   <trkpt lat="47.287585" lon="13.506533">
    <ele>1138.689</ele>
    <time>2026-06-21T08:34:18Z</time>
   </trkpt>
   <trkpt lat="47.287221" lon="13.506561">
    <ele>1139.654</ele>
    <time>2026-06-21T08:34:36Z</time>
   </trkpt>
   <trkpt lat="47.286858" lon="13.506689">
    <ele>1145.460</ele>
    <time>2026-06-21T08:34:54Z</time>
   </trkpt>
   <trkpt lat="47.286699" lon="13.506785">
    <ele>1147.173</ele>
    <time>2026-06-21T08:35:05Z</time>
   </trkpt>
   <trkpt lat="47.286398" lon="13.506900">
    <ele>1146.088</ele>
    <time>2026-06-21T08:35:21Z</time>
   </trkpt>
   <trkpt lat="47.286137" lon="13.506939">
    <ele>1142.320</ele>
    <time>2026-06-21T08:35:29Z</time>
   </trkpt>
   <trkpt lat="47.286069" lon="13.506967">
    <ele>1140.014</ele>
    <time>2026-06-21T08:35:31Z</time>
   </trkpt>
   <trkpt lat="47.285588" lon="13.506935">
    <ele>1137.601</ele>
    <time>2026-06-21T08:35:46Z</time>
   </trkpt>
   <trkpt lat="47.285204" lon="13.506895">
    <ele>1137.748</ele>
    <time>2026-06-21T08:35:58Z</time>
   </trkpt>
   <trkpt lat="47.284830" lon="13.506833">
    <ele>1133.243</ele>
    <time>2026-06-21T08:36:09Z</time>
   </trkpt>
   <trkpt lat="47.284685" lon="13.506779">
    <ele>1134.180</ele>
    <time>2026-06-21T08:36:13Z</time>
   </trkpt>
   <trkpt lat="47.284590" lon="13.506814">
    <ele>1133.977</ele>
    <time>2026-06-21T08:36:17Z</time>
   </trkpt>
   <trkpt lat="47.284415" lon="13.506682">
    <ele>1134.955</ele>
    <time>2026-06-21T08:36:26Z</time>
   </trkpt>
   <trkpt lat="47.284381" lon="13.506680">
    <ele>1135.295</ele>
    <time>2026-06-21T08:36:28Z</time>
   </trkpt>
   <trkpt lat="47.284072" lon="13.506587">
    <ele>1137.438</ele>
    <time>2026-06-21T08:36:46Z</time>
   </trkpt>
   <trkpt lat="47.283845" lon="13.506404">
    <ele>1139.990</ele>
    <time>2026-06-21T08:37:02Z</time>
   </trkpt>
   <trkpt lat="47.283822" lon="13.506373">
    <ele>1141.296</ele>
    <time>2026-06-21T08:37:06Z</time>
   </trkpt>
   <trkpt lat="47.283529" lon="13.506215">
    <ele>1144.262</ele>
    <time>2026-06-21T08:37:25Z</time>
   </trkpt>
   <trkpt lat="47.283393" lon="13.506163">
    <ele>1143.307</ele>
    <time>2026-06-21T08:37:41Z</time>
   </trkpt>
   <trkpt lat="47.283387" lon="13.506161">
    <ele>1143.239</ele>
    <time>2026-06-21T08:38:02Z</time>
   </trkpt>
   <trkpt lat="47.283348" lon="13.506161">
    <ele>1143.137</ele>
    <time>2026-06-21T08:38:05Z</time>
   </trkpt>
   <trkpt lat="47.283008" lon="13.506030">
    <ele>1138.053</ele>
    <time>2026-06-21T08:38:17Z</time>
   </trkpt>
   <trkpt lat="47.282789" lon="13.506003">
    <ele>1138.049</ele>
    <time>2026-06-21T08:38:26Z</time>
   </trkpt>
   <trkpt lat="47.282638" lon="13.505976">
    <ele>1137.567</ele>
    <time>2026-06-21T08:38:36Z</time>
   </trkpt>
   <trkpt lat="47.282412" lon="13.505876">
    <ele>1140.206</ele>
    <time>2026-06-21T08:38:54Z</time>
   </trkpt>
   <trkpt lat="47.282201" lon="13.505844">
    <ele>1142.074</ele>
    <time>2026-06-21T08:39:09Z</time>
   </trkpt>
   <trkpt lat="47.282076" lon="13.505881">
    <ele>1141.749</ele>
    <time>2026-06-21T08:39:19Z</time>
   </trkpt>
   <trkpt lat="47.281803" lon="13.505956">
    <ele>1147.479</ele>
    <time>2026-06-21T08:39:39Z</time>
   </trkpt>
   <trkpt lat="47.281795" lon="13.505970">
    <ele>1147.431</ele>
    <time>2026-06-21T08:39:40Z</time>
   </trkpt>
   <trkpt lat="47.281754" lon="13.506020">
    <ele>1147.480</ele>
    <time>2026-06-21T08:39:45Z</time>
   </trkpt>
   <trkpt lat="47.281628" lon="13.505985">
    <ele>1147.155</ele>
    <time>2026-06-21T08:39:55Z</time>
   </trkpt>
   <trkpt lat="47.281605" lon="13.505939">
    <ele>1147.042</ele>
    <time>2026-06-21T08:39:58Z</time>
   </trkpt>
   <trkpt lat="47.281317" lon="13.505712">
    <ele>1143.466</ele>
    <time>2026-06-21T08:40:12Z</time>
   </trkpt>
   <trkpt lat="47.280723" lon="13.505532">
    <ele>1138.040</ele>
    <time>2026-06-21T08:40:28Z</time>
   </trkpt>
   <trkpt lat="47.280585" lon="13.505409">
    <ele>1139.025</ele>
    <time>2026-06-21T08:40:40Z</time>
   </trkpt>
   <trkpt lat="47.280567" lon="13.505407">
    <ele>1140.122</ele>
    <time>2026-06-21T08:41:02Z</time>
   </trkpt>
   <trkpt lat="47.280543" lon="13.505376">
    <ele>1140.925</ele>
    <time>2026-06-21T08:41:40Z</time>
   </trkpt>
   <trkpt lat="47.280560" lon="13.505375">
    <ele>1141.056</ele>
    <time>2026-06-21T08:42:02Z</time>
   </trkpt>
   <trkpt lat="47.280281" lon="13.505162">
    <ele>1138.594</ele>
    <time>2026-06-21T08:42:17Z</time>
   </trkpt>
   <trkpt lat="47.280226" lon="13.504996">
    <ele>1139.155</ele>
    <time>2026-06-21T08:42:26Z</time>
   </trkpt>
   <trkpt lat="47.280100" lon="13.504644">
    <ele>1135.505</ele>
    <time>2026-06-21T08:42:40Z</time>
   </trkpt>
   <trkpt lat="47.280079" lon="13.504569">
    <ele>1135.032</ele>
    <time>2026-06-21T08:42:42Z</time>
   </trkpt>
   <trkpt lat="47.280033" lon="13.504391">
    <ele>1134.382</ele>
    <time>2026-06-21T08:42:46Z</time>
   </trkpt>
   <trkpt lat="47.279749" lon="13.503733">
    <ele>1139.832</ele>
    <time>2026-06-21T08:43:02Z</time>
   </trkpt>
   <trkpt lat="47.279521" lon="13.503305">
    <ele>1143.693</ele>
    <time>2026-06-21T08:43:17Z</time>
   </trkpt>
   <trkpt lat="47.279094" lon="13.502865">
    <ele>1154.010</ele>
    <time>2026-06-21T08:43:39Z</time>
   </trkpt>
   <trkpt lat="47.278628" lon="13.502645">
    <ele>1163.794</ele>
    <time>2026-06-21T08:44:02Z</time>
   </trkpt>
   <trkpt lat="47.278037" lon="13.502415">
    <ele>1172.327</ele>
    <time>2026-06-21T08:44:31Z</time>
   </trkpt>
   <trkpt lat="47.277512" lon="13.502275">
    <ele>1184.999</ele>
    <time>2026-06-21T08:44:57Z</time>
   </trkpt>
   <trkpt lat="47.277099" lon="13.502266">
    <ele>1187.355</ele>
    <time>2026-06-21T08:45:17Z</time>
   </trkpt>
   <trkpt lat="47.276613" lon="13.502223">
    <ele>1194.887</ele>
    <time>2026-06-21T08:45:36Z</time>
   </trkpt>
   <trkpt lat="47.276138" lon="13.502085">
    <ele>1193.822</ele>
    <time>2026-06-21T08:45:59Z</time>
   </trkpt>
   <trkpt lat="47.276106" lon="13.502067">
    <ele>1193.405</ele>
    <time>2026-06-21T08:46:01Z</time>
   </trkpt>
   <trkpt lat="47.276018" lon="13.502167">
    <ele>1194.459</ele>
    <time>2026-06-21T08:46:07Z</time>
   </trkpt>
   <trkpt lat="47.275984" lon="13.502168">
    <ele>1194.947</ele>
    <time>2026-06-21T08:46:28Z</time>
   </trkpt>
   <trkpt lat="47.275973" lon="13.502165">
    <ele>1195.775</ele>
    <time>2026-06-21T08:46:56Z</time>
   </trkpt>
   <trkpt lat="47.275968" lon="13.502162">
    <ele>1195.785</ele>
    <time>2026-06-21T08:47:00Z</time>
   </trkpt>
   <trkpt lat="47.275901" lon="13.501952">
    <ele>1197.205</ele>
    <time>2026-06-21T08:47:06Z</time>
   </trkpt>
   <trkpt lat="47.275445" lon="13.501512">
    <ele>1201.306</ele>
    <time>2026-06-21T08:47:24Z</time>
   </trkpt>
   <trkpt lat="47.275131" lon="13.501148">
    <ele>1204.921</ele>
    <time>2026-06-21T08:47:43Z</time>
   </trkpt>
   <trkpt lat="47.274809" lon="13.500831">
    <ele>1214.249</ele>
    <time>2026-06-21T08:48:03Z</time>
   </trkpt>
   <trkpt lat="47.274438" lon="13.500650">
    <ele>1219.993</ele>
    <time>2026-06-21T08:48:24Z</time>
   </trkpt>
   <trkpt lat="47.274092" lon="13.500801">
    <ele>1222.752</ele>
    <time>2026-06-21T08:48:45Z</time>
   </trkpt>
   <trkpt lat="47.273728" lon="13.500898">
    <ele>1226.526</ele>
    <time>2026-06-21T08:49:08Z</time>
   </trkpt>
   <trkpt lat="47.273358" lon="13.500605">
    <ele>1233.012</ele>
    <time>2026-06-21T08:49:33Z</time>
   </trkpt>
   <trkpt lat="47.273055" lon="13.500580">
    <ele>1237.590</ele>
    <time>2026-06-21T08:49:51Z</time>
   </trkpt>
   <trkpt lat="47.272620" lon="13.500628">
    <ele>1242.058</ele>
    <time>2026-06-21T08:50:17Z</time>
   </trkpt>
   <trkpt lat="47.272218" lon="13.500516">
    <ele>1243.764</ele>
    <time>2026-06-21T08:50:42Z</time>
   </trkpt>
   <trkpt lat="47.271943" lon="13.500566">
    <ele>1246.890</ele>
    <time>2026-06-21T08:51:00Z</time>
   </trkpt>
   <trkpt lat="47.271941" lon="13.500559">
    <ele>1246.621</ele>
    <time>2026-06-21T08:52:07Z</time>
   </trkpt>
   <trkpt lat="47.271732" lon="13.500491">
    <ele>1248.361</ele>
    <time>2026-06-21T08:52:19Z</time>
   </trkpt>
   <trkpt lat="47.271691" lon="13.500417">
    <ele>1249.136</ele>
    <time>2026-06-21T08:52:23Z</time>
   </trkpt>
   <trkpt lat="47.271665" lon="13.500351">
    <ele>1248.869</ele>
    <time>2026-06-21T08:52:25Z</time>
   </trkpt>
   <trkpt lat="47.271376" lon="13.500259">
    <ele>1250.634</ele>
    <time>2026-06-21T08:52:39Z</time>
   </trkpt>
   <trkpt lat="47.270948" lon="13.500206">
    <ele>1256.598</ele>
    <time>2026-06-21T08:53:00Z</time>
   </trkpt>
   <trkpt lat="47.270491" lon="13.500109">
    <ele>1259.408</ele>
    <time>2026-06-21T08:53:22Z</time>
   </trkpt>
   <trkpt lat="47.270115" lon="13.500184">
    <ele>1262.575</ele>
    <time>2026-06-21T08:53:40Z</time>
   </trkpt>
   <trkpt lat="47.269532" lon="13.500192">
    <ele>1267.106</ele>
    <time>2026-06-21T08:54:00Z</time>
   </trkpt>
   <trkpt lat="47.269161" lon="13.500167">
    <ele>1265.378</ele>
    <time>2026-06-21T08:54:13Z</time>
   </trkpt>
   <trkpt lat="47.268762" lon="13.499572">
    <ele>1267.384</ele>
    <time>2026-06-21T08:54:31Z</time>
   </trkpt>
   <trkpt lat="47.268422" lon="13.499107">
    <ele>1268.976</ele>
    <time>2026-06-21T08:54:48Z</time>
   </trkpt>
   <trkpt lat="47.268363" lon="13.498644">
    <ele>1271.859</ele>
    <time>2026-06-21T08:55:00Z</time>
   </trkpt>
   <trkpt lat="47.268346" lon="13.497910">
    <ele>1273.276</ele>
    <time>2026-06-21T08:55:18Z</time>
   </trkpt>
   <trkpt lat="47.268155" lon="13.497424">
    <ele>1274.076</ele>
    <time>2026-06-21T08:55:32Z</time>
   </trkpt>
   <trkpt lat="47.267761" lon="13.496854">
    <ele>1276.442</ele>
    <time>2026-06-21T08:55:51Z</time>
   </trkpt>
   <trkpt lat="47.267614" lon="13.496647">
    <ele>1280.107</ele>
    <time>2026-06-21T08:56:31Z</time>
   </trkpt>
   <trkpt lat="47.267139" lon="13.495940">
    <ele>1282.738</ele>
    <time>2026-06-21T08:56:51Z</time>
   </trkpt>
   <trkpt lat="47.266811" lon="13.495107">
    <ele>1283.908</ele>
    <time>2026-06-21T08:57:08Z</time>
   </trkpt>
   <trkpt lat="47.266466" lon="13.494066">
    <ele>1285.029</ele>
    <time>2026-06-21T08:57:29Z</time>
   </trkpt>
   <trkpt lat="47.266054" lon="13.492934">
    <ele>1285.471</ele>
    <time>2026-06-21T08:57:51Z</time>
   </trkpt>
   <trkpt lat="47.265562" lon="13.492243">
    <ele>1286.436</ele>
    <time>2026-06-21T08:58:09Z</time>
   </trkpt>
   <trkpt lat="47.265024" lon="13.491949">
    <ele>1286.063</ele>
    <time>2026-06-21T08:58:24Z</time>
   </trkpt>
   <trkpt lat="47.264381" lon="13.491379">
    <ele>1285.944</ele>
    <time>2026-06-21T08:58:43Z</time>
   </trkpt>
   <trkpt lat="47.263646" lon="13.490986">
    <ele>1287.594</ele>
    <time>2026-06-21T08:59:03Z</time>
   </trkpt>
   <trkpt lat="47.263107" lon="13.490835">
    <ele>1287.635</ele>
    <time>2026-06-21T08:59:16Z</time>
   </trkpt>
   <trkpt lat="47.262659" lon="13.490937">
    <ele>1287.049</ele>
    <time>2026-06-21T08:59:31Z</time>
   </trkpt>
   <trkpt lat="47.262645" lon="13.490926">
    <ele>1287.532</ele>
    <time>2026-06-21T09:00:02Z</time>
   </trkpt>
   <trkpt lat="47.262637" lon="13.490917">
    <ele>1288.017</ele>
    <time>2026-06-21T09:00:26Z</time>
   </trkpt>
   <trkpt lat="47.262523" lon="13.491021">
    <ele>1288.291</ele>
    <time>2026-06-21T09:00:41Z</time>
   </trkpt>
   <trkpt lat="47.261927" lon="13.491248">
    <ele>1289.428</ele>
    <time>2026-06-21T09:01:01Z</time>
   </trkpt>
   <trkpt lat="47.261215" lon="13.491478">
    <ele>1292.094</ele>
    <time>2026-06-21T09:01:25Z</time>
   </trkpt>
   <trkpt lat="47.260783" lon="13.491414">
    <ele>1293.714</ele>
    <time>2026-06-21T09:01:40Z</time>
   </trkpt>
   <trkpt lat="47.260143" lon="13.491289">
    <ele>1296.062</ele>
    <time>2026-06-21T09:02:03Z</time>
   </trkpt>
   <trkpt lat="47.259584" lon="13.491403">
    <ele>1298.304</ele>
    <time>2026-06-21T09:02:23Z</time>
   </trkpt>
   <trkpt lat="47.259017" lon="13.491564">
    <ele>1300.530</ele>
    <time>2026-06-21T09:02:45Z</time>
   </trkpt>
   <trkpt lat="47.258596" lon="13.491633">
    <ele>1302.436</ele>
    <time>2026-06-21T09:03:02Z</time>
   </trkpt>
   <trkpt lat="47.258220" lon="13.491234">
    <ele>1304.027</ele>
    <time>2026-06-21T09:03:20Z</time>
   </trkpt>
   <trkpt lat="47.257769" lon="13.490696">
    <ele>1307.990</ele>
    <time>2026-06-21T09:03:44Z</time>
   </trkpt>
   <trkpt lat="47.257426" lon="13.490313">
    <ele>1311.645</ele>
    <time>2026-06-21T09:04:03Z</time>
   </trkpt>
   <trkpt lat="47.256902" lon="13.490020">
    <ele>1316.114</ele>
    <time>2026-06-21T09:04:26Z</time>
   </trkpt>
   <trkpt lat="47.256436" lon="13.489842">
    <ele>1319.743</ele>
    <time>2026-06-21T09:04:48Z</time>
   </trkpt>
   <trkpt lat="47.256169" lon="13.489477">
    <ele>1323.835</ele>
    <time>2026-06-21T09:05:08Z</time>
   </trkpt>
   <trkpt lat="47.256001" lon="13.488989">
    <ele>1328.074</ele>
    <time>2026-06-21T09:05:30Z</time>
   </trkpt>
   <trkpt lat="47.255754" lon="13.488787">
    <ele>1329.587</ele>
    <time>2026-06-21T09:05:44Z</time>
   </trkpt>
   <trkpt lat="47.255507" lon="13.488385">
    <ele>1332.222</ele>
    <time>2026-06-21T09:06:02Z</time>
   </trkpt>
   <trkpt lat="47.255172" lon="13.488172">
    <ele>1333.974</ele>
    <time>2026-06-21T09:06:22Z</time>
   </trkpt>
   <trkpt lat="47.255060" lon="13.488086">
    <ele>1335.623</ele>
    <time>2026-06-21T09:06:33Z</time>
   </trkpt>
   <trkpt lat="47.254980" lon="13.488068">
    <ele>1336.389</ele>
    <time>2026-06-21T09:06:54Z</time>
   </trkpt>
   <trkpt lat="47.254975" lon="13.488090">
    <ele>1336.568</ele>
    <time>2026-06-21T09:07:49Z</time>
   </trkpt>
   <trkpt lat="47.255057" lon="13.488196">
    <ele>1335.223</ele>
    <time>2026-06-21T09:07:56Z</time>
   </trkpt>
   <trkpt lat="47.255008" lon="13.488597">
    <ele>1332.270</ele>
    <time>2026-06-21T09:08:03Z</time>
   </trkpt>
   <trkpt lat="47.255102" lon="13.489209">
    <ele>1328.114</ele>
    <time>2026-06-21T09:08:11Z</time>
   </trkpt>
   <trkpt lat="47.255271" lon="13.489513">
    <ele>1325.396</ele>
    <time>2026-06-21T09:08:16Z</time>
   </trkpt>
   <trkpt lat="47.255239" lon="13.489781">
    <ele>1324.178</ele>
    <time>2026-06-21T09:08:21Z</time>
   </trkpt>
   <trkpt lat="47.255198" lon="13.489873">
    <ele>1323.963</ele>
    <time>2026-06-21T09:08:23Z</time>
   </trkpt>
   <trkpt lat="47.255294" lon="13.490373">
    <ele>1321.972</ele>
    <time>2026-06-21T09:08:33Z</time>
   </trkpt>
   <trkpt lat="47.255382" lon="13.490521">
    <ele>1320.516</ele>
    <time>2026-06-21T09:08:40Z</time>
   </trkpt>
  </trkseg>
 </trk>
 <trk>
  <name>ACTIVE LOG023658</name>
  <trkseg>
   <trkpt lat="47.255589" lon="13.490461">
    <ele>1362.895</ele>
    <time>2026-06-21T09:36:58Z</time>
   </trkpt>
   <trkpt lat="47.255495" lon="13.490368">
    <ele>1345.769</ele>
    <time>2026-06-21T09:37:13Z</time>
   </trkpt>
   <trkpt lat="47.255703" lon="13.490679">
    <ele>1341.026</ele>
    <time>2026-06-21T09:37:21Z</time>
   </trkpt>
   <trkpt lat="47.255718" lon="13.490821">
    <ele>1338.838</ele>
    <time>2026-06-21T09:37:24Z</time>
   </trkpt>
   <trkpt lat="47.255430" lon="13.491417">
    <ele>1330.795</ele>
    <time>2026-06-21T09:37:38Z</time>
   </trkpt>
   <trkpt lat="47.255406" lon="13.491452">
    <ele>1332.158</ele>
    <time>2026-06-21T09:37:43Z</time>
   </trkpt>
   <trkpt lat="47.255316" lon="13.491477">
    <ele>1331.252</ele>
    <time>2026-06-21T09:37:47Z</time>
   </trkpt>
   <trkpt lat="47.255050" lon="13.491560">
    <ele>1329.637</ele>
    <time>2026-06-21T09:37:53Z</time>
   </trkpt>
   <trkpt lat="47.254844" lon="13.491921">
    <ele>1325.961</ele>
    <time>2026-06-21T09:38:00Z</time>
   </trkpt>
   <trkpt lat="47.254815" lon="13.492123">
    <ele>1325.680</ele>
    <time>2026-06-21T09:38:03Z</time>
   </trkpt>
   <trkpt lat="47.254820" lon="13.492342">
    <ele>1325.590</ele>
    <time>2026-06-21T09:38:06Z</time>
   </trkpt>
   <trkpt lat="47.254772" lon="13.492626">
    <ele>1325.587</ele>
    <time>2026-06-21T09:38:11Z</time>
   </trkpt>
   <trkpt lat="47.254717" lon="13.492738">
    <ele>1325.119</ele>
    <time>2026-06-21T09:38:13Z</time>
   </trkpt>
   <trkpt lat="47.254653" lon="13.493113">
    <ele>1324.466</ele>
    <time>2026-06-21T09:38:18Z</time>
   </trkpt>
   <trkpt lat="47.254680" lon="13.493777">
    <ele>1323.440</ele>
    <time>2026-06-21T09:38:27Z</time>
   </trkpt>
   <trkpt lat="47.254769" lon="13.494134">
    <ele>1321.726</ele>
    <time>2026-06-21T09:38:32Z</time>
   </trkpt>
   <trkpt lat="47.254754" lon="13.494590">
    <ele>1321.469</ele>
    <time>2026-06-21T09:38:40Z</time>
   </trkpt>
   <trkpt lat="47.254879" lon="13.494978">
    <ele>1321.924</ele>
    <time>2026-06-21T09:38:47Z</time>
   </trkpt>
   <trkpt lat="47.254916" lon="13.495774">
    <ele>1323.188</ele>
    <time>2026-06-21T09:39:02Z</time>
   </trkpt>
   <trkpt lat="47.254950" lon="13.496237">
    <ele>1325.839</ele>
    <time>2026-06-21T09:39:19Z</time>
   </trkpt>
   <trkpt lat="47.254867" lon="13.496494">
    <ele>1325.881</ele>
    <time>2026-06-21T09:39:36Z</time>
   </trkpt>
   <trkpt lat="47.254851" lon="13.496498">
    <ele>1325.681</ele>
    <time>2026-06-21T09:39:38Z</time>
   </trkpt>
   <trkpt lat="47.254643" lon="13.496326">
    <ele>1330.192</ele>
    <time>2026-06-21T09:40:03Z</time>
   </trkpt>
   <trkpt lat="47.254585" lon="13.496299">
    <ele>1331.545</ele>
    <time>2026-06-21T09:40:09Z</time>
   </trkpt>
   <trkpt lat="47.254491" lon="13.496383">
    <ele>1333.384</ele>
    <time>2026-06-21T09:40:17Z</time>
   </trkpt>
   <trkpt lat="47.254488" lon="13.496494">
    <ele>1335.011</ele>
    <time>2026-06-21T09:40:24Z</time>
   </trkpt>
   <trkpt lat="47.254536" lon="13.496651">
    <ele>1336.984</ele>
    <time>2026-06-21T09:40:36Z</time>
   </trkpt>
   <trkpt lat="47.254544" lon="13.496876">
    <ele>1339.758</ele>
    <time>2026-06-21T09:40:54Z</time>
   </trkpt>
   <trkpt lat="47.254349" lon="13.497043">
    <ele>1345.479</ele>
    <time>2026-06-21T09:41:17Z</time>
   </trkpt>
   <trkpt lat="47.254334" lon="13.497064">
    <ele>1345.779</ele>
    <time>2026-06-21T09:41:19Z</time>
   </trkpt>
   <trkpt lat="47.254269" lon="13.497356">
    <ele>1349.241</ele>
    <time>2026-06-21T09:41:41Z</time>
   </trkpt>
   <trkpt lat="47.254218" lon="13.497566">
    <ele>1351.628</ele>
    <time>2026-06-21T09:41:56Z</time>
   </trkpt>
   <trkpt lat="47.254102" lon="13.497844">
    <ele>1356.937</ele>
    <time>2026-06-21T09:42:16Z</time>
   </trkpt>
   <trkpt lat="47.253930" lon="13.498133">
    <ele>1362.450</ele>
    <time>2026-06-21T09:42:38Z</time>
   </trkpt>
   <trkpt lat="47.253742" lon="13.498583">
    <ele>1372.142</ele>
    <time>2026-06-21T09:43:09Z</time>
   </trkpt>
   <trkpt lat="47.253732" lon="13.498736">
    <ele>1373.000</ele>
    <time>2026-06-21T09:43:18Z</time>
   </trkpt>
   <trkpt lat="47.253708" lon="13.498838">
    <ele>1375.194</ele>
    <time>2026-06-21T09:43:24Z</time>
   </trkpt>
   <trkpt lat="47.253699" lon="13.499202">
    <ele>1378.124</ele>
    <time>2026-06-21T09:43:41Z</time>
   </trkpt>
   <trkpt lat="47.253700" lon="13.499389">
    <ele>1377.487</ele>
    <time>2026-06-21T09:43:49Z</time>
   </trkpt>
   <trkpt lat="47.253621" lon="13.499856">
    <ele>1379.896</ele>
    <time>2026-06-21T09:44:08Z</time>
   </trkpt>
   <trkpt lat="47.253467" lon="13.500638">
    <ele>1383.584</ele>
    <time>2026-06-21T09:44:33Z</time>
   </trkpt>
   <trkpt lat="47.253314" lon="13.501279">
    <ele>1383.532</ele>
    <time>2026-06-21T09:44:54Z</time>
   </trkpt>
   <trkpt lat="47.253198" lon="13.501916">
    <ele>1385.933</ele>
    <time>2026-06-21T09:45:10Z</time>
   </trkpt>
   <trkpt lat="47.252995" lon="13.502150">
    <ele>1386.561</ele>
    <time>2026-06-21T09:45:23Z</time>
   </trkpt>
   <trkpt lat="47.252750" lon="13.502281">
    <ele>1392.821</ele>
    <time>2026-06-21T09:45:41Z</time>
   </trkpt>
   <trkpt lat="47.252506" lon="13.502192">
    <ele>1397.780</ele>
    <time>2026-06-21T09:46:03Z</time>
   </trkpt>
   <trkpt lat="47.252360" lon="13.502090">
    <ele>1400.232</ele>
    <time>2026-06-21T09:46:19Z</time>
   </trkpt>
   <trkpt lat="47.252369" lon="13.502120">
    <ele>1400.382</ele>
    <time>2026-06-21T09:47:05Z</time>
   </trkpt>
   <trkpt lat="47.252611" lon="13.502291">
    <ele>1397.462</ele>
    <time>2026-06-21T09:47:14Z</time>
   </trkpt>
   <trkpt lat="47.252680" lon="13.502309">
    <ele>1396.738</ele>
    <time>2026-06-21T09:47:16Z</time>
   </trkpt>
   <trkpt lat="47.253002" lon="13.502146">
    <ele>1389.538</ele>
    <time>2026-06-21T09:47:25Z</time>
   </trkpt>
   <trkpt lat="47.252972" lon="13.502221">
    <ele>1387.898</ele>
    <time>2026-06-21T09:47:30Z</time>
   </trkpt>
   <trkpt lat="47.252495" lon="13.502566">
    <ele>1384.346</ele>
    <time>2026-06-21T09:47:42Z</time>
   </trkpt>
   <trkpt lat="47.252403" lon="13.502582">
    <ele>1383.509</ele>
    <time>2026-06-21T09:47:44Z</time>
   </trkpt>
   <trkpt lat="47.252258" lon="13.502646">
    <ele>1383.324</ele>
    <time>2026-06-21T09:47:47Z</time>
   </trkpt>
   <trkpt lat="47.252072" lon="13.502707">
    <ele>1382.840</ele>
    <time>2026-06-21T09:47:51Z</time>
   </trkpt>
   <trkpt lat="47.251717" lon="13.502901">
    <ele>1384.499</ele>
    <time>2026-06-21T09:48:04Z</time>
   </trkpt>
   <trkpt lat="47.251414" lon="13.503193">
    <ele>1388.733</ele>
    <time>2026-06-21T09:48:22Z</time>
   </trkpt>
   <trkpt lat="47.251184" lon="13.503418">
    <ele>1391.020</ele>
    <time>2026-06-21T09:48:41Z</time>
   </trkpt>
   <trkpt lat="47.250931" lon="13.503507">
    <ele>1393.174</ele>
    <time>2026-06-21T09:48:58Z</time>
   </trkpt>
   <trkpt lat="47.250579" lon="13.503607">
    <ele>1389.892</ele>
    <time>2026-06-21T09:49:13Z</time>
   </trkpt>
   <trkpt lat="47.250521" lon="13.503726">
    <ele>1389.662</ele>
    <time>2026-06-21T09:49:17Z</time>
   </trkpt>
   <trkpt lat="47.250515" lon="13.503809">
    <ele>1389.207</ele>
    <time>2026-06-21T09:49:20Z</time>
   </trkpt>
   <trkpt lat="47.250436" lon="13.503921">
    <ele>1389.684</ele>
    <time>2026-06-21T09:49:25Z</time>
   </trkpt>
   <trkpt lat="47.250044" lon="13.504163">
    <ele>1390.060</ele>
    <time>2026-06-21T09:49:40Z</time>
   </trkpt>
   <trkpt lat="47.249866" lon="13.504541">
    <ele>1392.059</ele>
    <time>2026-06-21T09:49:53Z</time>
   </trkpt>
   <trkpt lat="47.249850" lon="13.504598">
    <ele>1393.467</ele>
    <time>2026-06-21T09:49:57Z</time>
   </trkpt>
   <trkpt lat="47.249915" lon="13.505006">
    <ele>1401.020</ele>
    <time>2026-06-21T09:50:14Z</time>
   </trkpt>
   <trkpt lat="47.250022" lon="13.505305">
    <ele>1405.762</ele>
    <time>2026-06-21T09:50:28Z</time>
   </trkpt>
   <trkpt lat="47.250113" lon="13.505524">
    <ele>1409.731</ele>
    <time>2026-06-21T09:50:41Z</time>
   </trkpt>
   <trkpt lat="47.250266" lon="13.505928">
    <ele>1414.869</ele>
    <time>2026-06-21T09:51:05Z</time>
   </trkpt>
   <trkpt lat="47.250291" lon="13.506097">
    <ele>1416.842</ele>
    <time>2026-06-21T09:51:13Z</time>
   </trkpt>
   <trkpt lat="47.250271" lon="13.506198">
    <ele>1416.872</ele>
    <time>2026-06-21T09:51:17Z</time>
   </trkpt>
   <trkpt lat="47.250284" lon="13.506406">
    <ele>1415.755</ele>
    <time>2026-06-21T09:51:29Z</time>
   </trkpt>
   <trkpt lat="47.250286" lon="13.506408">
    <ele>1415.595</ele>
    <time>2026-06-21T09:52:04Z</time>
   </trkpt>
   <trkpt lat="47.250325" lon="13.506619">
    <ele>1417.263</ele>
    <time>2026-06-21T09:52:15Z</time>
   </trkpt>
   <trkpt lat="47.250351" lon="13.506700">
    <ele>1417.575</ele>
    <time>2026-06-21T09:52:27Z</time>
   </trkpt>
   <trkpt lat="47.250351" lon="13.506745">
    <ele>1418.953</ele>
    <time>2026-06-21T09:52:56Z</time>
   </trkpt>
   <trkpt lat="47.250365" lon="13.506894">
    <ele>1421.802</ele>
    <time>2026-06-21T09:53:19Z</time>
   </trkpt>
   <trkpt lat="47.250367" lon="13.507026">
    <ele>1424.950</ele>
    <time>2026-06-21T09:53:41Z</time>
   </trkpt>
   <trkpt lat="47.250351" lon="13.507111">
    <ele>1427.906</ele>
    <time>2026-06-21T09:53:59Z</time>
   </trkpt>
   <trkpt lat="47.250372" lon="13.507276">
    <ele>1429.316</ele>
    <time>2026-06-21T09:54:21Z</time>
   </trkpt>
   <trkpt lat="47.250382" lon="13.507380">
    <ele>1431.047</ele>
    <time>2026-06-21T09:54:44Z</time>
   </trkpt>
   <trkpt lat="47.250365" lon="13.507412">
    <ele>1433.829</ele>
    <time>2026-06-21T09:54:59Z</time>
   </trkpt>
   <trkpt lat="47.250441" lon="13.507476">
    <ele>1434.524</ele>
    <time>2026-06-21T09:55:16Z</time>
   </trkpt>
   <trkpt lat="47.250463" lon="13.507490">
    <ele>1434.384</ele>
    <time>2026-06-21T09:55:35Z</time>
   </trkpt>
   <trkpt lat="47.250444" lon="13.507515">
    <ele>1433.717</ele>
    <time>2026-06-21T09:55:55Z</time>
   </trkpt>
   <trkpt lat="47.250416" lon="13.507529">
    <ele>1433.454</ele>
    <time>2026-06-21T09:56:34Z</time>
   </trkpt>
   <trkpt lat="47.250407" lon="13.507512">
    <ele>1432.486</ele>
    <time>2026-06-21T09:57:00Z</time>
   </trkpt>
   <trkpt lat="47.250479" lon="13.507358">
    <ele>1430.929</ele>
    <time>2026-06-21T09:57:13Z</time>
   </trkpt>
   <trkpt lat="47.250556" lon="13.507331">
    <ele>1429.740</ele>
    <time>2026-06-21T09:57:16Z</time>
   </trkpt>
   <trkpt lat="47.250629" lon="13.507250">
    <ele>1425.435</ele>
    <time>2026-06-21T09:57:27Z</time>
   </trkpt>
   <trkpt lat="47.250705" lon="13.507270">
    <ele>1423.219</ele>
    <time>2026-06-21T09:57:39Z</time>
   </trkpt>
   <trkpt lat="47.250786" lon="13.507215">
    <ele>1422.936</ele>
    <time>2026-06-21T09:57:52Z</time>
   </trkpt>
   <trkpt lat="47.250830" lon="13.507266">
    <ele>1424.994</ele>
    <time>2026-06-21T09:58:07Z</time>
   </trkpt>
   <trkpt lat="47.250877" lon="13.507274">
    <ele>1425.092</ele>
    <time>2026-06-21T09:58:17Z</time>
   </trkpt>
   <trkpt lat="47.251033" lon="13.507333">
    <ele>1429.788</ele>
    <time>2026-06-21T09:58:31Z</time>
   </trkpt>
   <trkpt lat="47.251051" lon="13.507359">
    <ele>1431.147</ele>
    <time>2026-06-21T09:58:52Z</time>
   </trkpt>
   <trkpt lat="47.251085" lon="13.507397">
    <ele>1432.209</ele>
    <time>2026-06-21T09:59:12Z</time>
   </trkpt>
   <trkpt lat="47.251096" lon="13.507455">
    <ele>1432.488</ele>
    <time>2026-06-21T09:59:15Z</time>
   </trkpt>
   <trkpt lat="47.251153" lon="13.507553">
    <ele>1432.767</ele>
    <time>2026-06-21T09:59:22Z</time>
   </trkpt>
   <trkpt lat="47.251244" lon="13.507670">
    <ele>1432.074</ele>
    <time>2026-06-21T09:59:42Z</time>
   </trkpt>
   <trkpt lat="47.251362" lon="13.507605">
    <ele>1432.730</ele>
    <time>2026-06-21T10:00:01Z</time>
   </trkpt>
   <trkpt lat="47.251440" lon="13.507384">
    <ele>1432.424</ele>
    <time>2026-06-21T10:00:20Z</time>
   </trkpt>
   <trkpt lat="47.251522" lon="13.507329">
    <ele>1432.005</ele>
    <time>2026-06-21T10:00:42Z</time>
   </trkpt>
   <trkpt lat="47.251171" lon="13.507574">
    <ele>1428.614</ele>
    <time>2026-06-21T10:01:48Z</time>
   </trkpt>
   <trkpt lat="47.251250" lon="13.507526">
    <ele>1431.600</ele>
    <time>2026-06-21T10:02:14Z</time>
   </trkpt>
   <trkpt lat="47.251478" lon="13.507697">
    <ele>1432.434</ele>
    <time>2026-06-21T10:02:40Z</time>
   </trkpt>
   <trkpt lat="47.251660" lon="13.507547">
    <ele>1434.989</ele>
    <time>2026-06-21T10:03:01Z</time>
   </trkpt>
   <trkpt lat="47.251756" lon="13.507456">
    <ele>1437.536</ele>
    <time>2026-06-21T10:03:16Z</time>
   </trkpt>
   <trkpt lat="47.251756" lon="13.507455">
    <ele>1437.444</ele>
    <time>2026-06-21T10:03:18Z</time>
   </trkpt>
   <trkpt lat="47.251756" lon="13.507378">
    <ele>1455.881</ele>
    <time>2026-06-21T10:03:38Z</time>
   </trkpt>
   <trkpt lat="47.251766" lon="13.507394">
    <ele>1456.558</ele>
    <time>2026-06-21T10:03:40Z</time>
   </trkpt>
   <trkpt lat="47.251829" lon="13.507498">
    <ele>1458.617</ele>
    <time>2026-06-21T10:03:49Z</time>
   </trkpt>
   <trkpt lat="47.251823" lon="13.507844">
    <ele>1462.255</ele>
    <time>2026-06-21T10:04:08Z</time>
   </trkpt>
   <trkpt lat="47.251745" lon="13.507935">
    <ele>1471.932</ele>
    <time>2026-06-21T10:04:18Z</time>
   </trkpt>
   <trkpt lat="47.251717" lon="13.507974">
    <ele>1472.770</ele>
    <time>2026-06-21T10:04:21Z</time>
   </trkpt>
   <trkpt lat="47.251597" lon="13.508023">
    <ele>1470.342</ele>
    <time>2026-06-21T10:04:33Z</time>
   </trkpt>
   <trkpt lat="47.251591" lon="13.508001">
    <ele>1470.543</ele>
    <time>2026-06-21T10:04:37Z</time>
   </trkpt>
   <trkpt lat="47.251564" lon="13.507974">
    <ele>1470.486</ele>
    <time>2026-06-21T10:04:44Z</time>
   </trkpt>
   <trkpt lat="47.251448" lon="13.507829">
    <ele>1470.581</ele>
    <time>2026-06-21T10:05:04Z</time>
   </trkpt>
   <trkpt lat="47.251440" lon="13.507830">
    <ele>1473.154</ele>
    <time>2026-06-21T10:06:44Z</time>
   </trkpt>
   <trkpt lat="47.251447" lon="13.507828">
    <ele>1473.559</ele>
    <time>2026-06-21T10:06:55Z</time>
   </trkpt>
   <trkpt lat="47.251563" lon="13.507900">
    <ele>1475.871</ele>
    <time>2026-06-21T10:07:06Z</time>
   </trkpt>
   <trkpt lat="47.251596" lon="13.507995">
    <ele>1477.021</ele>
    <time>2026-06-21T10:07:18Z</time>
   </trkpt>
   <trkpt lat="47.251606" lon="13.507989">
    <ele>1477.114</ele>
    <time>2026-06-21T10:07:20Z</time>
   </trkpt>
   <trkpt lat="47.251668" lon="13.507993">
    <ele>1477.356</ele>
    <time>2026-06-21T10:07:25Z</time>
   </trkpt>
   <trkpt lat="47.251711" lon="13.507977">
    <ele>1477.638</ele>
    <time>2026-06-21T10:07:29Z</time>
   </trkpt>
   <trkpt lat="47.251728" lon="13.507963">
    <ele>1477.307</ele>
    <time>2026-06-21T10:07:31Z</time>
   </trkpt>
   <trkpt lat="47.251754" lon="13.507933">
    <ele>1477.901</ele>
    <time>2026-06-21T10:07:34Z</time>
   </trkpt>
   <trkpt lat="47.251847" lon="13.507866">
    <ele>1475.755</ele>
    <time>2026-06-21T10:07:43Z</time>
   </trkpt>
   <trkpt lat="47.251878" lon="13.507608">
    <ele>1471.759</ele>
    <time>2026-06-21T10:07:58Z</time>
   </trkpt>
   <trkpt lat="47.251823" lon="13.507424">
    <ele>1469.249</ele>
    <time>2026-06-21T10:08:09Z</time>
   </trkpt>
   <trkpt lat="47.251808" lon="13.507402">
    <ele>1468.328</ele>
    <time>2026-06-21T10:08:11Z</time>
   </trkpt>
   <trkpt lat="47.251795" lon="13.507358">
    <ele>1466.401</ele>
    <time>2026-06-21T10:08:15Z</time>
   </trkpt>
   <trkpt lat="47.251816" lon="13.507498">
    <ele>1461.275</ele>
    <time>2026-06-21T10:08:31Z</time>
   </trkpt>
   <trkpt lat="47.251818" lon="13.507507">
    <ele>1461.915</ele>
    <time>2026-06-21T10:08:32Z</time>
   </trkpt>
   <trkpt lat="47.251819" lon="13.507652">
    <ele>1459.589</ele>
    <time>2026-06-21T10:08:45Z</time>
   </trkpt>
   <trkpt lat="47.251763" lon="13.507658">
    <ele>1457.016</ele>
    <time>2026-06-21T10:09:01Z</time>
   </trkpt>
   <trkpt lat="47.251692" lon="13.507462">
    <ele>1456.393</ele>
    <time>2026-06-21T10:09:21Z</time>
   </trkpt>
   <trkpt lat="47.251699" lon="13.507520">
    <ele>1452.577</ele>
    <time>2026-06-21T10:09:39Z</time>
   </trkpt>
   <trkpt lat="47.251771" lon="13.507630">
    <ele>1448.062</ele>
    <time>2026-06-21T10:10:00Z</time>
   </trkpt>
   <trkpt lat="47.251582" lon="13.507410">
    <ele>1446.745</ele>
    <time>2026-06-21T10:10:49Z</time>
   </trkpt>
   <trkpt lat="47.251481" lon="13.507165">
    <ele>1446.507</ele>
    <time>2026-06-21T10:11:02Z</time>
   </trkpt>
   <trkpt lat="47.251374" lon="13.506921">
    <ele>1445.808</ele>
    <time>2026-06-21T10:11:13Z</time>
   </trkpt>
   <trkpt lat="47.251298" lon="13.506890">
    <ele>1443.560</ele>
    <time>2026-06-21T10:11:24Z</time>
   </trkpt>
   <trkpt lat="47.251134" lon="13.507439">
    <ele>1441.129</ele>
    <time>2026-06-21T10:11:37Z</time>
   </trkpt>
   <trkpt lat="47.251043" lon="13.507326">
    <ele>1439.441</ele>
    <time>2026-06-21T10:11:48Z</time>
   </trkpt>
   <trkpt lat="47.251011" lon="13.507304">
    <ele>1432.486</ele>
    <time>2026-06-21T10:11:58Z</time>
   </trkpt>
   <trkpt lat="47.250987" lon="13.507306">
    <ele>1430.344</ele>
    <time>2026-06-21T10:12:01Z</time>
   </trkpt>
   <trkpt lat="47.250966" lon="13.507269">
    <ele>1430.058</ele>
    <time>2026-06-21T10:12:04Z</time>
   </trkpt>
   <trkpt lat="47.250784" lon="13.507268">
    <ele>1427.615</ele>
    <time>2026-06-21T10:12:23Z</time>
   </trkpt>
   <trkpt lat="47.250722" lon="13.507296">
    <ele>1427.177</ele>
    <time>2026-06-21T10:12:29Z</time>
   </trkpt>
   <trkpt lat="47.250602" lon="13.507240">
    <ele>1425.558</ele>
    <time>2026-06-21T10:12:43Z</time>
   </trkpt>
   <trkpt lat="47.250553" lon="13.507183">
    <ele>1424.901</ele>
    <time>2026-06-21T10:12:57Z</time>
   </trkpt>
   <trkpt lat="47.250544" lon="13.507268">
    <ele>1425.799</ele>
    <time>2026-06-21T10:13:02Z</time>
   </trkpt>
   <trkpt lat="47.250533" lon="13.507288">
    <ele>1426.319</ele>
    <time>2026-06-21T10:13:05Z</time>
   </trkpt>
   <trkpt lat="47.250449" lon="13.507434">
    <ele>1425.334</ele>
    <time>2026-06-21T10:13:15Z</time>
   </trkpt>
   <trkpt lat="47.250420" lon="13.507467">
    <ele>1428.885</ele>
    <time>2026-06-21T10:13:23Z</time>
   </trkpt>
   <trkpt lat="47.250443" lon="13.507507">
    <ele>1431.610</ele>
    <time>2026-06-21T10:13:38Z</time>
   </trkpt>
   <trkpt lat="47.250416" lon="13.507517">
    <ele>1431.204</ele>
    <time>2026-06-21T10:14:11Z</time>
   </trkpt>
   <trkpt lat="47.250404" lon="13.507555">
    <ele>1434.568</ele>
    <time>2026-06-21T10:15:12Z</time>
   </trkpt>
   <trkpt lat="47.250402" lon="13.507585">
    <ele>1436.755</ele>
    <time>2026-06-21T10:15:25Z</time>
   </trkpt>
   <trkpt lat="47.250353" lon="13.507649">
    <ele>1439.796</ele>
    <time>2026-06-21T10:15:41Z</time>
   </trkpt>
   <trkpt lat="47.250381" lon="13.507701">
    <ele>1442.238</ele>
    <time>2026-06-21T10:15:54Z</time>
   </trkpt>
   <trkpt lat="47.250389" lon="13.507731">
    <ele>1443.204</ele>
    <time>2026-06-21T10:16:07Z</time>
   </trkpt>
   <trkpt lat="47.250376" lon="13.507779">
    <ele>1446.019</ele>
    <time>2026-06-21T10:16:23Z</time>
   </trkpt>
   <trkpt lat="47.250368" lon="13.507831">
    <ele>1446.878</ele>
    <time>2026-06-21T10:16:42Z</time>
   </trkpt>
   <trkpt lat="47.250352" lon="13.507868">
    <ele>1449.078</ele>
    <time>2026-06-21T10:16:56Z</time>
   </trkpt>
   <trkpt lat="47.250331" lon="13.507898">
    <ele>1451.400</ele>
    <time>2026-06-21T10:17:13Z</time>
   </trkpt>
   <trkpt lat="47.250357" lon="13.507937">
    <ele>1453.707</ele>
    <time>2026-06-21T10:17:24Z</time>
   </trkpt>
   <trkpt lat="47.250361" lon="13.507979">
    <ele>1455.712</ele>
    <time>2026-06-21T10:17:43Z</time>
   </trkpt>
   <trkpt lat="47.250388" lon="13.508006">
    <ele>1456.524</ele>
    <time>2026-06-21T10:18:00Z</time>
   </trkpt>
   <trkpt lat="47.250415" lon="13.508059">
    <ele>1459.136</ele>
    <time>2026-06-21T10:18:18Z</time>
   </trkpt>
   <trkpt lat="47.250392" lon="13.508087">
    <ele>1462.130</ele>
    <time>2026-06-21T10:18:34Z</time>
   </trkpt>
   <trkpt lat="47.250352" lon="13.508129">
    <ele>1465.175</ele>
    <time>2026-06-21T10:18:50Z</time>
   </trkpt>
   <trkpt lat="47.250361" lon="13.508177">
    <ele>1467.202</ele>
    <time>2026-06-21T10:19:02Z</time>
   </trkpt>
   <trkpt lat="47.250397" lon="13.508199">
    <ele>1467.782</ele>
    <time>2026-06-21T10:19:19Z</time>
   </trkpt>
   <trkpt lat="47.250392" lon="13.508214">
    <ele>1468.224</ele>
    <time>2026-06-21T10:19:35Z</time>
   </trkpt>
   <trkpt lat="47.250412" lon="13.508219">
    <ele>1469.326</ele>
    <time>2026-06-21T10:19:54Z</time>
   </trkpt>
   <trkpt lat="47.250420" lon="13.508232">
    <ele>1471.004</ele>
    <time>2026-06-21T10:20:15Z</time>
   </trkpt>
   <trkpt lat="47.250422" lon="13.508282">
    <ele>1472.617</ele>
    <time>2026-06-21T10:20:31Z</time>
   </trkpt>
   <trkpt lat="47.250402" lon="13.508276">
    <ele>1474.033</ele>
    <time>2026-06-21T10:20:48Z</time>
   </trkpt>
   <trkpt lat="47.250381" lon="13.508321">
    <ele>1475.110</ele>
    <time>2026-06-21T10:21:06Z</time>
   </trkpt>
   <trkpt lat="47.250345" lon="13.508351">
    <ele>1475.150</ele>
    <time>2026-06-21T10:21:24Z</time>
   </trkpt>
   <trkpt lat="47.250323" lon="13.508322">
    <ele>1476.438</ele>
    <time>2026-06-21T10:21:44Z</time>
   </trkpt>
   <trkpt lat="47.250329" lon="13.508319">
    <ele>1477.153</ele>
    <time>2026-06-21T10:22:11Z</time>
   </trkpt>
   <trkpt lat="47.250384" lon="13.508283">
    <ele>1477.054</ele>
    <time>2026-06-21T10:22:44Z</time>
   </trkpt>
   <trkpt lat="47.250401" lon="13.508265">
    <ele>1475.625</ele>
    <time>2026-06-21T10:22:46Z</time>
   </trkpt>
   <trkpt lat="47.250434" lon="13.508248">
    <ele>1474.483</ele>
    <time>2026-06-21T10:22:49Z</time>
   </trkpt>
   <trkpt lat="47.250412" lon="13.508215">
    <ele>1473.115</ele>
    <time>2026-06-21T10:22:52Z</time>
   </trkpt>
   <trkpt lat="47.250379" lon="13.508150">
    <ele>1470.033</ele>
    <time>2026-06-21T10:22:57Z</time>
   </trkpt>
   <trkpt lat="47.250333" lon="13.508137">
    <ele>1468.042</ele>
    <time>2026-06-21T10:23:01Z</time>
   </trkpt>
   <trkpt lat="47.250332" lon="13.508110">
    <ele>1467.105</ele>
    <time>2026-06-21T10:23:03Z</time>
   </trkpt>
   <trkpt lat="47.250338" lon="13.508087">
    <ele>1466.415</ele>
    <time>2026-06-21T10:23:05Z</time>
   </trkpt>
   <trkpt lat="47.250370" lon="13.508061">
    <ele>1464.052</ele>
    <time>2026-06-21T10:23:08Z</time>
   </trkpt>
   <trkpt lat="47.250434" lon="13.508009">
    <ele>1460.858</ele>
    <time>2026-06-21T10:23:15Z</time>
   </trkpt>
   <trkpt lat="47.250350" lon="13.507919">
    <ele>1458.818</ele>
    <time>2026-06-21T10:23:26Z</time>
   </trkpt>
   <trkpt lat="47.250310" lon="13.507896">
    <ele>1458.588</ele>
    <time>2026-06-21T10:23:30Z</time>
   </trkpt>
   <trkpt lat="47.250410" lon="13.507725">
    <ele>1447.886</ele>
    <time>2026-06-21T10:23:45Z</time>
   </trkpt>
   <trkpt lat="47.250422" lon="13.507680">
    <ele>1445.111</ele>
    <time>2026-06-21T10:23:50Z</time>
   </trkpt>
   <trkpt lat="47.250396" lon="13.507600">
    <ele>1439.871</ele>
    <time>2026-06-21T10:24:00Z</time>
   </trkpt>
   <trkpt lat="47.250424" lon="13.507575">
    <ele>1436.328</ele>
    <time>2026-06-21T10:24:04Z</time>
   </trkpt>
   <trkpt lat="47.250449" lon="13.507454">
    <ele>1430.215</ele>
    <time>2026-06-21T10:24:21Z</time>
   </trkpt>
   <trkpt lat="47.250439" lon="13.507423">
    <ele>1431.380</ele>
    <time>2026-06-21T10:24:36Z</time>
   </trkpt>
   <trkpt lat="47.250355" lon="13.507564">
    <ele>1430.421</ele>
    <time>2026-06-21T10:24:52Z</time>
   </trkpt>
   <trkpt lat="47.250348" lon="13.507693">
    <ele>1433.401</ele>
    <time>2026-06-21T10:25:08Z</time>
   </trkpt>
   <trkpt lat="47.250387" lon="13.507799">
    <ele>1435.893</ele>
    <time>2026-06-21T10:25:21Z</time>
   </trkpt>
   <trkpt lat="47.250356" lon="13.507877">
    <ele>1439.109</ele>
    <time>2026-06-21T10:25:38Z</time>
   </trkpt>
   <trkpt lat="47.250303" lon="13.507951">
    <ele>1444.146</ele>
    <time>2026-06-21T10:25:59Z</time>
   </trkpt>
   <trkpt lat="47.250358" lon="13.507989">
    <ele>1446.371</ele>
    <time>2026-06-21T10:26:08Z</time>
   </trkpt>
   <trkpt lat="47.250355" lon="13.507999">
    <ele>1447.220</ele>
    <time>2026-06-21T10:26:12Z</time>
   </trkpt>
   <trkpt lat="47.250408" lon="13.508053">
    <ele>1450.080</ele>
    <time>2026-06-21T10:26:25Z</time>
   </trkpt>
   <trkpt lat="47.250409" lon="13.508115">
    <ele>1455.155</ele>
    <time>2026-06-21T10:26:41Z</time>
   </trkpt>
   <trkpt lat="47.250323" lon="13.508193">
    <ele>1457.226</ele>
    <time>2026-06-21T10:26:53Z</time>
   </trkpt>
   <trkpt lat="47.250354" lon="13.508228">
    <ele>1460.688</ele>
    <time>2026-06-21T10:27:03Z</time>
   </trkpt>
   <trkpt lat="47.250441" lon="13.508297">
    <ele>1464.719</ele>
    <time>2026-06-21T10:27:20Z</time>
   </trkpt>
   <trkpt lat="47.250401" lon="13.508355">
    <ele>1466.336</ele>
    <time>2026-06-21T10:27:33Z</time>
   </trkpt>
   <trkpt lat="47.250365" lon="13.508399">
    <ele>1469.569</ele>
    <time>2026-06-21T10:27:48Z</time>
   </trkpt>
   <trkpt lat="47.250354" lon="13.508411">
    <ele>1469.263</ele>
    <time>2026-06-21T10:28:11Z</time>
   </trkpt>
   <trkpt lat="47.250348" lon="13.508406">
    <ele>1470.699</ele>
    <time>2026-06-21T10:29:04Z</time>
   </trkpt>
  </trkseg>
 </trk>
 <trk>
  <name>ACTIVE LOG033050</name>
  <trkseg>
   <trkpt lat="47.250357" lon="13.508356">
    <ele>1477.750</ele>
    <time>2026-06-21T10:30:49Z</time>
   </trkpt>
   <trkpt lat="47.250380" lon="13.508379">
    <ele>1472.933</ele>
    <time>2026-06-21T10:31:28Z</time>
   </trkpt>
  </trkseg>
 </trk>
 <trk>
  <name>ACTIVE LOG033235</name>
  <trkseg>
   <trkpt lat="47.250378" lon="13.508411">
    <ele>1475.838</ele>
    <time>2026-06-21T10:32:35Z</time>
   </trkpt>
   <trkpt lat="47.250340" lon="13.508437">
    <ele>1475.633</ele>
    <time>2026-06-21T10:33:22Z</time>
   </trkpt>
   <trkpt lat="47.250295" lon="13.508550">
    <ele>1476.350</ele>
    <time>2026-06-21T10:33:27Z</time>
   </trkpt>
   <trkpt lat="47.250294" lon="13.509004">
    <ele>1475.351</ele>
    <time>2026-06-21T10:33:44Z</time>
   </trkpt>
   <trkpt lat="47.250320" lon="13.509157">
    <ele>1476.477</ele>
    <time>2026-06-21T10:33:51Z</time>
   </trkpt>
   <trkpt lat="47.250382" lon="13.509220">
    <ele>1475.522</ele>
    <time>2026-06-21T10:34:02Z</time>
   </trkpt>
   <trkpt lat="47.250395" lon="13.509240">
    <ele>1474.085</ele>
    <time>2026-06-21T10:34:16Z</time>
   </trkpt>
   <trkpt lat="47.250381" lon="13.509253">
    <ele>1473.745</ele>
    <time>2026-06-21T10:34:26Z</time>
   </trkpt>
   <trkpt lat="47.250380" lon="13.509546">
    <ele>1479.339</ele>
    <time>2026-06-21T10:34:41Z</time>
   </trkpt>
   <trkpt lat="47.250388" lon="13.509601">
    <ele>1480.505</ele>
    <time>2026-06-21T10:34:44Z</time>
   </trkpt>
   <trkpt lat="47.250375" lon="13.509647">
    <ele>1481.814</ele>
    <time>2026-06-21T10:34:46Z</time>
   </trkpt>
   <trkpt lat="47.250379" lon="13.509821">
    <ele>1484.188</ele>
    <time>2026-06-21T10:34:54Z</time>
   </trkpt>
   <trkpt lat="47.250362" lon="13.509964">
    <ele>1486.188</ele>
    <time>2026-06-21T10:35:00Z</time>
   </trkpt>
   <trkpt lat="47.250338" lon="13.510094">
    <ele>1488.992</ele>
    <time>2026-06-21T10:35:07Z</time>
   </trkpt>
   <trkpt lat="47.250340" lon="13.510163">
    <ele>1488.435</ele>
    <time>2026-06-21T10:35:11Z</time>
   </trkpt>
   <trkpt lat="47.250359" lon="13.510316">
    <ele>1489.435</ele>
    <time>2026-06-21T10:35:27Z</time>
   </trkpt>
   <trkpt lat="47.250256" lon="13.510448">
    <ele>1496.470</ele>
    <time>2026-06-21T10:35:45Z</time>
   </trkpt>
   <trkpt lat="47.250224" lon="13.510553">
    <ele>1501.259</ele>
    <time>2026-06-21T10:36:01Z</time>
   </trkpt>
   <trkpt lat="47.250197" lon="13.510669">
    <ele>1501.261</ele>
    <time>2026-06-21T10:36:17Z</time>
   </trkpt>
   <trkpt lat="47.250132" lon="13.510753">
    <ele>1499.453</ele>
    <time>2026-06-21T10:36:23Z</time>
   </trkpt>
   <trkpt lat="47.250121" lon="13.510806">
    <ele>1499.182</ele>
    <time>2026-06-21T10:36:26Z</time>
   </trkpt>
   <trkpt lat="47.250137" lon="13.510882">
    <ele>1502.106</ele>
    <time>2026-06-21T10:36:31Z</time>
   </trkpt>
   <trkpt lat="47.250152" lon="13.510944">
    <ele>1504.523</ele>
    <time>2026-06-21T10:36:35Z</time>
   </trkpt>
   <trkpt lat="47.250137" lon="13.510975">
    <ele>1505.393</ele>
    <time>2026-06-21T10:36:38Z</time>
   </trkpt>
   <trkpt lat="47.250123" lon="13.511130">
    <ele>1504.265</ele>
    <time>2026-06-21T10:36:50Z</time>
   </trkpt>
   <trkpt lat="47.250117" lon="13.511165">
    <ele>1504.392</ele>
    <time>2026-06-21T10:36:53Z</time>
   </trkpt>
   <trkpt lat="47.250112" lon="13.511266">
    <ele>1504.774</ele>
    <time>2026-06-21T10:37:00Z</time>
   </trkpt>
   <trkpt lat="47.250100" lon="13.511555">
    <ele>1503.231</ele>
    <time>2026-06-21T10:37:15Z</time>
   </trkpt>
   <trkpt lat="47.250107" lon="13.511594">
    <ele>1502.841</ele>
    <time>2026-06-21T10:37:18Z</time>
   </trkpt>
   <trkpt lat="47.250209" lon="13.511864">
    <ele>1506.892</ele>
    <time>2026-06-21T10:37:34Z</time>
   </trkpt>
   <trkpt lat="47.250372" lon="13.512242">
    <ele>1512.119</ele>
    <time>2026-06-21T10:37:55Z</time>
   </trkpt>
   <trkpt lat="47.250484" lon="13.512597">
    <ele>1518.513</ele>
    <time>2026-06-21T10:38:13Z</time>
   </trkpt>
   <trkpt lat="47.250487" lon="13.512611">
    <ele>1518.763</ele>
    <time>2026-06-21T10:38:14Z</time>
   </trkpt>
   <trkpt lat="47.250513" lon="13.512685">
    <ele>1520.860</ele>
    <time>2026-06-21T10:38:19Z</time>
   </trkpt>
   <trkpt lat="47.250536" lon="13.512707">
    <ele>1521.022</ele>
    <time>2026-06-21T10:38:21Z</time>
   </trkpt>
   <trkpt lat="47.250557" lon="13.512805">
    <ele>1524.892</ele>
    <time>2026-06-21T10:38:40Z</time>
   </trkpt>
   <trkpt lat="47.250654" lon="13.512899">
    <ele>1527.860</ele>
    <time>2026-06-21T10:38:52Z</time>
   </trkpt>
   <trkpt lat="47.250684" lon="13.512882">
    <ele>1529.175</ele>
    <time>2026-06-21T10:38:55Z</time>
   </trkpt>
   <trkpt lat="47.250720" lon="13.512853">
    <ele>1530.173</ele>
    <time>2026-06-21T10:38:59Z</time>
   </trkpt>
   <trkpt lat="47.250777" lon="13.512841">
    <ele>1531.578</ele>
    <time>2026-06-21T10:39:04Z</time>
   </trkpt>
   <trkpt lat="47.251021" lon="13.512861">
    <ele>1527.879</ele>
    <time>2026-06-21T10:39:19Z</time>
   </trkpt>
   <trkpt lat="47.251237" lon="13.513079">
    <ele>1526.132</ele>
    <time>2026-06-21T10:39:30Z</time>
   </trkpt>
   <trkpt lat="47.251473" lon="13.513628">
    <ele>1527.761</ele>
    <time>2026-06-21T10:39:52Z</time>
   </trkpt>
   <trkpt lat="47.251454" lon="13.514019">
    <ele>1529.965</ele>
    <time>2026-06-21T10:40:07Z</time>
   </trkpt>
   <trkpt lat="47.251436" lon="13.514062">
    <ele>1530.265</ele>
    <time>2026-06-21T10:40:09Z</time>
   </trkpt>
   <trkpt lat="47.251339" lon="13.514309">
    <ele>1531.746</ele>
    <time>2026-06-21T10:40:24Z</time>
   </trkpt>
   <trkpt lat="47.251315" lon="13.514365">
    <ele>1532.531</ele>
    <time>2026-06-21T10:40:28Z</time>
   </trkpt>
   <trkpt lat="47.251293" lon="13.514391">
    <ele>1532.869</ele>
    <time>2026-06-21T10:40:30Z</time>
   </trkpt>
   <trkpt lat="47.251274" lon="13.514499">
    <ele>1534.169</ele>
    <time>2026-06-21T10:40:38Z</time>
   </trkpt>
   <trkpt lat="47.251224" lon="13.514563">
    <ele>1535.227</ele>
    <time>2026-06-21T10:40:43Z</time>
   </trkpt>
   <trkpt lat="47.251217" lon="13.514618">
    <ele>1535.993</ele>
    <time>2026-06-21T10:40:46Z</time>
   </trkpt>
   <trkpt lat="47.251211" lon="13.514731">
    <ele>1537.219</ele>
    <time>2026-06-21T10:40:52Z</time>
   </trkpt>
   <trkpt lat="47.251201" lon="13.514775">
    <ele>1537.448</ele>
    <time>2026-06-21T10:40:54Z</time>
   </trkpt>
   <trkpt lat="47.251262" lon="13.514920">
    <ele>1539.221</ele>
    <time>2026-06-21T10:41:04Z</time>
   </trkpt>
   <trkpt lat="47.251291" lon="13.514983">
    <ele>1540.258</ele>
    <time>2026-06-21T10:41:08Z</time>
   </trkpt>
   <trkpt lat="47.251337" lon="13.515043">
    <ele>1540.626</ele>
    <time>2026-06-21T10:41:12Z</time>
   </trkpt>
   <trkpt lat="47.251365" lon="13.515101">
    <ele>1541.239</ele>
    <time>2026-06-21T10:41:15Z</time>
   </trkpt>
   <trkpt lat="47.251443" lon="13.515311">
    <ele>1542.467</ele>
    <time>2026-06-21T10:41:24Z</time>
   </trkpt>
   <trkpt lat="47.251203" lon="13.515592">
    <ele>1545.797</ele>
    <time>2026-06-21T10:41:42Z</time>
   </trkpt>
   <trkpt lat="47.251030" lon="13.515537">
    <ele>1547.482</ele>
    <time>2026-06-21T10:41:54Z</time>
   </trkpt>
   <trkpt lat="47.250944" lon="13.515458">
    <ele>1548.081</ele>
    <time>2026-06-21T10:42:02Z</time>
   </trkpt>
   <trkpt lat="47.250827" lon="13.515327">
    <ele>1549.607</ele>
    <time>2026-06-21T10:42:13Z</time>
   </trkpt>
   <trkpt lat="47.250733" lon="13.515295">
    <ele>1551.471</ele>
    <time>2026-06-21T10:42:20Z</time>
   </trkpt>
   <trkpt lat="47.250609" lon="13.515586">
    <ele>1556.129</ele>
    <time>2026-06-21T10:42:37Z</time>
   </trkpt>
   <trkpt lat="47.250620" lon="13.515727">
    <ele>1556.690</ele>
    <time>2026-06-21T10:42:43Z</time>
   </trkpt>
   <trkpt lat="47.250637" lon="13.515772">
    <ele>1557.040</ele>
    <time>2026-06-21T10:42:45Z</time>
   </trkpt>
   <trkpt lat="47.250643" lon="13.515864">
    <ele>1556.813</ele>
    <time>2026-06-21T10:42:49Z</time>
   </trkpt>
   <trkpt lat="47.250762" lon="13.516197">
    <ele>1559.003</ele>
    <time>2026-06-21T10:43:06Z</time>
   </trkpt>
   <trkpt lat="47.250852" lon="13.516278">
    <ele>1560.098</ele>
    <time>2026-06-21T10:43:13Z</time>
   </trkpt>
   <trkpt lat="47.250945" lon="13.516275">
    <ele>1561.370</ele>
    <time>2026-06-21T10:43:19Z</time>
   </trkpt>
   <trkpt lat="47.251171" lon="13.516186">
    <ele>1565.079</ele>
    <time>2026-06-21T10:43:36Z</time>
   </trkpt>
   <trkpt lat="47.251202" lon="13.516149">
    <ele>1565.615</ele>
    <time>2026-06-21T10:43:40Z</time>
   </trkpt>
   <trkpt lat="47.251274" lon="13.516114">
    <ele>1566.927</ele>
    <time>2026-06-21T10:43:46Z</time>
   </trkpt>
   <trkpt lat="47.251493" lon="13.516283">
    <ele>1571.291</ele>
    <time>2026-06-21T10:44:05Z</time>
   </trkpt>
   <trkpt lat="47.251541" lon="13.516470">
    <ele>1572.279</ele>
    <time>2026-06-21T10:44:14Z</time>
   </trkpt>
   <trkpt lat="47.251628" lon="13.516958">
    <ele>1576.627</ele>
    <time>2026-06-21T10:44:36Z</time>
   </trkpt>
   <trkpt lat="47.251740" lon="13.517342">
    <ele>1580.147</ele>
    <time>2026-06-21T10:44:54Z</time>
   </trkpt>
   <trkpt lat="47.251822" lon="13.517683">
    <ele>1582.804</ele>
    <time>2026-06-21T10:45:11Z</time>
   </trkpt>
   <trkpt lat="47.251823" lon="13.517763">
    <ele>1583.030</ele>
    <time>2026-06-21T10:45:15Z</time>
   </trkpt>
   <trkpt lat="47.251818" lon="13.517860">
    <ele>1584.765</ele>
    <time>2026-06-21T10:45:20Z</time>
   </trkpt>
   <trkpt lat="47.251813" lon="13.517945">
    <ele>1585.216</ele>
    <time>2026-06-21T10:45:26Z</time>
   </trkpt>
   <trkpt lat="47.251774" lon="13.518083">
    <ele>1586.651</ele>
    <time>2026-06-21T10:45:33Z</time>
   </trkpt>
   <trkpt lat="47.251704" lon="13.518058">
    <ele>1587.825</ele>
    <time>2026-06-21T10:45:40Z</time>
   </trkpt>
   <trkpt lat="47.251492" lon="13.517700">
    <ele>1590.013</ele>
    <time>2026-06-21T10:46:02Z</time>
   </trkpt>
   <trkpt lat="47.251262" lon="13.517386">
    <ele>1593.646</ele>
    <time>2026-06-21T10:46:25Z</time>
   </trkpt>
   <trkpt lat="47.251032" lon="13.517064">
    <ele>1597.317</ele>
    <time>2026-06-21T10:46:46Z</time>
   </trkpt>
   <trkpt lat="47.250727" lon="13.517088">
    <ele>1601.605</ele>
    <time>2026-06-21T10:47:05Z</time>
   </trkpt>
   <trkpt lat="47.250371" lon="13.517107">
    <ele>1604.684</ele>
    <time>2026-06-21T10:47:28Z</time>
   </trkpt>
   <trkpt lat="47.249999" lon="13.517044">
    <ele>1608.389</ele>
    <time>2026-06-21T10:47:51Z</time>
   </trkpt>
   <trkpt lat="47.249713" lon="13.516847">
    <ele>1610.499</ele>
    <time>2026-06-21T10:48:12Z</time>
   </trkpt>
   <trkpt lat="47.249464" lon="13.516585">
    <ele>1612.304</ele>
    <time>2026-06-21T10:48:33Z</time>
   </trkpt>
   <trkpt lat="47.249399" lon="13.516529">
    <ele>1612.840</ele>
    <time>2026-06-21T10:48:39Z</time>
   </trkpt>
   <trkpt lat="47.249390" lon="13.516494">
    <ele>1612.656</ele>
    <time>2026-06-21T10:48:55Z</time>
   </trkpt>
   <trkpt lat="47.249236" lon="13.516326">
    <ele>1614.713</ele>
    <time>2026-06-21T10:49:10Z</time>
   </trkpt>
   <trkpt lat="47.248937" lon="13.515725">
    <ele>1614.642</ele>
    <time>2026-06-21T10:49:30Z</time>
   </trkpt>
   <trkpt lat="47.248758" lon="13.514806">
    <ele>1615.488</ele>
    <time>2026-06-21T10:49:48Z</time>
   </trkpt>
   <trkpt lat="47.248489" lon="13.514186">
    <ele>1618.349</ele>
    <time>2026-06-21T10:50:06Z</time>
   </trkpt>
   <trkpt lat="47.248189" lon="13.513988">
    <ele>1622.749</ele>
    <time>2026-06-21T10:50:24Z</time>
   </trkpt>
   <trkpt lat="47.247833" lon="13.513897">
    <ele>1626.164</ele>
    <time>2026-06-21T10:50:45Z</time>
   </trkpt>
   <trkpt lat="47.247619" lon="13.513859">
    <ele>1627.321</ele>
    <time>2026-06-21T10:50:57Z</time>
   </trkpt>
   <trkpt lat="47.247570" lon="13.513877">
    <ele>1627.652</ele>
    <time>2026-06-21T10:51:02Z</time>
   </trkpt>
   <trkpt lat="47.247236" lon="13.513757">
    <ele>1631.501</ele>
    <time>2026-06-21T10:51:19Z</time>
   </trkpt>
   <trkpt lat="47.246867" lon="13.513785">
    <ele>1633.830</ele>
    <time>2026-06-21T10:51:37Z</time>
   </trkpt>
   <trkpt lat="47.246721" lon="13.514091">
    <ele>1635.849</ele>
    <time>2026-06-21T10:51:51Z</time>
   </trkpt>
   <trkpt lat="47.246724" lon="13.514109">
    <ele>1637.364</ele>
    <time>2026-06-21T10:52:34Z</time>
   </trkpt>
   <trkpt lat="47.246795" lon="13.514219">
    <ele>1637.126</ele>
    <time>2026-06-21T10:52:46Z</time>
   </trkpt>
   <trkpt lat="47.246796" lon="13.514233">
    <ele>1637.389</ele>
    <time>2026-06-21T10:53:05Z</time>
   </trkpt>
   <trkpt lat="47.246789" lon="13.514415">
    <ele>1639.863</ele>
    <time>2026-06-21T10:53:23Z</time>
   </trkpt>
   <trkpt lat="47.246826" lon="13.514491">
    <ele>1642.597</ele>
    <time>2026-06-21T10:53:41Z</time>
   </trkpt>
   <trkpt lat="47.246848" lon="13.514561">
    <ele>1645.497</ele>
    <time>2026-06-21T10:53:57Z</time>
   </trkpt>
   <trkpt lat="47.246847" lon="13.514561">
    <ele>1645.856</ele>
    <time>2026-06-21T10:54:20Z</time>
   </trkpt>
   <trkpt lat="47.246863" lon="13.514594">
    <ele>1647.328</ele>
    <time>2026-06-21T10:54:46Z</time>
   </trkpt>
   <trkpt lat="47.246903" lon="13.514716">
    <ele>1651.672</ele>
    <time>2026-06-21T10:55:05Z</time>
   </trkpt>
   <trkpt lat="47.246923" lon="13.514741">
    <ele>1652.603</ele>
    <time>2026-06-21T10:55:22Z</time>
   </trkpt>
   <trkpt lat="47.246946" lon="13.514826">
    <ele>1655.232</ele>
    <time>2026-06-21T10:55:35Z</time>
   </trkpt>
   <trkpt lat="47.246967" lon="13.515087">
    <ele>1656.655</ele>
    <time>2026-06-21T10:55:52Z</time>
   </trkpt>
   <trkpt lat="47.247008" lon="13.515188">
    <ele>1657.023</ele>
    <time>2026-06-21T10:55:59Z</time>
   </trkpt>
   <trkpt lat="47.247043" lon="13.515305">
    <ele>1656.114</ele>
    <time>2026-06-21T10:56:03Z</time>
   </trkpt>
   <trkpt lat="47.247074" lon="13.515601">
    <ele>1658.089</ele>
    <time>2026-06-21T10:56:13Z</time>
   </trkpt>
   <trkpt lat="47.247151" lon="13.515781">
    <ele>1658.732</ele>
    <time>2026-06-21T10:56:21Z</time>
   </trkpt>
   <trkpt lat="47.247307" lon="13.515865">
    <ele>1657.051</ele>
    <time>2026-06-21T10:56:29Z</time>
   </trkpt>
   <trkpt lat="47.247361" lon="13.515914">
    <ele>1658.843</ele>
    <time>2026-06-21T10:56:38Z</time>
   </trkpt>
   <trkpt lat="47.247423" lon="13.515976">
    <ele>1656.690</ele>
    <time>2026-06-21T10:56:51Z</time>
   </trkpt>
   <trkpt lat="47.247490" lon="13.516130">
    <ele>1659.766</ele>
    <time>2026-06-21T10:57:06Z</time>
   </trkpt>
   <trkpt lat="47.247505" lon="13.516268">
    <ele>1659.933</ele>
    <time>2026-06-21T10:57:23Z</time>
   </trkpt>
   <trkpt lat="47.247538" lon="13.516349">
    <ele>1662.460</ele>
    <time>2026-06-21T10:57:42Z</time>
   </trkpt>
   <trkpt lat="47.247540" lon="13.516348">
    <ele>1661.024</ele>
    <time>2026-06-21T10:58:01Z</time>
   </trkpt>
   <trkpt lat="47.247558" lon="13.516373">
    <ele>1661.438</ele>
    <time>2026-06-21T10:58:24Z</time>
   </trkpt>
   <trkpt lat="47.247537" lon="13.516442">
    <ele>1660.666</ele>
    <time>2026-06-21T10:58:45Z</time>
   </trkpt>
   <trkpt lat="47.247550" lon="13.516450">
    <ele>1660.890</ele>
    <time>2026-06-21T10:59:54Z</time>
   </trkpt>
   <trkpt lat="47.247554" lon="13.516417">
    <ele>1660.550</ele>
    <time>2026-06-21T11:00:27Z</time>
   </trkpt>
   <trkpt lat="47.247556" lon="13.516422">
    <ele>1660.368</ele>
    <time>2026-06-21T11:02:48Z</time>
   </trkpt>
   <trkpt lat="47.247483" lon="13.516473">
    <ele>1661.940</ele>
    <time>2026-06-21T11:02:54Z</time>
   </trkpt>
   <trkpt lat="47.247344" lon="13.516660">
    <ele>1660.937</ele>
    <time>2026-06-21T11:03:05Z</time>
   </trkpt>
   <trkpt lat="47.247315" lon="13.516686">
    <ele>1659.785</ele>
    <time>2026-06-21T11:03:21Z</time>
   </trkpt>
   <trkpt lat="47.247316" lon="13.516689">
    <ele>1659.786</ele>
    <time>2026-06-21T11:03:23Z</time>
   </trkpt>
   <trkpt lat="47.247386" lon="13.516610">
    <ele>1660.849</ele>
    <time>2026-06-21T11:03:36Z</time>
   </trkpt>
   <trkpt lat="47.247416" lon="13.516558">
    <ele>1660.392</ele>
    <time>2026-06-21T11:03:39Z</time>
   </trkpt>
   <trkpt lat="47.247624" lon="13.516445">
    <ele>1661.176</ele>
    <time>2026-06-21T11:03:50Z</time>
   </trkpt>
   <trkpt lat="47.247703" lon="13.516464">
    <ele>1660.829</ele>
    <time>2026-06-21T11:03:55Z</time>
   </trkpt>
   <trkpt lat="47.247773" lon="13.516454">
    <ele>1660.313</ele>
    <time>2026-06-21T11:03:59Z</time>
   </trkpt>
   <trkpt lat="47.247884" lon="13.516607">
    <ele>1662.574</ele>
    <time>2026-06-21T11:04:10Z</time>
   </trkpt>
   <trkpt lat="47.247917" lon="13.516584">
    <ele>1662.525</ele>
    <time>2026-06-21T11:04:13Z</time>
   </trkpt>
   <trkpt lat="47.248115" lon="13.516581">
    <ele>1663.037</ele>
    <time>2026-06-21T11:04:25Z</time>
   </trkpt>
   <trkpt lat="47.248256" lon="13.516655">
    <ele>1661.145</ele>
    <time>2026-06-21T11:04:32Z</time>
   </trkpt>
   <trkpt lat="47.248428" lon="13.516883">
    <ele>1661.778</ele>
    <time>2026-06-21T11:04:43Z</time>
   </trkpt>
   <trkpt lat="47.248460" lon="13.516962">
    <ele>1662.552</ele>
    <time>2026-06-21T11:04:47Z</time>
   </trkpt>
   <trkpt lat="47.248503" lon="13.517061">
    <ele>1662.731</ele>
    <time>2026-06-21T11:04:55Z</time>
   </trkpt>
   <trkpt lat="47.248518" lon="13.517182">
    <ele>1665.808</ele>
    <time>2026-06-21T11:05:02Z</time>
   </trkpt>
   <trkpt lat="47.248532" lon="13.517351">
    <ele>1668.507</ele>
    <time>2026-06-21T11:05:10Z</time>
   </trkpt>
   <trkpt lat="47.248576" lon="13.517417">
    <ele>1668.020</ele>
    <time>2026-06-21T11:05:20Z</time>
   </trkpt>
   <trkpt lat="47.248591" lon="13.517494">
    <ele>1668.057</ele>
    <time>2026-06-21T11:05:25Z</time>
   </trkpt>
   <trkpt lat="47.248605" lon="13.517518">
    <ele>1669.601</ele>
    <time>2026-06-21T11:05:27Z</time>
   </trkpt>
   <trkpt lat="47.248544" lon="13.517680">
    <ele>1669.524</ele>
    <time>2026-06-21T11:05:37Z</time>
   </trkpt>
   <trkpt lat="47.248563" lon="13.517836">
    <ele>1672.309</ele>
    <time>2026-06-21T11:05:46Z</time>
   </trkpt>
   <trkpt lat="47.248540" lon="13.517994">
    <ele>1673.613</ele>
    <time>2026-06-21T11:05:54Z</time>
   </trkpt>
   <trkpt lat="47.248537" lon="13.518063">
    <ele>1674.849</ele>
    <time>2026-06-21T11:05:58Z</time>
   </trkpt>
   <trkpt lat="47.248497" lon="13.518197">
    <ele>1674.047</ele>
    <time>2026-06-21T11:06:11Z</time>
   </trkpt>
   <trkpt lat="47.248484" lon="13.518238">
    <ele>1675.491</ele>
    <time>2026-06-21T11:06:25Z</time>
   </trkpt>
   <trkpt lat="47.248485" lon="13.518245">
    <ele>1675.673</ele>
    <time>2026-06-21T11:06:49Z</time>
   </trkpt>
   <trkpt lat="47.248509" lon="13.518351">
    <ele>1677.807</ele>
    <time>2026-06-21T11:07:03Z</time>
   </trkpt>
   <trkpt lat="47.248494" lon="13.518492">
    <ele>1676.760</ele>
    <time>2026-06-21T11:07:09Z</time>
   </trkpt>
   <trkpt lat="47.248421" lon="13.518788">
    <ele>1676.216</ele>
    <time>2026-06-21T11:07:21Z</time>
   </trkpt>
   <trkpt lat="47.248340" lon="13.519077">
    <ele>1681.044</ele>
    <time>2026-06-21T11:07:33Z</time>
   </trkpt>
   <trkpt lat="47.248435" lon="13.519610">
    <ele>1681.076</ele>
    <time>2026-06-21T11:07:46Z</time>
   </trkpt>
   <trkpt lat="47.248541" lon="13.520090">
    <ele>1680.011</ele>
    <time>2026-06-21T11:08:00Z</time>
   </trkpt>
   <trkpt lat="47.248570" lon="13.520322">
    <ele>1676.723</ele>
    <time>2026-06-21T11:08:36Z</time>
   </trkpt>
   <trkpt lat="47.248664" lon="13.521073">
    <ele>1671.899</ele>
    <time>2026-06-21T11:08:46Z</time>
   </trkpt>
   <trkpt lat="47.248663" lon="13.521111">
    <ele>1671.751</ele>
    <time>2026-06-21T11:08:58Z</time>
   </trkpt>
   <trkpt lat="47.248674" lon="13.521164">
    <ele>1672.154</ele>
    <time>2026-06-21T11:09:25Z</time>
   </trkpt>
   <trkpt lat="47.248712" lon="13.521634">
    <ele>1673.486</ele>
    <time>2026-06-21T11:09:39Z</time>
   </trkpt>
   <trkpt lat="47.248676" lon="13.522209">
    <ele>1675.260</ele>
    <time>2026-06-21T11:09:54Z</time>
   </trkpt>
   <trkpt lat="47.248528" lon="13.522817">
    <ele>1674.164</ele>
    <time>2026-06-21T11:10:07Z</time>
   </trkpt>
   <trkpt lat="47.248531" lon="13.523305">
    <ele>1673.282</ele>
    <time>2026-06-21T11:10:16Z</time>
   </trkpt>
   <trkpt lat="47.248339" lon="13.523976">
    <ele>1674.270</ele>
    <time>2026-06-21T11:10:29Z</time>
   </trkpt>
   <trkpt lat="47.248327" lon="13.524413">
    <ele>1674.945</ele>
    <time>2026-06-21T11:10:43Z</time>
   </trkpt>
   <trkpt lat="47.248370" lon="13.524978">
    <ele>1676.247</ele>
    <time>2026-06-21T11:10:57Z</time>
   </trkpt>
   <trkpt lat="47.248543" lon="13.525516">
    <ele>1677.665</ele>
    <time>2026-06-21T11:11:11Z</time>
   </trkpt>
   <trkpt lat="47.248555" lon="13.525552">
    <ele>1678.066</ele>
    <time>2026-06-21T11:11:23Z</time>
   </trkpt>
   <trkpt lat="47.248670" lon="13.525836">
    <ele>1676.868</ele>
    <time>2026-06-21T11:11:39Z</time>
   </trkpt>
   <trkpt lat="47.248672" lon="13.525841">
    <ele>1677.011</ele>
    <time>2026-06-21T11:12:00Z</time>
   </trkpt>
   <trkpt lat="47.248735" lon="13.526115">
    <ele>1675.480</ele>
    <time>2026-06-21T11:12:16Z</time>
   </trkpt>
   <trkpt lat="47.248760" lon="13.526259">
    <ele>1675.406</ele>
    <time>2026-06-21T11:12:18Z</time>
   </trkpt>
   <trkpt lat="47.248779" lon="13.526680">
    <ele>1674.161</ele>
    <time>2026-06-21T11:12:24Z</time>
   </trkpt>
   <trkpt lat="47.249001" lon="13.527143">
    <ele>1669.182</ele>
    <time>2026-06-21T11:12:31Z</time>
   </trkpt>
   <trkpt lat="47.249108" lon="13.527772">
    <ele>1663.655</ele>
    <time>2026-06-21T11:12:37Z</time>
   </trkpt>
   <trkpt lat="47.248979" lon="13.528173">
    <ele>1660.870</ele>
    <time>2026-06-21T11:12:40Z</time>
   </trkpt>
   <trkpt lat="47.248908" lon="13.528745">
    <ele>1659.865</ele>
    <time>2026-06-21T11:12:44Z</time>
   </trkpt>
   <trkpt lat="47.248954" lon="13.529251">
    <ele>1658.292</ele>
    <time>2026-06-21T11:12:48Z</time>
   </trkpt>
   <trkpt lat="47.248889" lon="13.529735">
    <ele>1655.467</ele>
    <time>2026-06-21T11:12:53Z</time>
   </trkpt>
   <trkpt lat="47.248756" lon="13.530034">
    <ele>1653.509</ele>
    <time>2026-06-21T11:12:56Z</time>
   </trkpt>
   <trkpt lat="47.248707" lon="13.530620">
    <ele>1651.516</ele>
    <time>2026-06-21T11:13:01Z</time>
   </trkpt>
   <trkpt lat="47.248752" lon="13.530856">
    <ele>1651.273</ele>
    <time>2026-06-21T11:13:03Z</time>
   </trkpt>
   <trkpt lat="47.248764" lon="13.531278">
    <ele>1651.719</ele>
    <time>2026-06-21T11:13:07Z</time>
   </trkpt>
   <trkpt lat="47.248705" lon="13.532533">
    <ele>1650.893</ele>
    <time>2026-06-21T11:13:22Z</time>
   </trkpt>
   <trkpt lat="47.248662" lon="13.532826">
    <ele>1649.420</ele>
    <time>2026-06-21T11:13:26Z</time>
   </trkpt>
   <trkpt lat="47.248586" lon="13.533116">
    <ele>1649.438</ele>
    <time>2026-06-21T11:13:30Z</time>
   </trkpt>
   <trkpt lat="47.248628" lon="13.534141">
    <ele>1651.520</ele>
    <time>2026-06-21T11:13:45Z</time>
   </trkpt>
   <trkpt lat="47.248656" lon="13.534716">
    <ele>1652.464</ele>
    <time>2026-06-21T11:13:53Z</time>
   </trkpt>
   <trkpt lat="47.248820" lon="13.535054">
    <ele>1652.408</ele>
    <time>2026-06-21T11:13:59Z</time>
   </trkpt>
   <trkpt lat="47.249153" lon="13.535423">
    <ele>1652.686</ele>
    <time>2026-06-21T11:14:12Z</time>
   </trkpt>
   <trkpt lat="47.249267" lon="13.535548">
    <ele>1653.536</ele>
    <time>2026-06-21T11:14:16Z</time>
   </trkpt>
   <trkpt lat="47.249835" lon="13.536303">
    <ele>1655.361</ele>
    <time>2026-06-21T11:14:34Z</time>
   </trkpt>
   <trkpt lat="47.249953" lon="13.537159">
    <ele>1655.521</ele>
    <time>2026-06-21T11:14:49Z</time>
   </trkpt>
   <trkpt lat="47.250032" lon="13.537761">
    <ele>1657.646</ele>
    <time>2026-06-21T11:15:06Z</time>
   </trkpt>
   <trkpt lat="47.250012" lon="13.538329">
    <ele>1659.561</ele>
    <time>2026-06-21T11:15:21Z</time>
   </trkpt>
   <trkpt lat="47.250104" lon="13.538771">
    <ele>1662.004</ele>
    <time>2026-06-21T11:15:35Z</time>
   </trkpt>
   <trkpt lat="47.250299" lon="13.539729">
    <ele>1664.338</ele>
    <time>2026-06-21T11:15:56Z</time>
   </trkpt>
   <trkpt lat="47.250671" lon="13.540682">
    <ele>1665.134</ele>
    <time>2026-06-21T11:16:20Z</time>
   </trkpt>
   <trkpt lat="47.251171" lon="13.541902">
    <ele>1664.057</ele>
    <time>2026-06-21T11:16:42Z</time>
   </trkpt>
   <trkpt lat="47.251306" lon="13.543293">
    <ele>1664.636</ele>
    <time>2026-06-21T11:17:01Z</time>
   </trkpt>
   <trkpt lat="47.251360" lon="13.543980">
    <ele>1664.966</ele>
    <time>2026-06-21T11:17:11Z</time>
   </trkpt>
   <trkpt lat="47.251434" lon="13.544715">
    <ele>1665.967</ele>
    <time>2026-06-21T11:17:25Z</time>
   </trkpt>
   <trkpt lat="47.251638" lon="13.546087">
    <ele>1669.983</ele>
    <time>2026-06-21T11:17:54Z</time>
   </trkpt>
   <trkpt lat="47.251666" lon="13.546994">
    <ele>1675.083</ele>
    <time>2026-06-21T11:18:16Z</time>
   </trkpt>
   <trkpt lat="47.251434" lon="13.547824">
    <ele>1680.793</ele>
    <time>2026-06-21T11:18:39Z</time>
   </trkpt>
   <trkpt lat="47.251088" lon="13.548421">
    <ele>1685.891</ele>
    <time>2026-06-21T11:19:00Z</time>
   </trkpt>
   <trkpt lat="47.250786" lon="13.549047">
    <ele>1691.107</ele>
    <time>2026-06-21T11:19:22Z</time>
   </trkpt>
   <trkpt lat="47.250555" lon="13.549759">
    <ele>1697.539</ele>
    <time>2026-06-21T11:19:47Z</time>
   </trkpt>
   <trkpt lat="47.250431" lon="13.550584">
    <ele>1702.028</ele>
    <time>2026-06-21T11:20:12Z</time>
   </trkpt>
   <trkpt lat="47.250399" lon="13.551238">
    <ele>1705.868</ele>
    <time>2026-06-21T11:20:32Z</time>
   </trkpt>
   <trkpt lat="47.250303" lon="13.552002">
    <ele>1710.781</ele>
    <time>2026-06-21T11:20:57Z</time>
   </trkpt>
   <trkpt lat="47.250151" lon="13.552663">
    <ele>1714.543</ele>
    <time>2026-06-21T11:21:19Z</time>
   </trkpt>
   <trkpt lat="47.249922" lon="13.553319">
    <ele>1719.456</ele>
    <time>2026-06-21T11:21:41Z</time>
   </trkpt>
   <trkpt lat="47.249694" lon="13.553853">
    <ele>1723.016</ele>
    <time>2026-06-21T11:22:02Z</time>
   </trkpt>
   <trkpt lat="47.249506" lon="13.554331">
    <ele>1728.028</ele>
    <time>2026-06-21T11:22:20Z</time>
   </trkpt>
   <trkpt lat="47.249352" lon="13.554764">
    <ele>1731.543</ele>
    <time>2026-06-21T11:22:37Z</time>
   </trkpt>
   <trkpt lat="47.249181" lon="13.555351">
    <ele>1738.212</ele>
    <time>2026-06-21T11:22:58Z</time>
   </trkpt>
   <trkpt lat="47.248993" lon="13.555978">
    <ele>1740.740</ele>
    <time>2026-06-21T11:23:19Z</time>
   </trkpt>
   <trkpt lat="47.248836" lon="13.556743">
    <ele>1743.858</ele>
    <time>2026-06-21T11:23:45Z</time>
   </trkpt>
   <trkpt lat="47.248688" lon="13.557204">
    <ele>1745.149</ele>
    <time>2026-06-21T11:24:02Z</time>
   </trkpt>
   <trkpt lat="47.248637" lon="13.557334">
    <ele>1745.411</ele>
    <time>2026-06-21T11:24:16Z</time>
   </trkpt>
   <trkpt lat="47.248653" lon="13.557364">
    <ele>1745.822</ele>
    <time>2026-06-21T11:25:14Z</time>
   </trkpt>
   <trkpt lat="47.248749" lon="13.557548">
    <ele>1747.521</ele>
    <time>2026-06-21T11:25:24Z</time>
   </trkpt>
   <trkpt lat="47.248760" lon="13.557561">
    <ele>1747.027</ele>
    <time>2026-06-21T11:25:37Z</time>
   </trkpt>
   <trkpt lat="47.248518" lon="13.557462">
    <ele>1744.230</ele>
    <time>2026-06-21T11:27:44Z</time>
   </trkpt>
   <trkpt lat="47.248305" lon="13.557405">
    <ele>1743.266</ele>
    <time>2026-06-21T11:28:00Z</time>
   </trkpt>
   <trkpt lat="47.248324" lon="13.557397">
    <ele>1743.472</ele>
    <time>2026-06-21T11:28:18Z</time>
   </trkpt>
   <trkpt lat="47.248301" lon="13.557379">
    <ele>1742.603</ele>
    <time>2026-06-21T11:28:39Z</time>
   </trkpt>
   <trkpt lat="47.248426" lon="13.557415">
    <ele>1742.966</ele>
    <time>2026-06-21T11:28:55Z</time>
   </trkpt>
   <trkpt lat="47.248439" lon="13.557438">
    <ele>1742.180</ele>
    <time>2026-06-21T11:29:10Z</time>
   </trkpt>
   <trkpt lat="47.248377" lon="13.557428">
    <ele>1744.137</ele>
    <time>2026-06-21T11:29:27Z</time>
   </trkpt>
   <trkpt lat="47.248416" lon="13.557442">
    <ele>1744.143</ele>
    <time>2026-06-21T11:29:45Z</time>
   </trkpt>
   <trkpt lat="47.248339" lon="13.557405">
    <ele>1743.292</ele>
    <time>2026-06-21T11:29:59Z</time>
   </trkpt>
   <trkpt lat="47.248390" lon="13.557448">
    <ele>1743.695</ele>
    <time>2026-06-21T11:30:11Z</time>
   </trkpt>
   <trkpt lat="47.248388" lon="13.557450">
    <ele>1743.741</ele>
    <time>2026-06-21T11:30:16Z</time>
   </trkpt>
   <trkpt lat="47.248421" lon="13.557589">
    <ele>1741.800</ele>
    <time>2026-06-21T11:30:21Z</time>
   </trkpt>
   <trkpt lat="47.248138" lon="13.558701">
    <ele>1740.683</ele>
    <time>2026-06-21T11:30:40Z</time>
   </trkpt>
   <trkpt lat="47.247603" lon="13.560137">
    <ele>1737.887</ele>
    <time>2026-06-21T11:30:58Z</time>
   </trkpt>
   <trkpt lat="47.247100" lon="13.561811">
    <ele>1732.947</ele>
    <time>2026-06-21T11:31:13Z</time>
   </trkpt>
   <trkpt lat="47.246306" lon="13.563386">
    <ele>1722.635</ele>
    <time>2026-06-21T11:31:25Z</time>
   </trkpt>
   <trkpt lat="47.245365" lon="13.564473">
    <ele>1711.854</ele>
    <time>2026-06-21T11:31:34Z</time>
   </trkpt>
   <trkpt lat="47.243898" lon="13.565981">
    <ele>1696.960</ele>
    <time>2026-06-21T11:31:46Z</time>
   </trkpt>
   <trkpt lat="47.242332" lon="13.567494">
    <ele>1681.066</ele>
    <time>2026-06-21T11:31:58Z</time>
   </trkpt>
   <trkpt lat="47.240868" lon="13.569248">
    <ele>1665.052</ele>
    <time>2026-06-21T11:32:10Z</time>
   </trkpt>
   <trkpt lat="47.239807" lon="13.570234">
    <ele>1653.800</ele>
    <time>2026-06-21T11:32:18Z</time>
   </trkpt>
   <trkpt lat="47.237986" lon="13.571643">
    <ele>1666.788</ele>
    <time>2026-06-21T11:32:32Z</time>
   </trkpt>
   <trkpt lat="47.238067" lon="13.573124">
    <ele>1628.888</ele>
    <time>2026-06-21T11:32:39Z</time>
   </trkpt>
   <trkpt lat="47.237442" lon="13.574414">
    <ele>1629.779</ele>
    <time>2026-06-21T11:32:50Z</time>
   </trkpt>
   <trkpt lat="47.237314" lon="13.574687">
    <ele>1629.617</ele>
    <time>2026-06-21T11:32:52Z</time>
   </trkpt>
   <trkpt lat="47.236480" lon="13.575378">
    <ele>1620.615</ele>
    <time>2026-06-21T11:33:01Z</time>
   </trkpt>
   <trkpt lat="47.236301" lon="13.575358">
    <ele>1618.260</ele>
    <time>2026-06-21T11:33:07Z</time>
   </trkpt>
   <trkpt lat="47.236205" lon="13.575413">
    <ele>1618.813</ele>
    <time>2026-06-21T11:33:36Z</time>
   </trkpt>
   <trkpt lat="47.235566" lon="13.575617">
    <ele>1612.532</ele>
    <time>2026-06-21T11:33:45Z</time>
   </trkpt>
   <trkpt lat="47.234570" lon="13.576015">
    <ele>1603.631</ele>
    <time>2026-06-21T11:33:54Z</time>
   </trkpt>
   <trkpt lat="47.233110" lon="13.576591">
    <ele>1590.077</ele>
    <time>2026-06-21T11:34:05Z</time>
   </trkpt>
   <trkpt lat="47.231853" lon="13.577928">
    <ele>1577.185</ele>
    <time>2026-06-21T11:34:15Z</time>
   </trkpt>
   <trkpt lat="47.230198" lon="13.579424">
    <ele>1554.897</ele>
    <time>2026-06-21T11:34:27Z</time>
   </trkpt>
   <trkpt lat="47.228709" lon="13.579815">
    <ele>1535.524</ele>
    <time>2026-06-21T11:34:36Z</time>
   </trkpt>
   <trkpt lat="47.225787" lon="13.580298">
    <ele>1503.464</ele>
    <time>2026-06-21T11:34:53Z</time>
   </trkpt>
   <trkpt lat="47.224357" lon="13.581209">
    <ele>1488.276</ele>
    <time>2026-06-21T11:35:02Z</time>
   </trkpt>
   <trkpt lat="47.222870" lon="13.581502">
    <ele>1471.219</ele>
    <time>2026-06-21T11:35:11Z</time>
   </trkpt>
   <trkpt lat="47.220494" lon="13.582086">
    <ele>1447.217</ele>
    <time>2026-06-21T11:35:25Z</time>
   </trkpt>
   <trkpt lat="47.218149" lon="13.582841">
    <ele>1430.709</ele>
    <time>2026-06-21T11:35:40Z</time>
   </trkpt>
   <trkpt lat="47.216039" lon="13.583023">
    <ele>1422.063</ele>
    <time>2026-06-21T11:35:55Z</time>
   </trkpt>
   <trkpt lat="47.214175" lon="13.583110">
    <ele>1414.238</ele>
    <time>2026-06-21T11:36:10Z</time>
   </trkpt>
   <trkpt lat="47.213018" lon="13.583646">
    <ele>1411.876</ele>
    <time>2026-06-21T11:36:22Z</time>
   </trkpt>
   <trkpt lat="47.211592" lon="13.584472">
    <ele>1410.009</ele>
    <time>2026-06-21T11:36:40Z</time>
   </trkpt>
   <trkpt lat="47.209828" lon="13.585145">
    <ele>1402.802</ele>
    <time>2026-06-21T11:36:58Z</time>
   </trkpt>
   <trkpt lat="47.208713" lon="13.585797">
    <ele>1398.726</ele>
    <time>2026-06-21T11:37:08Z</time>
   </trkpt>
   <trkpt lat="47.207523" lon="13.585794">
    <ele>1393.538</ele>
    <time>2026-06-21T11:37:16Z</time>
   </trkpt>
   <trkpt lat="47.206211" lon="13.585266">
    <ele>1379.624</ele>
    <time>2026-06-21T11:37:25Z</time>
   </trkpt>
   <trkpt lat="47.206026" lon="13.585272">
    <ele>1377.355</ele>
    <time>2026-06-21T11:37:27Z</time>
   </trkpt>
   <trkpt lat="47.205735" lon="13.585349">
    <ele>1373.506</ele>
    <time>2026-06-21T11:37:30Z</time>
   </trkpt>
   <trkpt lat="47.204376" lon="13.585736">
    <ele>1365.216</ele>
    <time>2026-06-21T11:37:40Z</time>
   </trkpt>
   <trkpt lat="47.203875" lon="13.586239">
    <ele>1361.933</ele>
    <time>2026-06-21T11:37:44Z</time>
   </trkpt>
   <trkpt lat="47.203012" lon="13.587228">
    <ele>1358.042</ele>
    <time>2026-06-21T11:37:49Z</time>
   </trkpt>
   <trkpt lat="47.201952" lon="13.587883">
    <ele>1353.455</ele>
    <time>2026-06-21T11:37:56Z</time>
   </trkpt>
   <trkpt lat="47.200911" lon="13.589385">
    <ele>1345.174</ele>
    <time>2026-06-21T11:38:05Z</time>
   </trkpt>
   <trkpt lat="47.200415" lon="13.589868">
    <ele>1344.380</ele>
    <time>2026-06-21T11:38:09Z</time>
   </trkpt>
   <trkpt lat="47.199760" lon="13.590164">
    <ele>1343.884</ele>
    <time>2026-06-21T11:38:14Z</time>
   </trkpt>
   <trkpt lat="47.198740" lon="13.591342">
    <ele>1328.716</ele>
    <time>2026-06-21T11:38:22Z</time>
   </trkpt>
   <trkpt lat="47.197517" lon="13.592151">
    <ele>1303.461</ele>
    <time>2026-06-21T11:38:31Z</time>
   </trkpt>
   <trkpt lat="47.195578" lon="13.593191">
    <ele>1281.265</ele>
    <time>2026-06-21T11:38:44Z</time>
   </trkpt>
   <trkpt lat="47.194699" lon="13.594354">
    <ele>1271.025</ele>
    <time>2026-06-21T11:38:51Z</time>
   </trkpt>
   <trkpt lat="47.193457" lon="13.596307">
    <ele>1256.609</ele>
    <time>2026-06-21T11:39:02Z</time>
   </trkpt>
   <trkpt lat="47.192145" lon="13.597813">
    <ele>1241.400</ele>
    <time>2026-06-21T11:39:14Z</time>
   </trkpt>
   <trkpt lat="47.191309" lon="13.599014">
    <ele>1243.060</ele>
    <time>2026-06-21T11:39:25Z</time>
   </trkpt>
   <trkpt lat="47.190922" lon="13.599875">
    <ele>1241.458</ele>
    <time>2026-06-21T11:39:33Z</time>
   </trkpt>
   <trkpt lat="47.190731" lon="13.600307">
    <ele>1241.647</ele>
    <time>2026-06-21T11:39:37Z</time>
   </trkpt>
   <trkpt lat="47.190178" lon="13.601763">
    <ele>1240.486</ele>
    <time>2026-06-21T11:39:51Z</time>
   </trkpt>
   <trkpt lat="47.190048" lon="13.601977">
    <ele>1239.064</ele>
    <time>2026-06-21T11:39:58Z</time>
   </trkpt>
   <trkpt lat="47.190077" lon="13.601948">
    <ele>1238.876</ele>
    <time>2026-06-21T11:40:24Z</time>
   </trkpt>
   <trkpt lat="47.190145" lon="13.601951">
    <ele>1238.233</ele>
    <time>2026-06-21T11:40:28Z</time>
   </trkpt>
   <trkpt lat="47.190229" lon="13.601962">
    <ele>1238.307</ele>
    <time>2026-06-21T11:40:39Z</time>
   </trkpt>
   <trkpt lat="47.190259" lon="13.602039">
    <ele>1238.960</ele>
    <time>2026-06-21T11:40:44Z</time>
   </trkpt>
   <trkpt lat="47.190362" lon="13.602082">
    <ele>1236.541</ele>
    <time>2026-06-21T11:40:53Z</time>
   </trkpt>
   <trkpt lat="47.190394" lon="13.602062">
    <ele>1236.123</ele>
    <time>2026-06-21T11:41:01Z</time>
   </trkpt>
  </trkseg>
 </trk>
 <trk>
  <name>ACTIVE LOG051016</name>
  <trkseg>
   <trkpt lat="47.190961" lon="13.602261">
    <ele>1197.832</ele>
    <time>2026-06-21T12:10:16Z</time>
   </trkpt>
   <trkpt lat="47.190674" lon="13.602128">
    <ele>1231.787</ele>
    <time>2026-06-21T12:10:27Z</time>
   </trkpt>
   <trkpt lat="47.190664" lon="13.602103">
    <ele>1232.194</ele>
    <time>2026-06-21T12:10:30Z</time>
   </trkpt>
   <trkpt lat="47.190483" lon="13.602073">
    <ele>1234.688</ele>
    <time>2026-06-21T12:10:34Z</time>
   </trkpt>
   <trkpt lat="47.190227" lon="13.601950">
    <ele>1236.212</ele>
    <time>2026-06-21T12:10:49Z</time>
   </trkpt>
   <trkpt lat="47.190219" lon="13.601949">
    <ele>1236.155</ele>
    <time>2026-06-21T12:10:50Z</time>
   </trkpt>
   <trkpt lat="47.190184" lon="13.601962">
    <ele>1236.374</ele>
    <time>2026-06-21T12:10:52Z</time>
   </trkpt>
   <trkpt lat="47.190079" lon="13.602087">
    <ele>1237.678</ele>
    <time>2026-06-21T12:10:56Z</time>
   </trkpt>
   <trkpt lat="47.189638" lon="13.602846">
    <ele>1235.369</ele>
    <time>2026-06-21T12:11:09Z</time>
   </trkpt>
   <trkpt lat="47.189447" lon="13.603045">
    <ele>1234.331</ele>
    <time>2026-06-21T12:11:13Z</time>
   </trkpt>
   <trkpt lat="47.189111" lon="13.603568">
    <ele>1235.363</ele>
    <time>2026-06-21T12:11:21Z</time>
   </trkpt>
   <trkpt lat="47.188950" lon="13.603746">
    <ele>1234.744</ele>
    <time>2026-06-21T12:11:25Z</time>
   </trkpt>
   <trkpt lat="47.188463" lon="13.604224">
    <ele>1231.656</ele>
    <time>2026-06-21T12:11:37Z</time>
   </trkpt>
   <trkpt lat="47.187638" lon="13.604592">
    <ele>1229.979</ele>
    <time>2026-06-21T12:11:51Z</time>
   </trkpt>
   <trkpt lat="47.186733" lon="13.605421">
    <ele>1227.946</ele>
    <time>2026-06-21T12:12:09Z</time>
   </trkpt>
   <trkpt lat="47.185913" lon="13.605808">
    <ele>1227.111</ele>
    <time>2026-06-21T12:12:23Z</time>
   </trkpt>
   <trkpt lat="47.185853" lon="13.605826">
    <ele>1227.009</ele>
    <time>2026-06-21T12:12:24Z</time>
   </trkpt>
   <trkpt lat="47.185531" lon="13.606205">
    <ele>1227.462</ele>
    <time>2026-06-21T12:12:31Z</time>
   </trkpt>
   <trkpt lat="47.185407" lon="13.606730">
    <ele>1226.967</ele>
    <time>2026-06-21T12:12:37Z</time>
   </trkpt>
   <trkpt lat="47.185342" lon="13.607848">
    <ele>1227.440</ele>
    <time>2026-06-21T12:12:50Z</time>
   </trkpt>
   <trkpt lat="47.185328" lon="13.608912">
    <ele>1227.435</ele>
    <time>2026-06-21T12:13:04Z</time>
   </trkpt>
   <trkpt lat="47.185309" lon="13.609293">
    <ele>1226.002</ele>
    <time>2026-06-21T12:13:53Z</time>
   </trkpt>
   <trkpt lat="47.185211" lon="13.609854">
    <ele>1226.293</ele>
    <time>2026-06-21T12:14:00Z</time>
   </trkpt>
   <trkpt lat="47.184941" lon="13.610582">
    <ele>1226.441</ele>
    <time>2026-06-21T12:14:09Z</time>
   </trkpt>
   <trkpt lat="47.184826" lon="13.611013">
    <ele>1226.959</ele>
    <time>2026-06-21T12:14:14Z</time>
   </trkpt>
   <trkpt lat="47.184747" lon="13.611459">
    <ele>1227.764</ele>
    <time>2026-06-21T12:14:19Z</time>
   </trkpt>
   <trkpt lat="47.184698" lon="13.611904">
    <ele>1228.429</ele>
    <time>2026-06-21T12:14:24Z</time>
   </trkpt>
   <trkpt lat="47.184756" lon="13.612439">
    <ele>1228.600</ele>
    <time>2026-06-21T12:14:30Z</time>
   </trkpt>
   <trkpt lat="47.184758" lon="13.612977">
    <ele>1230.922</ele>
    <time>2026-06-21T12:14:36Z</time>
   </trkpt>
   <trkpt lat="47.184469" lon="13.613674">
    <ele>1229.568</ele>
    <time>2026-06-21T12:14:45Z</time>
   </trkpt>
   <trkpt lat="47.184356" lon="13.613860">
    <ele>1229.844</ele>
    <time>2026-06-21T12:14:48Z</time>
   </trkpt>
   <trkpt lat="47.184248" lon="13.613972">
    <ele>1225.988</ele>
    <time>2026-06-21T12:14:56Z</time>
   </trkpt>
   <trkpt lat="47.184063" lon="13.614179">
    <ele>1224.238</ele>
    <time>2026-06-21T12:15:27Z</time>
   </trkpt>
   <trkpt lat="47.183986" lon="13.614273">
    <ele>1224.367</ele>
    <time>2026-06-21T12:15:29Z</time>
   </trkpt>
   <trkpt lat="47.183885" lon="13.614556">
    <ele>1224.491</ele>
    <time>2026-06-21T12:15:33Z</time>
   </trkpt>
   <trkpt lat="47.183788" lon="13.615309">
    <ele>1225.092</ele>
    <time>2026-06-21T12:15:42Z</time>
   </trkpt>
   <trkpt lat="47.183460" lon="13.616216">
    <ele>1224.536</ele>
    <time>2026-06-21T12:15:56Z</time>
   </trkpt>
   <trkpt lat="47.183274" lon="13.616806">
    <ele>1224.034</ele>
    <time>2026-06-21T12:16:03Z</time>
   </trkpt>
   <trkpt lat="47.183090" lon="13.616994">
    <ele>1224.468</ele>
    <time>2026-06-21T12:16:08Z</time>
   </trkpt>
   <trkpt lat="47.182571" lon="13.616628">
    <ele>1224.324</ele>
    <time>2026-06-21T12:16:24Z</time>
   </trkpt>
   <trkpt lat="47.182193" lon="13.616193">
    <ele>1223.310</ele>
    <time>2026-06-21T12:16:40Z</time>
   </trkpt>
   <trkpt lat="47.181981" lon="13.616133">
    <ele>1223.575</ele>
    <time>2026-06-21T12:16:46Z</time>
   </trkpt>
   <trkpt lat="47.181684" lon="13.616570">
    <ele>1220.402</ele>
    <time>2026-06-21T12:16:54Z</time>
   </trkpt>
   <trkpt lat="47.181350" lon="13.617942">
    <ele>1216.535</ele>
    <time>2026-06-21T12:17:09Z</time>
   </trkpt>
   <trkpt lat="47.181280" lon="13.618317">
    <ele>1216.551</ele>
    <time>2026-06-21T12:17:13Z</time>
   </trkpt>
   <trkpt lat="47.181019" lon="13.618820">
    <ele>1217.213</ele>
    <time>2026-06-21T12:17:21Z</time>
   </trkpt>
   <trkpt lat="47.180760" lon="13.619060">
    <ele>1221.340</ele>
    <time>2026-06-21T12:17:34Z</time>
   </trkpt>
   <trkpt lat="47.180747" lon="13.619086">
    <ele>1222.203</ele>
    <time>2026-06-21T12:17:35Z</time>
   </trkpt>
   <trkpt lat="47.180699" lon="13.619146">
    <ele>1223.713</ele>
    <time>2026-06-21T12:17:38Z</time>
   </trkpt>
   <trkpt lat="47.180572" lon="13.619542">
    <ele>1230.113</ele>
    <time>2026-06-21T12:17:55Z</time>
   </trkpt>
   <trkpt lat="47.180541" lon="13.619585">
    <ele>1229.920</ele>
    <time>2026-06-21T12:17:58Z</time>
   </trkpt>
   <trkpt lat="47.180536" lon="13.619640">
    <ele>1228.801</ele>
    <time>2026-06-21T12:18:01Z</time>
   </trkpt>
   <trkpt lat="47.180533" lon="13.619931">
    <ele>1228.095</ele>
    <time>2026-06-21T12:18:13Z</time>
   </trkpt>
   <trkpt lat="47.180471" lon="13.620127">
    <ele>1227.761</ele>
    <time>2026-06-21T12:18:20Z</time>
   </trkpt>
   <trkpt lat="47.180212" lon="13.620353">
    <ele>1226.770</ele>
    <time>2026-06-21T12:18:29Z</time>
   </trkpt>
   <trkpt lat="47.179876" lon="13.620940">
    <ele>1224.074</ele>
    <time>2026-06-21T12:18:36Z</time>
   </trkpt>
   <trkpt lat="47.179758" lon="13.621567">
    <ele>1222.796</ele>
    <time>2026-06-21T12:18:41Z</time>
   </trkpt>
   <trkpt lat="47.179582" lon="13.621911">
    <ele>1219.353</ele>
    <time>2026-06-21T12:18:45Z</time>
   </trkpt>
   <trkpt lat="47.179173" lon="13.622361">
    <ele>1216.441</ele>
    <time>2026-06-21T12:18:51Z</time>
   </trkpt>
   <trkpt lat="47.178526" lon="13.623103">
    <ele>1214.708</ele>
    <time>2026-06-21T12:19:01Z</time>
   </trkpt>
   <trkpt lat="47.178272" lon="13.623382">
    <ele>1214.133</ele>
    <time>2026-06-21T12:19:05Z</time>
   </trkpt>
   <trkpt lat="47.178214" lon="13.623692">
    <ele>1211.842</ele>
    <time>2026-06-21T12:19:09Z</time>
   </trkpt>
   <trkpt lat="47.178267" lon="13.623817">
    <ele>1211.065</ele>
    <time>2026-06-21T12:19:11Z</time>
   </trkpt>
   <trkpt lat="47.178390" lon="13.624218">
    <ele>1208.509</ele>
    <time>2026-06-21T12:19:21Z</time>
   </trkpt>
   <trkpt lat="47.178401" lon="13.624260">
    <ele>1207.421</ele>
    <time>2026-06-21T12:19:23Z</time>
   </trkpt>
   <trkpt lat="47.178264" lon="13.624478">
    <ele>1205.321</ele>
    <time>2026-06-21T12:19:28Z</time>
   </trkpt>
   <trkpt lat="47.178196" lon="13.624573">
    <ele>1205.363</ele>
    <time>2026-06-21T12:19:30Z</time>
   </trkpt>
   <trkpt lat="47.178151" lon="13.624664">
    <ele>1205.608</ele>
    <time>2026-06-21T12:19:32Z</time>
   </trkpt>
   <trkpt lat="47.177984" lon="13.624498">
    <ele>1205.542</ele>
    <time>2026-06-21T12:19:40Z</time>
   </trkpt>
   <trkpt lat="47.177795" lon="13.624550">
    <ele>1204.540</ele>
    <time>2026-06-21T12:19:45Z</time>
   </trkpt>
   <trkpt lat="47.177076" lon="13.625423">
    <ele>1203.411</ele>
    <time>2026-06-21T12:20:02Z</time>
   </trkpt>
   <trkpt lat="47.176210" lon="13.625918">
    <ele>1202.259</ele>
    <time>2026-06-21T12:20:18Z</time>
   </trkpt>
   <trkpt lat="47.175814" lon="13.626409">
    <ele>1202.977</ele>
    <time>2026-06-21T12:20:26Z</time>
   </trkpt>
   <trkpt lat="47.175489" lon="13.627713">
    <ele>1202.303</ele>
    <time>2026-06-21T12:20:40Z</time>
   </trkpt>
   <trkpt lat="47.175437" lon="13.628008">
    <ele>1201.899</ele>
    <time>2026-06-21T12:20:43Z</time>
   </trkpt>
   <trkpt lat="47.175219" lon="13.628393">
    <ele>1201.625</ele>
    <time>2026-06-21T12:20:48Z</time>
   </trkpt>
   <trkpt lat="47.174688" lon="13.628865">
    <ele>1200.563</ele>
    <time>2026-06-21T12:20:57Z</time>
   </trkpt>
   <trkpt lat="47.174235" lon="13.628929">
    <ele>1200.286</ele>
    <time>2026-06-21T12:21:05Z</time>
   </trkpt>
   <trkpt lat="47.174064" lon="13.628892">
    <ele>1200.059</ele>
    <time>2026-06-21T12:21:08Z</time>
   </trkpt>
   <trkpt lat="47.173453" lon="13.629368">
    <ele>1199.295</ele>
    <time>2026-06-21T12:21:19Z</time>
   </trkpt>
   <trkpt lat="47.172062" lon="13.630680">
    <ele>1198.020</ele>
    <time>2026-06-21T12:21:43Z</time>
   </trkpt>
   <trkpt lat="47.172007" lon="13.630753">
    <ele>1197.950</ele>
    <time>2026-06-21T12:21:44Z</time>
   </trkpt>
   <trkpt lat="47.171674" lon="13.631327">
    <ele>1197.200</ele>
    <time>2026-06-21T12:21:51Z</time>
   </trkpt>
   <trkpt lat="47.171482" lon="13.631661">
    <ele>1196.587</ele>
    <time>2026-06-21T12:21:55Z</time>
   </trkpt>
   <trkpt lat="47.171301" lon="13.631848">
    <ele>1196.789</ele>
    <time>2026-06-21T12:21:58Z</time>
   </trkpt>
   <trkpt lat="47.171149" lon="13.632182">
    <ele>1197.256</ele>
    <time>2026-06-21T12:22:02Z</time>
   </trkpt>
   <trkpt lat="47.170999" lon="13.632223">
    <ele>1197.300</ele>
    <time>2026-06-21T12:22:10Z</time>
   </trkpt>
   <trkpt lat="47.170968" lon="13.632325">
    <ele>1196.713</ele>
    <time>2026-06-21T12:22:12Z</time>
   </trkpt>
   <trkpt lat="47.170937" lon="13.632447">
    <ele>1196.470</ele>
    <time>2026-06-21T12:22:14Z</time>
   </trkpt>
   <trkpt lat="47.170662" lon="13.632821">
    <ele>1196.648</ele>
    <time>2026-06-21T12:22:21Z</time>
   </trkpt>
   <trkpt lat="47.170440" lon="13.632955">
    <ele>1196.450</ele>
    <time>2026-06-21T12:22:25Z</time>
   </trkpt>
   <trkpt lat="47.170171" lon="13.633240">
    <ele>1195.438</ele>
    <time>2026-06-21T12:22:30Z</time>
   </trkpt>
   <trkpt lat="47.169869" lon="13.633457">
    <ele>1195.075</ele>
    <time>2026-06-21T12:22:35Z</time>
   </trkpt>
   <trkpt lat="47.169709" lon="13.633735">
    <ele>1195.798</ele>
    <time>2026-06-21T12:22:39Z</time>
   </trkpt>
   <trkpt lat="47.169642" lon="13.634143">
    <ele>1194.671</ele>
    <time>2026-06-21T12:22:43Z</time>
   </trkpt>
   <trkpt lat="47.169490" lon="13.634488">
    <ele>1194.502</ele>
    <time>2026-06-21T12:22:47Z</time>
   </trkpt>
   <trkpt lat="47.169401" lon="13.634628">
    <ele>1194.487</ele>
    <time>2026-06-21T12:22:49Z</time>
   </trkpt>
   <trkpt lat="47.169331" lon="13.634783">
    <ele>1194.331</ele>
    <time>2026-06-21T12:22:51Z</time>
   </trkpt>
   <trkpt lat="47.169191" lon="13.634811">
    <ele>1194.328</ele>
    <time>2026-06-21T12:22:55Z</time>
   </trkpt>
   <trkpt lat="47.169114" lon="13.634743">
    <ele>1194.583</ele>
    <time>2026-06-21T12:22:57Z</time>
   </trkpt>
   <trkpt lat="47.169029" lon="13.634696">
    <ele>1195.126</ele>
    <time>2026-06-21T12:22:59Z</time>
   </trkpt>
   <trkpt lat="47.168885" lon="13.634556">
    <ele>1196.156</ele>
    <time>2026-06-21T12:23:04Z</time>
   </trkpt>
   <trkpt lat="47.168775" lon="13.634265">
    <ele>1198.171</ele>
    <time>2026-06-21T12:23:16Z</time>
   </trkpt>
   <trkpt lat="47.168661" lon="13.634385">
    <ele>1196.589</ele>
    <time>2026-06-21T12:23:21Z</time>
   </trkpt>
   <trkpt lat="47.168278" lon="13.634814">
    <ele>1194.142</ele>
    <time>2026-06-21T12:23:29Z</time>
   </trkpt>
   <trkpt lat="47.168121" lon="13.635025">
    <ele>1194.420</ele>
    <time>2026-06-21T12:23:33Z</time>
   </trkpt>
   <trkpt lat="47.168073" lon="13.635099">
    <ele>1195.258</ele>
    <time>2026-06-21T12:23:40Z</time>
   </trkpt>
   <trkpt lat="47.167749" lon="13.635291">
    <ele>1196.835</ele>
    <time>2026-06-21T12:23:49Z</time>
   </trkpt>
   <trkpt lat="47.167519" lon="13.635479">
    <ele>1198.708</ele>
    <time>2026-06-21T12:23:55Z</time>
   </trkpt>
   <trkpt lat="47.167437" lon="13.635664">
    <ele>1199.390</ele>
    <time>2026-06-21T12:23:58Z</time>
   </trkpt>
   <trkpt lat="47.167363" lon="13.635753">
    <ele>1199.226</ele>
    <time>2026-06-21T12:24:00Z</time>
   </trkpt>
   <trkpt lat="47.167327" lon="13.635905">
    <ele>1198.418</ele>
    <time>2026-06-21T12:24:02Z</time>
   </trkpt>
   <trkpt lat="47.167261" lon="13.636185">
    <ele>1197.542</ele>
    <time>2026-06-21T12:24:06Z</time>
   </trkpt>
   <trkpt lat="47.167062" lon="13.636746">
    <ele>1197.812</ele>
    <time>2026-06-21T12:24:17Z</time>
   </trkpt>
   <trkpt lat="47.166989" lon="13.637288">
    <ele>1196.792</ele>
    <time>2026-06-21T12:24:25Z</time>
   </trkpt>
   <trkpt lat="47.166699" lon="13.637679">
    <ele>1197.060</ele>
    <time>2026-06-21T12:24:33Z</time>
   </trkpt>
   <trkpt lat="47.166600" lon="13.637729">
    <ele>1197.502</ele>
    <time>2026-06-21T12:24:35Z</time>
   </trkpt>
   <trkpt lat="47.166454" lon="13.637804">
    <ele>1197.182</ele>
    <time>2026-06-21T12:24:38Z</time>
   </trkpt>
   <trkpt lat="47.166353" lon="13.637879">
    <ele>1197.136</ele>
    <time>2026-06-21T12:24:40Z</time>
   </trkpt>
   <trkpt lat="47.166032" lon="13.638489">
    <ele>1198.258</ele>
    <time>2026-06-21T12:24:53Z</time>
   </trkpt>
   <trkpt lat="47.165722" lon="13.639122">
    <ele>1195.122</ele>
    <time>2026-06-21T12:25:03Z</time>
   </trkpt>
   <trkpt lat="47.165570" lon="13.639557">
    <ele>1194.359</ele>
    <time>2026-06-21T12:25:10Z</time>
   </trkpt>
   <trkpt lat="47.165483" lon="13.639755">
    <ele>1194.520</ele>
    <time>2026-06-21T12:25:13Z</time>
   </trkpt>
   <trkpt lat="47.165275" lon="13.640304">
    <ele>1194.453</ele>
    <time>2026-06-21T12:25:21Z</time>
   </trkpt>
   <trkpt lat="47.165226" lon="13.640553">
    <ele>1193.025</ele>
    <time>2026-06-21T12:25:24Z</time>
   </trkpt>
   <trkpt lat="47.165087" lon="13.640829">
    <ele>1191.685</ele>
    <time>2026-06-21T12:25:28Z</time>
   </trkpt>
   <trkpt lat="47.164868" lon="13.641031">
    <ele>1191.810</ele>
    <time>2026-06-21T12:25:32Z</time>
   </trkpt>
   <trkpt lat="47.164587" lon="13.641512">
    <ele>1192.192</ele>
    <time>2026-06-21T12:25:39Z</time>
   </trkpt>
   <trkpt lat="47.164332" lon="13.641849">
    <ele>1191.813</ele>
    <time>2026-06-21T12:25:45Z</time>
   </trkpt>
   <trkpt lat="47.163756" lon="13.642813">
    <ele>1189.444</ele>
    <time>2026-06-21T12:26:01Z</time>
   </trkpt>
   <trkpt lat="47.163496" lon="13.643280">
    <ele>1189.067</ele>
    <time>2026-06-21T12:26:08Z</time>
   </trkpt>
   <trkpt lat="47.163299" lon="13.643700">
    <ele>1189.328</ele>
    <time>2026-06-21T12:26:14Z</time>
   </trkpt>
   <trkpt lat="47.162671" lon="13.644590">
    <ele>1186.888</ele>
    <time>2026-06-21T12:26:29Z</time>
   </trkpt>
   <trkpt lat="47.162601" lon="13.644714">
    <ele>1186.708</ele>
    <time>2026-06-21T12:26:31Z</time>
   </trkpt>
   <trkpt lat="47.162306" lon="13.645175">
    <ele>1187.692</ele>
    <time>2026-06-21T12:26:39Z</time>
   </trkpt>
   <trkpt lat="47.162193" lon="13.645349">
    <ele>1187.609</ele>
    <time>2026-06-21T12:26:42Z</time>
   </trkpt>
   <trkpt lat="47.162119" lon="13.645469">
    <ele>1187.414</ele>
    <time>2026-06-21T12:26:44Z</time>
   </trkpt>
   <trkpt lat="47.162006" lon="13.645742">
    <ele>1186.771</ele>
    <time>2026-06-21T12:26:48Z</time>
   </trkpt>
   <trkpt lat="47.161904" lon="13.645930">
    <ele>1187.374</ele>
    <time>2026-06-21T12:26:51Z</time>
   </trkpt>
   <trkpt lat="47.161771" lon="13.646159">
    <ele>1187.637</ele>
    <time>2026-06-21T12:26:55Z</time>
   </trkpt>
   <trkpt lat="47.161321" lon="13.646657">
    <ele>1188.885</ele>
    <time>2026-06-21T12:27:05Z</time>
   </trkpt>
   <trkpt lat="47.161194" lon="13.646824">
    <ele>1187.918</ele>
    <time>2026-06-21T12:27:08Z</time>
   </trkpt>
   <trkpt lat="47.160980" lon="13.646955">
    <ele>1187.693</ele>
    <time>2026-06-21T12:27:12Z</time>
   </trkpt>
   <trkpt lat="47.160806" lon="13.647055">
    <ele>1187.253</ele>
    <time>2026-06-21T12:27:15Z</time>
   </trkpt>
   <trkpt lat="47.160187" lon="13.647190">
    <ele>1187.570</ele>
    <time>2026-06-21T12:27:26Z</time>
   </trkpt>
   <trkpt lat="47.159380" lon="13.647555">
    <ele>1186.212</ele>
    <time>2026-06-21T12:27:42Z</time>
   </trkpt>
   <trkpt lat="47.159177" lon="13.647682">
    <ele>1186.855</ele>
    <time>2026-06-21T12:27:46Z</time>
   </trkpt>
   <trkpt lat="47.159019" lon="13.647860">
    <ele>1185.729</ele>
    <time>2026-06-21T12:27:50Z</time>
   </trkpt>
   <trkpt lat="47.158900" lon="13.648012">
    <ele>1185.374</ele>
    <time>2026-06-21T12:27:53Z</time>
   </trkpt>
   <trkpt lat="47.158482" lon="13.648358">
    <ele>1188.230</ele>
    <time>2026-06-21T12:28:06Z</time>
   </trkpt>
   <trkpt lat="47.158249" lon="13.648520">
    <ele>1191.365</ele>
    <time>2026-06-21T12:28:15Z</time>
   </trkpt>
   <trkpt lat="47.158036" lon="13.648705">
    <ele>1191.743</ele>
    <time>2026-06-21T12:28:23Z</time>
   </trkpt>
   <trkpt lat="47.157665" lon="13.648968">
    <ele>1191.557</ele>
    <time>2026-06-21T12:28:35Z</time>
   </trkpt>
   <trkpt lat="47.157402" lon="13.649023">
    <ele>1189.887</ele>
    <time>2026-06-21T12:28:40Z</time>
   </trkpt>
   <trkpt lat="47.156882" lon="13.649016">
    <ele>1188.094</ele>
    <time>2026-06-21T12:28:48Z</time>
   </trkpt>
   <trkpt lat="47.156699" lon="13.649037">
    <ele>1186.608</ele>
    <time>2026-06-21T12:28:51Z</time>
   </trkpt>
   <trkpt lat="47.156584" lon="13.649020">
    <ele>1186.056</ele>
    <time>2026-06-21T12:28:53Z</time>
   </trkpt>
   <trkpt lat="47.156069" lon="13.648592">
    <ele>1189.358</ele>
    <time>2026-06-21T12:29:06Z</time>
   </trkpt>
   <trkpt lat="47.155696" lon="13.648188">
    <ele>1190.473</ele>
    <time>2026-06-21T12:29:18Z</time>
   </trkpt>
   <trkpt lat="47.155483" lon="13.647970">
    <ele>1189.242</ele>
    <time>2026-06-21T12:29:24Z</time>
   </trkpt>
   <trkpt lat="47.155264" lon="13.647926">
    <ele>1189.953</ele>
    <time>2026-06-21T12:29:29Z</time>
   </trkpt>
   <trkpt lat="47.155024" lon="13.648072">
    <ele>1189.564</ele>
    <time>2026-06-21T12:29:35Z</time>
   </trkpt>
   <trkpt lat="47.154745" lon="13.648194">
    <ele>1190.341</ele>
    <time>2026-06-21T12:29:42Z</time>
   </trkpt>
   <trkpt lat="47.154616" lon="13.648352">
    <ele>1190.644</ele>
    <time>2026-06-21T12:29:46Z</time>
   </trkpt>
   <trkpt lat="47.154496" lon="13.648566">
    <ele>1190.901</ele>
    <time>2026-06-21T12:29:50Z</time>
   </trkpt>
   <trkpt lat="47.153907" lon="13.649426">
    <ele>1190.844</ele>
    <time>2026-06-21T12:30:06Z</time>
   </trkpt>
   <trkpt lat="47.153199" lon="13.649861">
    <ele>1186.557</ele>
    <time>2026-06-21T12:30:19Z</time>
   </trkpt>
   <trkpt lat="47.152999" lon="13.650206">
    <ele>1184.979</ele>
    <time>2026-06-21T12:30:23Z</time>
   </trkpt>
   <trkpt lat="47.152524" lon="13.651327">
    <ele>1181.789</ele>
    <time>2026-06-21T12:30:36Z</time>
   </trkpt>
   <trkpt lat="47.151880" lon="13.652264">
    <ele>1180.372</ele>
    <time>2026-06-21T12:30:51Z</time>
   </trkpt>
   <trkpt lat="47.151399" lon="13.653020">
    <ele>1179.992</ele>
    <time>2026-06-21T12:31:07Z</time>
   </trkpt>
   <trkpt lat="47.151160" lon="13.653760">
    <ele>1179.133</ele>
    <time>2026-06-21T12:31:19Z</time>
   </trkpt>
   <trkpt lat="47.150565" lon="13.654485">
    <ele>1177.275</ele>
    <time>2026-06-21T12:31:35Z</time>
   </trkpt>
   <trkpt lat="47.149994" lon="13.654946">
    <ele>1177.413</ele>
    <time>2026-06-21T12:31:51Z</time>
   </trkpt>
   <trkpt lat="47.149930" lon="13.655017">
    <ele>1177.472</ele>
    <time>2026-06-21T12:31:53Z</time>
   </trkpt>
   <trkpt lat="47.149087" lon="13.655750">
    <ele>1174.584</ele>
    <time>2026-06-21T12:32:11Z</time>
   </trkpt>
   <trkpt lat="47.148630" lon="13.655937">
    <ele>1173.294</ele>
    <time>2026-06-21T12:32:18Z</time>
   </trkpt>
   <trkpt lat="47.148341" lon="13.656074">
    <ele>1170.720</ele>
    <time>2026-06-21T12:32:22Z</time>
   </trkpt>
   <trkpt lat="47.148026" lon="13.656133">
    <ele>1168.206</ele>
    <time>2026-06-21T12:32:26Z</time>
   </trkpt>
   <trkpt lat="47.147861" lon="13.656294">
    <ele>1165.582</ele>
    <time>2026-06-21T12:32:34Z</time>
   </trkpt>
   <trkpt lat="47.147892" lon="13.656336">
    <ele>1164.912</ele>
    <time>2026-06-21T12:32:40Z</time>
   </trkpt>
   <trkpt lat="47.147903" lon="13.656265">
    <ele>1165.936</ele>
    <time>2026-06-21T12:32:44Z</time>
   </trkpt>
   <trkpt lat="47.147858" lon="13.656195">
    <ele>1166.778</ele>
    <time>2026-06-21T12:32:48Z</time>
   </trkpt>
   <trkpt lat="47.147829" lon="13.656121">
    <ele>1167.255</ele>
    <time>2026-06-21T12:32:50Z</time>
   </trkpt>
   <trkpt lat="47.147474" lon="13.655818">
    <ele>1166.856</ele>
    <time>2026-06-21T12:33:01Z</time>
   </trkpt>
   <trkpt lat="47.147310" lon="13.655713">
    <ele>1166.091</ele>
    <time>2026-06-21T12:33:04Z</time>
   </trkpt>
   <trkpt lat="47.146336" lon="13.655542">
    <ele>1167.648</ele>
    <time>2026-06-21T12:33:21Z</time>
   </trkpt>
   <trkpt lat="47.145974" lon="13.655675">
    <ele>1169.820</ele>
    <time>2026-06-21T12:33:32Z</time>
   </trkpt>
   <trkpt lat="47.145929" lon="13.655709">
    <ele>1170.654</ele>
    <time>2026-06-21T12:33:34Z</time>
   </trkpt>
   <trkpt lat="47.145810" lon="13.655924">
    <ele>1173.854</ele>
    <time>2026-06-21T12:33:43Z</time>
   </trkpt>
   <trkpt lat="47.145698" lon="13.656067">
    <ele>1174.487</ele>
    <time>2026-06-21T12:33:51Z</time>
   </trkpt>
   <trkpt lat="47.145561" lon="13.656490">
    <ele>1178.595</ele>
    <time>2026-06-21T12:34:08Z</time>
   </trkpt>
   <trkpt lat="47.145516" lon="13.656644">
    <ele>1180.064</ele>
    <time>2026-06-21T12:34:15Z</time>
   </trkpt>
   <trkpt lat="47.145493" lon="13.656757">
    <ele>1180.621</ele>
    <time>2026-06-21T12:34:19Z</time>
   </trkpt>
   <trkpt lat="47.145316" lon="13.657085">
    <ele>1184.818</ele>
    <time>2026-06-21T12:34:35Z</time>
   </trkpt>
   <trkpt lat="47.145140" lon="13.657424">
    <ele>1186.674</ele>
    <time>2026-06-21T12:34:51Z</time>
   </trkpt>
   <trkpt lat="47.145035" lon="13.657595">
    <ele>1186.053</ele>
    <time>2026-06-21T12:34:59Z</time>
   </trkpt>
   <trkpt lat="47.144912" lon="13.657733">
    <ele>1188.295</ele>
    <time>2026-06-21T12:35:08Z</time>
   </trkpt>
   <trkpt lat="47.144719" lon="13.658114">
    <ele>1193.936</ele>
    <time>2026-06-21T12:35:26Z</time>
   </trkpt>
   <trkpt lat="47.144713" lon="13.658144">
    <ele>1193.727</ele>
    <time>2026-06-21T12:35:27Z</time>
   </trkpt>
   <trkpt lat="47.144381" lon="13.658107">
    <ele>1195.503</ele>
    <time>2026-06-21T12:35:48Z</time>
   </trkpt>
   <trkpt lat="47.144170" lon="13.657796">
    <ele>1198.162</ele>
    <time>2026-06-21T12:36:06Z</time>
   </trkpt>
   <trkpt lat="47.144130" lon="13.657426">
    <ele>1201.338</ele>
    <time>2026-06-21T12:36:24Z</time>
   </trkpt>
   <trkpt lat="47.143856" lon="13.657107">
    <ele>1203.623</ele>
    <time>2026-06-21T12:36:43Z</time>
   </trkpt>
   <trkpt lat="47.143556" lon="13.657186">
    <ele>1204.745</ele>
    <time>2026-06-21T12:37:00Z</time>
   </trkpt>
   <trkpt lat="47.143306" lon="13.657401">
    <ele>1209.193</ele>
    <time>2026-06-21T12:37:16Z</time>
   </trkpt>
   <trkpt lat="47.143166" lon="13.657851">
    <ele>1211.718</ele>
    <time>2026-06-21T12:37:34Z</time>
   </trkpt>
   <trkpt lat="47.143088" lon="13.658086">
    <ele>1214.776</ele>
    <time>2026-06-21T12:37:43Z</time>
   </trkpt>
   <trkpt lat="47.143034" lon="13.658418">
    <ele>1216.077</ele>
    <time>2026-06-21T12:37:55Z</time>
   </trkpt>
   <trkpt lat="47.142697" lon="13.658720">
    <ele>1219.776</ele>
    <time>2026-06-21T12:38:14Z</time>
   </trkpt>
   <trkpt lat="47.142346" lon="13.659243">
    <ele>1217.824</ele>
    <time>2026-06-21T12:38:31Z</time>
   </trkpt>
   <trkpt lat="47.142193" lon="13.659390">
    <ele>1217.103</ele>
    <time>2026-06-21T12:38:35Z</time>
   </trkpt>
   <trkpt lat="47.142044" lon="13.659611">
    <ele>1216.138</ele>
    <time>2026-06-21T12:38:39Z</time>
   </trkpt>
   <trkpt lat="47.141933" lon="13.659792">
    <ele>1215.421</ele>
    <time>2026-06-21T12:38:42Z</time>
   </trkpt>
   <trkpt lat="47.141835" lon="13.659871">
    <ele>1215.235</ele>
    <time>2026-06-21T12:38:44Z</time>
   </trkpt>
   <trkpt lat="47.141667" lon="13.659974">
    <ele>1214.044</ele>
    <time>2026-06-21T12:38:47Z</time>
   </trkpt>
   <trkpt lat="47.141503" lon="13.660241">
    <ele>1212.977</ele>
    <time>2026-06-21T12:38:51Z</time>
   </trkpt>
   <trkpt lat="47.141188" lon="13.660495">
    <ele>1212.850</ele>
    <time>2026-06-21T12:38:57Z</time>
   </trkpt>
   <trkpt lat="47.140911" lon="13.660778">
    <ele>1210.013</ele>
    <time>2026-06-21T12:39:03Z</time>
   </trkpt>
   <trkpt lat="47.140328" lon="13.661115">
    <ele>1205.022</ele>
    <time>2026-06-21T12:39:12Z</time>
   </trkpt>
   <trkpt lat="47.140000" lon="13.661588">
    <ele>1203.287</ele>
    <time>2026-06-21T12:39:18Z</time>
   </trkpt>
   <trkpt lat="47.139869" lon="13.661982">
    <ele>1201.537</ele>
    <time>2026-06-21T12:39:22Z</time>
   </trkpt>
   <trkpt lat="47.139790" lon="13.662617">
    <ele>1198.862</ele>
    <time>2026-06-21T12:39:28Z</time>
   </trkpt>
   <trkpt lat="47.139904" lon="13.663061">
    <ele>1197.970</ele>
    <time>2026-06-21T12:39:33Z</time>
   </trkpt>
   <trkpt lat="47.140071" lon="13.663330">
    <ele>1197.465</ele>
    <time>2026-06-21T12:39:37Z</time>
   </trkpt>
   <trkpt lat="47.140200" lon="13.663514">
    <ele>1197.470</ele>
    <time>2026-06-21T12:39:40Z</time>
   </trkpt>
   <trkpt lat="47.140215" lon="13.664248">
    <ele>1195.990</ele>
    <time>2026-06-21T12:39:48Z</time>
   </trkpt>
   <trkpt lat="47.140170" lon="13.664317">
    <ele>1196.073</ele>
    <time>2026-06-21T12:39:49Z</time>
   </trkpt>
   <trkpt lat="47.140098" lon="13.664480">
    <ele>1195.331</ele>
    <time>2026-06-21T12:39:51Z</time>
   </trkpt>
   <trkpt lat="47.140065" lon="13.664760">
    <ele>1194.856</ele>
    <time>2026-06-21T12:39:55Z</time>
   </trkpt>
   <trkpt lat="47.139959" lon="13.665110">
    <ele>1196.469</ele>
    <time>2026-06-21T12:40:09Z</time>
   </trkpt>
   <trkpt lat="47.139687" lon="13.665219">
    <ele>1202.012</ele>
    <time>2026-06-21T12:40:22Z</time>
   </trkpt>
   <trkpt lat="47.139403" lon="13.665290">
    <ele>1204.194</ele>
    <time>2026-06-21T12:40:38Z</time>
   </trkpt>
   <trkpt lat="47.139386" lon="13.665292">
    <ele>1204.389</ele>
    <time>2026-06-21T12:40:39Z</time>
   </trkpt>
   <trkpt lat="47.139321" lon="13.665303">
    <ele>1205.186</ele>
    <time>2026-06-21T12:40:43Z</time>
   </trkpt>
   <trkpt lat="47.139049" lon="13.665494">
    <ele>1208.544</ele>
    <time>2026-06-21T12:40:59Z</time>
   </trkpt>
   <trkpt lat="47.139025" lon="13.665787">
    <ele>1206.468</ele>
    <time>2026-06-21T12:41:10Z</time>
   </trkpt>
   <trkpt lat="47.139061" lon="13.666140">
    <ele>1207.620</ele>
    <time>2026-06-21T12:41:24Z</time>
   </trkpt>
   <trkpt lat="47.139165" lon="13.666418">
    <ele>1211.236</ele>
    <time>2026-06-21T12:41:40Z</time>
   </trkpt>
   <trkpt lat="47.139208" lon="13.666511">
    <ele>1213.105</ele>
    <time>2026-06-21T12:41:44Z</time>
   </trkpt>
   <trkpt lat="47.139222" lon="13.666614">
    <ele>1213.170</ele>
    <time>2026-06-21T12:41:49Z</time>
   </trkpt>
   <trkpt lat="47.139220" lon="13.666683">
    <ele>1213.427</ele>
    <time>2026-06-21T12:41:52Z</time>
   </trkpt>
   <trkpt lat="47.139079" lon="13.666965">
    <ele>1217.571</ele>
    <time>2026-06-21T12:42:07Z</time>
   </trkpt>
   <trkpt lat="47.139068" lon="13.666983">
    <ele>1217.771</ele>
    <time>2026-06-21T12:42:08Z</time>
   </trkpt>
   <trkpt lat="47.138775" lon="13.667154">
    <ele>1222.890</ele>
    <time>2026-06-21T12:42:29Z</time>
   </trkpt>
   <trkpt lat="47.138479" lon="13.666920">
    <ele>1228.810</ele>
    <time>2026-06-21T12:42:49Z</time>
   </trkpt>
   <trkpt lat="47.138373" lon="13.666617">
    <ele>1229.391</ele>
    <time>2026-06-21T12:43:04Z</time>
   </trkpt>
   <trkpt lat="47.138332" lon="13.666503">
    <ele>1230.096</ele>
    <time>2026-06-21T12:43:09Z</time>
   </trkpt>
   <trkpt lat="47.138297" lon="13.666400">
    <ele>1229.609</ele>
    <time>2026-06-21T12:43:14Z</time>
   </trkpt>
   <trkpt lat="47.138044" lon="13.666061">
    <ele>1234.739</ele>
    <time>2026-06-21T12:43:33Z</time>
   </trkpt>
   <trkpt lat="47.137716" lon="13.666008">
    <ele>1235.717</ele>
    <time>2026-06-21T12:43:49Z</time>
   </trkpt>
   <trkpt lat="47.137323" lon="13.666103">
    <ele>1231.086</ele>
    <time>2026-06-21T12:44:10Z</time>
   </trkpt>
   <trkpt lat="47.136928" lon="13.666139">
    <ele>1234.504</ele>
    <time>2026-06-21T12:44:30Z</time>
   </trkpt>
   <trkpt lat="47.136723" lon="13.665798">
    <ele>1238.768</ele>
    <time>2026-06-21T12:44:44Z</time>
   </trkpt>
   <trkpt lat="47.136687" lon="13.665732">
    <ele>1238.529</ele>
    <time>2026-06-21T12:44:46Z</time>
   </trkpt>
   <trkpt lat="47.136668" lon="13.665611">
    <ele>1239.139</ele>
    <time>2026-06-21T12:45:00Z</time>
   </trkpt>
   <trkpt lat="47.136653" lon="13.665617">
    <ele>1239.609</ele>
    <time>2026-06-21T12:45:45Z</time>
   </trkpt>
   <trkpt lat="47.136648" lon="13.665631">
    <ele>1239.494</ele>
    <time>2026-06-21T12:45:53Z</time>
   </trkpt>
   <trkpt lat="47.136576" lon="13.665753">
    <ele>1239.375</ele>
    <time>2026-06-21T12:45:59Z</time>
   </trkpt>
   <trkpt lat="47.136523" lon="13.665785">
    <ele>1239.396</ele>
    <time>2026-06-21T12:46:11Z</time>
   </trkpt>
   <trkpt lat="47.136422" lon="13.665848">
    <ele>1238.525</ele>
    <time>2026-06-21T12:46:54Z</time>
   </trkpt>
   <trkpt lat="47.136300" lon="13.665951">
    <ele>1237.177</ele>
    <time>2026-06-21T12:46:57Z</time>
   </trkpt>
   <trkpt lat="47.136143" lon="13.666015">
    <ele>1237.570</ele>
    <time>2026-06-21T12:47:06Z</time>
   </trkpt>
   <trkpt lat="47.136005" lon="13.666099">
    <ele>1238.244</ele>
    <time>2026-06-21T12:47:35Z</time>
   </trkpt>
   <trkpt lat="47.135647" lon="13.666258">
    <ele>1237.175</ele>
    <time>2026-06-21T12:47:41Z</time>
   </trkpt>
   <trkpt lat="47.135167" lon="13.666222">
    <ele>1234.089</ele>
    <time>2026-06-21T12:47:47Z</time>
   </trkpt>
   <trkpt lat="47.134840" lon="13.666341">
    <ele>1233.432</ele>
    <time>2026-06-21T12:47:51Z</time>
   </trkpt>
   <trkpt lat="47.134577" lon="13.666363">
    <ele>1229.905</ele>
    <time>2026-06-21T12:47:54Z</time>
   </trkpt>
   <trkpt lat="47.133802" lon="13.666858">
    <ele>1222.572</ele>
    <time>2026-06-21T12:48:03Z</time>
   </trkpt>
   <trkpt lat="47.133384" lon="13.667278">
    <ele>1216.683</ele>
    <time>2026-06-21T12:48:08Z</time>
   </trkpt>
   <trkpt lat="47.133197" lon="13.667847">
    <ele>1209.807</ele>
    <time>2026-06-21T12:48:13Z</time>
   </trkpt>
   <trkpt lat="47.132795" lon="13.669146">
    <ele>1188.848</ele>
    <time>2026-06-21T12:48:25Z</time>
   </trkpt>
   <trkpt lat="47.132550" lon="13.669828">
    <ele>1175.634</ele>
    <time>2026-06-21T12:48:31Z</time>
   </trkpt>
   <trkpt lat="47.132460" lon="13.670885">
    <ele>1164.780</ele>
    <time>2026-06-21T12:48:38Z</time>
   </trkpt>
   <trkpt lat="47.132592" lon="13.671715">
    <ele>1157.345</ele>
    <time>2026-06-21T12:48:43Z</time>
   </trkpt>
   <trkpt lat="47.132837" lon="13.672328">
    <ele>1153.486</ele>
    <time>2026-06-21T12:48:47Z</time>
   </trkpt>
   <trkpt lat="47.132957" lon="13.672873">
    <ele>1150.193</ele>
    <time>2026-06-21T12:48:51Z</time>
   </trkpt>
   <trkpt lat="47.133063" lon="13.673724">
    <ele>1142.642</ele>
    <time>2026-06-21T12:48:57Z</time>
   </trkpt>
   <trkpt lat="47.133131" lon="13.674110">
    <ele>1139.704</ele>
    <time>2026-06-21T12:49:00Z</time>
   </trkpt>
   <trkpt lat="47.133424" lon="13.674913">
    <ele>1136.102</ele>
    <time>2026-06-21T12:49:07Z</time>
   </trkpt>
   <trkpt lat="47.133484" lon="13.675288">
    <ele>1133.318</ele>
    <time>2026-06-21T12:49:12Z</time>
   </trkpt>
   <trkpt lat="47.133361" lon="13.676192">
    <ele>1129.228</ele>
    <time>2026-06-21T12:49:22Z</time>
   </trkpt>
   <trkpt lat="47.133258" lon="13.676571">
    <ele>1127.958</ele>
    <time>2026-06-21T12:49:31Z</time>
   </trkpt>
   <trkpt lat="47.133250" lon="13.676566">
    <ele>1127.857</ele>
    <time>2026-06-21T12:49:51Z</time>
   </trkpt>
   <trkpt lat="47.133281" lon="13.676644">
    <ele>1127.083</ele>
    <time>2026-06-21T12:49:55Z</time>
   </trkpt>
   <trkpt lat="47.133340" lon="13.677095">
    <ele>1126.271</ele>
    <time>2026-06-21T12:50:03Z</time>
   </trkpt>
   <trkpt lat="47.133390" lon="13.678382">
    <ele>1123.177</ele>
    <time>2026-06-21T12:50:18Z</time>
   </trkpt>
   <trkpt lat="47.133493" lon="13.678914">
    <ele>1121.811</ele>
    <time>2026-06-21T12:50:27Z</time>
   </trkpt>
   <trkpt lat="47.133516" lon="13.679225">
    <ele>1120.900</ele>
    <time>2026-06-21T12:51:24Z</time>
   </trkpt>
   <trkpt lat="47.133535" lon="13.679473">
    <ele>1119.951</ele>
    <time>2026-06-21T12:51:28Z</time>
   </trkpt>
   <trkpt lat="47.133563" lon="13.679686">
    <ele>1118.787</ele>
    <time>2026-06-21T12:51:31Z</time>
   </trkpt>
   <trkpt lat="47.133568" lon="13.679893">
    <ele>1116.892</ele>
    <time>2026-06-21T12:51:34Z</time>
   </trkpt>
   <trkpt lat="47.133576" lon="13.680120">
    <ele>1116.411</ele>
    <time>2026-06-21T12:51:37Z</time>
   </trkpt>
   <trkpt lat="47.133535" lon="13.680369">
    <ele>1117.451</ele>
    <time>2026-06-21T12:51:40Z</time>
   </trkpt>
   <trkpt lat="47.133551" lon="13.680748">
    <ele>1115.752</ele>
    <time>2026-06-21T12:51:44Z</time>
   </trkpt>
   <trkpt lat="47.133532" lon="13.681002">
    <ele>1113.654</ele>
    <time>2026-06-21T12:51:47Z</time>
   </trkpt>
   <trkpt lat="47.133590" lon="13.681511">
    <ele>1111.283</ele>
    <time>2026-06-21T12:51:53Z</time>
   </trkpt>
   <trkpt lat="47.133665" lon="13.681753">
    <ele>1109.990</ele>
    <time>2026-06-21T12:52:01Z</time>
   </trkpt>
   <trkpt lat="47.133665" lon="13.681751">
    <ele>1110.063</ele>
    <time>2026-06-21T12:52:22Z</time>
   </trkpt>
   <trkpt lat="47.133851" lon="13.681576">
    <ele>1110.695</ele>
    <time>2026-06-21T12:52:30Z</time>
   </trkpt>
   <trkpt lat="47.133966" lon="13.681330">
    <ele>1110.964</ele>
    <time>2026-06-21T12:52:35Z</time>
   </trkpt>
   <trkpt lat="47.134044" lon="13.681190">
    <ele>1110.666</ele>
    <time>2026-06-21T12:52:38Z</time>
   </trkpt>
   <trkpt lat="47.134224" lon="13.680923">
    <ele>1111.428</ele>
    <time>2026-06-21T12:52:44Z</time>
   </trkpt>
   <trkpt lat="47.134625" lon="13.680461">
    <ele>1111.098</ele>
    <time>2026-06-21T12:52:56Z</time>
   </trkpt>
   <trkpt lat="47.134769" lon="13.680359">
    <ele>1111.796</ele>
    <time>2026-06-21T12:53:00Z</time>
   </trkpt>
   <trkpt lat="47.135086" lon="13.679876">
    <ele>1112.765</ele>
    <time>2026-06-21T12:53:12Z</time>
   </trkpt>
   <trkpt lat="47.135469" lon="13.679609">
    <ele>1115.657</ele>
    <time>2026-06-21T12:53:27Z</time>
   </trkpt>
   <trkpt lat="47.135613" lon="13.679476">
    <ele>1119.824</ele>
    <time>2026-06-21T12:53:36Z</time>
   </trkpt>
   <trkpt lat="47.135541" lon="13.679118">
    <ele>1122.461</ele>
    <time>2026-06-21T12:53:50Z</time>
   </trkpt>
   <trkpt lat="47.135440" lon="13.678710">
    <ele>1122.932</ele>
    <time>2026-06-21T12:54:06Z</time>
   </trkpt>
   <trkpt lat="47.135542" lon="13.678571">
    <ele>1124.541</ele>
    <time>2026-06-21T12:54:13Z</time>
   </trkpt>
   <trkpt lat="47.135841" lon="13.678491">
    <ele>1128.449</ele>
    <time>2026-06-21T12:54:28Z</time>
   </trkpt>
   <trkpt lat="47.135953" lon="13.678466">
    <ele>1131.107</ele>
    <time>2026-06-21T12:54:34Z</time>
   </trkpt>
   <trkpt lat="47.136002" lon="13.678481">
    <ele>1125.802</ele>
    <time>2026-06-21T12:54:45Z</time>
   </trkpt>
   <trkpt lat="47.135998" lon="13.678453">
    <ele>1126.281</ele>
    <time>2026-06-21T12:55:40Z</time>
   </trkpt>
   <trkpt lat="47.135911" lon="13.678449">
    <ele>1125.870</ele>
    <time>2026-06-21T12:55:45Z</time>
   </trkpt>
   <trkpt lat="47.135864" lon="13.678474">
    <ele>1125.797</ele>
    <time>2026-06-21T12:55:48Z</time>
   </trkpt>
   <trkpt lat="47.135874" lon="13.678502">
    <ele>1125.891</ele>
    <time>2026-06-21T12:56:04Z</time>
   </trkpt>
   <trkpt lat="47.135874" lon="13.678507">
    <ele>1125.976</ele>
    <time>2026-06-21T12:56:07Z</time>
   </trkpt>
   <trkpt lat="47.135794" lon="13.678537">
    <ele>1127.138</ele>
    <time>2026-06-21T12:56:11Z</time>
   </trkpt>
   <trkpt lat="47.135611" lon="13.678583">
    <ele>1127.561</ele>
    <time>2026-06-21T12:56:15Z</time>
   </trkpt>
   <trkpt lat="47.134866" lon="13.679083">
    <ele>1126.136</ele>
    <time>2026-06-21T12:56:28Z</time>
   </trkpt>
   <trkpt lat="47.134394" lon="13.679361">
    <ele>1126.254</ele>
    <time>2026-06-21T12:56:37Z</time>
   </trkpt>
   <trkpt lat="47.134211" lon="13.679495">
    <ele>1127.375</ele>
    <time>2026-06-21T12:56:41Z</time>
   </trkpt>
   <trkpt lat="47.134016" lon="13.679618">
    <ele>1128.984</ele>
    <time>2026-06-21T12:56:51Z</time>
   </trkpt>
   <trkpt lat="47.134025" lon="13.679664">
    <ele>1129.467</ele>
    <time>2026-06-21T12:57:14Z</time>
   </trkpt>
   <trkpt lat="47.134000" lon="13.679777">
    <ele>1130.146</ele>
    <time>2026-06-21T12:57:19Z</time>
   </trkpt>
   <trkpt lat="47.133639" lon="13.680162">
    <ele>1126.876</ele>
    <time>2026-06-21T12:57:31Z</time>
   </trkpt>
   <trkpt lat="47.133525" lon="13.680500">
    <ele>1123.508</ele>
    <time>2026-06-21T12:57:36Z</time>
   </trkpt>
   <trkpt lat="47.133540" lon="13.680918">
    <ele>1117.744</ele>
    <time>2026-06-21T12:57:40Z</time>
   </trkpt>
   <trkpt lat="47.133458" lon="13.681321">
    <ele>1119.416</ele>
    <time>2026-06-21T12:57:47Z</time>
   </trkpt>
   <trkpt lat="47.133039" lon="13.681628">
    <ele>1119.807</ele>
    <time>2026-06-21T12:58:01Z</time>
   </trkpt>
   <trkpt lat="47.132585" lon="13.682045">
    <ele>1120.608</ele>
    <time>2026-06-21T12:58:14Z</time>
   </trkpt>
   <trkpt lat="47.132373" lon="13.682223">
    <ele>1121.416</ele>
    <time>2026-06-21T12:58:19Z</time>
   </trkpt>
   <trkpt lat="47.131799" lon="13.682793">
    <ele>1118.955</ele>
    <time>2026-06-21T12:58:36Z</time>
   </trkpt>
   <trkpt lat="47.131348" lon="13.683007">
    <ele>1118.311</ele>
    <time>2026-06-21T12:58:49Z</time>
   </trkpt>
   <trkpt lat="47.131273" lon="13.683034">
    <ele>1117.397</ele>
    <time>2026-06-21T12:58:53Z</time>
   </trkpt>
   <trkpt lat="47.131233" lon="13.683267">
    <ele>1117.182</ele>
    <time>2026-06-21T12:58:58Z</time>
   </trkpt>
   <trkpt lat="47.130885" lon="13.683518">
    <ele>1117.935</ele>
    <time>2026-06-21T12:59:07Z</time>
   </trkpt>
   <trkpt lat="47.129763" lon="13.684007">
    <ele>1118.737</ele>
    <time>2026-06-21T12:59:28Z</time>
   </trkpt>
   <trkpt lat="47.128163" lon="13.684640">
    <ele>1116.175</ele>
    <time>2026-06-21T12:59:55Z</time>
   </trkpt>
   <trkpt lat="47.128016" lon="13.684688">
    <ele>1115.941</ele>
    <time>2026-06-21T12:59:58Z</time>
   </trkpt>
   <trkpt lat="47.127904" lon="13.684724">
    <ele>1115.511</ele>
    <time>2026-06-21T13:00:06Z</time>
   </trkpt>
   <trkpt lat="47.127851" lon="13.684838">
    <ele>1114.918</ele>
    <time>2026-06-21T13:00:09Z</time>
   </trkpt>
   <trkpt lat="47.127121" lon="13.685161">
    <ele>1117.013</ele>
    <time>2026-06-21T13:00:25Z</time>
   </trkpt>
   <trkpt lat="47.126977" lon="13.685234">
    <ele>1117.106</ele>
    <time>2026-06-21T13:00:34Z</time>
   </trkpt>
   <trkpt lat="47.126976" lon="13.685234">
    <ele>1117.100</ele>
    <time>2026-06-21T13:00:37Z</time>
   </trkpt>
   <trkpt lat="47.126778" lon="13.684773">
    <ele>1118.512</ele>
    <time>2026-06-21T13:00:49Z</time>
   </trkpt>
   <trkpt lat="47.126364" lon="13.684055">
    <ele>1119.917</ele>
    <time>2026-06-21T13:01:06Z</time>
   </trkpt>
   <trkpt lat="47.125954" lon="13.683504">
    <ele>1123.875</ele>
    <time>2026-06-21T13:01:24Z</time>
   </trkpt>
   <trkpt lat="47.125421" lon="13.683247">
    <ele>1126.744</ele>
    <time>2026-06-21T13:01:46Z</time>
   </trkpt>
   <trkpt lat="47.124963" lon="13.682987">
    <ele>1131.346</ele>
    <time>2026-06-21T13:02:09Z</time>
   </trkpt>
   <trkpt lat="47.124572" lon="13.682607">
    <ele>1134.318</ele>
    <time>2026-06-21T13:02:34Z</time>
   </trkpt>
   <trkpt lat="47.124380" lon="13.682375">
    <ele>1137.051</ele>
    <time>2026-06-21T13:02:49Z</time>
   </trkpt>
   <trkpt lat="47.124168" lon="13.682061">
    <ele>1142.639</ele>
    <time>2026-06-21T13:03:10Z</time>
   </trkpt>
   <trkpt lat="47.124139" lon="13.682034">
    <ele>1143.320</ele>
    <time>2026-06-21T13:03:12Z</time>
   </trkpt>
   <trkpt lat="47.124072" lon="13.682000">
    <ele>1143.961</ele>
    <time>2026-06-21T13:03:17Z</time>
   </trkpt>
   <trkpt lat="47.124019" lon="13.682023">
    <ele>1144.448</ele>
    <time>2026-06-21T13:03:21Z</time>
   </trkpt>
   <trkpt lat="47.123872" lon="13.682039">
    <ele>1145.882</ele>
    <time>2026-06-21T13:03:31Z</time>
   </trkpt>
   <trkpt lat="47.123650" lon="13.681752">
    <ele>1150.889</ele>
    <time>2026-06-21T13:03:52Z</time>
   </trkpt>
   <trkpt lat="47.123435" lon="13.681429">
    <ele>1154.837</ele>
    <time>2026-06-21T13:04:14Z</time>
   </trkpt>
   <trkpt lat="47.123325" lon="13.681065">
    <ele>1159.839</ele>
    <time>2026-06-21T13:04:36Z</time>
   </trkpt>
   <trkpt lat="47.123504" lon="13.680775">
    <ele>1160.815</ele>
    <time>2026-06-21T13:04:58Z</time>
   </trkpt>
   <trkpt lat="47.123522" lon="13.680767">
    <ele>1162.237</ele>
    <time>2026-06-21T13:05:14Z</time>
   </trkpt>
   <trkpt lat="47.123527" lon="13.680759">
    <ele>1162.477</ele>
    <time>2026-06-21T13:06:01Z</time>
   </trkpt>
   <trkpt lat="47.123688" lon="13.680576">
    <ele>1166.381</ele>
    <time>2026-06-21T13:06:14Z</time>
   </trkpt>
   <trkpt lat="47.123931" lon="13.680229">
    <ele>1169.647</ele>
    <time>2026-06-21T13:06:33Z</time>
   </trkpt>
   <trkpt lat="47.124090" lon="13.679956">
    <ele>1176.269</ele>
    <time>2026-06-21T13:06:50Z</time>
   </trkpt>
   <trkpt lat="47.124139" lon="13.679856">
    <ele>1178.543</ele>
    <time>2026-06-21T13:06:56Z</time>
   </trkpt>
   <trkpt lat="47.124299" lon="13.679474">
    <ele>1178.093</ele>
    <time>2026-06-21T13:07:15Z</time>
   </trkpt>
   <trkpt lat="47.124310" lon="13.679433">
    <ele>1178.445</ele>
    <time>2026-06-21T13:07:17Z</time>
   </trkpt>
   <trkpt lat="47.124320" lon="13.679375">
    <ele>1178.498</ele>
    <time>2026-06-21T13:07:21Z</time>
   </trkpt>
   <trkpt lat="47.124324" lon="13.679335">
    <ele>1177.332</ele>
    <time>2026-06-21T13:07:24Z</time>
   </trkpt>
   <trkpt lat="47.124363" lon="13.679275">
    <ele>1174.288</ele>
    <time>2026-06-21T13:07:29Z</time>
   </trkpt>
   <trkpt lat="47.124390" lon="13.679169">
    <ele>1174.203</ele>
    <time>2026-06-21T13:07:35Z</time>
   </trkpt>
   <trkpt lat="47.124459" lon="13.678982">
    <ele>1173.345</ele>
    <time>2026-06-21T13:07:48Z</time>
   </trkpt>
   <trkpt lat="47.124476" lon="13.678915">
    <ele>1174.648</ele>
    <time>2026-06-21T13:07:53Z</time>
   </trkpt>
   <trkpt lat="47.124495" lon="13.678576">
    <ele>1173.742</ele>
    <time>2026-06-21T13:08:12Z</time>
   </trkpt>
   <trkpt lat="47.124490" lon="13.678442">
    <ele>1172.043</ele>
    <time>2026-06-21T13:08:20Z</time>
   </trkpt>
   <trkpt lat="47.124487" lon="13.678254">
    <ele>1174.545</ele>
    <time>2026-06-21T13:08:29Z</time>
   </trkpt>
   <trkpt lat="47.124463" lon="13.678206">
    <ele>1176.726</ele>
    <time>2026-06-21T13:08:33Z</time>
   </trkpt>
   <trkpt lat="47.124398" lon="13.678253">
    <ele>1182.962</ele>
    <time>2026-06-21T13:08:41Z</time>
   </trkpt>
   <trkpt lat="47.124382" lon="13.678527">
    <ele>1186.303</ele>
    <time>2026-06-21T13:08:57Z</time>
   </trkpt>
   <trkpt lat="47.124354" lon="13.678638">
    <ele>1187.496</ele>
    <time>2026-06-21T13:09:04Z</time>
   </trkpt>
   <trkpt lat="47.124203" lon="13.678907">
    <ele>1192.022</ele>
    <time>2026-06-21T13:09:19Z</time>
   </trkpt>
   <trkpt lat="47.123996" lon="13.679017">
    <ele>1191.540</ele>
    <time>2026-06-21T13:09:35Z</time>
   </trkpt>
   <trkpt lat="47.123985" lon="13.679035">
    <ele>1192.221</ele>
    <time>2026-06-21T13:09:36Z</time>
   </trkpt>
   <trkpt lat="47.123837" lon="13.679052">
    <ele>1196.345</ele>
    <time>2026-06-21T13:09:52Z</time>
   </trkpt>
   <trkpt lat="47.123702" lon="13.679154">
    <ele>1201.401</ele>
    <time>2026-06-21T13:10:02Z</time>
   </trkpt>
   <trkpt lat="47.123523" lon="13.679235">
    <ele>1206.637</ele>
    <time>2026-06-21T13:10:16Z</time>
   </trkpt>
   <trkpt lat="47.123359" lon="13.679321">
    <ele>1208.615</ele>
    <time>2026-06-21T13:10:29Z</time>
   </trkpt>
   <trkpt lat="47.123199" lon="13.679294">
    <ele>1206.547</ele>
    <time>2026-06-21T13:10:42Z</time>
   </trkpt>
   <trkpt lat="47.123161" lon="13.679260">
    <ele>1207.582</ele>
    <time>2026-06-21T13:10:46Z</time>
   </trkpt>
   <trkpt lat="47.123037" lon="13.679252">
    <ele>1211.612</ele>
    <time>2026-06-21T13:10:55Z</time>
   </trkpt>
   <trkpt lat="47.122769" lon="13.679234">
    <ele>1214.413</ele>
    <time>2026-06-21T13:11:13Z</time>
   </trkpt>
   <trkpt lat="47.122518" lon="13.679152">
    <ele>1219.697</ele>
    <time>2026-06-21T13:11:32Z</time>
   </trkpt>
   <trkpt lat="47.122440" lon="13.679086">
    <ele>1222.029</ele>
    <time>2026-06-21T13:11:39Z</time>
   </trkpt>
   <trkpt lat="47.122359" lon="13.679002">
    <ele>1223.113</ele>
    <time>2026-06-21T13:11:46Z</time>
   </trkpt>
   <trkpt lat="47.122371" lon="13.679041">
    <ele>1222.400</ele>
    <time>2026-06-21T13:11:49Z</time>
   </trkpt>
   <trkpt lat="47.122395" lon="13.679103">
    <ele>1223.671</ele>
    <time>2026-06-21T13:12:07Z</time>
   </trkpt>
   <trkpt lat="47.122395" lon="13.679104">
    <ele>1223.662</ele>
    <time>2026-06-21T13:12:13Z</time>
   </trkpt>
   <trkpt lat="47.122317" lon="13.679012">
    <ele>1224.172</ele>
    <time>2026-06-21T13:12:18Z</time>
   </trkpt>
   <trkpt lat="47.122125" lon="13.678749">
    <ele>1222.627</ele>
    <time>2026-06-21T13:12:30Z</time>
   </trkpt>
   <trkpt lat="47.121952" lon="13.678764">
    <ele>1220.696</ele>
    <time>2026-06-21T13:12:40Z</time>
   </trkpt>
   <trkpt lat="47.121638" lon="13.678497">
    <ele>1216.388</ele>
    <time>2026-06-21T13:12:57Z</time>
   </trkpt>
   <trkpt lat="47.121507" lon="13.678396">
    <ele>1214.120</ele>
    <time>2026-06-21T13:13:04Z</time>
   </trkpt>
   <trkpt lat="47.121317" lon="13.678330">
    <ele>1211.245</ele>
    <time>2026-06-21T13:13:13Z</time>
   </trkpt>
   <trkpt lat="47.121179" lon="13.678327">
    <ele>1214.745</ele>
    <time>2026-06-21T13:13:20Z</time>
   </trkpt>
   <trkpt lat="47.121071" lon="13.678651">
    <ele>1218.275</ele>
    <time>2026-06-21T13:13:31Z</time>
   </trkpt>
   <trkpt lat="47.121052" lon="13.678706">
    <ele>1217.911</ele>
    <time>2026-06-21T13:13:33Z</time>
   </trkpt>
   <trkpt lat="47.120910" lon="13.679019">
    <ele>1220.606</ele>
    <time>2026-06-21T13:13:43Z</time>
   </trkpt>
   <trkpt lat="47.120852" lon="13.679239">
    <ele>1227.384</ele>
    <time>2026-06-21T13:13:53Z</time>
   </trkpt>
   <trkpt lat="47.120853" lon="13.679237">
    <ele>1227.361</ele>
    <time>2026-06-21T13:13:57Z</time>
   </trkpt>
   <trkpt lat="47.120843" lon="13.679263">
    <ele>1228.571</ele>
    <time>2026-06-21T13:14:14Z</time>
   </trkpt>
   <trkpt lat="47.120816" lon="13.679237">
    <ele>1228.712</ele>
    <time>2026-06-21T13:15:15Z</time>
   </trkpt>
   <trkpt lat="47.120501" lon="13.679147">
    <ele>1229.131</ele>
    <time>2026-06-21T13:15:28Z</time>
   </trkpt>
   <trkpt lat="47.120396" lon="13.679088">
    <ele>1228.194</ele>
    <time>2026-06-21T13:15:31Z</time>
   </trkpt>
   <trkpt lat="47.120306" lon="13.678984">
    <ele>1227.678</ele>
    <time>2026-06-21T13:15:34Z</time>
   </trkpt>
   <trkpt lat="47.120167" lon="13.679012">
    <ele>1226.395</ele>
    <time>2026-06-21T13:15:39Z</time>
   </trkpt>
   <trkpt lat="47.120150" lon="13.679079">
    <ele>1225.876</ele>
    <time>2026-06-21T13:15:41Z</time>
   </trkpt>
   <trkpt lat="47.120111" lon="13.679405">
    <ele>1226.776</ele>
    <time>2026-06-21T13:15:51Z</time>
   </trkpt>
   <trkpt lat="47.120006" lon="13.679648">
    <ele>1233.179</ele>
    <time>2026-06-21T13:16:00Z</time>
   </trkpt>
   <trkpt lat="47.119990" lon="13.679668">
    <ele>1233.617</ele>
    <time>2026-06-21T13:16:01Z</time>
   </trkpt>
   <trkpt lat="47.119758" lon="13.679849">
    <ele>1236.833</ele>
    <time>2026-06-21T13:16:13Z</time>
   </trkpt>
   <trkpt lat="47.119752" lon="13.679854">
    <ele>1236.185</ele>
    <time>2026-06-21T13:16:14Z</time>
   </trkpt>
   <trkpt lat="47.119661" lon="13.679889">
    <ele>1236.143</ele>
    <time>2026-06-21T13:16:18Z</time>
   </trkpt>
   <trkpt lat="47.119594" lon="13.679937">
    <ele>1235.742</ele>
    <time>2026-06-21T13:16:21Z</time>
   </trkpt>
   <trkpt lat="47.119471" lon="13.680078">
    <ele>1237.657</ele>
    <time>2026-06-21T13:16:27Z</time>
   </trkpt>
   <trkpt lat="47.119382" lon="13.680392">
    <ele>1242.872</ele>
    <time>2026-06-21T13:16:38Z</time>
   </trkpt>
   <trkpt lat="47.119360" lon="13.680453">
    <ele>1244.559</ele>
    <time>2026-06-21T13:16:46Z</time>
   </trkpt>
   <trkpt lat="47.119339" lon="13.680494">
    <ele>1244.742</ele>
    <time>2026-06-21T13:16:48Z</time>
   </trkpt>
   <trkpt lat="47.119304" lon="13.680529">
    <ele>1244.027</ele>
    <time>2026-06-21T13:16:51Z</time>
   </trkpt>
   <trkpt lat="47.119272" lon="13.680595">
    <ele>1244.854</ele>
    <time>2026-06-21T13:16:53Z</time>
   </trkpt>
   <trkpt lat="47.119103" lon="13.680791">
    <ele>1244.039</ele>
    <time>2026-06-21T13:17:05Z</time>
   </trkpt>
   <trkpt lat="47.119017" lon="13.680845">
    <ele>1242.999</ele>
    <time>2026-06-21T13:17:12Z</time>
   </trkpt>
   <trkpt lat="47.118992" lon="13.680879">
    <ele>1242.292</ele>
    <time>2026-06-21T13:17:15Z</time>
   </trkpt>
   <trkpt lat="47.118798" lon="13.680982">
    <ele>1244.968</ele>
    <time>2026-06-21T13:17:31Z</time>
   </trkpt>
   <trkpt lat="47.118745" lon="13.681028">
    <ele>1246.436</ele>
    <time>2026-06-21T13:17:36Z</time>
   </trkpt>
   <trkpt lat="47.118688" lon="13.681025">
    <ele>1247.425</ele>
    <time>2026-06-21T13:17:40Z</time>
   </trkpt>
   <trkpt lat="47.118656" lon="13.681030">
    <ele>1248.731</ele>
    <time>2026-06-21T13:17:43Z</time>
   </trkpt>
   <trkpt lat="47.118580" lon="13.680987">
    <ele>1251.915</ele>
    <time>2026-06-21T13:17:49Z</time>
   </trkpt>
   <trkpt lat="47.118497" lon="13.680847">
    <ele>1251.788</ele>
    <time>2026-06-21T13:17:58Z</time>
   </trkpt>
   <trkpt lat="47.118437" lon="13.680779">
    <ele>1250.546</ele>
    <time>2026-06-21T13:18:03Z</time>
   </trkpt>
   <trkpt lat="47.118293" lon="13.680702">
    <ele>1253.572</ele>
    <time>2026-06-21T13:18:13Z</time>
   </trkpt>
   <trkpt lat="47.118241" lon="13.680793">
    <ele>1259.377</ele>
    <time>2026-06-21T13:18:23Z</time>
   </trkpt>
   <trkpt lat="47.118218" lon="13.680955">
    <ele>1263.102</ele>
    <time>2026-06-21T13:18:31Z</time>
   </trkpt>
   <trkpt lat="47.118117" lon="13.681260">
    <ele>1266.557</ele>
    <time>2026-06-21T13:18:45Z</time>
   </trkpt>
   <trkpt lat="47.117978" lon="13.681531">
    <ele>1269.256</ele>
    <time>2026-06-21T13:19:01Z</time>
   </trkpt>
   <trkpt lat="47.117803" lon="13.681714">
    <ele>1271.964</ele>
    <time>2026-06-21T13:19:18Z</time>
   </trkpt>
   <trkpt lat="47.117778" lon="13.681733">
    <ele>1271.914</ele>
    <time>2026-06-21T13:19:21Z</time>
   </trkpt>
   <trkpt lat="47.117656" lon="13.681755">
    <ele>1272.999</ele>
    <time>2026-06-21T13:19:34Z</time>
   </trkpt>
   <trkpt lat="47.117631" lon="13.681727">
    <ele>1272.373</ele>
    <time>2026-06-21T13:19:37Z</time>
   </trkpt>
   <trkpt lat="47.117576" lon="13.681672">
    <ele>1270.352</ele>
    <time>2026-06-21T13:19:43Z</time>
   </trkpt>
   <trkpt lat="47.117537" lon="13.681635">
    <ele>1269.454</ele>
    <time>2026-06-21T13:19:47Z</time>
   </trkpt>
   <trkpt lat="47.117488" lon="13.681595">
    <ele>1268.382</ele>
    <time>2026-06-21T13:19:51Z</time>
   </trkpt>
   <trkpt lat="47.117290" lon="13.681433">
    <ele>1265.044</ele>
    <time>2026-06-21T13:20:09Z</time>
   </trkpt>
   <trkpt lat="47.117149" lon="13.681388">
    <ele>1267.732</ele>
    <time>2026-06-21T13:20:19Z</time>
   </trkpt>
   <trkpt lat="47.117096" lon="13.681400">
    <ele>1271.035</ele>
    <time>2026-06-21T13:20:23Z</time>
   </trkpt>
   <trkpt lat="47.117006" lon="13.681648">
    <ele>1277.465</ele>
    <time>2026-06-21T13:20:37Z</time>
   </trkpt>
   <trkpt lat="47.116946" lon="13.681672">
    <ele>1279.567</ele>
    <time>2026-06-21T13:20:43Z</time>
   </trkpt>
   <trkpt lat="47.116882" lon="13.681666">
    <ele>1279.336</ele>
    <time>2026-06-21T13:20:47Z</time>
   </trkpt>
   <trkpt lat="47.116745" lon="13.681674">
    <ele>1278.155</ele>
    <time>2026-06-21T13:20:57Z</time>
   </trkpt>
   <trkpt lat="47.116671" lon="13.681669">
    <ele>1278.103</ele>
    <time>2026-06-21T13:21:02Z</time>
   </trkpt>
   <trkpt lat="47.116453" lon="13.681694">
    <ele>1280.551</ele>
    <time>2026-06-21T13:21:17Z</time>
   </trkpt>
   <trkpt lat="47.116387" lon="13.681772">
    <ele>1282.677</ele>
    <time>2026-06-21T13:21:22Z</time>
   </trkpt>
   <trkpt lat="47.116391" lon="13.681913">
    <ele>1285.004</ele>
    <time>2026-06-21T13:21:29Z</time>
   </trkpt>
   <trkpt lat="47.116390" lon="13.682007">
    <ele>1285.178</ele>
    <time>2026-06-21T13:21:33Z</time>
   </trkpt>
   <trkpt lat="47.116420" lon="13.682132">
    <ele>1287.693</ele>
    <time>2026-06-21T13:21:40Z</time>
   </trkpt>
   <trkpt lat="47.116413" lon="13.682203">
    <ele>1288.609</ele>
    <time>2026-06-21T13:21:43Z</time>
   </trkpt>
   <trkpt lat="47.116228" lon="13.682548">
    <ele>1291.470</ele>
    <time>2026-06-21T13:22:01Z</time>
   </trkpt>
   <trkpt lat="47.116012" lon="13.682464">
    <ele>1292.261</ele>
    <time>2026-06-21T13:22:15Z</time>
   </trkpt>
   <trkpt lat="47.115992" lon="13.682441">
    <ele>1292.088</ele>
    <time>2026-06-21T13:22:17Z</time>
   </trkpt>
   <trkpt lat="47.115884" lon="13.682556">
    <ele>1295.773</ele>
    <time>2026-06-21T13:22:30Z</time>
   </trkpt>
   <trkpt lat="47.115865" lon="13.682639">
    <ele>1297.711</ele>
    <time>2026-06-21T13:22:35Z</time>
   </trkpt>
   <trkpt lat="47.115803" lon="13.682870">
    <ele>1301.748</ele>
    <time>2026-06-21T13:22:49Z</time>
   </trkpt>
   <trkpt lat="47.115740" lon="13.683023">
    <ele>1305.149</ele>
    <time>2026-06-21T13:22:58Z</time>
   </trkpt>
   <trkpt lat="47.115566" lon="13.683324">
    <ele>1304.048</ele>
    <time>2026-06-21T13:23:16Z</time>
   </trkpt>
   <trkpt lat="47.115443" lon="13.683484">
    <ele>1306.418</ele>
    <time>2026-06-21T13:23:27Z</time>
   </trkpt>
   <trkpt lat="47.115362" lon="13.683570">
    <ele>1307.136</ele>
    <time>2026-06-21T13:23:34Z</time>
   </trkpt>
   <trkpt lat="47.115182" lon="13.683741">
    <ele>1308.811</ele>
    <time>2026-06-21T13:23:49Z</time>
   </trkpt>
   <trkpt lat="47.115147" lon="13.683766">
    <ele>1309.115</ele>
    <time>2026-06-21T13:23:52Z</time>
   </trkpt>
   <trkpt lat="47.115108" lon="13.683799">
    <ele>1309.157</ele>
    <time>2026-06-21T13:23:55Z</time>
   </trkpt>
   <trkpt lat="47.114901" lon="13.683935">
    <ele>1314.958</ele>
    <time>2026-06-21T13:24:12Z</time>
   </trkpt>
   <trkpt lat="47.114709" lon="13.683983">
    <ele>1317.058</ele>
    <time>2026-06-21T13:24:26Z</time>
   </trkpt>
   <trkpt lat="47.114699" lon="13.683995">
    <ele>1317.440</ele>
    <time>2026-06-21T13:24:27Z</time>
   </trkpt>
   <trkpt lat="47.114558" lon="13.684153">
    <ele>1319.462</ele>
    <time>2026-06-21T13:24:40Z</time>
   </trkpt>
   <trkpt lat="47.114513" lon="13.684210">
    <ele>1320.250</ele>
    <time>2026-06-21T13:24:44Z</time>
   </trkpt>
   <trkpt lat="47.114303" lon="13.684322">
    <ele>1320.312</ele>
    <time>2026-06-21T13:25:03Z</time>
   </trkpt>
   <trkpt lat="47.114037" lon="13.684172">
    <ele>1317.692</ele>
    <time>2026-06-21T13:25:20Z</time>
   </trkpt>
   <trkpt lat="47.113912" lon="13.684275">
    <ele>1316.491</ele>
    <time>2026-06-21T13:25:32Z</time>
   </trkpt>
   <trkpt lat="47.113896" lon="13.684500">
    <ele>1321.813</ele>
    <time>2026-06-21T13:25:47Z</time>
   </trkpt>
   <trkpt lat="47.113895" lon="13.684500">
    <ele>1321.785</ele>
    <time>2026-06-21T13:27:02Z</time>
   </trkpt>
   <trkpt lat="47.113852" lon="13.684667">
    <ele>1323.728</ele>
    <time>2026-06-21T13:28:53Z</time>
   </trkpt>
   <trkpt lat="47.113607" lon="13.684951">
    <ele>1327.114</ele>
    <time>2026-06-21T13:29:13Z</time>
   </trkpt>
   <trkpt lat="47.113498" lon="13.685060">
    <ele>1327.441</ele>
    <time>2026-06-21T13:29:22Z</time>
   </trkpt>
   <trkpt lat="47.113448" lon="13.685011">
    <ele>1328.366</ele>
    <time>2026-06-21T13:29:31Z</time>
   </trkpt>
   <trkpt lat="47.113690" lon="13.684571">
    <ele>1333.224</ele>
    <time>2026-06-21T13:29:57Z</time>
   </trkpt>
   <trkpt lat="47.113723" lon="13.684361">
    <ele>1334.174</ele>
    <time>2026-06-21T13:30:08Z</time>
   </trkpt>
   <trkpt lat="47.113647" lon="13.683955">
    <ele>1336.699</ele>
    <time>2026-06-21T13:30:25Z</time>
   </trkpt>
   <trkpt lat="47.113655" lon="13.683800">
    <ele>1337.169</ele>
    <time>2026-06-21T13:30:31Z</time>
   </trkpt>
   <trkpt lat="47.113821" lon="13.683680">
    <ele>1336.906</ele>
    <time>2026-06-21T13:30:44Z</time>
   </trkpt>
   <trkpt lat="47.113896" lon="13.683731">
    <ele>1340.334</ele>
    <time>2026-06-21T13:30:50Z</time>
   </trkpt>
   <trkpt lat="47.114025" lon="13.683658">
    <ele>1343.142</ele>
    <time>2026-06-21T13:30:59Z</time>
   </trkpt>
   <trkpt lat="47.114177" lon="13.683305">
    <ele>1345.902</ele>
    <time>2026-06-21T13:31:17Z</time>
   </trkpt>
   <trkpt lat="47.114328" lon="13.683070">
    <ele>1350.022</ele>
    <time>2026-06-21T13:31:34Z</time>
   </trkpt>
   <trkpt lat="47.114358" lon="13.683027">
    <ele>1350.463</ele>
    <time>2026-06-21T13:31:37Z</time>
   </trkpt>
   <trkpt lat="47.114526" lon="13.682750">
    <ele>1354.162</ele>
    <time>2026-06-21T13:31:58Z</time>
   </trkpt>
   <trkpt lat="47.114585" lon="13.682492">
    <ele>1354.692</ele>
    <time>2026-06-21T13:32:12Z</time>
   </trkpt>
   <trkpt lat="47.114665" lon="13.682240">
    <ele>1357.450</ele>
    <time>2026-06-21T13:32:23Z</time>
   </trkpt>
   <trkpt lat="47.114697" lon="13.682157">
    <ele>1358.714</ele>
    <time>2026-06-21T13:32:27Z</time>
   </trkpt>
   <trkpt lat="47.114722" lon="13.681971">
    <ele>1358.796</ele>
    <time>2026-06-21T13:32:36Z</time>
   </trkpt>
   <trkpt lat="47.114756" lon="13.681643">
    <ele>1358.814</ele>
    <time>2026-06-21T13:32:52Z</time>
   </trkpt>
   <trkpt lat="47.114772" lon="13.681504">
    <ele>1360.224</ele>
    <time>2026-06-21T13:32:58Z</time>
   </trkpt>
   <trkpt lat="47.114752" lon="13.681069">
    <ele>1360.566</ele>
    <time>2026-06-21T13:33:13Z</time>
   </trkpt>
   <trkpt lat="47.114932" lon="13.680630">
    <ele>1364.700</ele>
    <time>2026-06-21T13:33:30Z</time>
   </trkpt>
   <trkpt lat="47.114992" lon="13.680231">
    <ele>1366.744</ele>
    <time>2026-06-21T13:33:45Z</time>
   </trkpt>
   <trkpt lat="47.115051" lon="13.680124">
    <ele>1369.799</ele>
    <time>2026-06-21T13:33:56Z</time>
   </trkpt>
   <trkpt lat="47.115055" lon="13.680106">
    <ele>1368.972</ele>
    <time>2026-06-21T13:34:14Z</time>
   </trkpt>
   <trkpt lat="47.115062" lon="13.680073">
    <ele>1368.877</ele>
    <time>2026-06-21T13:34:16Z</time>
   </trkpt>
   <trkpt lat="47.115239" lon="13.679724">
    <ele>1367.628</ele>
    <time>2026-06-21T13:34:33Z</time>
   </trkpt>
   <trkpt lat="47.115361" lon="13.679392">
    <ele>1365.458</ele>
    <time>2026-06-21T13:34:48Z</time>
   </trkpt>
   <trkpt lat="47.115404" lon="13.679165">
    <ele>1363.699</ele>
    <time>2026-06-21T13:35:02Z</time>
   </trkpt>
   <trkpt lat="47.115572" lon="13.678799">
    <ele>1365.437</ele>
    <time>2026-06-21T13:35:17Z</time>
   </trkpt>
   <trkpt lat="47.115822" lon="13.678342">
    <ele>1372.799</ele>
    <time>2026-06-21T13:35:34Z</time>
   </trkpt>
   <trkpt lat="47.115957" lon="13.678221">
    <ele>1376.641</ele>
    <time>2026-06-21T13:35:42Z</time>
   </trkpt>
   <trkpt lat="47.116195" lon="13.677897">
    <ele>1379.840</ele>
    <time>2026-06-21T13:36:00Z</time>
   </trkpt>
   <trkpt lat="47.116256" lon="13.677438">
    <ele>1380.680</ele>
    <time>2026-06-21T13:36:16Z</time>
   </trkpt>
   <trkpt lat="47.116270" lon="13.676833">
    <ele>1381.090</ele>
    <time>2026-06-21T13:36:36Z</time>
   </trkpt>
   <trkpt lat="47.116364" lon="13.676460">
    <ele>1385.568</ele>
    <time>2026-06-21T13:36:50Z</time>
   </trkpt>
   <trkpt lat="47.116438" lon="13.676443">
    <ele>1386.451</ele>
    <time>2026-06-21T13:36:54Z</time>
   </trkpt>
   <trkpt lat="47.116502" lon="13.676447">
    <ele>1386.811</ele>
    <time>2026-06-21T13:36:57Z</time>
   </trkpt>
   <trkpt lat="47.116589" lon="13.676532">
    <ele>1386.074</ele>
    <time>2026-06-21T13:37:02Z</time>
   </trkpt>
   <trkpt lat="47.116777" lon="13.676613">
    <ele>1386.379</ele>
    <time>2026-06-21T13:37:11Z</time>
   </trkpt>
   <trkpt lat="47.116915" lon="13.676517">
    <ele>1389.644</ele>
    <time>2026-06-21T13:37:17Z</time>
   </trkpt>
   <trkpt lat="47.117048" lon="13.675994">
    <ele>1395.905</ele>
    <time>2026-06-21T13:37:35Z</time>
   </trkpt>
   <trkpt lat="47.117087" lon="13.675756">
    <ele>1394.369</ele>
    <time>2026-06-21T13:37:51Z</time>
   </trkpt>
   <trkpt lat="47.117077" lon="13.675761">
    <ele>1393.214</ele>
    <time>2026-06-21T13:38:43Z</time>
   </trkpt>
   <trkpt lat="47.117169" lon="13.675538">
    <ele>1395.266</ele>
    <time>2026-06-21T13:39:05Z</time>
   </trkpt>
   <trkpt lat="47.117265" lon="13.675150">
    <ele>1398.741</ele>
    <time>2026-06-21T13:39:22Z</time>
   </trkpt>
   <trkpt lat="47.117312" lon="13.674573">
    <ele>1401.118</ele>
    <time>2026-06-21T13:39:43Z</time>
   </trkpt>
   <trkpt lat="47.117386" lon="13.673990">
    <ele>1405.203</ele>
    <time>2026-06-21T13:40:04Z</time>
   </trkpt>
   <trkpt lat="47.117471" lon="13.673493">
    <ele>1406.044</ele>
    <time>2026-06-21T13:40:24Z</time>
   </trkpt>
   <trkpt lat="47.117600" lon="13.673347">
    <ele>1406.405</ele>
    <time>2026-06-21T13:40:32Z</time>
   </trkpt>
   <trkpt lat="47.117797" lon="13.673289">
    <ele>1407.308</ele>
    <time>2026-06-21T13:40:44Z</time>
   </trkpt>
   <trkpt lat="47.118046" lon="13.673191">
    <ele>1409.066</ele>
    <time>2026-06-21T13:40:57Z</time>
   </trkpt>
   <trkpt lat="47.118249" lon="13.673032">
    <ele>1411.296</ele>
    <time>2026-06-21T13:41:09Z</time>
   </trkpt>
   <trkpt lat="47.118374" lon="13.672959">
    <ele>1411.060</ele>
    <time>2026-06-21T13:41:20Z</time>
   </trkpt>
   <trkpt lat="47.118416" lon="13.672948">
    <ele>1411.418</ele>
    <time>2026-06-21T13:41:24Z</time>
   </trkpt>
   <trkpt lat="47.118540" lon="13.672867">
    <ele>1412.443</ele>
    <time>2026-06-21T13:41:35Z</time>
   </trkpt>
   <trkpt lat="47.118601" lon="13.672760">
    <ele>1416.818</ele>
    <time>2026-06-21T13:41:41Z</time>
   </trkpt>
   <trkpt lat="47.118573" lon="13.672642">
    <ele>1419.578</ele>
    <time>2026-06-21T13:41:47Z</time>
   </trkpt>
   <trkpt lat="47.118541" lon="13.672614">
    <ele>1420.827</ele>
    <time>2026-06-21T13:41:50Z</time>
   </trkpt>
   <trkpt lat="47.118317" lon="13.672768">
    <ele>1423.901</ele>
    <time>2026-06-21T13:42:07Z</time>
   </trkpt>
   <trkpt lat="47.118081" lon="13.672798">
    <ele>1425.994</ele>
    <time>2026-06-21T13:42:20Z</time>
   </trkpt>
   <trkpt lat="47.118034" lon="13.672803">
    <ele>1427.072</ele>
    <time>2026-06-21T13:42:22Z</time>
   </trkpt>
   <trkpt lat="47.117951" lon="13.672833">
    <ele>1426.189</ele>
    <time>2026-06-21T13:42:24Z</time>
   </trkpt>
   <trkpt lat="47.117854" lon="13.672768">
    <ele>1425.341</ele>
    <time>2026-06-21T13:42:31Z</time>
   </trkpt>
   <trkpt lat="47.117789" lon="13.672781">
    <ele>1427.187</ele>
    <time>2026-06-21T13:42:34Z</time>
   </trkpt>
   <trkpt lat="47.117708" lon="13.672775">
    <ele>1432.198</ele>
    <time>2026-06-21T13:42:40Z</time>
   </trkpt>
   <trkpt lat="47.117527" lon="13.672679">
    <ele>1435.823</ele>
    <time>2026-06-21T13:42:52Z</time>
   </trkpt>
   <trkpt lat="47.117341" lon="13.672618">
    <ele>1436.641</ele>
    <time>2026-06-21T13:43:04Z</time>
   </trkpt>
   <trkpt lat="47.117304" lon="13.672615">
    <ele>1437.188</ele>
    <time>2026-06-21T13:43:06Z</time>
   </trkpt>
   <trkpt lat="47.117266" lon="13.672586">
    <ele>1438.263</ele>
    <time>2026-06-21T13:43:09Z</time>
   </trkpt>
   <trkpt lat="47.117117" lon="13.672597">
    <ele>1436.482</ele>
    <time>2026-06-21T13:43:16Z</time>
   </trkpt>
   <trkpt lat="47.116992" lon="13.672821">
    <ele>1435.847</ele>
    <time>2026-06-21T13:43:27Z</time>
   </trkpt>
   <trkpt lat="47.116955" lon="13.673061">
    <ele>1434.811</ele>
    <time>2026-06-21T13:43:39Z</time>
   </trkpt>
   <trkpt lat="47.116826" lon="13.673374">
    <ele>1436.002</ele>
    <time>2026-06-21T13:43:50Z</time>
   </trkpt>
   <trkpt lat="47.116709" lon="13.673686">
    <ele>1437.026</ele>
    <time>2026-06-21T13:44:04Z</time>
   </trkpt>
   <trkpt lat="47.116584" lon="13.673943">
    <ele>1439.337</ele>
    <time>2026-06-21T13:44:15Z</time>
   </trkpt>
   <trkpt lat="47.116278" lon="13.674332">
    <ele>1439.515</ele>
    <time>2026-06-21T13:44:27Z</time>
   </trkpt>
   <trkpt lat="47.116135" lon="13.674391">
    <ele>1440.876</ele>
    <time>2026-06-21T13:44:34Z</time>
   </trkpt>
   <trkpt lat="47.115768" lon="13.674303">
    <ele>1445.674</ele>
    <time>2026-06-21T13:44:49Z</time>
   </trkpt>
   <trkpt lat="47.115457" lon="13.674487">
    <ele>1444.815</ele>
    <time>2026-06-21T13:45:06Z</time>
   </trkpt>
   <trkpt lat="47.115390" lon="13.674551">
    <ele>1446.816</ele>
    <time>2026-06-21T13:45:10Z</time>
   </trkpt>
   <trkpt lat="47.115280" lon="13.674764">
    <ele>1450.381</ele>
    <time>2026-06-21T13:45:23Z</time>
   </trkpt>
   <trkpt lat="47.115092" lon="13.675128">
    <ele>1451.940</ele>
    <time>2026-06-21T13:45:38Z</time>
   </trkpt>
   <trkpt lat="47.114961" lon="13.675408">
    <ele>1457.521</ele>
    <time>2026-06-21T13:45:50Z</time>
   </trkpt>
   <trkpt lat="47.114864" lon="13.675620">
    <ele>1458.967</ele>
    <time>2026-06-21T13:45:59Z</time>
   </trkpt>
   <trkpt lat="47.114828" lon="13.675716">
    <ele>1460.290</ele>
    <time>2026-06-21T13:46:04Z</time>
   </trkpt>
   <trkpt lat="47.114696" lon="13.675975">
    <ele>1461.890</ele>
    <time>2026-06-21T13:46:13Z</time>
   </trkpt>
   <trkpt lat="47.114567" lon="13.676244">
    <ele>1463.526</ele>
    <time>2026-06-21T13:46:24Z</time>
   </trkpt>
   <trkpt lat="47.114521" lon="13.676435">
    <ele>1465.332</ele>
    <time>2026-06-21T13:46:32Z</time>
   </trkpt>
   <trkpt lat="47.114433" lon="13.676665">
    <ele>1469.245</ele>
    <time>2026-06-21T13:46:43Z</time>
   </trkpt>
   <trkpt lat="47.114307" lon="13.676923">
    <ele>1470.774</ele>
    <time>2026-06-21T13:46:54Z</time>
   </trkpt>
   <trkpt lat="47.114273" lon="13.677005">
    <ele>1470.719</ele>
    <time>2026-06-21T13:46:58Z</time>
   </trkpt>
   <trkpt lat="47.114209" lon="13.677099">
    <ele>1471.558</ele>
    <time>2026-06-21T13:47:02Z</time>
   </trkpt>
   <trkpt lat="47.113994" lon="13.677393">
    <ele>1470.301</ele>
    <time>2026-06-21T13:47:14Z</time>
   </trkpt>
   <trkpt lat="47.113873" lon="13.677550">
    <ele>1467.673</ele>
    <time>2026-06-21T13:47:25Z</time>
   </trkpt>
   <trkpt lat="47.113753" lon="13.677719">
    <ele>1472.724</ele>
    <time>2026-06-21T13:47:36Z</time>
   </trkpt>
   <trkpt lat="47.113645" lon="13.677877">
    <ele>1472.006</ele>
    <time>2026-06-21T13:47:45Z</time>
   </trkpt>
   <trkpt lat="47.113601" lon="13.677938">
    <ele>1470.820</ele>
    <time>2026-06-21T13:47:47Z</time>
   </trkpt>
   <trkpt lat="47.113536" lon="13.677962">
    <ele>1470.459</ele>
    <time>2026-06-21T13:47:50Z</time>
   </trkpt>
   <trkpt lat="47.113514" lon="13.677856">
    <ele>1471.543</ele>
    <time>2026-06-21T13:47:58Z</time>
   </trkpt>
   <trkpt lat="47.113599" lon="13.677745">
    <ele>1473.600</ele>
    <time>2026-06-21T13:48:08Z</time>
   </trkpt>
   <trkpt lat="47.113673" lon="13.677471">
    <ele>1472.801</ele>
    <time>2026-06-21T13:48:23Z</time>
   </trkpt>
   <trkpt lat="47.113674" lon="13.677434">
    <ele>1472.885</ele>
    <time>2026-06-21T13:48:25Z</time>
   </trkpt>
   <trkpt lat="47.113680" lon="13.677327">
    <ele>1471.979</ele>
    <time>2026-06-21T13:48:30Z</time>
   </trkpt>
   <trkpt lat="47.113682" lon="13.677258">
    <ele>1471.201</ele>
    <time>2026-06-21T13:48:34Z</time>
   </trkpt>
   <trkpt lat="47.113707" lon="13.677060">
    <ele>1471.372</ele>
    <time>2026-06-21T13:48:47Z</time>
   </trkpt>
   <trkpt lat="47.113745" lon="13.676985">
    <ele>1474.585</ele>
    <time>2026-06-21T13:48:51Z</time>
   </trkpt>
   <trkpt lat="47.113780" lon="13.676919">
    <ele>1474.811</ele>
    <time>2026-06-21T13:48:55Z</time>
   </trkpt>
   <trkpt lat="47.113859" lon="13.676550">
    <ele>1477.918</ele>
    <time>2026-06-21T13:49:13Z</time>
   </trkpt>
   <trkpt lat="47.113888" lon="13.676447">
    <ele>1479.173</ele>
    <time>2026-06-21T13:49:18Z</time>
   </trkpt>
   <trkpt lat="47.113897" lon="13.676380">
    <ele>1479.300</ele>
    <time>2026-06-21T13:49:22Z</time>
   </trkpt>
   <trkpt lat="47.113906" lon="13.676325">
    <ele>1479.196</ele>
    <time>2026-06-21T13:49:25Z</time>
   </trkpt>
   <trkpt lat="47.113983" lon="13.675931">
    <ele>1482.596</ele>
    <time>2026-06-21T13:49:42Z</time>
   </trkpt>
   <trkpt lat="47.114033" lon="13.675555">
    <ele>1487.825</ele>
    <time>2026-06-21T13:49:57Z</time>
   </trkpt>
   <trkpt lat="47.114072" lon="13.675130">
    <ele>1491.530</ele>
    <time>2026-06-21T13:50:16Z</time>
   </trkpt>
   <trkpt lat="47.114098" lon="13.674724">
    <ele>1495.939</ele>
    <time>2026-06-21T13:50:33Z</time>
   </trkpt>
   <trkpt lat="47.114133" lon="13.674357">
    <ele>1497.595</ele>
    <time>2026-06-21T13:50:50Z</time>
   </trkpt>
   <trkpt lat="47.114133" lon="13.674199">
    <ele>1499.075</ele>
    <time>2026-06-21T13:50:56Z</time>
   </trkpt>
   <trkpt lat="47.114163" lon="13.673845">
    <ele>1500.087</ele>
    <time>2026-06-21T13:51:10Z</time>
   </trkpt>
   <trkpt lat="47.114171" lon="13.673829">
    <ele>1499.788</ele>
    <time>2026-06-21T13:51:11Z</time>
   </trkpt>
   <trkpt lat="47.114279" lon="13.673480">
    <ele>1502.876</ele>
    <time>2026-06-21T13:51:25Z</time>
   </trkpt>
   <trkpt lat="47.114298" lon="13.673345">
    <ele>1501.931</ele>
    <time>2026-06-21T13:51:29Z</time>
   </trkpt>
   <trkpt lat="47.114302" lon="13.673266">
    <ele>1501.522</ele>
    <time>2026-06-21T13:51:32Z</time>
   </trkpt>
   <trkpt lat="47.114322" lon="13.673159">
    <ele>1501.602</ele>
    <time>2026-06-21T13:51:36Z</time>
   </trkpt>
   <trkpt lat="47.114387" lon="13.672648">
    <ele>1500.435</ele>
    <time>2026-06-21T13:51:53Z</time>
   </trkpt>
   <trkpt lat="47.114385" lon="13.672515">
    <ele>1500.651</ele>
    <time>2026-06-21T13:51:57Z</time>
   </trkpt>
   <trkpt lat="47.114424" lon="13.672254">
    <ele>1497.974</ele>
    <time>2026-06-21T13:52:06Z</time>
   </trkpt>
   <trkpt lat="47.114658" lon="13.671702">
    <ele>1499.859</ele>
    <time>2026-06-21T13:52:19Z</time>
   </trkpt>
   <trkpt lat="47.115143" lon="13.671063">
    <ele>1507.878</ele>
    <time>2026-06-21T13:52:41Z</time>
   </trkpt>
   <trkpt lat="47.115349" lon="13.670605">
    <ele>1510.955</ele>
    <time>2026-06-21T13:52:56Z</time>
   </trkpt>
   <trkpt lat="47.115584" lon="13.670188">
    <ele>1518.062</ele>
    <time>2026-06-21T13:53:13Z</time>
   </trkpt>
   <trkpt lat="47.115825" lon="13.669728">
    <ele>1517.308</ele>
    <time>2026-06-21T13:53:24Z</time>
   </trkpt>
   <trkpt lat="47.116103" lon="13.669696">
    <ele>1516.335</ele>
    <time>2026-06-21T13:53:31Z</time>
   </trkpt>
   <trkpt lat="47.116375" lon="13.669733">
    <ele>1514.398</ele>
    <time>2026-06-21T13:53:37Z</time>
   </trkpt>
   <trkpt lat="47.116582" lon="13.669751">
    <ele>1513.184</ele>
    <time>2026-06-21T13:53:41Z</time>
   </trkpt>
   <trkpt lat="47.116886" lon="13.669416">
    <ele>1510.816</ele>
    <time>2026-06-21T13:53:49Z</time>
   </trkpt>
   <trkpt lat="47.116985" lon="13.669046">
    <ele>1509.321</ele>
    <time>2026-06-21T13:53:54Z</time>
   </trkpt>
   <trkpt lat="47.117005" lon="13.668804">
    <ele>1509.946</ele>
    <time>2026-06-21T13:53:57Z</time>
   </trkpt>
   <trkpt lat="47.117070" lon="13.668494">
    <ele>1509.904</ele>
    <time>2026-06-21T13:54:01Z</time>
   </trkpt>
   <trkpt lat="47.117083" lon="13.668319">
    <ele>1509.669</ele>
    <time>2026-06-21T13:54:03Z</time>
   </trkpt>
   <trkpt lat="47.116933" lon="13.667832">
    <ele>1511.861</ele>
    <time>2026-06-21T13:54:12Z</time>
   </trkpt>
   <trkpt lat="47.116821" lon="13.667630">
    <ele>1514.461</ele>
    <time>2026-06-21T13:54:22Z</time>
   </trkpt>
   <trkpt lat="47.116690" lon="13.667227">
    <ele>1517.249</ele>
    <time>2026-06-21T13:54:41Z</time>
   </trkpt>
   <trkpt lat="47.116556" lon="13.667016">
    <ele>1519.992</ele>
    <time>2026-06-21T13:54:55Z</time>
   </trkpt>
   <trkpt lat="47.116537" lon="13.666965">
    <ele>1520.520</ele>
    <time>2026-06-21T13:54:58Z</time>
   </trkpt>
   <trkpt lat="47.116398" lon="13.666503">
    <ele>1524.400</ele>
    <time>2026-06-21T13:55:19Z</time>
   </trkpt>
   <trkpt lat="47.116294" lon="13.666088">
    <ele>1528.142</ele>
    <time>2026-06-21T13:55:40Z</time>
   </trkpt>
   <trkpt lat="47.116173" lon="13.665777">
    <ele>1531.407</ele>
    <time>2026-06-21T13:55:57Z</time>
   </trkpt>
   <trkpt lat="47.116059" lon="13.665583">
    <ele>1534.892</ele>
    <time>2026-06-21T13:56:11Z</time>
   </trkpt>
   <trkpt lat="47.115971" lon="13.665432">
    <ele>1535.183</ele>
    <time>2026-06-21T13:56:20Z</time>
   </trkpt>
   <trkpt lat="47.115917" lon="13.665356">
    <ele>1535.652</ele>
    <time>2026-06-21T13:56:25Z</time>
   </trkpt>
   <trkpt lat="47.115634" lon="13.665065">
    <ele>1538.651</ele>
    <time>2026-06-21T13:56:44Z</time>
   </trkpt>
   <trkpt lat="47.115373" lon="13.664896">
    <ele>1539.485</ele>
    <time>2026-06-21T13:57:03Z</time>
   </trkpt>
   <trkpt lat="47.115252" lon="13.664724">
    <ele>1539.817</ele>
    <time>2026-06-21T13:57:20Z</time>
   </trkpt>
   <trkpt lat="47.115250" lon="13.664688">
    <ele>1540.002</ele>
    <time>2026-06-21T13:58:11Z</time>
   </trkpt>
   <trkpt lat="47.115260" lon="13.664694">
    <ele>1540.445</ele>
    <time>2026-06-21T14:03:59Z</time>
   </trkpt>
   <trkpt lat="47.115236" lon="13.664714">
    <ele>1540.049</ele>
    <time>2026-06-21T14:04:05Z</time>
   </trkpt>
   <trkpt lat="47.115047" lon="13.664375">
    <ele>1538.217</ele>
    <time>2026-06-21T14:04:18Z</time>
   </trkpt>
   <trkpt lat="47.115010" lon="13.664245">
    <ele>1537.216</ele>
    <time>2026-06-21T14:04:27Z</time>
   </trkpt>
   <trkpt lat="47.114998" lon="13.664255">
    <ele>1537.106</ele>
    <time>2026-06-21T14:04:42Z</time>
   </trkpt>
   <trkpt lat="47.114996" lon="13.664281">
    <ele>1536.647</ele>
    <time>2026-06-21T14:04:44Z</time>
   </trkpt>
   <trkpt lat="47.115189" lon="13.664624">
    <ele>1538.153</ele>
    <time>2026-06-21T14:04:55Z</time>
   </trkpt>
   <trkpt lat="47.115306" lon="13.664778">
    <ele>1538.806</ele>
    <time>2026-06-21T14:05:01Z</time>
   </trkpt>
   <trkpt lat="47.115361" lon="13.665078">
    <ele>1541.149</ele>
    <time>2026-06-21T14:05:13Z</time>
   </trkpt>
   <trkpt lat="47.115382" lon="13.665210">
    <ele>1544.374</ele>
    <time>2026-06-21T14:05:28Z</time>
   </trkpt>
   <trkpt lat="47.115408" lon="13.665415">
    <ele>1547.536</ele>
    <time>2026-06-21T14:05:49Z</time>
   </trkpt>
   <trkpt lat="47.115421" lon="13.665556">
    <ele>1549.682</ele>
    <time>2026-06-21T14:06:08Z</time>
   </trkpt>
   <trkpt lat="47.115421" lon="13.665644">
    <ele>1551.160</ele>
    <time>2026-06-21T14:06:27Z</time>
   </trkpt>
   <trkpt lat="47.115403" lon="13.665760">
    <ele>1554.084</ele>
    <time>2026-06-21T14:06:43Z</time>
   </trkpt>
   <trkpt lat="47.115363" lon="13.665908">
    <ele>1556.481</ele>
    <time>2026-06-21T14:07:03Z</time>
   </trkpt>
   <trkpt lat="47.115286" lon="13.666040">
    <ele>1560.389</ele>
    <time>2026-06-21T14:07:25Z</time>
   </trkpt>
   <trkpt lat="47.115212" lon="13.666150">
    <ele>1563.892</ele>
    <time>2026-06-21T14:07:47Z</time>
   </trkpt>
   <trkpt lat="47.115168" lon="13.666214">
    <ele>1565.239</ele>
    <time>2026-06-21T14:07:53Z</time>
   </trkpt>
   <trkpt lat="47.115067" lon="13.666329">
    <ele>1569.390</ele>
    <time>2026-06-21T14:08:14Z</time>
   </trkpt>
   <trkpt lat="47.114994" lon="13.666377">
    <ele>1570.994</ele>
    <time>2026-06-21T14:08:29Z</time>
   </trkpt>
   <trkpt lat="47.114865" lon="13.666480">
    <ele>1573.999</ele>
    <time>2026-06-21T14:08:46Z</time>
   </trkpt>
   <trkpt lat="47.114814" lon="13.666525">
    <ele>1573.972</ele>
    <time>2026-06-21T14:09:05Z</time>
   </trkpt>
   <trkpt lat="47.114632" lon="13.666707">
    <ele>1574.933</ele>
    <time>2026-06-21T14:09:19Z</time>
   </trkpt>
   <trkpt lat="47.114309" lon="13.666966">
    <ele>1574.133</ele>
    <time>2026-06-21T14:09:33Z</time>
   </trkpt>
   <trkpt lat="47.114115" lon="13.667073">
    <ele>1574.109</ele>
    <time>2026-06-21T14:09:54Z</time>
   </trkpt>
   <trkpt lat="47.113671" lon="13.667240">
    <ele>1576.953</ele>
    <time>2026-06-21T14:10:12Z</time>
   </trkpt>
   <trkpt lat="47.113432" lon="13.667343">
    <ele>1580.377</ele>
    <time>2026-06-21T14:10:26Z</time>
   </trkpt>
   <trkpt lat="47.113203" lon="13.667474">
    <ele>1582.311</ele>
    <time>2026-06-21T14:10:41Z</time>
   </trkpt>
   <trkpt lat="47.113085" lon="13.667540">
    <ele>1583.427</ele>
    <time>2026-06-21T14:10:49Z</time>
   </trkpt>
   <trkpt lat="47.112852" lon="13.667706">
    <ele>1588.439</ele>
    <time>2026-06-21T14:11:05Z</time>
   </trkpt>
   <trkpt lat="47.112571" lon="13.667832">
    <ele>1590.733</ele>
    <time>2026-06-21T14:11:22Z</time>
   </trkpt>
   <trkpt lat="47.112299" lon="13.667986">
    <ele>1589.089</ele>
    <time>2026-06-21T14:11:34Z</time>
   </trkpt>
   <trkpt lat="47.111957" lon="13.668271">
    <ele>1586.910</ele>
    <time>2026-06-21T14:11:46Z</time>
   </trkpt>
   <trkpt lat="47.111459" lon="13.668728">
    <ele>1586.228</ele>
    <time>2026-06-21T14:11:59Z</time>
   </trkpt>
   <trkpt lat="47.110905" lon="13.669300">
    <ele>1588.265</ele>
    <time>2026-06-21T14:12:15Z</time>
   </trkpt>
   <trkpt lat="47.110581" lon="13.669659">
    <ele>1591.241</ele>
    <time>2026-06-21T14:12:30Z</time>
   </trkpt>
   <trkpt lat="47.110226" lon="13.670007">
    <ele>1593.354</ele>
    <time>2026-06-21T14:12:46Z</time>
   </trkpt>
   <trkpt lat="47.109901" lon="13.670416">
    <ele>1591.227</ele>
    <time>2026-06-21T14:12:59Z</time>
   </trkpt>
   <trkpt lat="47.109393" lon="13.670903">
    <ele>1593.700</ele>
    <time>2026-06-21T14:13:14Z</time>
   </trkpt>
   <trkpt lat="47.108904" lon="13.671568">
    <ele>1592.277</ele>
    <time>2026-06-21T14:13:31Z</time>
   </trkpt>
   <trkpt lat="47.108658" lon="13.672126">
    <ele>1594.748</ele>
    <time>2026-06-21T14:13:47Z</time>
   </trkpt>
   <trkpt lat="47.108425" lon="13.672625">
    <ele>1596.931</ele>
    <time>2026-06-21T14:14:03Z</time>
   </trkpt>
   <trkpt lat="47.108229" lon="13.673118">
    <ele>1599.382</ele>
    <time>2026-06-21T14:14:19Z</time>
   </trkpt>
   <trkpt lat="47.108155" lon="13.673664">
    <ele>1600.597</ele>
    <time>2026-06-21T14:14:36Z</time>
   </trkpt>
   <trkpt lat="47.108133" lon="13.673999">
    <ele>1599.758</ele>
    <time>2026-06-21T14:14:59Z</time>
   </trkpt>
   <trkpt lat="47.108103" lon="13.674206">
    <ele>1599.581</ele>
    <time>2026-06-21T14:15:02Z</time>
   </trkpt>
   <trkpt lat="47.107648" lon="13.675328">
    <ele>1595.442</ele>
    <time>2026-06-21T14:15:18Z</time>
   </trkpt>
   <trkpt lat="47.106937" lon="13.676675">
    <ele>1585.252</ele>
    <time>2026-06-21T14:15:32Z</time>
   </trkpt>
   <trkpt lat="47.106557" lon="13.677496">
    <ele>1577.325</ele>
    <time>2026-06-21T14:15:39Z</time>
   </trkpt>
   <trkpt lat="47.106272" lon="13.677567">
    <ele>1576.526</ele>
    <time>2026-06-21T14:15:45Z</time>
   </trkpt>
   <trkpt lat="47.105985" lon="13.677285">
    <ele>1575.744</ele>
    <time>2026-06-21T14:15:52Z</time>
   </trkpt>
   <trkpt lat="47.105818" lon="13.677018">
    <ele>1571.648</ele>
    <time>2026-06-21T14:15:56Z</time>
   </trkpt>
   <trkpt lat="47.105755" lon="13.676881">
    <ele>1570.309</ele>
    <time>2026-06-21T14:15:58Z</time>
   </trkpt>
   <trkpt lat="47.105754" lon="13.676542">
    <ele>1567.083</ele>
    <time>2026-06-21T14:16:03Z</time>
   </trkpt>
   <trkpt lat="47.105862" lon="13.676251">
    <ele>1565.875</ele>
    <time>2026-06-21T14:16:07Z</time>
   </trkpt>
   <trkpt lat="47.106024" lon="13.676012">
    <ele>1562.568</ele>
    <time>2026-06-21T14:16:11Z</time>
   </trkpt>
   <trkpt lat="47.106143" lon="13.675891">
    <ele>1560.329</ele>
    <time>2026-06-21T14:16:13Z</time>
   </trkpt>
   <trkpt lat="47.106539" lon="13.674860">
    <ele>1555.067</ele>
    <time>2026-06-21T14:16:24Z</time>
   </trkpt>
   <trkpt lat="47.106595" lon="13.674657">
    <ele>1554.397</ele>
    <time>2026-06-21T14:16:26Z</time>
   </trkpt>
   <trkpt lat="47.106732" lon="13.674039">
    <ele>1548.974</ele>
    <time>2026-06-21T14:16:32Z</time>
   </trkpt>
   <trkpt lat="47.106839" lon="13.673770">
    <ele>1545.973</ele>
    <time>2026-06-21T14:16:35Z</time>
   </trkpt>
   <trkpt lat="47.106885" lon="13.673157">
    <ele>1541.501</ele>
    <time>2026-06-21T14:16:41Z</time>
   </trkpt>
   <trkpt lat="47.106844" lon="13.672973">
    <ele>1541.350</ele>
    <time>2026-06-21T14:16:43Z</time>
   </trkpt>
   <trkpt lat="47.106896" lon="13.672640">
    <ele>1538.858</ele>
    <time>2026-06-21T14:16:47Z</time>
   </trkpt>
   <trkpt lat="47.106724" lon="13.672585">
    <ele>1535.098</ele>
    <time>2026-06-21T14:16:53Z</time>
   </trkpt>
   <trkpt lat="47.106633" lon="13.672701">
    <ele>1533.318</ele>
    <time>2026-06-21T14:16:55Z</time>
   </trkpt>
   <trkpt lat="47.106475" lon="13.672967">
    <ele>1529.761</ele>
    <time>2026-06-21T14:16:59Z</time>
   </trkpt>
   <trkpt lat="47.106368" lon="13.673349">
    <ele>1525.567</ele>
    <time>2026-06-21T14:17:04Z</time>
   </trkpt>
   <trkpt lat="47.106208" lon="13.673584">
    <ele>1519.518</ele>
    <time>2026-06-21T14:17:08Z</time>
   </trkpt>
   <trkpt lat="47.105300" lon="13.674568">
    <ele>1505.012</ele>
    <time>2026-06-21T14:17:20Z</time>
   </trkpt>
   <trkpt lat="47.105001" lon="13.675199">
    <ele>1502.028</ele>
    <time>2026-06-21T14:17:26Z</time>
   </trkpt>
   <trkpt lat="47.104790" lon="13.675938">
    <ele>1499.811</ele>
    <time>2026-06-21T14:17:33Z</time>
   </trkpt>
   <trkpt lat="47.104645" lon="13.676228">
    <ele>1498.659</ele>
    <time>2026-06-21T14:17:37Z</time>
   </trkpt>
   <trkpt lat="47.104514" lon="13.676425">
    <ele>1497.561</ele>
    <time>2026-06-21T14:17:40Z</time>
   </trkpt>
   <trkpt lat="47.104298" lon="13.676910">
    <ele>1489.405</ele>
    <time>2026-06-21T14:17:47Z</time>
   </trkpt>
   <trkpt lat="47.103748" lon="13.677465">
    <ele>1485.267</ele>
    <time>2026-06-21T14:17:56Z</time>
   </trkpt>
   <trkpt lat="47.103653" lon="13.677240">
    <ele>1480.853</ele>
    <time>2026-06-21T14:18:02Z</time>
   </trkpt>
   <trkpt lat="47.103509" lon="13.676260">
    <ele>1471.718</ele>
    <time>2026-06-21T14:18:13Z</time>
   </trkpt>
   <trkpt lat="47.103554" lon="13.675613">
    <ele>1468.360</ele>
    <time>2026-06-21T14:18:19Z</time>
   </trkpt>
   <trkpt lat="47.103673" lon="13.674077">
    <ele>1454.406</ele>
    <time>2026-06-21T14:18:31Z</time>
   </trkpt>
   <trkpt lat="47.103699" lon="13.673852">
    <ele>1452.798</ele>
    <time>2026-06-21T14:18:33Z</time>
   </trkpt>
   <trkpt lat="47.103839" lon="13.673292">
    <ele>1448.699</ele>
    <time>2026-06-21T14:18:38Z</time>
   </trkpt>
   <trkpt lat="47.103954" lon="13.672704">
    <ele>1443.135</ele>
    <time>2026-06-21T14:18:45Z</time>
   </trkpt>
   <trkpt lat="47.104297" lon="13.671637">
    <ele>1431.320</ele>
    <time>2026-06-21T14:18:56Z</time>
   </trkpt>
   <trkpt lat="47.104400" lon="13.671218">
    <ele>1426.444</ele>
    <time>2026-06-21T14:19:01Z</time>
   </trkpt>
   <trkpt lat="47.104846" lon="13.670030">
    <ele>1419.375</ele>
    <time>2026-06-21T14:19:14Z</time>
   </trkpt>
   <trkpt lat="47.105036" lon="13.669690">
    <ele>1415.314</ele>
    <time>2026-06-21T14:19:18Z</time>
   </trkpt>
   <trkpt lat="47.105201" lon="13.669317">
    <ele>1412.092</ele>
    <time>2026-06-21T14:19:22Z</time>
   </trkpt>
   <trkpt lat="47.105258" lon="13.669158">
    <ele>1408.565</ele>
    <time>2026-06-21T14:19:24Z</time>
   </trkpt>
   <trkpt lat="47.105519" lon="13.668785">
    <ele>1403.761</ele>
    <time>2026-06-21T14:19:30Z</time>
   </trkpt>
   <trkpt lat="47.105334" lon="13.668675">
    <ele>1400.326</ele>
    <time>2026-06-21T14:19:37Z</time>
   </trkpt>
   <trkpt lat="47.104797" lon="13.669098">
    <ele>1392.927</ele>
    <time>2026-06-21T14:19:44Z</time>
   </trkpt>
   <trkpt lat="47.103935" lon="13.669497">
    <ele>1381.103</ele>
    <time>2026-06-21T14:19:55Z</time>
   </trkpt>
   <trkpt lat="47.103710" lon="13.669942">
    <ele>1375.403</ele>
    <time>2026-06-21T14:20:01Z</time>
   </trkpt>
   <trkpt lat="47.103482" lon="13.670550">
    <ele>1370.915</ele>
    <time>2026-06-21T14:20:07Z</time>
   </trkpt>
   <trkpt lat="47.103234" lon="13.670950">
    <ele>1368.277</ele>
    <time>2026-06-21T14:20:11Z</time>
   </trkpt>
   <trkpt lat="47.102693" lon="13.671357">
    <ele>1361.934</ele>
    <time>2026-06-21T14:20:20Z</time>
   </trkpt>
   <trkpt lat="47.102592" lon="13.671454">
    <ele>1361.653</ele>
    <time>2026-06-21T14:20:22Z</time>
   </trkpt>
   <trkpt lat="47.102492" lon="13.671629">
    <ele>1358.574</ele>
    <time>2026-06-21T14:20:25Z</time>
   </trkpt>
   <trkpt lat="47.102441" lon="13.671476">
    <ele>1356.792</ele>
    <time>2026-06-21T14:20:31Z</time>
   </trkpt>
   <trkpt lat="47.102666" lon="13.671114">
    <ele>1352.782</ele>
    <time>2026-06-21T14:20:37Z</time>
   </trkpt>
   <trkpt lat="47.102922" lon="13.670790">
    <ele>1348.264</ele>
    <time>2026-06-21T14:20:42Z</time>
   </trkpt>
   <trkpt lat="47.103076" lon="13.670096">
    <ele>1338.166</ele>
    <time>2026-06-21T14:20:49Z</time>
   </trkpt>
   <trkpt lat="47.103078" lon="13.669651">
    <ele>1334.855</ele>
    <time>2026-06-21T14:20:53Z</time>
   </trkpt>
   <trkpt lat="47.103039" lon="13.669214">
    <ele>1331.536</ele>
    <time>2026-06-21T14:20:57Z</time>
   </trkpt>
   <trkpt lat="47.103105" lon="13.668710">
    <ele>1327.943</ele>
    <time>2026-06-21T14:21:03Z</time>
   </trkpt>
   <trkpt lat="47.103732" lon="13.667504">
    <ele>1325.646</ele>
    <time>2026-06-21T14:21:18Z</time>
   </trkpt>
   <trkpt lat="47.104088" lon="13.666705">
    <ele>1320.273</ele>
    <time>2026-06-21T14:21:28Z</time>
   </trkpt>
   <trkpt lat="47.104136" lon="13.666489">
    <ele>1319.049</ele>
    <time>2026-06-21T14:21:31Z</time>
   </trkpt>
   <trkpt lat="47.104181" lon="13.666200">
    <ele>1315.488</ele>
    <time>2026-06-21T14:21:35Z</time>
   </trkpt>
   <trkpt lat="47.104057" lon="13.665150">
    <ele>1303.017</ele>
    <time>2026-06-21T14:21:48Z</time>
   </trkpt>
   <trkpt lat="47.103814" lon="13.663896">
    <ele>1286.274</ele>
    <time>2026-06-21T14:22:00Z</time>
   </trkpt>
   <trkpt lat="47.103787" lon="13.663737">
    <ele>1284.289</ele>
    <time>2026-06-21T14:22:02Z</time>
   </trkpt>
   <trkpt lat="47.103599" lon="13.663576">
    <ele>1279.271</ele>
    <time>2026-06-21T14:22:07Z</time>
   </trkpt>
   <trkpt lat="47.103496" lon="13.663569">
    <ele>1278.460</ele>
    <time>2026-06-21T14:22:09Z</time>
   </trkpt>
   <trkpt lat="47.103352" lon="13.663771">
    <ele>1277.962</ele>
    <time>2026-06-21T14:22:13Z</time>
   </trkpt>
   <trkpt lat="47.103315" lon="13.663907">
    <ele>1276.990</ele>
    <time>2026-06-21T14:22:15Z</time>
   </trkpt>
   <trkpt lat="47.103096" lon="13.663850">
    <ele>1272.029</ele>
    <time>2026-06-21T14:22:21Z</time>
   </trkpt>
   <trkpt lat="47.103086" lon="13.663409">
    <ele>1268.732</ele>
    <time>2026-06-21T14:22:25Z</time>
   </trkpt>
   <trkpt lat="47.103143" lon="13.663054">
    <ele>1265.330</ele>
    <time>2026-06-21T14:22:28Z</time>
   </trkpt>
   <trkpt lat="47.103483" lon="13.662470">
    <ele>1259.219</ele>
    <time>2026-06-21T14:22:35Z</time>
   </trkpt>
   <trkpt lat="47.103619" lon="13.662347">
    <ele>1257.756</ele>
    <time>2026-06-21T14:22:37Z</time>
   </trkpt>
   <trkpt lat="47.103888" lon="13.661859">
    <ele>1253.178</ele>
    <time>2026-06-21T14:22:43Z</time>
   </trkpt>
   <trkpt lat="47.103766" lon="13.661103">
    <ele>1246.304</ele>
    <time>2026-06-21T14:22:50Z</time>
   </trkpt>
   <trkpt lat="47.103732" lon="13.660967">
    <ele>1245.078</ele>
    <time>2026-06-21T14:22:51Z</time>
   </trkpt>
   <trkpt lat="47.103789" lon="13.659969">
    <ele>1238.666</ele>
    <time>2026-06-21T14:22:58Z</time>
   </trkpt>
   <trkpt lat="47.104202" lon="13.658985">
    <ele>1232.933</ele>
    <time>2026-06-21T14:23:06Z</time>
   </trkpt>
   <trkpt lat="47.104278" lon="13.658372">
    <ele>1229.226</ele>
    <time>2026-06-21T14:23:11Z</time>
   </trkpt>
   <trkpt lat="47.104104" lon="13.657465">
    <ele>1224.335</ele>
    <time>2026-06-21T14:23:18Z</time>
   </trkpt>
   <trkpt lat="47.104239" lon="13.656765">
    <ele>1219.434</ele>
    <time>2026-06-21T14:23:24Z</time>
   </trkpt>
   <trkpt lat="47.104922" lon="13.655399">
    <ele>1209.257</ele>
    <time>2026-06-21T14:23:36Z</time>
   </trkpt>
   <trkpt lat="47.104863" lon="13.654937">
    <ele>1207.635</ele>
    <time>2026-06-21T14:23:41Z</time>
   </trkpt>
   <trkpt lat="47.104762" lon="13.654792">
    <ele>1206.582</ele>
    <time>2026-06-21T14:23:43Z</time>
   </trkpt>
   <trkpt lat="47.104785" lon="13.654211">
    <ele>1206.850</ele>
    <time>2026-06-21T14:23:49Z</time>
   </trkpt>
   <trkpt lat="47.104932" lon="13.653849">
    <ele>1206.568</ele>
    <time>2026-06-21T14:23:54Z</time>
   </trkpt>
   <trkpt lat="47.105137" lon="13.653631">
    <ele>1207.259</ele>
    <time>2026-06-21T14:24:02Z</time>
   </trkpt>
   <trkpt lat="47.105160" lon="13.653641">
    <ele>1207.811</ele>
    <time>2026-06-21T14:24:15Z</time>
   </trkpt>
   <trkpt lat="47.105267" lon="13.653558">
    <ele>1207.346</ele>
    <time>2026-06-21T14:25:39Z</time>
   </trkpt>
   <trkpt lat="47.105375" lon="13.653511">
    <ele>1206.927</ele>
    <time>2026-06-21T14:25:42Z</time>
   </trkpt>
   <trkpt lat="47.105440" lon="13.653134">
    <ele>1207.750</ele>
    <time>2026-06-21T14:25:49Z</time>
   </trkpt>
   <trkpt lat="47.105160" lon="13.652988">
    <ele>1206.514</ele>
    <time>2026-06-21T14:25:54Z</time>
   </trkpt>
   <trkpt lat="47.104793" lon="13.652923">
    <ele>1205.293</ele>
    <time>2026-06-21T14:25:59Z</time>
   </trkpt>
   <trkpt lat="47.104570" lon="13.652740">
    <ele>1201.831</ele>
    <time>2026-06-21T14:26:03Z</time>
   </trkpt>
   <trkpt lat="47.104556" lon="13.652123">
    <ele>1196.494</ele>
    <time>2026-06-21T14:26:09Z</time>
   </trkpt>
   <trkpt lat="47.104618" lon="13.651889">
    <ele>1195.014</ele>
    <time>2026-06-21T14:26:11Z</time>
   </trkpt>
   <trkpt lat="47.104449" lon="13.651242">
    <ele>1191.127</ele>
    <time>2026-06-21T14:26:17Z</time>
   </trkpt>
   <trkpt lat="47.104278" lon="13.650765">
    <ele>1187.088</ele>
    <time>2026-06-21T14:26:21Z</time>
   </trkpt>
   <trkpt lat="47.104027" lon="13.650423">
    <ele>1183.932</ele>
    <time>2026-06-21T14:26:25Z</time>
   </trkpt>
   <trkpt lat="47.103886" lon="13.650285">
    <ele>1179.842</ele>
    <time>2026-06-21T14:26:27Z</time>
   </trkpt>
   <trkpt lat="47.103712" lon="13.649482">
    <ele>1170.999</ele>
    <time>2026-06-21T14:26:34Z</time>
   </trkpt>
   <trkpt lat="47.103708" lon="13.649218">
    <ele>1168.694</ele>
    <time>2026-06-21T14:26:36Z</time>
   </trkpt>
   <trkpt lat="47.103530" lon="13.648810">
    <ele>1163.148</ele>
    <time>2026-06-21T14:26:40Z</time>
   </trkpt>
   <trkpt lat="47.103291" lon="13.648331">
    <ele>1159.931</ele>
    <time>2026-06-21T14:26:45Z</time>
   </trkpt>
   <trkpt lat="47.103182" lon="13.647939">
    <ele>1156.412</ele>
    <time>2026-06-21T14:26:48Z</time>
   </trkpt>
   <trkpt lat="47.102792" lon="13.646972">
    <ele>1147.687</ele>
    <time>2026-06-21T14:26:55Z</time>
   </trkpt>
   <trkpt lat="47.102582" lon="13.646642">
    <ele>1144.685</ele>
    <time>2026-06-21T14:26:58Z</time>
   </trkpt>
   <trkpt lat="47.102046" lon="13.645378">
    <ele>1136.076</ele>
    <time>2026-06-21T14:27:08Z</time>
   </trkpt>
   <trkpt lat="47.101257" lon="13.643990">
    <ele>1122.554</ele>
    <time>2026-06-21T14:27:20Z</time>
   </trkpt>
   <trkpt lat="47.100335" lon="13.642710">
    <ele>1109.462</ele>
    <time>2026-06-21T14:27:32Z</time>
   </trkpt>
   <trkpt lat="47.099977" lon="13.642211">
    <ele>1102.145</ele>
    <time>2026-06-21T14:27:39Z</time>
   </trkpt>
   <trkpt lat="47.099700" lon="13.641196">
    <ele>1094.847</ele>
    <time>2026-06-21T14:27:50Z</time>
   </trkpt>
   <trkpt lat="47.099645" lon="13.640972">
    <ele>1093.126</ele>
    <time>2026-06-21T14:27:52Z</time>
   </trkpt>
   <trkpt lat="47.099641" lon="13.640555">
    <ele>1090.686</ele>
    <time>2026-06-21T14:27:56Z</time>
   </trkpt>
   <trkpt lat="47.099613" lon="13.640157">
    <ele>1088.368</ele>
    <time>2026-06-21T14:28:01Z</time>
   </trkpt>
   <trkpt lat="47.099540" lon="13.640002">
    <ele>1086.960</ele>
    <time>2026-06-21T14:28:03Z</time>
   </trkpt>
   <trkpt lat="47.099416" lon="13.639734">
    <ele>1085.424</ele>
    <time>2026-06-21T14:28:07Z</time>
   </trkpt>
   <trkpt lat="47.099335" lon="13.639633">
    <ele>1084.627</ele>
    <time>2026-06-21T14:28:14Z</time>
   </trkpt>
   <trkpt lat="47.099325" lon="13.639610">
    <ele>1083.507</ele>
    <time>2026-06-21T14:28:29Z</time>
   </trkpt>
   <trkpt lat="47.099321" lon="13.639604">
    <ele>1083.549</ele>
    <time>2026-06-21T14:28:50Z</time>
   </trkpt>
   <trkpt lat="47.099271" lon="13.639359">
    <ele>1082.529</ele>
    <time>2026-06-21T14:28:56Z</time>
   </trkpt>
   <trkpt lat="47.099242" lon="13.639162">
    <ele>1081.767</ele>
    <time>2026-06-21T14:28:59Z</time>
   </trkpt>
   <trkpt lat="47.099105" lon="13.638674">
    <ele>1078.364</ele>
    <time>2026-06-21T14:29:05Z</time>
   </trkpt>
   <trkpt lat="47.099006" lon="13.638450">
    <ele>1076.433</ele>
    <time>2026-06-21T14:29:08Z</time>
   </trkpt>
   <trkpt lat="47.098860" lon="13.638197">
    <ele>1074.457</ele>
    <time>2026-06-21T14:29:13Z</time>
   </trkpt>
   <trkpt lat="47.098981" lon="13.637674">
    <ele>1072.604</ele>
    <time>2026-06-21T14:29:22Z</time>
   </trkpt>
   <trkpt lat="47.099000" lon="13.637532">
    <ele>1071.705</ele>
    <time>2026-06-21T14:29:31Z</time>
   </trkpt>
   <trkpt lat="47.099000" lon="13.637529">
    <ele>1071.472</ele>
    <time>2026-06-21T14:29:41Z</time>
   </trkpt>
   <trkpt lat="47.098999" lon="13.637079">
    <ele>1071.957</ele>
    <time>2026-06-21T14:29:52Z</time>
   </trkpt>
   <trkpt lat="47.099042" lon="13.636141">
    <ele>1073.860</ele>
    <time>2026-06-21T14:30:13Z</time>
   </trkpt>
   <trkpt lat="47.099056" lon="13.635102">
    <ele>1076.255</ele>
    <time>2026-06-21T14:30:36Z</time>
   </trkpt>
   <trkpt lat="47.098869" lon="13.634626">
    <ele>1074.040</ele>
    <time>2026-06-21T14:30:48Z</time>
   </trkpt>
   <trkpt lat="47.098284" lon="13.634582">
    <ele>1066.274</ele>
    <time>2026-06-21T14:30:59Z</time>
   </trkpt>
   <trkpt lat="47.098101" lon="13.634664">
    <ele>1064.002</ele>
    <time>2026-06-21T14:31:03Z</time>
   </trkpt>
   <trkpt lat="47.097476" lon="13.634586">
    <ele>1054.471</ele>
    <time>2026-06-21T14:31:15Z</time>
   </trkpt>
   <trkpt lat="47.097275" lon="13.634528">
    <ele>1051.215</ele>
    <time>2026-06-21T14:31:20Z</time>
   </trkpt>
   <trkpt lat="47.097250" lon="13.634134">
    <ele>1050.875</ele>
    <time>2026-06-21T14:31:29Z</time>
   </trkpt>
   <trkpt lat="47.097170" lon="13.633962">
    <ele>1051.090</ele>
    <time>2026-06-21T14:31:39Z</time>
   </trkpt>
  </trkseg>
 </trk>
 <trk>
  <name>ACTIVE LOG104733</name>
  <trkseg>
   <trkpt lat="47.096948" lon="13.634330">
    <ele>1064.340</ele>
    <time>2026-06-21T17:47:33Z</time>
   </trkpt>
  </trkseg>
 </trk>
 <trk>
  <name>ACTIVE LOG114840</name>
  <trkseg>
   <trkpt lat="47.096965" lon="13.634147">
    <ele>1070.073</ele>
    <time>2026-06-21T18:48:40Z</time>
   </trkpt>
  </trkseg>
 </trk>
</gpx>
