<?xml version="1.0" encoding="UTF-8" standalone="no" ?>
<gpx xmlns="http://www.topografix.com/GPX/1/1" creator="" version="1.1" xmlns:xsi="http://www.w3.org/2001/XMLSchema-instance" xsi:schemaLocation="http://www.topografix.com/GPX/1/1 http://www.topografix.com/GPX/1/1/gpx.xsd">
 <trk>
  <name>ACTIVE LOG004204</name>
  <trkseg>
   <trkpt lat="47.620347" lon="11.343945">
    <ele>808.247</ele>
    <time>2026-05-03T07:45:47Z</time>
   </trkpt>
   <trkpt lat="47.620349" lon="11.343932">
    <ele>808.477</ele>
    <time>2026-05-03T07:45:48Z</time>
   </trkpt>
   <trkpt lat="47.620367" lon="11.343730">
    <ele>815.513</ele>
    <time>2026-05-03T07:45:59Z</time>
   </trkpt>
   <trkpt lat="47.620334" lon="11.343529">
    <ele>821.653</ele>
    <time>2026-05-03T07:46:13Z</time>
   </trkpt>
   <trkpt lat="47.620325" lon="11.343386">
    <ele>832.674</ele>
    <time>2026-05-03T07:46:21Z</time>
   </trkpt>
   <trkpt lat="47.620278" lon="11.343185">
    <ele>847.464</ele>
    <time>2026-05-03T07:46:28Z</time>
   </trkpt>
   <trkpt lat="47.620259" lon="11.343106">
    <ele>852.979</ele>
    <time>2026-05-03T07:46:31Z</time>
   </trkpt>
   <trkpt lat="47.620140" lon="11.342763">
    <ele>887.077</ele>
    <time>2026-05-03T07:46:45Z</time>
   </trkpt>
   <trkpt lat="47.620046" lon="11.342524">
    <ele>892.590</ele>
    <time>2026-05-03T07:46:58Z</time>
   </trkpt>
   <trkpt lat="47.620037" lon="11.342450">
    <ele>893.876</ele>
    <time>2026-05-03T07:47:01Z</time>
   </trkpt>
   <trkpt lat="47.619999" lon="11.342237">
    <ele>895.908</ele>
    <time>2026-05-03T07:47:12Z</time>
   </trkpt>
   <trkpt lat="47.619933" lon="11.342029">
    <ele>888.991</ele>
    <time>2026-05-03T07:47:27Z</time>
   </trkpt>
   <trkpt lat="47.619955" lon="11.341868">
    <ele>885.319</ele>
    <time>2026-05-03T07:47:35Z</time>
   </trkpt>
   <trkpt lat="47.620032" lon="11.341765">
    <ele>883.255</ele>
    <time>2026-05-03T07:47:42Z</time>
   </trkpt>
   <trkpt lat="47.620061" lon="11.341718">
    <ele>882.474</ele>
    <time>2026-05-03T07:47:45Z</time>
   </trkpt>
   <trkpt lat="47.620222" lon="11.341529">
    <ele>897.247</ele>
    <time>2026-05-03T07:48:00Z</time>
   </trkpt>
   <trkpt lat="47.620334" lon="11.341424">
    <ele>895.162</ele>
    <time>2026-05-03T07:48:10Z</time>
   </trkpt>
   <trkpt lat="47.620450" lon="11.341274">
    <ele>897.923</ele>
    <time>2026-05-03T07:48:23Z</time>
   </trkpt>
   <trkpt lat="47.620466" lon="11.341269">
    <ele>898.449</ele>
    <time>2026-05-03T07:48:24Z</time>
   </trkpt>
   <trkpt lat="47.620568" lon="11.341136">
    <ele>901.149</ele>
    <time>2026-05-03T07:48:37Z</time>
   </trkpt>
   <trkpt lat="47.620550" lon="11.341104">
    <ele>904.153</ele>
    <time>2026-05-03T07:48:41Z</time>
   </trkpt>
   <trkpt lat="47.620549" lon="11.340969">
    <ele>903.406</ele>
    <time>2026-05-03T07:48:52Z</time>
   </trkpt>
   <trkpt lat="47.620553" lon="11.340835">
    <ele>903.800</ele>
    <time>2026-05-03T07:48:59Z</time>
   </trkpt>
   <trkpt lat="47.620552" lon="11.340786">
    <ele>903.507</ele>
    <time>2026-05-03T07:49:02Z</time>
   </trkpt>
   <trkpt lat="47.620559" lon="11.340751">
    <ele>903.795</ele>
    <time>2026-05-03T07:49:04Z</time>
   </trkpt>
   <trkpt lat="47.620479" lon="11.340615">
    <ele>911.141</ele>
    <time>2026-05-03T07:49:20Z</time>
   </trkpt>
   <trkpt lat="47.620406" lon="11.340501">
    <ele>917.046</ele>
    <time>2026-05-03T07:49:32Z</time>
   </trkpt>
   <trkpt lat="47.620316" lon="11.340363">
    <ele>930.340</ele>
    <time>2026-05-03T07:49:42Z</time>
   </trkpt>
   <trkpt lat="47.620262" lon="11.340315">
    <ele>930.700</ele>
    <time>2026-05-03T07:49:48Z</time>
   </trkpt>
   <trkpt lat="47.620248" lon="11.340301">
    <ele>930.829</ele>
    <time>2026-05-03T07:49:50Z</time>
   </trkpt>
   <trkpt lat="47.620219" lon="11.340279">
    <ele>931.389</ele>
    <time>2026-05-03T07:49:53Z</time>
   </trkpt>
   <trkpt lat="47.620274" lon="11.340196">
    <ele>931.652</ele>
    <time>2026-05-03T07:50:06Z</time>
   </trkpt>
   <trkpt lat="47.620169" lon="11.340256">
    <ele>939.749</ele>
    <time>2026-05-03T07:51:38Z</time>
   </trkpt>
   <trkpt lat="47.619960" lon="11.340118">
    <ele>940.365</ele>
    <time>2026-05-03T07:52:01Z</time>
   </trkpt>
   <trkpt lat="47.619906" lon="11.339819">
    <ele>944.889</ele>
    <time>2026-05-03T07:52:24Z</time>
   </trkpt>
   <trkpt lat="47.619901" lon="11.339791">
    <ele>945.408</ele>
    <time>2026-05-03T07:52:26Z</time>
   </trkpt>
   <trkpt lat="47.619855" lon="11.339653">
    <ele>946.463</ele>
    <time>2026-05-03T07:52:38Z</time>
   </trkpt>
   <trkpt lat="47.619799" lon="11.339546">
    <ele>946.604</ele>
    <time>2026-05-03T07:52:45Z</time>
   </trkpt>
   <trkpt lat="47.619740" lon="11.339527">
    <ele>947.868</ele>
    <time>2026-05-03T07:52:51Z</time>
   </trkpt>
   <trkpt lat="47.619625" lon="11.339351">
    <ele>952.392</ele>
    <time>2026-05-03T07:53:09Z</time>
   </trkpt>
   <trkpt lat="47.619503" lon="11.339282">
    <ele>960.568</ele>
    <time>2026-05-03T07:53:23Z</time>
   </trkpt>
   <trkpt lat="47.619457" lon="11.339131">
    <ele>967.036</ele>
    <time>2026-05-03T07:53:35Z</time>
   </trkpt>
   <trkpt lat="47.619372" lon="11.338846">
    <ele>975.051</ele>
    <time>2026-05-03T07:53:57Z</time>
   </trkpt>
   <trkpt lat="47.619250" lon="11.338632">
    <ele>982.019</ele>
    <time>2026-05-03T07:54:18Z</time>
   </trkpt>
   <trkpt lat="47.619192" lon="11.338624">
    <ele>983.553</ele>
    <time>2026-05-03T07:54:22Z</time>
   </trkpt>
   <trkpt lat="47.619151" lon="11.338445">
    <ele>983.022</ele>
    <time>2026-05-03T07:54:33Z</time>
   </trkpt>
   <trkpt lat="47.619161" lon="11.338394">
    <ele>982.227</ele>
    <time>2026-05-03T07:54:35Z</time>
   </trkpt>
   <trkpt lat="47.619072" lon="11.338258">
    <ele>981.683</ele>
    <time>2026-05-03T07:54:47Z</time>
   </trkpt>
   <trkpt lat="47.619009" lon="11.338340">
    <ele>983.904</ele>
    <time>2026-05-03T07:54:54Z</time>
   </trkpt>
   <trkpt lat="47.618957" lon="11.338618">
    <ele>986.873</ele>
    <time>2026-05-03T07:55:11Z</time>
   </trkpt>
   <trkpt lat="47.618875" lon="11.338684">
    <ele>990.338</ele>
    <time>2026-05-03T07:55:32Z</time>
   </trkpt>
   <trkpt lat="47.618915" lon="11.338757">
    <ele>994.788</ele>
    <time>2026-05-03T07:56:31Z</time>
   </trkpt>
   <trkpt lat="47.618923" lon="11.338614">
    <ele>994.784</ele>
    <time>2026-05-03T07:56:38Z</time>
   </trkpt>
   <trkpt lat="47.618940" lon="11.338541">
    <ele>994.648</ele>
    <time>2026-05-03T07:56:41Z</time>
   </trkpt>
   <trkpt lat="47.618917" lon="11.338337">
    <ele>995.011</ele>
    <time>2026-05-03T07:56:52Z</time>
   </trkpt>
   <trkpt lat="47.618903" lon="11.338291">
    <ele>994.128</ele>
    <time>2026-05-03T07:56:54Z</time>
   </trkpt>
   <trkpt lat="47.618778" lon="11.338080">
    <ele>992.817</ele>
    <time>2026-05-03T07:57:09Z</time>
   </trkpt>
   <trkpt lat="47.618664" lon="11.337932">
    <ele>991.877</ele>
    <time>2026-05-03T07:57:19Z</time>
   </trkpt>
   <trkpt lat="47.618471" lon="11.337887">
    <ele>990.481</ele>
    <time>2026-05-03T07:57:39Z</time>
   </trkpt>
   <trkpt lat="47.618464" lon="11.337886">
    <ele>990.551</ele>
    <time>2026-05-03T07:57:40Z</time>
   </trkpt>
   <trkpt lat="47.618439" lon="11.337868">
    <ele>990.736</ele>
    <time>2026-05-03T07:57:43Z</time>
   </trkpt>
   <trkpt lat="47.618277" lon="11.337815">
    <ele>991.587</ele>
    <time>2026-05-03T07:57:54Z</time>
   </trkpt>
   <trkpt lat="47.618256" lon="11.337751">
    <ele>991.646</ele>
    <time>2026-05-03T07:57:57Z</time>
   </trkpt>
   <trkpt lat="47.618168" lon="11.337674">
    <ele>992.157</ele>
    <time>2026-05-03T07:58:07Z</time>
   </trkpt>
   <trkpt lat="47.618052" lon="11.337500">
    <ele>993.286</ele>
    <time>2026-05-03T07:58:20Z</time>
   </trkpt>
   <trkpt lat="47.618055" lon="11.337462">
    <ele>993.171</ele>
    <time>2026-05-03T07:58:23Z</time>
   </trkpt>
   <trkpt lat="47.618084" lon="11.337245">
    <ele>993.680</ele>
    <time>2026-05-03T07:58:34Z</time>
   </trkpt>
   <trkpt lat="47.618073" lon="11.337117">
    <ele>996.389</ele>
    <time>2026-05-03T07:58:38Z</time>
   </trkpt>
   <trkpt lat="47.618092" lon="11.336956">
    <ele>999.027</ele>
    <time>2026-05-03T07:58:47Z</time>
   </trkpt>
   <trkpt lat="47.618082" lon="11.336917">
    <ele>999.322</ele>
    <time>2026-05-03T07:58:49Z</time>
   </trkpt>
   <trkpt lat="47.618063" lon="11.336801">
    <ele>998.162</ele>
    <time>2026-05-03T07:58:55Z</time>
   </trkpt>
   <trkpt lat="47.618026" lon="11.336660">
    <ele>997.693</ele>
    <time>2026-05-03T07:59:03Z</time>
   </trkpt>
   <trkpt lat="47.617973" lon="11.336627">
    <ele>997.762</ele>
    <time>2026-05-03T07:59:07Z</time>
   </trkpt>
   <trkpt lat="47.617934" lon="11.336567">
    <ele>997.995</ele>
    <time>2026-05-03T07:59:11Z</time>
   </trkpt>
   <trkpt lat="47.617864" lon="11.336447">
    <ele>998.371</ele>
    <time>2026-05-03T07:59:18Z</time>
   </trkpt>
   <trkpt lat="47.617839" lon="11.336440">
    <ele>998.625</ele>
    <time>2026-05-03T07:59:20Z</time>
   </trkpt>
   <trkpt lat="47.617808" lon="11.336423">
    <ele>998.305</ele>
    <time>2026-05-03T07:59:22Z</time>
   </trkpt>
   <trkpt lat="47.617771" lon="11.336400">
    <ele>998.970</ele>
    <time>2026-05-03T07:59:25Z</time>
   </trkpt>
   <trkpt lat="47.617713" lon="11.336387">
    <ele>1000.294</ele>
    <time>2026-05-03T07:59:29Z</time>
   </trkpt>
   <trkpt lat="47.617662" lon="11.336341">
    <ele>1000.818</ele>
    <time>2026-05-03T07:59:34Z</time>
   </trkpt>
   <trkpt lat="47.617636" lon="11.336315">
    <ele>1002.128</ele>
    <time>2026-05-03T07:59:37Z</time>
   </trkpt>
   <trkpt lat="47.617606" lon="11.336163">
    <ele>1007.935</ele>
    <time>2026-05-03T07:59:46Z</time>
   </trkpt>
   <trkpt lat="47.617599" lon="11.336016">
    <ele>1014.234</ele>
    <time>2026-05-03T07:59:55Z</time>
   </trkpt>
   <trkpt lat="47.617588" lon="11.335935">
    <ele>1015.806</ele>
    <time>2026-05-03T08:00:01Z</time>
   </trkpt>
   <trkpt lat="47.617527" lon="11.335842">
    <ele>1017.060</ele>
    <time>2026-05-03T08:00:06Z</time>
   </trkpt>
   <trkpt lat="47.617501" lon="11.335694">
    <ele>1017.651</ele>
    <time>2026-05-03T08:00:12Z</time>
   </trkpt>
   <trkpt lat="47.617500" lon="11.335661">
    <ele>1017.902</ele>
    <time>2026-05-03T08:00:14Z</time>
   </trkpt>
   <trkpt lat="47.617486" lon="11.335428">
    <ele>1016.271</ele>
    <time>2026-05-03T08:00:24Z</time>
   </trkpt>
   <trkpt lat="47.617462" lon="11.335383">
    <ele>1016.561</ele>
    <time>2026-05-03T08:00:28Z</time>
   </trkpt>
   <trkpt lat="47.617475" lon="11.335260">
    <ele>1014.699</ele>
    <time>2026-05-03T08:00:35Z</time>
   </trkpt>
   <trkpt lat="47.617498" lon="11.335003">
    <ele>1015.447</ele>
    <time>2026-05-03T08:00:48Z</time>
   </trkpt>
   <trkpt lat="47.617500" lon="11.334946">
    <ele>1015.400</ele>
    <time>2026-05-03T08:00:51Z</time>
   </trkpt>
   <trkpt lat="47.617425" lon="11.334813">
    <ele>1015.705</ele>
    <time>2026-05-03T08:00:56Z</time>
   </trkpt>
   <trkpt lat="47.617310" lon="11.334658">
    <ele>1015.680</ele>
    <time>2026-05-03T08:01:07Z</time>
   </trkpt>
   <trkpt lat="47.617215" lon="11.334492">
    <ele>1015.143</ele>
    <time>2026-05-03T08:01:16Z</time>
   </trkpt>
   <trkpt lat="47.617155" lon="11.334260">
    <ele>1014.890</ele>
    <time>2026-05-03T08:01:29Z</time>
   </trkpt>
   <trkpt lat="47.617130" lon="11.334179">
    <ele>1014.569</ele>
    <time>2026-05-03T08:01:34Z</time>
   </trkpt>
   <trkpt lat="47.617120" lon="11.334137">
    <ele>1014.448</ele>
    <time>2026-05-03T08:01:36Z</time>
   </trkpt>
   <trkpt lat="47.617085" lon="11.334034">
    <ele>1015.293</ele>
    <time>2026-05-03T08:01:42Z</time>
   </trkpt>
   <trkpt lat="47.617026" lon="11.333945">
    <ele>1015.127</ele>
    <time>2026-05-03T08:01:47Z</time>
   </trkpt>
   <trkpt lat="47.616891" lon="11.333792">
    <ele>1012.141</ele>
    <time>2026-05-03T08:02:00Z</time>
   </trkpt>
   <trkpt lat="47.616804" lon="11.333729">
    <ele>1011.256</ele>
    <time>2026-05-03T08:02:06Z</time>
   </trkpt>
   <trkpt lat="47.616697" lon="11.333694">
    <ele>1010.625</ele>
    <time>2026-05-03T08:02:14Z</time>
   </trkpt>
   <trkpt lat="47.616652" lon="11.333620">
    <ele>1009.562</ele>
    <time>2026-05-03T08:02:18Z</time>
   </trkpt>
   <trkpt lat="47.616596" lon="11.333521">
    <ele>1008.542</ele>
    <time>2026-05-03T08:02:24Z</time>
   </trkpt>
   <trkpt lat="47.616552" lon="11.333502">
    <ele>1009.102</ele>
    <time>2026-05-03T08:02:29Z</time>
   </trkpt>
   <trkpt lat="47.616567" lon="11.333427">
    <ele>1008.609</ele>
    <time>2026-05-03T08:02:33Z</time>
   </trkpt>
   <trkpt lat="47.616523" lon="11.333242">
    <ele>1009.335</ele>
    <time>2026-05-03T08:02:41Z</time>
   </trkpt>
   <trkpt lat="47.616512" lon="11.333211">
    <ele>1010.112</ele>
    <time>2026-05-03T08:02:43Z</time>
   </trkpt>
   <trkpt lat="47.616515" lon="11.333149">
    <ele>1012.488</ele>
    <time>2026-05-03T08:02:47Z</time>
   </trkpt>
   <trkpt lat="47.616525" lon="11.333113">
    <ele>1015.448</ele>
    <time>2026-05-03T08:02:50Z</time>
   </trkpt>
   <trkpt lat="47.616550" lon="11.333050">
    <ele>1018.281</ele>
    <time>2026-05-03T08:02:55Z</time>
   </trkpt>
   <trkpt lat="47.616560" lon="11.333024">
    <ele>1019.167</ele>
    <time>2026-05-03T08:02:57Z</time>
   </trkpt>
   <trkpt lat="47.616581" lon="11.332954">
    <ele>1020.027</ele>
    <time>2026-05-03T08:03:02Z</time>
   </trkpt>
   <trkpt lat="47.616594" lon="11.332897">
    <ele>1020.539</ele>
    <time>2026-05-03T08:03:06Z</time>
   </trkpt>
   <trkpt lat="47.616658" lon="11.332705">
    <ele>1022.865</ele>
    <time>2026-05-03T08:03:21Z</time>
   </trkpt>
   <trkpt lat="47.616732" lon="11.332517">
    <ele>1023.790</ele>
    <time>2026-05-03T08:03:30Z</time>
   </trkpt>
   <trkpt lat="47.616802" lon="11.332172">
    <ele>1021.752</ele>
    <time>2026-05-03T08:03:46Z</time>
   </trkpt>
   <trkpt lat="47.616776" lon="11.332087">
    <ele>1020.788</ele>
    <time>2026-05-03T08:03:50Z</time>
   </trkpt>
   <trkpt lat="47.616775" lon="11.331910">
    <ele>1020.906</ele>
    <time>2026-05-03T08:04:00Z</time>
   </trkpt>
   <trkpt lat="47.616769" lon="11.331715">
    <ele>1022.486</ele>
    <time>2026-05-03T08:04:11Z</time>
   </trkpt>
   <trkpt lat="47.616759" lon="11.331637">
    <ele>1023.199</ele>
    <time>2026-05-03T08:04:15Z</time>
   </trkpt>
   <trkpt lat="47.616724" lon="11.331385">
    <ele>1023.592</ele>
    <time>2026-05-03T08:04:30Z</time>
   </trkpt>
   <trkpt lat="47.616708" lon="11.331308">
    <ele>1023.221</ele>
    <time>2026-05-03T08:04:34Z</time>
   </trkpt>
   <trkpt lat="47.616750" lon="11.331121">
    <ele>1022.992</ele>
    <time>2026-05-03T08:04:42Z</time>
   </trkpt>
   <trkpt lat="47.616746" lon="11.330817">
    <ele>1023.441</ele>
    <time>2026-05-03T08:04:57Z</time>
   </trkpt>
   <trkpt lat="47.616756" lon="11.330682">
    <ele>1023.615</ele>
    <time>2026-05-03T08:05:04Z</time>
   </trkpt>
   <trkpt lat="47.616765" lon="11.330642">
    <ele>1023.615</ele>
    <time>2026-05-03T08:05:06Z</time>
   </trkpt>
   <trkpt lat="47.616765" lon="11.330470">
    <ele>1022.867</ele>
    <time>2026-05-03T08:05:16Z</time>
   </trkpt>
   <trkpt lat="47.616767" lon="11.330289">
    <ele>1025.141</ele>
    <time>2026-05-03T08:05:27Z</time>
   </trkpt>
   <trkpt lat="47.616718" lon="11.330158">
    <ele>1023.520</ele>
    <time>2026-05-03T08:05:32Z</time>
   </trkpt>
   <trkpt lat="47.616698" lon="11.330093">
    <ele>1022.829</ele>
    <time>2026-05-03T08:05:36Z</time>
   </trkpt>
   <trkpt lat="47.616713" lon="11.329936">
    <ele>1024.823</ele>
    <time>2026-05-03T08:05:44Z</time>
   </trkpt>
   <trkpt lat="47.616719" lon="11.329902">
    <ele>1026.252</ele>
    <time>2026-05-03T08:05:47Z</time>
   </trkpt>
   <trkpt lat="47.616724" lon="11.329828">
    <ele>1026.459</ele>
    <time>2026-05-03T08:05:51Z</time>
   </trkpt>
   <trkpt lat="47.616651" lon="11.329634">
    <ele>1028.448</ele>
    <time>2026-05-03T08:06:02Z</time>
   </trkpt>
   <trkpt lat="47.616641" lon="11.329529">
    <ele>1029.862</ele>
    <time>2026-05-03T08:06:08Z</time>
   </trkpt>
   <trkpt lat="47.616582" lon="11.329433">
    <ele>1033.106</ele>
    <time>2026-05-03T08:06:15Z</time>
   </trkpt>
   <trkpt lat="47.616578" lon="11.329354">
    <ele>1035.346</ele>
    <time>2026-05-03T08:06:22Z</time>
   </trkpt>
   <trkpt lat="47.616562" lon="11.329175">
    <ele>1039.834</ele>
    <time>2026-05-03T08:06:36Z</time>
   </trkpt>
   <trkpt lat="47.616590" lon="11.329022">
    <ele>1041.959</ele>
    <time>2026-05-03T08:06:44Z</time>
   </trkpt>
   <trkpt lat="47.616655" lon="11.328808">
    <ele>1044.589</ele>
    <time>2026-05-03T08:06:54Z</time>
   </trkpt>
   <trkpt lat="47.616649" lon="11.328658">
    <ele>1046.646</ele>
    <time>2026-05-03T08:07:03Z</time>
   </trkpt>
   <trkpt lat="47.616653" lon="11.328444">
    <ele>1049.366</ele>
    <time>2026-05-03T08:07:14Z</time>
   </trkpt>
   <trkpt lat="47.616621" lon="11.328367">
    <ele>1050.069</ele>
    <time>2026-05-03T08:07:19Z</time>
   </trkpt>
   <trkpt lat="47.616605" lon="11.328314">
    <ele>1050.354</ele>
    <time>2026-05-03T08:07:22Z</time>
   </trkpt>
   <trkpt lat="47.616646" lon="11.328207">
    <ele>1052.589</ele>
    <time>2026-05-03T08:07:27Z</time>
   </trkpt>
   <trkpt lat="47.616637" lon="11.328156">
    <ele>1054.081</ele>
    <time>2026-05-03T08:07:31Z</time>
   </trkpt>
   <trkpt lat="47.616581" lon="11.328031">
    <ele>1059.896</ele>
    <time>2026-05-03T08:07:46Z</time>
   </trkpt>
   <trkpt lat="47.616675" lon="11.327843">
    <ele>1068.600</ele>
    <time>2026-05-03T08:08:06Z</time>
   </trkpt>
   <trkpt lat="47.616569" lon="11.327676">
    <ele>1070.723</ele>
    <time>2026-05-03T08:08:22Z</time>
   </trkpt>
   <trkpt lat="47.616515" lon="11.327444">
    <ele>1071.850</ele>
    <time>2026-05-03T08:08:37Z</time>
   </trkpt>
   <trkpt lat="47.616484" lon="11.327173">
    <ele>1071.509</ele>
    <time>2026-05-03T08:08:58Z</time>
   </trkpt>
   <trkpt lat="47.616480" lon="11.327078">
    <ele>1071.624</ele>
    <time>2026-05-03T08:09:04Z</time>
   </trkpt>
   <trkpt lat="47.616479" lon="11.326884">
    <ele>1071.140</ele>
    <time>2026-05-03T08:09:21Z</time>
   </trkpt>
   <trkpt lat="47.616412" lon="11.326693">
    <ele>1073.913</ele>
    <time>2026-05-03T08:09:39Z</time>
   </trkpt>
   <trkpt lat="47.616391" lon="11.326381">
    <ele>1084.114</ele>
    <time>2026-05-03T08:10:00Z</time>
   </trkpt>
   <trkpt lat="47.616401" lon="11.326193">
    <ele>1086.695</ele>
    <time>2026-05-03T08:10:21Z</time>
   </trkpt>
   <trkpt lat="47.616409" lon="11.325893">
    <ele>1089.302</ele>
    <time>2026-05-03T08:10:45Z</time>
   </trkpt>
   <trkpt lat="47.616401" lon="11.325737">
    <ele>1090.271</ele>
    <time>2026-05-03T08:10:55Z</time>
   </trkpt>
   <trkpt lat="47.616434" lon="11.325570">
    <ele>1091.193</ele>
    <time>2026-05-03T08:11:03Z</time>
   </trkpt>
   <trkpt lat="47.616415" lon="11.325528">
    <ele>1092.041</ele>
    <time>2026-05-03T08:11:06Z</time>
   </trkpt>
   <trkpt lat="47.616418" lon="11.325505">
    <ele>1092.739</ele>
    <time>2026-05-03T08:11:08Z</time>
   </trkpt>
   <trkpt lat="47.616474" lon="11.325241">
    <ele>1095.169</ele>
    <time>2026-05-03T08:11:23Z</time>
   </trkpt>
   <trkpt lat="47.616416" lon="11.324976">
    <ele>1096.524</ele>
    <time>2026-05-03T08:11:40Z</time>
   </trkpt>
   <trkpt lat="47.616526" lon="11.324795">
    <ele>1098.329</ele>
    <time>2026-05-03T08:11:48Z</time>
   </trkpt>
   <trkpt lat="47.616529" lon="11.324641">
    <ele>1098.144</ele>
    <time>2026-05-03T08:11:57Z</time>
   </trkpt>
   <trkpt lat="47.616518" lon="11.324622">
    <ele>1097.850</ele>
    <time>2026-05-03T08:11:59Z</time>
   </trkpt>
   <trkpt lat="47.616415" lon="11.324358">
    <ele>1101.691</ele>
    <time>2026-05-03T08:12:17Z</time>
   </trkpt>
   <trkpt lat="47.616390" lon="11.324225">
    <ele>1102.289</ele>
    <time>2026-05-03T08:12:27Z</time>
   </trkpt>
   <trkpt lat="47.616360" lon="11.324184">
    <ele>1102.772</ele>
    <time>2026-05-03T08:12:31Z</time>
   </trkpt>
   <trkpt lat="47.616291" lon="11.324065">
    <ele>1104.510</ele>
    <time>2026-05-03T08:12:48Z</time>
   </trkpt>
   <trkpt lat="47.616156" lon="11.323838">
    <ele>1118.354</ele>
    <time>2026-05-03T08:13:03Z</time>
   </trkpt>
   <trkpt lat="47.616070" lon="11.323610">
    <ele>1125.452</ele>
    <time>2026-05-03T08:13:22Z</time>
   </trkpt>
   <trkpt lat="47.616026" lon="11.323541">
    <ele>1127.199</ele>
    <time>2026-05-03T08:13:28Z</time>
   </trkpt>
   <trkpt lat="47.615894" lon="11.323511">
    <ele>1129.827</ele>
    <time>2026-05-03T08:13:42Z</time>
   </trkpt>
   <trkpt lat="47.615782" lon="11.323510">
    <ele>1129.344</ele>
    <time>2026-05-03T08:13:57Z</time>
   </trkpt>
   <trkpt lat="47.615709" lon="11.323526">
    <ele>1129.687</ele>
    <time>2026-05-03T08:14:07Z</time>
   </trkpt>
   <trkpt lat="47.615573" lon="11.323558">
    <ele>1132.835</ele>
    <time>2026-05-03T08:14:22Z</time>
   </trkpt>
   <trkpt lat="47.615363" lon="11.323692">
    <ele>1136.362</ele>
    <time>2026-05-03T08:14:38Z</time>
   </trkpt>
   <trkpt lat="47.615233" lon="11.323763">
    <ele>1137.710</ele>
    <time>2026-05-03T08:14:49Z</time>
   </trkpt>
   <trkpt lat="47.615131" lon="11.323799">
    <ele>1150.648</ele>
    <time>2026-05-03T08:15:07Z</time>
   </trkpt>
   <trkpt lat="47.615083" lon="11.323857">
    <ele>1152.199</ele>
    <time>2026-05-03T08:15:12Z</time>
   </trkpt>
   <trkpt lat="47.615041" lon="11.323892">
    <ele>1152.917</ele>
    <time>2026-05-03T08:15:16Z</time>
   </trkpt>
   <trkpt lat="47.614870" lon="11.323939">
    <ele>1154.547</ele>
    <time>2026-05-03T08:15:33Z</time>
   </trkpt>
   <trkpt lat="47.614777" lon="11.323967">
    <ele>1155.599</ele>
    <time>2026-05-03T08:15:45Z</time>
   </trkpt>
   <trkpt lat="47.614758" lon="11.323968">
    <ele>1155.641</ele>
    <time>2026-05-03T08:15:46Z</time>
   </trkpt>
   <trkpt lat="47.614636" lon="11.324072">
    <ele>1156.522</ele>
    <time>2026-05-03T08:15:52Z</time>
   </trkpt>
   <trkpt lat="47.614584" lon="11.324245">
    <ele>1160.551</ele>
    <time>2026-05-03T08:16:10Z</time>
   </trkpt>
   <trkpt lat="47.614550" lon="11.324286">
    <ele>1160.587</ele>
    <time>2026-05-03T08:16:14Z</time>
   </trkpt>
   <trkpt lat="47.614438" lon="11.324460">
    <ele>1160.959</ele>
    <time>2026-05-03T08:16:28Z</time>
   </trkpt>
   <trkpt lat="47.614446" lon="11.324614">
    <ele>1161.627</ele>
    <time>2026-05-03T08:16:46Z</time>
   </trkpt>
   <trkpt lat="47.614413" lon="11.324695">
    <ele>1161.881</ele>
    <time>2026-05-03T08:16:51Z</time>
   </trkpt>
   <trkpt lat="47.614268" lon="11.324907">
    <ele>1162.883</ele>
    <time>2026-05-03T08:17:08Z</time>
   </trkpt>
   <trkpt lat="47.614121" lon="11.325146">
    <ele>1163.899</ele>
    <time>2026-05-03T08:17:23Z</time>
   </trkpt>
   <trkpt lat="47.614198" lon="11.325153">
    <ele>1179.856</ele>
    <time>2026-05-03T08:17:41Z</time>
   </trkpt>
   <trkpt lat="47.614189" lon="11.325172">
    <ele>1180.202</ele>
    <time>2026-05-03T08:17:42Z</time>
   </trkpt>
   <trkpt lat="47.614151" lon="11.325298">
    <ele>1189.481</ele>
    <time>2026-05-03T08:17:58Z</time>
   </trkpt>
   <trkpt lat="47.614060" lon="11.325369">
    <ele>1196.803</ele>
    <time>2026-05-03T08:18:16Z</time>
   </trkpt>
   <trkpt lat="47.613751" lon="11.325696">
    <ele>1202.771</ele>
    <time>2026-05-03T08:18:58Z</time>
   </trkpt>
   <trkpt lat="47.613538" lon="11.325979">
    <ele>1206.331</ele>
    <time>2026-05-03T08:19:24Z</time>
   </trkpt>
   <trkpt lat="47.613518" lon="11.325929">
    <ele>1214.466</ele>
    <time>2026-05-03T08:19:39Z</time>
   </trkpt>
   <trkpt lat="47.613481" lon="11.325849">
    <ele>1213.684</ele>
    <time>2026-05-03T08:19:48Z</time>
   </trkpt>
   <trkpt lat="47.613455" lon="11.325660">
    <ele>1213.748</ele>
    <time>2026-05-03T08:20:03Z</time>
   </trkpt>
   <trkpt lat="47.613366" lon="11.325623">
    <ele>1215.362</ele>
    <time>2026-05-03T08:20:19Z</time>
   </trkpt>
   <trkpt lat="47.613406" lon="11.325474">
    <ele>1216.392</ele>
    <time>2026-05-03T08:20:31Z</time>
   </trkpt>
   <trkpt lat="47.613341" lon="11.325419">
    <ele>1219.815</ele>
    <time>2026-05-03T08:20:45Z</time>
   </trkpt>
   <trkpt lat="47.613246" lon="11.325206">
    <ele>1221.230</ele>
    <time>2026-05-03T08:21:07Z</time>
   </trkpt>
   <trkpt lat="47.613142" lon="11.325060">
    <ele>1223.302</ele>
    <time>2026-05-03T08:21:28Z</time>
   </trkpt>
   <trkpt lat="47.612989" lon="11.324839">
    <ele>1226.565</ele>
    <time>2026-05-03T08:21:54Z</time>
   </trkpt>
   <trkpt lat="47.612876" lon="11.324750">
    <ele>1229.156</ele>
    <time>2026-05-03T08:22:15Z</time>
   </trkpt>
   <trkpt lat="47.612761" lon="11.324595">
    <ele>1234.851</ele>
    <time>2026-05-03T08:22:44Z</time>
   </trkpt>
   <trkpt lat="47.612687" lon="11.324413">
    <ele>1245.170</ele>
    <time>2026-05-03T08:23:16Z</time>
   </trkpt>
   <trkpt lat="47.612523" lon="11.324393">
    <ele>1258.601</ele>
    <time>2026-05-03T08:23:44Z</time>
   </trkpt>
   <trkpt lat="47.612408" lon="11.324214">
    <ele>1264.635</ele>
    <time>2026-05-03T08:24:10Z</time>
   </trkpt>
   <trkpt lat="47.612340" lon="11.324161">
    <ele>1267.471</ele>
    <time>2026-05-03T08:24:26Z</time>
   </trkpt>
   <trkpt lat="47.612277" lon="11.323946">
    <ele>1271.463</ele>
    <time>2026-05-03T08:24:53Z</time>
   </trkpt>
   <trkpt lat="47.612146" lon="11.323934">
    <ele>1276.150</ele>
    <time>2026-05-03T08:25:20Z</time>
   </trkpt>
   <trkpt lat="47.612115" lon="11.323811">
    <ele>1277.106</ele>
    <time>2026-05-03T08:25:33Z</time>
   </trkpt>
   <trkpt lat="47.612078" lon="11.323861">
    <ele>1278.242</ele>
    <time>2026-05-03T08:25:45Z</time>
   </trkpt>
   <trkpt lat="47.611979" lon="11.323984">
    <ele>1281.231</ele>
    <time>2026-05-03T08:26:08Z</time>
   </trkpt>
   <trkpt lat="47.611794" lon="11.324160">
    <ele>1286.037</ele>
    <time>2026-05-03T08:26:34Z</time>
   </trkpt>
   <trkpt lat="47.611768" lon="11.324185">
    <ele>1291.035</ele>
    <time>2026-05-03T08:26:57Z</time>
   </trkpt>
   <trkpt lat="47.611659" lon="11.324290">
    <ele>1296.716</ele>
    <time>2026-05-03T08:27:25Z</time>
   </trkpt>
   <trkpt lat="47.611591" lon="11.324288">
    <ele>1297.875</ele>
    <time>2026-05-03T08:27:28Z</time>
   </trkpt>
   <trkpt lat="47.611618" lon="11.324197">
    <ele>1298.563</ele>
    <time>2026-05-03T08:27:30Z</time>
   </trkpt>
   <trkpt lat="47.611656" lon="11.323949">
    <ele>1303.348</ele>
    <time>2026-05-03T08:27:56Z</time>
   </trkpt>
   <trkpt lat="47.611774" lon="11.323582">
    <ele>1307.246</ele>
    <time>2026-05-03T08:28:19Z</time>
   </trkpt>
   <trkpt lat="47.611698" lon="11.323123">
    <ele>1316.783</ele>
    <time>2026-05-03T08:28:47Z</time>
   </trkpt>
   <trkpt lat="47.611673" lon="11.322899">
    <ele>1319.933</ele>
    <time>2026-05-03T08:29:01Z</time>
   </trkpt>
   <trkpt lat="47.611579" lon="11.322870">
    <ele>1323.252</ele>
    <time>2026-05-03T08:29:05Z</time>
   </trkpt>
   <trkpt lat="47.611680" lon="11.322654">
    <ele>1328.185</ele>
    <time>2026-05-03T08:29:12Z</time>
   </trkpt>
   <trkpt lat="47.611742" lon="11.322566">
    <ele>1328.569</ele>
    <time>2026-05-03T08:29:21Z</time>
   </trkpt>
   <trkpt lat="47.611762" lon="11.322489">
    <ele>1328.453</ele>
    <time>2026-05-03T08:29:27Z</time>
   </trkpt>
   <trkpt lat="47.611673" lon="11.322251">
    <ele>1328.570</ele>
    <time>2026-05-03T08:29:46Z</time>
   </trkpt>
   <trkpt lat="47.611701" lon="11.321974">
    <ele>1328.602</ele>
    <time>2026-05-03T08:30:00Z</time>
   </trkpt>
   <trkpt lat="47.611701" lon="11.321847">
    <ele>1329.055</ele>
    <time>2026-05-03T08:30:04Z</time>
   </trkpt>
   <trkpt lat="47.611733" lon="11.321671">
    <ele>1336.147</ele>
    <time>2026-05-03T08:30:18Z</time>
   </trkpt>
   <trkpt lat="47.611738" lon="11.321643">
    <ele>1338.225</ele>
    <time>2026-05-03T08:30:22Z</time>
   </trkpt>
   <trkpt lat="47.611778" lon="11.321549">
    <ele>1341.172</ele>
    <time>2026-05-03T08:30:28Z</time>
   </trkpt>
   <trkpt lat="47.611806" lon="11.321469">
    <ele>1343.941</ele>
    <time>2026-05-03T08:30:34Z</time>
   </trkpt>
   <trkpt lat="47.611816" lon="11.321238">
    <ele>1350.347</ele>
    <time>2026-05-03T08:30:49Z</time>
   </trkpt>
   <trkpt lat="47.611828" lon="11.321124">
    <ele>1354.438</ele>
    <time>2026-05-03T08:31:00Z</time>
   </trkpt>
   <trkpt lat="47.611776" lon="11.321042">
    <ele>1356.876</ele>
    <time>2026-05-03T08:31:12Z</time>
   </trkpt>
   <trkpt lat="47.611783" lon="11.320838">
    <ele>1356.718</ele>
    <time>2026-05-03T08:31:32Z</time>
   </trkpt>
   <trkpt lat="47.611858" lon="11.320386">
    <ele>1360.975</ele>
    <time>2026-05-03T08:32:02Z</time>
   </trkpt>
   <trkpt lat="47.611826" lon="11.320333">
    <ele>1363.796</ele>
    <time>2026-05-03T08:32:23Z</time>
   </trkpt>
   <trkpt lat="47.611922" lon="11.320138">
    <ele>1366.245</ele>
    <time>2026-05-03T08:32:38Z</time>
   </trkpt>
   <trkpt lat="47.611956" lon="11.320020">
    <ele>1368.307</ele>
    <time>2026-05-03T08:32:48Z</time>
   </trkpt>
   <trkpt lat="47.612041" lon="11.319764">
    <ele>1365.853</ele>
    <time>2026-05-03T08:33:00Z</time>
   </trkpt>
   <trkpt lat="47.612052" lon="11.319685">
    <ele>1364.429</ele>
    <time>2026-05-03T08:33:10Z</time>
   </trkpt>
   <trkpt lat="47.612090" lon="11.319614">
    <ele>1361.995</ele>
    <time>2026-05-03T08:33:16Z</time>
   </trkpt>
   <trkpt lat="47.612197" lon="11.319573">
    <ele>1360.264</ele>
    <time>2026-05-03T08:33:27Z</time>
   </trkpt>
   <trkpt lat="47.612237" lon="11.319413">
    <ele>1358.788</ele>
    <time>2026-05-03T08:33:41Z</time>
   </trkpt>
   <trkpt lat="47.612284" lon="11.319244">
    <ele>1361.385</ele>
    <time>2026-05-03T08:33:54Z</time>
   </trkpt>
   <trkpt lat="47.612195" lon="11.319311">
    <ele>1365.631</ele>
    <time>2026-05-03T08:34:04Z</time>
   </trkpt>
   <trkpt lat="47.612059" lon="11.319423">
    <ele>1369.400</ele>
    <time>2026-05-03T08:34:21Z</time>
   </trkpt>
   <trkpt lat="47.611931" lon="11.319356">
    <ele>1371.128</ele>
    <time>2026-05-03T08:34:35Z</time>
   </trkpt>
   <trkpt lat="47.611899" lon="11.319356">
    <ele>1371.307</ele>
    <time>2026-05-03T08:34:39Z</time>
   </trkpt>
   <trkpt lat="47.611856" lon="11.319386">
    <ele>1372.074</ele>
    <time>2026-05-03T08:34:44Z</time>
   </trkpt>
   <trkpt lat="47.611787" lon="11.319483">
    <ele>1373.457</ele>
    <time>2026-05-03T08:35:00Z</time>
   </trkpt>
   <trkpt lat="47.611781" lon="11.319482">
    <ele>1373.230</ele>
    <time>2026-05-03T08:35:23Z</time>
   </trkpt>
   <trkpt lat="47.611794" lon="11.319481">
    <ele>1373.706</ele>
    <time>2026-05-03T08:36:30Z</time>
   </trkpt>
   <trkpt lat="47.611750" lon="11.319556">
    <ele>1374.388</ele>
    <time>2026-05-03T08:39:36Z</time>
   </trkpt>
   <trkpt lat="47.611702" lon="11.319600">
    <ele>1375.158</ele>
    <time>2026-05-03T08:39:42Z</time>
   </trkpt>
   <trkpt lat="47.611610" lon="11.319777">
    <ele>1375.472</ele>
    <time>2026-05-03T08:39:57Z</time>
   </trkpt>
   <trkpt lat="47.611581" lon="11.319940">
    <ele>1377.769</ele>
    <time>2026-05-03T08:40:11Z</time>
   </trkpt>
   <trkpt lat="47.611609" lon="11.319965">
    <ele>1382.259</ele>
    <time>2026-05-03T08:40:22Z</time>
   </trkpt>
   <trkpt lat="47.611615" lon="11.319903">
    <ele>1382.981</ele>
    <time>2026-05-03T08:40:28Z</time>
   </trkpt>
   <trkpt lat="47.611636" lon="11.319853">
    <ele>1384.292</ele>
    <time>2026-05-03T08:40:31Z</time>
   </trkpt>
   <trkpt lat="47.611631" lon="11.319823">
    <ele>1384.205</ele>
    <time>2026-05-03T08:40:33Z</time>
   </trkpt>
   <trkpt lat="47.611638" lon="11.319742">
    <ele>1385.762</ele>
    <time>2026-05-03T08:40:39Z</time>
   </trkpt>
   <trkpt lat="47.611658" lon="11.319644">
    <ele>1387.661</ele>
    <time>2026-05-03T08:40:45Z</time>
   </trkpt>
   <trkpt lat="47.611646" lon="11.319622">
    <ele>1388.464</ele>
    <time>2026-05-03T08:40:47Z</time>
   </trkpt>
   <trkpt lat="47.611651" lon="11.319574">
    <ele>1389.564</ele>
    <time>2026-05-03T08:40:50Z</time>
   </trkpt>
   <trkpt lat="47.611662" lon="11.319479">
    <ele>1389.926</ele>
    <time>2026-05-03T08:40:55Z</time>
   </trkpt>
   <trkpt lat="47.611651" lon="11.319399">
    <ele>1389.845</ele>
    <time>2026-05-03T08:41:01Z</time>
   </trkpt>
   <trkpt lat="47.611653" lon="11.319299">
    <ele>1389.751</ele>
    <time>2026-05-03T08:41:13Z</time>
   </trkpt>
   <trkpt lat="47.611644" lon="11.319155">
    <ele>1389.367</ele>
    <time>2026-05-03T08:41:22Z</time>
   </trkpt>
   <trkpt lat="47.611628" lon="11.319113">
    <ele>1389.318</ele>
    <time>2026-05-03T08:41:25Z</time>
   </trkpt>
   <trkpt lat="47.611573" lon="11.319040">
    <ele>1392.437</ele>
    <time>2026-05-03T08:41:31Z</time>
   </trkpt>
   <trkpt lat="47.611535" lon="11.318932">
    <ele>1394.727</ele>
    <time>2026-05-03T08:41:39Z</time>
   </trkpt>
   <trkpt lat="47.611511" lon="11.318879">
    <ele>1394.873</ele>
    <time>2026-05-03T08:41:43Z</time>
   </trkpt>
   <trkpt lat="47.611507" lon="11.318850">
    <ele>1394.897</ele>
    <time>2026-05-03T08:41:45Z</time>
   </trkpt>
   <trkpt lat="47.611465" lon="11.318795">
    <ele>1394.917</ele>
    <time>2026-05-03T08:41:50Z</time>
   </trkpt>
   <trkpt lat="47.611448" lon="11.318770">
    <ele>1394.920</ele>
    <time>2026-05-03T08:41:52Z</time>
   </trkpt>
   <trkpt lat="47.611453" lon="11.318676">
    <ele>1394.711</ele>
    <time>2026-05-03T08:41:57Z</time>
   </trkpt>
   <trkpt lat="47.611494" lon="11.318542">
    <ele>1395.672</ele>
    <time>2026-05-03T08:42:05Z</time>
   </trkpt>
   <trkpt lat="47.611525" lon="11.318475">
    <ele>1396.104</ele>
    <time>2026-05-03T08:42:10Z</time>
   </trkpt>
   <trkpt lat="47.611667" lon="11.318327">
    <ele>1396.740</ele>
    <time>2026-05-03T08:42:25Z</time>
   </trkpt>
   <trkpt lat="47.611741" lon="11.318207">
    <ele>1394.955</ele>
    <time>2026-05-03T08:42:34Z</time>
   </trkpt>
   <trkpt lat="47.611758" lon="11.318185">
    <ele>1394.592</ele>
    <time>2026-05-03T08:42:36Z</time>
   </trkpt>
   <trkpt lat="47.611810" lon="11.318113">
    <ele>1394.266</ele>
    <time>2026-05-03T08:42:42Z</time>
   </trkpt>
   <trkpt lat="47.611802" lon="11.318068">
    <ele>1393.750</ele>
    <time>2026-05-03T08:42:45Z</time>
   </trkpt>
   <trkpt lat="47.611838" lon="11.317897">
    <ele>1394.921</ele>
    <time>2026-05-03T08:42:54Z</time>
   </trkpt>
   <trkpt lat="47.611841" lon="11.317858">
    <ele>1395.158</ele>
    <time>2026-05-03T08:42:56Z</time>
   </trkpt>
   <trkpt lat="47.611872" lon="11.317739">
    <ele>1396.543</ele>
    <time>2026-05-03T08:43:02Z</time>
   </trkpt>
   <trkpt lat="47.611882" lon="11.317526">
    <ele>1398.791</ele>
    <time>2026-05-03T08:43:14Z</time>
   </trkpt>
   <trkpt lat="47.611882" lon="11.317473">
    <ele>1399.176</ele>
    <time>2026-05-03T08:43:17Z</time>
   </trkpt>
   <trkpt lat="47.611941" lon="11.317393">
    <ele>1400.744</ele>
    <time>2026-05-03T08:43:22Z</time>
   </trkpt>
   <trkpt lat="47.612009" lon="11.317269">
    <ele>1401.883</ele>
    <time>2026-05-03T08:43:30Z</time>
   </trkpt>
   <trkpt lat="47.612014" lon="11.317192">
    <ele>1403.056</ele>
    <time>2026-05-03T08:43:34Z</time>
   </trkpt>
   <trkpt lat="47.612000" lon="11.317158">
    <ele>1403.526</ele>
    <time>2026-05-03T08:43:36Z</time>
   </trkpt>
   <trkpt lat="47.611999" lon="11.317023">
    <ele>1405.135</ele>
    <time>2026-05-03T08:43:53Z</time>
   </trkpt>
   <trkpt lat="47.612004" lon="11.316989">
    <ele>1405.116</ele>
    <time>2026-05-03T08:43:55Z</time>
   </trkpt>
   <trkpt lat="47.611953" lon="11.316635">
    <ele>1407.091</ele>
    <time>2026-05-03T08:44:11Z</time>
   </trkpt>
   <trkpt lat="47.611890" lon="11.316442">
    <ele>1407.981</ele>
    <time>2026-05-03T08:44:21Z</time>
   </trkpt>
   <trkpt lat="47.611765" lon="11.316197">
    <ele>1409.471</ele>
    <time>2026-05-03T08:44:36Z</time>
   </trkpt>
   <trkpt lat="47.611714" lon="11.316159">
    <ele>1408.728</ele>
    <time>2026-05-03T08:44:41Z</time>
   </trkpt>
   <trkpt lat="47.611625" lon="11.316087">
    <ele>1408.291</ele>
    <time>2026-05-03T08:44:48Z</time>
   </trkpt>
   <trkpt lat="47.611591" lon="11.316027">
    <ele>1407.144</ele>
    <time>2026-05-03T08:44:52Z</time>
   </trkpt>
   <trkpt lat="47.611489" lon="11.315841">
    <ele>1408.205</ele>
    <time>2026-05-03T08:45:08Z</time>
   </trkpt>
   <trkpt lat="47.611376" lon="11.315505">
    <ele>1407.797</ele>
    <time>2026-05-03T08:45:32Z</time>
   </trkpt>
   <trkpt lat="47.611266" lon="11.315224">
    <ele>1409.882</ele>
    <time>2026-05-03T08:45:53Z</time>
   </trkpt>
   <trkpt lat="47.611261" lon="11.315181">
    <ele>1410.307</ele>
    <time>2026-05-03T08:45:56Z</time>
   </trkpt>
   <trkpt lat="47.611267" lon="11.314876">
    <ele>1417.595</ele>
    <time>2026-05-03T08:46:12Z</time>
   </trkpt>
   <trkpt lat="47.611236" lon="11.314772">
    <ele>1421.029</ele>
    <time>2026-05-03T08:46:19Z</time>
   </trkpt>
   <trkpt lat="47.611243" lon="11.314716">
    <ele>1424.757</ele>
    <time>2026-05-03T08:46:24Z</time>
   </trkpt>
   <trkpt lat="47.611279" lon="11.314562">
    <ele>1431.040</ele>
    <time>2026-05-03T08:46:35Z</time>
   </trkpt>
   <trkpt lat="47.611228" lon="11.314402">
    <ele>1434.760</ele>
    <time>2026-05-03T08:46:45Z</time>
   </trkpt>
   <trkpt lat="47.611136" lon="11.314068">
    <ele>1441.120</ele>
    <time>2026-05-03T08:47:05Z</time>
   </trkpt>
   <trkpt lat="47.611122" lon="11.314024">
    <ele>1441.352</ele>
    <time>2026-05-03T08:47:08Z</time>
   </trkpt>
   <trkpt lat="47.611145" lon="11.313844">
    <ele>1448.524</ele>
    <time>2026-05-03T08:47:25Z</time>
   </trkpt>
   <trkpt lat="47.611107" lon="11.313777">
    <ele>1449.864</ele>
    <time>2026-05-03T08:47:29Z</time>
   </trkpt>
   <trkpt lat="47.611084" lon="11.313378">
    <ele>1454.573</ele>
    <time>2026-05-03T08:47:56Z</time>
   </trkpt>
   <trkpt lat="47.610961" lon="11.313137">
    <ele>1456.947</ele>
    <time>2026-05-03T08:48:14Z</time>
   </trkpt>
   <trkpt lat="47.610914" lon="11.313064">
    <ele>1457.938</ele>
    <time>2026-05-03T08:48:22Z</time>
   </trkpt>
   <trkpt lat="47.610921" lon="11.312994">
    <ele>1458.722</ele>
    <time>2026-05-03T08:48:26Z</time>
   </trkpt>
   <trkpt lat="47.610879" lon="11.312760">
    <ele>1465.018</ele>
    <time>2026-05-03T08:48:47Z</time>
   </trkpt>
   <trkpt lat="47.610838" lon="11.312333">
    <ele>1473.576</ele>
    <time>2026-05-03T08:49:15Z</time>
   </trkpt>
   <trkpt lat="47.610722" lon="11.312069">
    <ele>1479.082</ele>
    <time>2026-05-03T08:49:35Z</time>
   </trkpt>
   <trkpt lat="47.610649" lon="11.311987">
    <ele>1481.884</ele>
    <time>2026-05-03T08:49:45Z</time>
   </trkpt>
   <trkpt lat="47.610431" lon="11.311926">
    <ele>1487.305</ele>
    <time>2026-05-03T08:50:06Z</time>
   </trkpt>
   <trkpt lat="47.610215" lon="11.311828">
    <ele>1492.152</ele>
    <time>2026-05-03T08:50:24Z</time>
   </trkpt>
   <trkpt lat="47.610069" lon="11.311810">
    <ele>1495.982</ele>
    <time>2026-05-03T08:50:40Z</time>
   </trkpt>
   <trkpt lat="47.609913" lon="11.311844">
    <ele>1498.926</ele>
    <time>2026-05-03T08:50:54Z</time>
   </trkpt>
   <trkpt lat="47.609745" lon="11.311852">
    <ele>1501.833</ele>
    <time>2026-05-03T08:51:08Z</time>
   </trkpt>
   <trkpt lat="47.609584" lon="11.311977">
    <ele>1502.750</ele>
    <time>2026-05-03T08:51:20Z</time>
   </trkpt>
   <trkpt lat="47.609494" lon="11.312004">
    <ele>1502.797</ele>
    <time>2026-05-03T08:51:26Z</time>
   </trkpt>
   <trkpt lat="47.609460" lon="11.312029">
    <ele>1502.688</ele>
    <time>2026-05-03T08:51:29Z</time>
   </trkpt>
   <trkpt lat="47.609296" lon="11.312137">
    <ele>1501.032</ele>
    <time>2026-05-03T08:51:44Z</time>
   </trkpt>
   <trkpt lat="47.609266" lon="11.312194">
    <ele>1500.748</ele>
    <time>2026-05-03T08:51:47Z</time>
   </trkpt>
   <trkpt lat="47.609193" lon="11.312262">
    <ele>1500.108</ele>
    <time>2026-05-03T08:51:52Z</time>
   </trkpt>
   <trkpt lat="47.609073" lon="11.312362">
    <ele>1499.384</ele>
    <time>2026-05-03T08:52:00Z</time>
   </trkpt>
   <trkpt lat="47.609025" lon="11.312413">
    <ele>1498.976</ele>
    <time>2026-05-03T08:52:03Z</time>
   </trkpt>
   <trkpt lat="47.608765" lon="11.312613">
    <ele>1495.511</ele>
    <time>2026-05-03T08:52:18Z</time>
   </trkpt>
   <trkpt lat="47.608678" lon="11.312734">
    <ele>1488.706</ele>
    <time>2026-05-03T08:52:33Z</time>
   </trkpt>
   <trkpt lat="47.608628" lon="11.312950">
    <ele>1486.812</ele>
    <time>2026-05-03T08:52:46Z</time>
   </trkpt>
   <trkpt lat="47.608616" lon="11.313084">
    <ele>1487.972</ele>
    <time>2026-05-03T08:52:53Z</time>
   </trkpt>
   <trkpt lat="47.608684" lon="11.313313">
    <ele>1488.731</ele>
    <time>2026-05-03T08:53:06Z</time>
   </trkpt>
   <trkpt lat="47.608607" lon="11.313646">
    <ele>1489.900</ele>
    <time>2026-05-03T08:53:25Z</time>
   </trkpt>
   <trkpt lat="47.608548" lon="11.313871">
    <ele>1492.835</ele>
    <time>2026-05-03T08:53:38Z</time>
   </trkpt>
   <trkpt lat="47.608499" lon="11.314018">
    <ele>1494.532</ele>
    <time>2026-05-03T08:53:46Z</time>
   </trkpt>
   <trkpt lat="47.608516" lon="11.314056">
    <ele>1495.544</ele>
    <time>2026-05-03T08:53:49Z</time>
   </trkpt>
   <trkpt lat="47.608515" lon="11.314151">
    <ele>1497.203</ele>
    <time>2026-05-03T08:53:55Z</time>
   </trkpt>
   <trkpt lat="47.608535" lon="11.314197">
    <ele>1498.172</ele>
    <time>2026-05-03T08:53:58Z</time>
   </trkpt>
   <trkpt lat="47.608518" lon="11.314257">
    <ele>1499.632</ele>
    <time>2026-05-03T08:54:02Z</time>
   </trkpt>
   <trkpt lat="47.608481" lon="11.314305">
    <ele>1500.897</ele>
    <time>2026-05-03T08:54:06Z</time>
   </trkpt>
   <trkpt lat="47.608445" lon="11.314420">
    <ele>1502.784</ele>
    <time>2026-05-03T08:54:13Z</time>
   </trkpt>
   <trkpt lat="47.608426" lon="11.314589">
    <ele>1509.678</ele>
    <time>2026-05-03T08:54:24Z</time>
   </trkpt>
   <trkpt lat="47.608426" lon="11.314645">
    <ele>1510.893</ele>
    <time>2026-05-03T08:54:28Z</time>
   </trkpt>
   <trkpt lat="47.608403" lon="11.314707">
    <ele>1512.264</ele>
    <time>2026-05-03T08:54:32Z</time>
   </trkpt>
   <trkpt lat="47.608349" lon="11.314904">
    <ele>1516.811</ele>
    <time>2026-05-03T08:54:44Z</time>
   </trkpt>
   <trkpt lat="47.608290" lon="11.315051">
    <ele>1520.316</ele>
    <time>2026-05-03T08:54:53Z</time>
   </trkpt>
   <trkpt lat="47.608249" lon="11.315123">
    <ele>1522.232</ele>
    <time>2026-05-03T08:54:58Z</time>
   </trkpt>
   <trkpt lat="47.608232" lon="11.315216">
    <ele>1522.824</ele>
    <time>2026-05-03T08:55:03Z</time>
   </trkpt>
   <trkpt lat="47.608225" lon="11.315283">
    <ele>1523.886</ele>
    <time>2026-05-03T08:55:06Z</time>
   </trkpt>
   <trkpt lat="47.608245" lon="11.315400">
    <ele>1524.376</ele>
    <time>2026-05-03T08:55:13Z</time>
   </trkpt>
   <trkpt lat="47.608275" lon="11.315484">
    <ele>1525.623</ele>
    <time>2026-05-03T08:55:17Z</time>
   </trkpt>
   <trkpt lat="47.608301" lon="11.315543">
    <ele>1525.567</ele>
    <time>2026-05-03T08:55:20Z</time>
   </trkpt>
   <trkpt lat="47.608295" lon="11.315544">
    <ele>1527.554</ele>
    <time>2026-05-03T08:55:29Z</time>
   </trkpt>
   <trkpt lat="47.608264" lon="11.315259">
    <ele>1532.588</ele>
    <time>2026-05-03T08:55:45Z</time>
   </trkpt>
   <trkpt lat="47.608230" lon="11.315143">
    <ele>1535.987</ele>
    <time>2026-05-03T08:55:53Z</time>
   </trkpt>
   <trkpt lat="47.608227" lon="11.315067">
    <ele>1536.626</ele>
    <time>2026-05-03T08:55:57Z</time>
   </trkpt>
   <trkpt lat="47.608236" lon="11.314990">
    <ele>1538.242</ele>
    <time>2026-05-03T08:56:02Z</time>
   </trkpt>
   <trkpt lat="47.608225" lon="11.314699">
    <ele>1540.462</ele>
    <time>2026-05-03T08:56:18Z</time>
   </trkpt>
   <trkpt lat="47.608230" lon="11.314661">
    <ele>1540.672</ele>
    <time>2026-05-03T08:56:20Z</time>
   </trkpt>
   <trkpt lat="47.608226" lon="11.314622">
    <ele>1541.380</ele>
    <time>2026-05-03T08:56:22Z</time>
   </trkpt>
   <trkpt lat="47.608201" lon="11.314470">
    <ele>1542.665</ele>
    <time>2026-05-03T08:56:31Z</time>
   </trkpt>
   <trkpt lat="47.608203" lon="11.314415">
    <ele>1543.751</ele>
    <time>2026-05-03T08:56:34Z</time>
   </trkpt>
   <trkpt lat="47.608207" lon="11.314383">
    <ele>1544.661</ele>
    <time>2026-05-03T08:56:36Z</time>
   </trkpt>
   <trkpt lat="47.608204" lon="11.314184">
    <ele>1548.777</ele>
    <time>2026-05-03T08:56:47Z</time>
   </trkpt>
   <trkpt lat="47.608205" lon="11.313939">
    <ele>1554.282</ele>
    <time>2026-05-03T08:57:01Z</time>
   </trkpt>
   <trkpt lat="47.608190" lon="11.313873">
    <ele>1555.324</ele>
    <time>2026-05-03T08:57:05Z</time>
   </trkpt>
   <trkpt lat="47.608188" lon="11.313834">
    <ele>1555.419</ele>
    <time>2026-05-03T08:57:08Z</time>
   </trkpt>
   <trkpt lat="47.608090" lon="11.313580">
    <ele>1556.397</ele>
    <time>2026-05-03T08:57:24Z</time>
   </trkpt>
   <trkpt lat="47.608058" lon="11.313522">
    <ele>1555.372</ele>
    <time>2026-05-03T08:57:28Z</time>
   </trkpt>
   <trkpt lat="47.608004" lon="11.313382">
    <ele>1553.704</ele>
    <time>2026-05-03T08:57:36Z</time>
   </trkpt>
   <trkpt lat="47.607946" lon="11.313115">
    <ele>1553.816</ele>
    <time>2026-05-03T08:57:52Z</time>
   </trkpt>
   <trkpt lat="47.607843" lon="11.312839">
    <ele>1556.591</ele>
    <time>2026-05-03T08:58:11Z</time>
   </trkpt>
   <trkpt lat="47.607763" lon="11.312561">
    <ele>1562.296</ele>
    <time>2026-05-03T08:58:29Z</time>
   </trkpt>
   <trkpt lat="47.607748" lon="11.312446">
    <ele>1564.162</ele>
    <time>2026-05-03T08:58:35Z</time>
   </trkpt>
   <trkpt lat="47.607709" lon="11.312118">
    <ele>1567.638</ele>
    <time>2026-05-03T08:58:55Z</time>
   </trkpt>
   <trkpt lat="47.607688" lon="11.311988">
    <ele>1570.511</ele>
    <time>2026-05-03T08:59:03Z</time>
   </trkpt>
   <trkpt lat="47.607674" lon="11.311867">
    <ele>1571.251</ele>
    <time>2026-05-03T08:59:10Z</time>
   </trkpt>
   <trkpt lat="47.607722" lon="11.311722">
    <ele>1571.397</ele>
    <time>2026-05-03T08:59:19Z</time>
   </trkpt>
   <trkpt lat="47.607782" lon="11.311562">
    <ele>1571.818</ele>
    <time>2026-05-03T08:59:29Z</time>
   </trkpt>
   <trkpt lat="47.607783" lon="11.311539">
    <ele>1572.269</ele>
    <time>2026-05-03T08:59:31Z</time>
   </trkpt>
   <trkpt lat="47.607800" lon="11.311517">
    <ele>1572.911</ele>
    <time>2026-05-03T08:59:34Z</time>
   </trkpt>
   <trkpt lat="47.607830" lon="11.311445">
    <ele>1574.205</ele>
    <time>2026-05-03T08:59:41Z</time>
   </trkpt>
   <trkpt lat="47.607882" lon="11.311352">
    <ele>1573.088</ele>
    <time>2026-05-03T08:59:54Z</time>
   </trkpt>
   <trkpt lat="47.608064" lon="11.311227">
    <ele>1568.293</ele>
    <time>2026-05-03T09:00:11Z</time>
   </trkpt>
   <trkpt lat="47.608072" lon="11.311219">
    <ele>1568.198</ele>
    <time>2026-05-03T09:00:12Z</time>
   </trkpt>
   <trkpt lat="47.608113" lon="11.311202">
    <ele>1567.193</ele>
    <time>2026-05-03T09:00:17Z</time>
   </trkpt>
   <trkpt lat="47.608180" lon="11.311204">
    <ele>1565.974</ele>
    <time>2026-05-03T09:00:24Z</time>
   </trkpt>
   <trkpt lat="47.608232" lon="11.311181">
    <ele>1565.331</ele>
    <time>2026-05-03T09:00:28Z</time>
   </trkpt>
   <trkpt lat="47.608251" lon="11.311158">
    <ele>1565.076</ele>
    <time>2026-05-03T09:00:30Z</time>
   </trkpt>
   <trkpt lat="47.608411" lon="11.311013">
    <ele>1559.989</ele>
    <time>2026-05-03T09:00:45Z</time>
   </trkpt>
   <trkpt lat="47.608441" lon="11.310969">
    <ele>1558.677</ele>
    <time>2026-05-03T09:00:48Z</time>
   </trkpt>
   <trkpt lat="47.608489" lon="11.310838">
    <ele>1555.152</ele>
    <time>2026-05-03T09:00:57Z</time>
   </trkpt>
   <trkpt lat="47.608536" lon="11.310693">
    <ele>1552.079</ele>
    <time>2026-05-03T09:01:04Z</time>
   </trkpt>
   <trkpt lat="47.608617" lon="11.310531">
    <ele>1548.763</ele>
    <time>2026-05-03T09:01:17Z</time>
   </trkpt>
   <trkpt lat="47.608687" lon="11.310352">
    <ele>1546.032</ele>
    <time>2026-05-03T09:01:29Z</time>
   </trkpt>
   <trkpt lat="47.608740" lon="11.310319">
    <ele>1545.392</ele>
    <time>2026-05-03T09:01:33Z</time>
   </trkpt>
   <trkpt lat="47.608746" lon="11.310283">
    <ele>1544.843</ele>
    <time>2026-05-03T09:01:35Z</time>
   </trkpt>
   <trkpt lat="47.608777" lon="11.310226">
    <ele>1543.640</ele>
    <time>2026-05-03T09:01:40Z</time>
   </trkpt>
   <trkpt lat="47.608910" lon="11.309852">
    <ele>1544.657</ele>
    <time>2026-05-03T09:01:58Z</time>
   </trkpt>
   <trkpt lat="47.609017" lon="11.309709">
    <ele>1546.236</ele>
    <time>2026-05-03T09:02:12Z</time>
   </trkpt>
   <trkpt lat="47.609067" lon="11.309634">
    <ele>1546.022</ele>
    <time>2026-05-03T09:02:18Z</time>
   </trkpt>
   <trkpt lat="47.609105" lon="11.309569">
    <ele>1545.878</ele>
    <time>2026-05-03T09:02:22Z</time>
   </trkpt>
   <trkpt lat="47.609179" lon="11.309509">
    <ele>1547.026</ele>
    <time>2026-05-03T09:02:29Z</time>
   </trkpt>
   <trkpt lat="47.609266" lon="11.309424">
    <ele>1548.978</ele>
    <time>2026-05-03T09:02:38Z</time>
   </trkpt>
   <trkpt lat="47.609295" lon="11.309402">
    <ele>1549.534</ele>
    <time>2026-05-03T09:02:40Z</time>
   </trkpt>
   <trkpt lat="47.609451" lon="11.309301">
    <ele>1554.366</ele>
    <time>2026-05-03T09:02:53Z</time>
   </trkpt>
   <trkpt lat="47.609564" lon="11.309239">
    <ele>1559.654</ele>
    <time>2026-05-03T09:03:05Z</time>
   </trkpt>
   <trkpt lat="47.609570" lon="11.309222">
    <ele>1564.497</ele>
    <time>2026-05-03T09:03:23Z</time>
   </trkpt>
   <trkpt lat="47.609477" lon="11.309284">
    <ele>1568.569</ele>
    <time>2026-05-03T09:03:40Z</time>
   </trkpt>
   <trkpt lat="47.609471" lon="11.309284">
    <ele>1568.671</ele>
    <time>2026-05-03T09:03:41Z</time>
   </trkpt>
   <trkpt lat="47.609400" lon="11.309294">
    <ele>1569.374</ele>
    <time>2026-05-03T09:03:49Z</time>
   </trkpt>
   <trkpt lat="47.609307" lon="11.309339">
    <ele>1571.322</ele>
    <time>2026-05-03T09:03:56Z</time>
   </trkpt>
   <trkpt lat="47.609258" lon="11.309359">
    <ele>1572.680</ele>
    <time>2026-05-03T09:04:01Z</time>
   </trkpt>
   <trkpt lat="47.609227" lon="11.309386">
    <ele>1575.681</ele>
    <time>2026-05-03T09:04:10Z</time>
   </trkpt>
   <trkpt lat="47.609426" lon="11.309254">
    <ele>1582.123</ele>
    <time>2026-05-03T09:04:30Z</time>
   </trkpt>
   <trkpt lat="47.609406" lon="11.309221">
    <ele>1582.729</ele>
    <time>2026-05-03T09:04:35Z</time>
   </trkpt>
   <trkpt lat="47.609379" lon="11.309246">
    <ele>1583.487</ele>
    <time>2026-05-03T09:04:39Z</time>
   </trkpt>
   <trkpt lat="47.609227" lon="11.309288">
    <ele>1585.463</ele>
    <time>2026-05-03T09:04:52Z</time>
   </trkpt>
   <trkpt lat="47.609210" lon="11.309280">
    <ele>1585.498</ele>
    <time>2026-05-03T09:04:54Z</time>
   </trkpt>
   <trkpt lat="47.609154" lon="11.309291">
    <ele>1586.490</ele>
    <time>2026-05-03T09:04:58Z</time>
   </trkpt>
   <trkpt lat="47.609127" lon="11.309302">
    <ele>1587.471</ele>
    <time>2026-05-03T09:05:02Z</time>
   </trkpt>
   <trkpt lat="47.609066" lon="11.309357">
    <ele>1588.731</ele>
    <time>2026-05-03T09:05:07Z</time>
   </trkpt>
   <trkpt lat="47.608983" lon="11.309428">
    <ele>1592.000</ele>
    <time>2026-05-03T09:05:17Z</time>
   </trkpt>
   <trkpt lat="47.608891" lon="11.309507">
    <ele>1595.669</ele>
    <time>2026-05-03T09:05:27Z</time>
   </trkpt>
   <trkpt lat="47.608750" lon="11.309619">
    <ele>1600.127</ele>
    <time>2026-05-03T09:05:41Z</time>
   </trkpt>
   <trkpt lat="47.608731" lon="11.309685">
    <ele>1606.373</ele>
    <time>2026-05-03T09:05:50Z</time>
   </trkpt>
   <trkpt lat="47.608906" lon="11.309509">
    <ele>1611.775</ele>
    <time>2026-05-03T09:06:10Z</time>
   </trkpt>
   <trkpt lat="47.608940" lon="11.309456">
    <ele>1613.207</ele>
    <time>2026-05-03T09:06:15Z</time>
   </trkpt>
   <trkpt lat="47.609078" lon="11.309268">
    <ele>1614.215</ele>
    <time>2026-05-03T09:06:32Z</time>
   </trkpt>
   <trkpt lat="47.609131" lon="11.309189">
    <ele>1615.303</ele>
    <time>2026-05-03T09:06:39Z</time>
   </trkpt>
   <trkpt lat="47.609292" lon="11.309037">
    <ele>1617.688</ele>
    <time>2026-05-03T09:06:57Z</time>
   </trkpt>
   <trkpt lat="47.609289" lon="11.309028">
    <ele>1618.251</ele>
    <time>2026-05-03T09:06:58Z</time>
   </trkpt>
   <trkpt lat="47.609217" lon="11.309063">
    <ele>1622.781</ele>
    <time>2026-05-03T09:07:09Z</time>
   </trkpt>
   <trkpt lat="47.609057" lon="11.309136">
    <ele>1627.870</ele>
    <time>2026-05-03T09:07:25Z</time>
   </trkpt>
   <trkpt lat="47.608957" lon="11.309183">
    <ele>1632.013</ele>
    <time>2026-05-03T09:07:39Z</time>
   </trkpt>
   <trkpt lat="47.608829" lon="11.309250">
    <ele>1636.034</ele>
    <time>2026-05-03T09:07:54Z</time>
   </trkpt>
   <trkpt lat="47.608870" lon="11.309215">
    <ele>1635.982</ele>
    <time>2026-05-03T09:08:01Z</time>
   </trkpt>
   <trkpt lat="47.608985" lon="11.309117">
    <ele>1637.418</ele>
    <time>2026-05-03T09:08:15Z</time>
   </trkpt>
   <trkpt lat="47.609058" lon="11.309057">
    <ele>1638.151</ele>
    <time>2026-05-03T09:08:23Z</time>
   </trkpt>
   <trkpt lat="47.609125" lon="11.308996">
    <ele>1638.542</ele>
    <time>2026-05-03T09:08:30Z</time>
   </trkpt>
   <trkpt lat="47.609157" lon="11.308970">
    <ele>1639.236</ele>
    <time>2026-05-03T09:08:33Z</time>
   </trkpt>
   <trkpt lat="47.609211" lon="11.308926">
    <ele>1640.310</ele>
    <time>2026-05-03T09:08:39Z</time>
   </trkpt>
   <trkpt lat="47.609202" lon="11.308893">
    <ele>1644.553</ele>
    <time>2026-05-03T09:08:59Z</time>
   </trkpt>
   <trkpt lat="47.609078" lon="11.308918">
    <ele>1648.612</ele>
    <time>2026-05-03T09:09:15Z</time>
   </trkpt>
   <trkpt lat="47.609082" lon="11.308905">
    <ele>1650.558</ele>
    <time>2026-05-03T09:09:24Z</time>
   </trkpt>
   <trkpt lat="47.609149" lon="11.308842">
    <ele>1651.909</ele>
    <time>2026-05-03T09:09:39Z</time>
   </trkpt>
   <trkpt lat="47.609197" lon="11.308791">
    <ele>1652.623</ele>
    <time>2026-05-03T09:09:57Z</time>
   </trkpt>
   <trkpt lat="47.609180" lon="11.308721">
    <ele>1653.603</ele>
    <time>2026-05-03T09:10:04Z</time>
   </trkpt>
   <trkpt lat="47.609139" lon="11.308686">
    <ele>1656.247</ele>
    <time>2026-05-03T09:10:19Z</time>
   </trkpt>
   <trkpt lat="47.609218" lon="11.308601">
    <ele>1657.465</ele>
    <time>2026-05-03T09:10:33Z</time>
   </trkpt>
   <trkpt lat="47.609150" lon="11.308531">
    <ele>1660.985</ele>
    <time>2026-05-03T09:10:46Z</time>
   </trkpt>
   <trkpt lat="47.609138" lon="11.308478">
    <ele>1663.786</ele>
    <time>2026-05-03T09:10:59Z</time>
   </trkpt>
   <trkpt lat="47.609156" lon="11.308466">
    <ele>1664.027</ele>
    <time>2026-05-03T09:11:02Z</time>
   </trkpt>
   <trkpt lat="47.609273" lon="11.308352">
    <ele>1666.297</ele>
    <time>2026-05-03T09:11:21Z</time>
   </trkpt>
   <trkpt lat="47.609256" lon="11.308345">
    <ele>1666.449</ele>
    <time>2026-05-03T09:11:23Z</time>
   </trkpt>
   <trkpt lat="47.609168" lon="11.308357">
    <ele>1667.093</ele>
    <time>2026-05-03T09:11:30Z</time>
   </trkpt>
   <trkpt lat="47.609120" lon="11.308383">
    <ele>1668.024</ele>
    <time>2026-05-03T09:11:35Z</time>
   </trkpt>
   <trkpt lat="47.609024" lon="11.308392">
    <ele>1668.874</ele>
    <time>2026-05-03T09:11:44Z</time>
   </trkpt>
   <trkpt lat="47.608977" lon="11.308350">
    <ele>1668.520</ele>
    <time>2026-05-03T09:11:52Z</time>
   </trkpt>
   <trkpt lat="47.609007" lon="11.308290">
    <ele>1668.216</ele>
    <time>2026-05-03T09:12:04Z</time>
   </trkpt>
   <trkpt lat="47.609034" lon="11.308263">
    <ele>1669.051</ele>
    <time>2026-05-03T09:12:19Z</time>
   </trkpt>
   <trkpt lat="47.609023" lon="11.308269">
    <ele>1666.694</ele>
    <time>2026-05-03T09:14:38Z</time>
   </trkpt>
   <trkpt lat="47.609024" lon="11.308249">
    <ele>1666.551</ele>
    <time>2026-05-03T09:17:55Z</time>
   </trkpt>
   <trkpt lat="47.609020" lon="11.308248">
    <ele>1665.732</ele>
    <time>2026-05-03T09:18:08Z</time>
   </trkpt>
   <trkpt lat="47.608984" lon="11.308280">
    <ele>1663.068</ele>
    <time>2026-05-03T09:18:29Z</time>
   </trkpt>
   <trkpt lat="47.609007" lon="11.308304">
    <ele>1662.385</ele>
    <time>2026-05-03T09:18:52Z</time>
   </trkpt>
   <trkpt lat="47.608951" lon="11.308356">
    <ele>1660.072</ele>
    <time>2026-05-03T09:19:03Z</time>
   </trkpt>
   <trkpt lat="47.608982" lon="11.308356">
    <ele>1659.703</ele>
    <time>2026-05-03T09:19:06Z</time>
   </trkpt>
   <trkpt lat="47.608998" lon="11.308343">
    <ele>1659.621</ele>
    <time>2026-05-03T09:19:08Z</time>
   </trkpt>
   <trkpt lat="47.609043" lon="11.308349">
    <ele>1659.714</ele>
    <time>2026-05-03T09:19:12Z</time>
   </trkpt>
   <trkpt lat="47.609082" lon="11.308327">
    <ele>1659.156</ele>
    <time>2026-05-03T09:19:15Z</time>
   </trkpt>
   <trkpt lat="47.609178" lon="11.308339">
    <ele>1658.983</ele>
    <time>2026-05-03T09:19:30Z</time>
   </trkpt>
   <trkpt lat="47.609266" lon="11.308351">
    <ele>1657.976</ele>
    <time>2026-05-03T09:19:49Z</time>
   </trkpt>
   <trkpt lat="47.609281" lon="11.308384">
    <ele>1657.146</ele>
    <time>2026-05-03T09:20:02Z</time>
   </trkpt>
   <trkpt lat="47.609286" lon="11.308442">
    <ele>1653.740</ele>
    <time>2026-05-03T09:20:18Z</time>
   </trkpt>
   <trkpt lat="47.609346" lon="11.308461">
    <ele>1651.880</ele>
    <time>2026-05-03T09:20:34Z</time>
   </trkpt>
   <trkpt lat="47.609396" lon="11.308439">
    <ele>1652.254</ele>
    <time>2026-05-03T09:20:52Z</time>
   </trkpt>
   <trkpt lat="47.609454" lon="11.308470">
    <ele>1651.859</ele>
    <time>2026-05-03T09:21:12Z</time>
   </trkpt>
   <trkpt lat="47.609471" lon="11.308488">
    <ele>1648.889</ele>
    <time>2026-05-03T09:21:30Z</time>
   </trkpt>
   <trkpt lat="47.609522" lon="11.308478">
    <ele>1647.912</ele>
    <time>2026-05-03T09:21:51Z</time>
   </trkpt>
   <trkpt lat="47.609543" lon="11.308502">
    <ele>1647.489</ele>
    <time>2026-05-03T09:22:10Z</time>
   </trkpt>
   <trkpt lat="47.609596" lon="11.308507">
    <ele>1645.948</ele>
    <time>2026-05-03T09:22:18Z</time>
   </trkpt>
   <trkpt lat="47.609653" lon="11.308473">
    <ele>1642.352</ele>
    <time>2026-05-03T09:22:27Z</time>
   </trkpt>
   <trkpt lat="47.609729" lon="11.308490">
    <ele>1639.626</ele>
    <time>2026-05-03T09:22:37Z</time>
   </trkpt>
   <trkpt lat="47.609801" lon="11.308522">
    <ele>1637.851</ele>
    <time>2026-05-03T09:22:51Z</time>
   </trkpt>
   <trkpt lat="47.609859" lon="11.308513">
    <ele>1636.301</ele>
    <time>2026-05-03T09:23:06Z</time>
   </trkpt>
   <trkpt lat="47.609912" lon="11.308567">
    <ele>1633.886</ele>
    <time>2026-05-03T09:23:18Z</time>
   </trkpt>
   <trkpt lat="47.609919" lon="11.308568">
    <ele>1633.501</ele>
    <time>2026-05-03T09:23:20Z</time>
   </trkpt>
   <trkpt lat="47.609949" lon="11.308572">
    <ele>1632.250</ele>
    <time>2026-05-03T09:23:25Z</time>
   </trkpt>
   <trkpt lat="47.610033" lon="11.308595">
    <ele>1628.811</ele>
    <time>2026-05-03T09:23:37Z</time>
   </trkpt>
   <trkpt lat="47.610144" lon="11.308578">
    <ele>1627.387</ele>
    <time>2026-05-03T09:23:49Z</time>
   </trkpt>
   <trkpt lat="47.610240" lon="11.308522">
    <ele>1626.315</ele>
    <time>2026-05-03T09:23:59Z</time>
   </trkpt>
   <trkpt lat="47.610279" lon="11.308533">
    <ele>1622.876</ele>
    <time>2026-05-03T09:24:09Z</time>
   </trkpt>
   <trkpt lat="47.610308" lon="11.308509">
    <ele>1621.770</ele>
    <time>2026-05-03T09:24:12Z</time>
   </trkpt>
   <trkpt lat="47.610340" lon="11.308531">
    <ele>1621.045</ele>
    <time>2026-05-03T09:24:16Z</time>
   </trkpt>
   <trkpt lat="47.610368" lon="11.308528">
    <ele>1620.307</ele>
    <time>2026-05-03T09:24:18Z</time>
   </trkpt>
   <trkpt lat="47.610437" lon="11.308552">
    <ele>1617.977</ele>
    <time>2026-05-03T09:24:24Z</time>
   </trkpt>
   <trkpt lat="47.610455" lon="11.308558">
    <ele>1617.475</ele>
    <time>2026-05-03T09:24:26Z</time>
   </trkpt>
   <trkpt lat="47.610487" lon="11.308549">
    <ele>1616.982</ele>
    <time>2026-05-03T09:24:36Z</time>
   </trkpt>
   <trkpt lat="47.610524" lon="11.308538">
    <ele>1616.782</ele>
    <time>2026-05-03T09:24:50Z</time>
   </trkpt>
   <trkpt lat="47.610586" lon="11.308547">
    <ele>1616.740</ele>
    <time>2026-05-03T09:25:00Z</time>
   </trkpt>
   <trkpt lat="47.610676" lon="11.308569">
    <ele>1614.021</ele>
    <time>2026-05-03T09:25:13Z</time>
   </trkpt>
   <trkpt lat="47.610681" lon="11.308599">
    <ele>1613.346</ele>
    <time>2026-05-03T09:25:21Z</time>
   </trkpt>
   <trkpt lat="47.610710" lon="11.308669">
    <ele>1613.017</ele>
    <time>2026-05-03T09:25:32Z</time>
   </trkpt>
   <trkpt lat="47.610747" lon="11.308696">
    <ele>1612.927</ele>
    <time>2026-05-03T09:25:35Z</time>
   </trkpt>
   <trkpt lat="47.610824" lon="11.308667">
    <ele>1612.446</ele>
    <time>2026-05-03T09:25:42Z</time>
   </trkpt>
   <trkpt lat="47.610863" lon="11.308695">
    <ele>1613.182</ele>
    <time>2026-05-03T09:25:46Z</time>
   </trkpt>
   <trkpt lat="47.611024" lon="11.308671">
    <ele>1615.072</ele>
    <time>2026-05-03T09:26:01Z</time>
   </trkpt>
   <trkpt lat="47.611205" lon="11.308583">
    <ele>1615.797</ele>
    <time>2026-05-03T09:26:17Z</time>
   </trkpt>
   <trkpt lat="47.611322" lon="11.308474">
    <ele>1618.274</ele>
    <time>2026-05-03T09:26:29Z</time>
   </trkpt>
   <trkpt lat="47.611391" lon="11.308423">
    <ele>1619.779</ele>
    <time>2026-05-03T09:26:38Z</time>
   </trkpt>
   <trkpt lat="47.611458" lon="11.308341">
    <ele>1620.343</ele>
    <time>2026-05-03T09:26:47Z</time>
   </trkpt>
   <trkpt lat="47.611581" lon="11.308272">
    <ele>1621.815</ele>
    <time>2026-05-03T09:27:03Z</time>
   </trkpt>
   <trkpt lat="47.611700" lon="11.308252">
    <ele>1623.265</ele>
    <time>2026-05-03T09:27:19Z</time>
   </trkpt>
   <trkpt lat="47.611775" lon="11.308265">
    <ele>1626.730</ele>
    <time>2026-05-03T09:27:32Z</time>
   </trkpt>
   <trkpt lat="47.611807" lon="11.308285">
    <ele>1627.355</ele>
    <time>2026-05-03T09:27:37Z</time>
   </trkpt>
   <trkpt lat="47.611863" lon="11.308368">
    <ele>1626.642</ele>
    <time>2026-05-03T09:27:50Z</time>
   </trkpt>
   <trkpt lat="47.611940" lon="11.308470">
    <ele>1626.367</ele>
    <time>2026-05-03T09:28:08Z</time>
   </trkpt>
   <trkpt lat="47.612058" lon="11.308633">
    <ele>1627.773</ele>
    <time>2026-05-03T09:28:20Z</time>
   </trkpt>
   <trkpt lat="47.612071" lon="11.308534">
    <ele>1629.094</ele>
    <time>2026-05-03T09:28:32Z</time>
   </trkpt>
   <trkpt lat="47.612075" lon="11.308518">
    <ele>1629.198</ele>
    <time>2026-05-03T09:28:33Z</time>
   </trkpt>
   <trkpt lat="47.612051" lon="11.308334">
    <ele>1631.151</ele>
    <time>2026-05-03T09:28:45Z</time>
   </trkpt>
   <trkpt lat="47.612102" lon="11.308344">
    <ele>1632.168</ele>
    <time>2026-05-03T09:28:56Z</time>
   </trkpt>
   <trkpt lat="47.612200" lon="11.308540">
    <ele>1635.042</ele>
    <time>2026-05-03T09:29:10Z</time>
   </trkpt>
   <trkpt lat="47.612275" lon="11.308652">
    <ele>1635.506</ele>
    <time>2026-05-03T09:29:19Z</time>
   </trkpt>
   <trkpt lat="47.612320" lon="11.308704">
    <ele>1635.783</ele>
    <time>2026-05-03T09:29:24Z</time>
   </trkpt>
   <trkpt lat="47.612444" lon="11.308924">
    <ele>1635.710</ele>
    <time>2026-05-03T09:29:39Z</time>
   </trkpt>
   <trkpt lat="47.612447" lon="11.308980">
    <ele>1636.455</ele>
    <time>2026-05-03T09:29:42Z</time>
   </trkpt>
   <trkpt lat="47.612530" lon="11.309234">
    <ele>1638.051</ele>
    <time>2026-05-03T09:29:58Z</time>
   </trkpt>
   <trkpt lat="47.612651" lon="11.309421">
    <ele>1639.050</ele>
    <time>2026-05-03T09:30:11Z</time>
   </trkpt>
   <trkpt lat="47.612682" lon="11.309490">
    <ele>1640.231</ele>
    <time>2026-05-03T09:30:16Z</time>
   </trkpt>
   <trkpt lat="47.612697" lon="11.309521">
    <ele>1640.609</ele>
    <time>2026-05-03T09:30:18Z</time>
   </trkpt>
   <trkpt lat="47.612724" lon="11.309599">
    <ele>1641.002</ele>
    <time>2026-05-03T09:30:23Z</time>
   </trkpt>
   <trkpt lat="47.612735" lon="11.309625">
    <ele>1641.755</ele>
    <time>2026-05-03T09:30:25Z</time>
   </trkpt>
   <trkpt lat="47.612803" lon="11.309762">
    <ele>1643.388</ele>
    <time>2026-05-03T09:30:35Z</time>
   </trkpt>
   <trkpt lat="47.612818" lon="11.309685">
    <ele>1643.163</ele>
    <time>2026-05-03T09:30:42Z</time>
   </trkpt>
   <trkpt lat="47.612800" lon="11.309671">
    <ele>1643.304</ele>
    <time>2026-05-03T09:30:44Z</time>
   </trkpt>
   <trkpt lat="47.612791" lon="11.309583">
    <ele>1643.485</ele>
    <time>2026-05-03T09:30:49Z</time>
   </trkpt>
   <trkpt lat="47.612775" lon="11.309538">
    <ele>1643.382</ele>
    <time>2026-05-03T09:30:52Z</time>
   </trkpt>
   <trkpt lat="47.612782" lon="11.309465">
    <ele>1644.241</ele>
    <time>2026-05-03T09:30:55Z</time>
   </trkpt>
   <trkpt lat="47.612765" lon="11.309328">
    <ele>1647.051</ele>
    <time>2026-05-03T09:31:04Z</time>
   </trkpt>
   <trkpt lat="47.612755" lon="11.309282">
    <ele>1646.812</ele>
    <time>2026-05-03T09:31:06Z</time>
   </trkpt>
   <trkpt lat="47.612700" lon="11.309092">
    <ele>1645.996</ele>
    <time>2026-05-03T09:31:21Z</time>
   </trkpt>
   <trkpt lat="47.612673" lon="11.308999">
    <ele>1645.406</ele>
    <time>2026-05-03T09:31:36Z</time>
   </trkpt>
   <trkpt lat="47.612650" lon="11.308734">
    <ele>1649.516</ele>
    <time>2026-05-03T09:31:53Z</time>
   </trkpt>
   <trkpt lat="47.612644" lon="11.308660">
    <ele>1650.353</ele>
    <time>2026-05-03T09:31:58Z</time>
   </trkpt>
   <trkpt lat="47.612641" lon="11.308635">
    <ele>1652.010</ele>
    <time>2026-05-03T09:32:01Z</time>
   </trkpt>
   <trkpt lat="47.612582" lon="11.308533">
    <ele>1654.004</ele>
    <time>2026-05-03T09:32:09Z</time>
   </trkpt>
   <trkpt lat="47.612532" lon="11.308346">
    <ele>1657.322</ele>
    <time>2026-05-03T09:32:23Z</time>
   </trkpt>
   <trkpt lat="47.612564" lon="11.308423">
    <ele>1657.671</ele>
    <time>2026-05-03T09:32:30Z</time>
   </trkpt>
   <trkpt lat="47.612633" lon="11.308519">
    <ele>1658.040</ele>
    <time>2026-05-03T09:32:38Z</time>
   </trkpt>
   <trkpt lat="47.612717" lon="11.308742">
    <ele>1659.005</ele>
    <time>2026-05-03T09:32:52Z</time>
   </trkpt>
   <trkpt lat="47.612790" lon="11.308943">
    <ele>1660.975</ele>
    <time>2026-05-03T09:33:06Z</time>
   </trkpt>
   <trkpt lat="47.612928" lon="11.309186">
    <ele>1662.387</ele>
    <time>2026-05-03T09:33:24Z</time>
   </trkpt>
   <trkpt lat="47.612979" lon="11.309301">
    <ele>1664.201</ele>
    <time>2026-05-03T09:33:32Z</time>
   </trkpt>
   <trkpt lat="47.612991" lon="11.309200">
    <ele>1666.331</ele>
    <time>2026-05-03T09:33:45Z</time>
   </trkpt>
   <trkpt lat="47.612977" lon="11.309098">
    <ele>1667.666</ele>
    <time>2026-05-03T09:33:51Z</time>
   </trkpt>
   <trkpt lat="47.612963" lon="11.309048">
    <ele>1669.178</ele>
    <time>2026-05-03T09:33:56Z</time>
   </trkpt>
   <trkpt lat="47.612896" lon="11.308908">
    <ele>1670.436</ele>
    <time>2026-05-03T09:34:04Z</time>
   </trkpt>
   <trkpt lat="47.612885" lon="11.308623">
    <ele>1669.571</ele>
    <time>2026-05-03T09:34:18Z</time>
   </trkpt>
   <trkpt lat="47.612879" lon="11.308577">
    <ele>1670.378</ele>
    <time>2026-05-03T09:34:21Z</time>
   </trkpt>
   <trkpt lat="47.612859" lon="11.308496">
    <ele>1671.825</ele>
    <time>2026-05-03T09:34:26Z</time>
   </trkpt>
   <trkpt lat="47.612856" lon="11.308418">
    <ele>1675.108</ele>
    <time>2026-05-03T09:34:32Z</time>
   </trkpt>
   <trkpt lat="47.612841" lon="11.308351">
    <ele>1678.694</ele>
    <time>2026-05-03T09:34:39Z</time>
   </trkpt>
   <trkpt lat="47.612849" lon="11.308359">
    <ele>1678.625</ele>
    <time>2026-05-03T09:34:41Z</time>
   </trkpt>
   <trkpt lat="47.612890" lon="11.308423">
    <ele>1679.862</ele>
    <time>2026-05-03T09:34:48Z</time>
   </trkpt>
   <trkpt lat="47.612988" lon="11.308674">
    <ele>1681.575</ele>
    <time>2026-05-03T09:35:06Z</time>
   </trkpt>
   <trkpt lat="47.613025" lon="11.308782">
    <ele>1683.296</ele>
    <time>2026-05-03T09:35:13Z</time>
   </trkpt>
   <trkpt lat="47.613090" lon="11.308917">
    <ele>1684.093</ele>
    <time>2026-05-03T09:35:22Z</time>
   </trkpt>
   <trkpt lat="47.613163" lon="11.309057">
    <ele>1684.741</ele>
    <time>2026-05-03T09:35:34Z</time>
   </trkpt>
   <trkpt lat="47.613185" lon="11.309100">
    <ele>1684.753</ele>
    <time>2026-05-03T09:35:38Z</time>
   </trkpt>
   <trkpt lat="47.613251" lon="11.309282">
    <ele>1686.055</ele>
    <time>2026-05-03T09:35:54Z</time>
   </trkpt>
   <trkpt lat="47.613256" lon="11.309303">
    <ele>1686.220</ele>
    <time>2026-05-03T09:35:56Z</time>
   </trkpt>
   <trkpt lat="47.613272" lon="11.309354">
    <ele>1686.273</ele>
    <time>2026-05-03T09:35:59Z</time>
   </trkpt>
   <trkpt lat="47.613291" lon="11.309397">
    <ele>1686.551</ele>
    <time>2026-05-03T09:36:02Z</time>
   </trkpt>
   <trkpt lat="47.613330" lon="11.309565">
    <ele>1688.422</ele>
    <time>2026-05-03T09:36:15Z</time>
   </trkpt>
   <trkpt lat="47.613345" lon="11.309583">
    <ele>1689.076</ele>
    <time>2026-05-03T09:36:17Z</time>
   </trkpt>
   <trkpt lat="47.613363" lon="11.309593">
    <ele>1689.584</ele>
    <time>2026-05-03T09:36:19Z</time>
   </trkpt>
   <trkpt lat="47.613422" lon="11.309748">
    <ele>1691.234</ele>
    <time>2026-05-03T09:36:29Z</time>
   </trkpt>
   <trkpt lat="47.613473" lon="11.309784">
    <ele>1691.975</ele>
    <time>2026-05-03T09:36:34Z</time>
   </trkpt>
   <trkpt lat="47.613548" lon="11.309852">
    <ele>1693.812</ele>
    <time>2026-05-03T09:36:49Z</time>
   </trkpt>
   <trkpt lat="47.613545" lon="11.309861">
    <ele>1693.904</ele>
    <time>2026-05-03T09:37:00Z</time>
   </trkpt>
   <trkpt lat="47.613620" lon="11.310072">
    <ele>1697.680</ele>
    <time>2026-05-03T09:37:18Z</time>
   </trkpt>
   <trkpt lat="47.613611" lon="11.310135">
    <ele>1697.542</ele>
    <time>2026-05-03T09:37:23Z</time>
   </trkpt>
   <trkpt lat="47.613651" lon="11.310239">
    <ele>1696.719</ele>
    <time>2026-05-03T09:37:36Z</time>
   </trkpt>
   <trkpt lat="47.613680" lon="11.310300">
    <ele>1697.374</ele>
    <time>2026-05-03T09:37:55Z</time>
   </trkpt>
   <trkpt lat="47.613684" lon="11.310294">
    <ele>1697.606</ele>
    <time>2026-05-03T09:38:35Z</time>
   </trkpt>
   <trkpt lat="47.613670" lon="11.310300">
    <ele>1697.095</ele>
    <time>2026-05-03T09:38:59Z</time>
   </trkpt>
   <trkpt lat="47.613665" lon="11.310295">
    <ele>1697.028</ele>
    <time>2026-05-03T09:39:33Z</time>
   </trkpt>
   <trkpt lat="47.613662" lon="11.310276">
    <ele>1696.984</ele>
    <time>2026-05-03T09:39:41Z</time>
   </trkpt>
   <trkpt lat="47.613646" lon="11.310084">
    <ele>1696.817</ele>
    <time>2026-05-03T09:39:58Z</time>
   </trkpt>
   <trkpt lat="47.613627" lon="11.310045">
    <ele>1694.829</ele>
    <time>2026-05-03T09:40:23Z</time>
   </trkpt>
   <trkpt lat="47.613562" lon="11.309894">
    <ele>1692.985</ele>
    <time>2026-05-03T09:40:37Z</time>
   </trkpt>
   <trkpt lat="47.613474" lon="11.309750">
    <ele>1692.391</ele>
    <time>2026-05-03T09:40:52Z</time>
   </trkpt>
   <trkpt lat="47.613454" lon="11.309728">
    <ele>1692.502</ele>
    <time>2026-05-03T09:40:54Z</time>
   </trkpt>
   <trkpt lat="47.613436" lon="11.309676">
    <ele>1692.912</ele>
    <time>2026-05-03T09:40:58Z</time>
   </trkpt>
   <trkpt lat="47.613426" lon="11.309621">
    <ele>1692.881</ele>
    <time>2026-05-03T09:41:01Z</time>
   </trkpt>
   <trkpt lat="47.613418" lon="11.309534">
    <ele>1694.810</ele>
    <time>2026-05-03T09:41:08Z</time>
   </trkpt>
   <trkpt lat="47.613399" lon="11.309391">
    <ele>1697.202</ele>
    <time>2026-05-03T09:41:20Z</time>
   </trkpt>
   <trkpt lat="47.613397" lon="11.309348">
    <ele>1697.933</ele>
    <time>2026-05-03T09:41:23Z</time>
   </trkpt>
   <trkpt lat="47.613416" lon="11.309146">
    <ele>1701.232</ele>
    <time>2026-05-03T09:41:38Z</time>
   </trkpt>
   <trkpt lat="47.613403" lon="11.309086">
    <ele>1701.533</ele>
    <time>2026-05-03T09:41:42Z</time>
   </trkpt>
   <trkpt lat="47.613341" lon="11.308934">
    <ele>1702.743</ele>
    <time>2026-05-03T09:41:53Z</time>
   </trkpt>
   <trkpt lat="47.613337" lon="11.308903">
    <ele>1703.014</ele>
    <time>2026-05-03T09:41:55Z</time>
   </trkpt>
   <trkpt lat="47.613331" lon="11.308853">
    <ele>1704.653</ele>
    <time>2026-05-03T09:42:00Z</time>
   </trkpt>
   <trkpt lat="47.613325" lon="11.308651">
    <ele>1708.172</ele>
    <time>2026-05-03T09:42:15Z</time>
   </trkpt>
   <trkpt lat="47.613301" lon="11.308464">
    <ele>1710.578</ele>
    <time>2026-05-03T09:42:29Z</time>
   </trkpt>
   <trkpt lat="47.613288" lon="11.308401">
    <ele>1711.078</ele>
    <time>2026-05-03T09:42:34Z</time>
   </trkpt>
   <trkpt lat="47.613279" lon="11.308358">
    <ele>1712.111</ele>
    <time>2026-05-03T09:42:38Z</time>
   </trkpt>
   <trkpt lat="47.613268" lon="11.308332">
    <ele>1712.586</ele>
    <time>2026-05-03T09:42:40Z</time>
   </trkpt>
   <trkpt lat="47.613306" lon="11.308173">
    <ele>1715.745</ele>
    <time>2026-05-03T09:43:00Z</time>
   </trkpt>
   <trkpt lat="47.613312" lon="11.308177">
    <ele>1715.834</ele>
    <time>2026-05-03T09:43:01Z</time>
   </trkpt>
   <trkpt lat="47.613317" lon="11.308248">
    <ele>1715.656</ele>
    <time>2026-05-03T09:43:07Z</time>
   </trkpt>
   <trkpt lat="47.613368" lon="11.308358">
    <ele>1716.897</ele>
    <time>2026-05-03T09:43:15Z</time>
   </trkpt>
   <trkpt lat="47.613371" lon="11.308424">
    <ele>1718.222</ele>
    <time>2026-05-03T09:43:19Z</time>
   </trkpt>
   <trkpt lat="47.613385" lon="11.308473">
    <ele>1719.144</ele>
    <time>2026-05-03T09:43:22Z</time>
   </trkpt>
   <trkpt lat="47.613426" lon="11.308511">
    <ele>1720.081</ele>
    <time>2026-05-03T09:43:27Z</time>
   </trkpt>
   <trkpt lat="47.613485" lon="11.308653">
    <ele>1723.370</ele>
    <time>2026-05-03T09:43:41Z</time>
   </trkpt>
   <trkpt lat="47.613510" lon="11.308633">
    <ele>1726.100</ele>
    <time>2026-05-03T09:43:49Z</time>
   </trkpt>
   <trkpt lat="47.613512" lon="11.308595">
    <ele>1726.031</ele>
    <time>2026-05-03T09:43:51Z</time>
   </trkpt>
   <trkpt lat="47.613501" lon="11.308549">
    <ele>1724.563</ele>
    <time>2026-05-03T09:43:54Z</time>
   </trkpt>
   <trkpt lat="47.613564" lon="11.308412">
    <ele>1724.647</ele>
    <time>2026-05-03T09:44:12Z</time>
   </trkpt>
   <trkpt lat="47.613509" lon="11.308456">
    <ele>1724.678</ele>
    <time>2026-05-03T09:44:47Z</time>
   </trkpt>
   <trkpt lat="47.613480" lon="11.308414">
    <ele>1724.031</ele>
    <time>2026-05-03T09:44:59Z</time>
   </trkpt>
   <trkpt lat="47.613484" lon="11.308423">
    <ele>1723.868</ele>
    <time>2026-05-03T09:45:41Z</time>
   </trkpt>
   <trkpt lat="47.613498" lon="11.308457">
    <ele>1723.003</ele>
    <time>2026-05-03T09:46:04Z</time>
   </trkpt>
   <trkpt lat="47.613496" lon="11.308406">
    <ele>1722.871</ele>
    <time>2026-05-03T09:48:52Z</time>
   </trkpt>
   <trkpt lat="47.613490" lon="11.308385">
    <ele>1723.144</ele>
    <time>2026-05-03T09:49:06Z</time>
   </trkpt>
   <trkpt lat="47.613473" lon="11.308413">
    <ele>1723.741</ele>
    <time>2026-05-03T09:49:16Z</time>
   </trkpt>
   <trkpt lat="47.613473" lon="11.308453">
    <ele>1724.186</ele>
    <time>2026-05-03T09:49:29Z</time>
   </trkpt>
   <trkpt lat="47.613477" lon="11.308441">
    <ele>1724.146</ele>
    <time>2026-05-03T09:51:14Z</time>
   </trkpt>
   <trkpt lat="47.613503" lon="11.308446">
    <ele>1723.799</ele>
    <time>2026-05-03T09:51:17Z</time>
   </trkpt>
   <trkpt lat="47.613531" lon="11.308444">
    <ele>1723.665</ele>
    <time>2026-05-03T09:51:30Z</time>
   </trkpt>
   <trkpt lat="47.613528" lon="11.308435">
    <ele>1723.422</ele>
    <time>2026-05-03T09:51:49Z</time>
   </trkpt>
   <trkpt lat="47.613543" lon="11.308405">
    <ele>1726.066</ele>
    <time>2026-05-03T10:05:19Z</time>
   </trkpt>
   <trkpt lat="47.613492" lon="11.308474">
    <ele>1725.318</ele>
    <time>2026-05-03T10:06:07Z</time>
   </trkpt>
   <trkpt lat="47.613480" lon="11.308412">
    <ele>1725.041</ele>
    <time>2026-05-03T10:06:26Z</time>
   </trkpt>
   <trkpt lat="47.613484" lon="11.308299">
    <ele>1723.713</ele>
    <time>2026-05-03T10:06:40Z</time>
   </trkpt>
   <trkpt lat="47.613412" lon="11.308270">
    <ele>1722.366</ele>
    <time>2026-05-03T10:06:48Z</time>
   </trkpt>
   <trkpt lat="47.613313" lon="11.308229">
    <ele>1720.152</ele>
    <time>2026-05-03T10:07:03Z</time>
   </trkpt>
   <trkpt lat="47.613321" lon="11.308119">
    <ele>1717.621</ele>
    <time>2026-05-03T10:07:16Z</time>
   </trkpt>
   <trkpt lat="47.613388" lon="11.308079">
    <ele>1716.599</ele>
    <time>2026-05-03T10:07:28Z</time>
   </trkpt>
   <trkpt lat="47.613515" lon="11.308095">
    <ele>1712.851</ele>
    <time>2026-05-03T10:07:43Z</time>
   </trkpt>
   <trkpt lat="47.613533" lon="11.308061">
    <ele>1709.942</ele>
    <time>2026-05-03T10:07:59Z</time>
   </trkpt>
   <trkpt lat="47.613519" lon="11.307973">
    <ele>1707.682</ele>
    <time>2026-05-03T10:08:16Z</time>
   </trkpt>
   <trkpt lat="47.613541" lon="11.307937">
    <ele>1706.078</ele>
    <time>2026-05-03T10:08:26Z</time>
   </trkpt>
   <trkpt lat="47.613569" lon="11.307912">
    <ele>1705.178</ele>
    <time>2026-05-03T10:08:31Z</time>
   </trkpt>
   <trkpt lat="47.613585" lon="11.307870">
    <ele>1704.275</ele>
    <time>2026-05-03T10:08:35Z</time>
   </trkpt>
   <trkpt lat="47.613632" lon="11.307803">
    <ele>1702.627</ele>
    <time>2026-05-03T10:08:39Z</time>
   </trkpt>
   <trkpt lat="47.613697" lon="11.307750">
    <ele>1700.126</ele>
    <time>2026-05-03T10:08:44Z</time>
   </trkpt>
   <trkpt lat="47.613808" lon="11.307649">
    <ele>1696.093</ele>
    <time>2026-05-03T10:08:59Z</time>
   </trkpt>
   <trkpt lat="47.613848" lon="11.307582">
    <ele>1695.204</ele>
    <time>2026-05-03T10:09:13Z</time>
   </trkpt>
   <trkpt lat="47.613895" lon="11.307561">
    <ele>1695.111</ele>
    <time>2026-05-03T10:09:26Z</time>
   </trkpt>
   <trkpt lat="47.613985" lon="11.307558">
    <ele>1697.177</ele>
    <time>2026-05-03T10:09:40Z</time>
   </trkpt>
   <trkpt lat="47.614054" lon="11.307567">
    <ele>1694.024</ele>
    <time>2026-05-03T10:09:53Z</time>
   </trkpt>
   <trkpt lat="47.614085" lon="11.307588">
    <ele>1694.506</ele>
    <time>2026-05-03T10:10:04Z</time>
   </trkpt>
   <trkpt lat="47.614086" lon="11.307595">
    <ele>1694.612</ele>
    <time>2026-05-03T10:10:05Z</time>
   </trkpt>
   <trkpt lat="47.614112" lon="11.307641">
    <ele>1694.485</ele>
    <time>2026-05-03T10:10:08Z</time>
   </trkpt>
   <trkpt lat="47.614125" lon="11.307693">
    <ele>1693.008</ele>
    <time>2026-05-03T10:10:14Z</time>
   </trkpt>
   <trkpt lat="47.614128" lon="11.307661">
    <ele>1692.532</ele>
    <time>2026-05-03T10:10:16Z</time>
   </trkpt>
   <trkpt lat="47.614127" lon="11.307635">
    <ele>1692.097</ele>
    <time>2026-05-03T10:10:18Z</time>
   </trkpt>
   <trkpt lat="47.614143" lon="11.307609">
    <ele>1690.389</ele>
    <time>2026-05-03T10:10:21Z</time>
   </trkpt>
   <trkpt lat="47.614157" lon="11.307558">
    <ele>1689.554</ele>
    <time>2026-05-03T10:10:24Z</time>
   </trkpt>
   <trkpt lat="47.614171" lon="11.307530">
    <ele>1689.647</ele>
    <time>2026-05-03T10:10:26Z</time>
   </trkpt>
   <trkpt lat="47.614179" lon="11.307461">
    <ele>1687.202</ele>
    <time>2026-05-03T10:10:34Z</time>
   </trkpt>
   <trkpt lat="47.614182" lon="11.307348">
    <ele>1683.862</ele>
    <time>2026-05-03T10:10:46Z</time>
   </trkpt>
   <trkpt lat="47.614193" lon="11.307314">
    <ele>1682.901</ele>
    <time>2026-05-03T10:10:51Z</time>
   </trkpt>
   <trkpt lat="47.614255" lon="11.307279">
    <ele>1677.914</ele>
    <time>2026-05-03T10:11:04Z</time>
   </trkpt>
   <trkpt lat="47.614236" lon="11.307201">
    <ele>1676.103</ele>
    <time>2026-05-03T10:11:12Z</time>
   </trkpt>
   <trkpt lat="47.614217" lon="11.307187">
    <ele>1673.565</ele>
    <time>2026-05-03T10:11:22Z</time>
   </trkpt>
   <trkpt lat="47.614211" lon="11.307141">
    <ele>1672.661</ele>
    <time>2026-05-03T10:11:29Z</time>
   </trkpt>
   <trkpt lat="47.614240" lon="11.307032">
    <ele>1669.754</ele>
    <time>2026-05-03T10:11:37Z</time>
   </trkpt>
   <trkpt lat="47.614255" lon="11.306913">
    <ele>1667.527</ele>
    <time>2026-05-03T10:11:47Z</time>
   </trkpt>
   <trkpt lat="47.614276" lon="11.306897">
    <ele>1667.546</ele>
    <time>2026-05-03T10:12:00Z</time>
   </trkpt>
   <trkpt lat="47.614292" lon="11.306792">
    <ele>1666.412</ele>
    <time>2026-05-03T10:12:11Z</time>
   </trkpt>
   <trkpt lat="47.614295" lon="11.306768">
    <ele>1666.306</ele>
    <time>2026-05-03T10:12:12Z</time>
   </trkpt>
   <trkpt lat="47.614299" lon="11.306548">
    <ele>1665.000</ele>
    <time>2026-05-03T10:12:26Z</time>
   </trkpt>
   <trkpt lat="47.614275" lon="11.306331">
    <ele>1664.946</ele>
    <time>2026-05-03T10:12:44Z</time>
   </trkpt>
   <trkpt lat="47.614281" lon="11.306256">
    <ele>1664.759</ele>
    <time>2026-05-03T10:12:55Z</time>
   </trkpt>
   <trkpt lat="47.614277" lon="11.306202">
    <ele>1663.759</ele>
    <time>2026-05-03T10:12:59Z</time>
   </trkpt>
   <trkpt lat="47.614308" lon="11.306008">
    <ele>1660.447</ele>
    <time>2026-05-03T10:13:12Z</time>
   </trkpt>
   <trkpt lat="47.614307" lon="11.305944">
    <ele>1656.822</ele>
    <time>2026-05-03T10:13:23Z</time>
   </trkpt>
   <trkpt lat="47.614277" lon="11.305807">
    <ele>1651.211</ele>
    <time>2026-05-03T10:13:37Z</time>
   </trkpt>
   <trkpt lat="47.614269" lon="11.305774">
    <ele>1650.495</ele>
    <time>2026-05-03T10:13:40Z</time>
   </trkpt>
   <trkpt lat="47.614297" lon="11.305642">
    <ele>1646.276</ele>
    <time>2026-05-03T10:13:54Z</time>
   </trkpt>
   <trkpt lat="47.614289" lon="11.305612">
    <ele>1645.369</ele>
    <time>2026-05-03T10:14:03Z</time>
   </trkpt>
   <trkpt lat="47.614288" lon="11.305513">
    <ele>1644.502</ele>
    <time>2026-05-03T10:14:12Z</time>
   </trkpt>
   <trkpt lat="47.614311" lon="11.305279">
    <ele>1645.328</ele>
    <time>2026-05-03T10:14:28Z</time>
   </trkpt>
   <trkpt lat="47.614277" lon="11.305205">
    <ele>1644.065</ele>
    <time>2026-05-03T10:14:40Z</time>
   </trkpt>
   <trkpt lat="47.614276" lon="11.305191">
    <ele>1643.427</ele>
    <time>2026-05-03T10:14:43Z</time>
   </trkpt>
   <trkpt lat="47.614322" lon="11.305155">
    <ele>1641.423</ele>
    <time>2026-05-03T10:14:48Z</time>
   </trkpt>
   <trkpt lat="47.614339" lon="11.305065">
    <ele>1639.874</ele>
    <time>2026-05-03T10:14:52Z</time>
   </trkpt>
   <trkpt lat="47.614346" lon="11.304972">
    <ele>1640.787</ele>
    <time>2026-05-03T10:15:05Z</time>
   </trkpt>
   <trkpt lat="47.614350" lon="11.304854">
    <ele>1644.203</ele>
    <time>2026-05-03T10:15:17Z</time>
   </trkpt>
   <trkpt lat="47.614361" lon="11.304824">
    <ele>1644.051</ele>
    <time>2026-05-03T10:15:19Z</time>
   </trkpt>
   <trkpt lat="47.614336" lon="11.304678">
    <ele>1640.368</ele>
    <time>2026-05-03T10:15:32Z</time>
   </trkpt>
   <trkpt lat="47.614357" lon="11.304609">
    <ele>1637.910</ele>
    <time>2026-05-03T10:15:47Z</time>
   </trkpt>
   <trkpt lat="47.614362" lon="11.304588">
    <ele>1636.492</ele>
    <time>2026-05-03T10:15:50Z</time>
   </trkpt>
   <trkpt lat="47.614380" lon="11.304535">
    <ele>1634.099</ele>
    <time>2026-05-03T10:15:56Z</time>
   </trkpt>
   <trkpt lat="47.614351" lon="11.304547">
    <ele>1632.526</ele>
    <time>2026-05-03T10:16:01Z</time>
   </trkpt>
   <trkpt lat="47.614392" lon="11.304294">
    <ele>1629.329</ele>
    <time>2026-05-03T10:16:13Z</time>
   </trkpt>
   <trkpt lat="47.614380" lon="11.304222">
    <ele>1628.530</ele>
    <time>2026-05-03T10:16:16Z</time>
   </trkpt>
   <trkpt lat="47.614388" lon="11.304068">
    <ele>1624.930</ele>
    <time>2026-05-03T10:16:25Z</time>
   </trkpt>
   <trkpt lat="47.614375" lon="11.303981">
    <ele>1625.407</ele>
    <time>2026-05-03T10:16:29Z</time>
   </trkpt>
   <trkpt lat="47.614321" lon="11.303846">
    <ele>1626.191</ele>
    <time>2026-05-03T10:16:37Z</time>
   </trkpt>
   <trkpt lat="47.614331" lon="11.303779">
    <ele>1628.317</ele>
    <time>2026-05-03T10:16:42Z</time>
   </trkpt>
   <trkpt lat="47.614317" lon="11.303693">
    <ele>1626.529</ele>
    <time>2026-05-03T10:16:47Z</time>
   </trkpt>
   <trkpt lat="47.614305" lon="11.303556">
    <ele>1626.407</ele>
    <time>2026-05-03T10:16:59Z</time>
   </trkpt>
   <trkpt lat="47.614298" lon="11.303367">
    <ele>1627.952</ele>
    <time>2026-05-03T10:17:11Z</time>
   </trkpt>
   <trkpt lat="47.614287" lon="11.303250">
    <ele>1633.416</ele>
    <time>2026-05-03T10:17:24Z</time>
   </trkpt>
   <trkpt lat="47.614293" lon="11.303240">
    <ele>1633.934</ele>
    <time>2026-05-03T10:17:25Z</time>
   </trkpt>
   <trkpt lat="47.614298" lon="11.303132">
    <ele>1635.169</ele>
    <time>2026-05-03T10:17:32Z</time>
   </trkpt>
   <trkpt lat="47.614316" lon="11.303091">
    <ele>1635.265</ele>
    <time>2026-05-03T10:17:37Z</time>
   </trkpt>
   <trkpt lat="47.614353" lon="11.302913">
    <ele>1632.324</ele>
    <time>2026-05-03T10:17:50Z</time>
   </trkpt>
   <trkpt lat="47.614352" lon="11.302811">
    <ele>1629.381</ele>
    <time>2026-05-03T10:18:01Z</time>
   </trkpt>
   <trkpt lat="47.614347" lon="11.302790">
    <ele>1628.778</ele>
    <time>2026-05-03T10:18:05Z</time>
   </trkpt>
   <trkpt lat="47.614408" lon="11.302771">
    <ele>1627.436</ele>
    <time>2026-05-03T10:18:09Z</time>
   </trkpt>
   <trkpt lat="47.614462" lon="11.302704">
    <ele>1623.026</ele>
    <time>2026-05-03T10:18:16Z</time>
   </trkpt>
   <trkpt lat="47.614497" lon="11.302659">
    <ele>1621.808</ele>
    <time>2026-05-03T10:18:20Z</time>
   </trkpt>
   <trkpt lat="47.614559" lon="11.302557">
    <ele>1622.520</ele>
    <time>2026-05-03T10:18:27Z</time>
   </trkpt>
   <trkpt lat="47.614615" lon="11.302508">
    <ele>1627.045</ele>
    <time>2026-05-03T10:18:39Z</time>
   </trkpt>
   <trkpt lat="47.614636" lon="11.302448">
    <ele>1628.337</ele>
    <time>2026-05-03T10:18:46Z</time>
   </trkpt>
   <trkpt lat="47.614684" lon="11.302349">
    <ele>1629.458</ele>
    <time>2026-05-03T10:18:53Z</time>
   </trkpt>
   <trkpt lat="47.614688" lon="11.302320">
    <ele>1630.295</ele>
    <time>2026-05-03T10:18:55Z</time>
   </trkpt>
   <trkpt lat="47.614654" lon="11.302238">
    <ele>1628.268</ele>
    <time>2026-05-03T10:19:01Z</time>
   </trkpt>
   <trkpt lat="47.614643" lon="11.302194">
    <ele>1627.127</ele>
    <time>2026-05-03T10:19:04Z</time>
   </trkpt>
   <trkpt lat="47.614647" lon="11.302148">
    <ele>1626.986</ele>
    <time>2026-05-03T10:19:06Z</time>
   </trkpt>
   <trkpt lat="47.614630" lon="11.302048">
    <ele>1627.919</ele>
    <time>2026-05-03T10:19:13Z</time>
   </trkpt>
   <trkpt lat="47.614668" lon="11.301954">
    <ele>1628.044</ele>
    <time>2026-05-03T10:19:20Z</time>
   </trkpt>
   <trkpt lat="47.614676" lon="11.301866">
    <ele>1629.015</ele>
    <time>2026-05-03T10:19:37Z</time>
   </trkpt>
   <trkpt lat="47.614665" lon="11.301773">
    <ele>1632.902</ele>
    <time>2026-05-03T10:20:35Z</time>
   </trkpt>
   <trkpt lat="47.614672" lon="11.301726">
    <ele>1634.976</ele>
    <time>2026-05-03T10:20:47Z</time>
   </trkpt>
   <trkpt lat="47.614664" lon="11.301660">
    <ele>1639.706</ele>
    <time>2026-05-03T10:21:00Z</time>
   </trkpt>
   <trkpt lat="47.614648" lon="11.301625">
    <ele>1639.327</ele>
    <time>2026-05-03T10:21:17Z</time>
   </trkpt>
   <trkpt lat="47.614667" lon="11.301549">
    <ele>1637.601</ele>
    <time>2026-05-03T10:21:41Z</time>
   </trkpt>
   <trkpt lat="47.614670" lon="11.301537">
    <ele>1637.391</ele>
    <time>2026-05-03T10:21:42Z</time>
   </trkpt>
   <trkpt lat="47.614675" lon="11.301439">
    <ele>1637.237</ele>
    <time>2026-05-03T10:21:48Z</time>
   </trkpt>
   <trkpt lat="47.614713" lon="11.301216">
    <ele>1631.252</ele>
    <time>2026-05-03T10:22:07Z</time>
   </trkpt>
   <trkpt lat="47.614761" lon="11.301123">
    <ele>1632.138</ele>
    <time>2026-05-03T10:22:14Z</time>
   </trkpt>
   <trkpt lat="47.614794" lon="11.300900">
    <ele>1631.552</ele>
    <time>2026-05-03T10:22:28Z</time>
   </trkpt>
   <trkpt lat="47.614817" lon="11.300779">
    <ele>1632.767</ele>
    <time>2026-05-03T10:22:40Z</time>
   </trkpt>
   <trkpt lat="47.614807" lon="11.300701">
    <ele>1633.761</ele>
    <time>2026-05-03T10:22:46Z</time>
   </trkpt>
   <trkpt lat="47.614804" lon="11.300644">
    <ele>1634.522</ele>
    <time>2026-05-03T10:22:49Z</time>
   </trkpt>
   <trkpt lat="47.614747" lon="11.300466">
    <ele>1636.325</ele>
    <time>2026-05-03T10:23:05Z</time>
   </trkpt>
   <trkpt lat="47.614738" lon="11.300338">
    <ele>1634.456</ele>
    <time>2026-05-03T10:23:14Z</time>
   </trkpt>
   <trkpt lat="47.614724" lon="11.300307">
    <ele>1633.825</ele>
    <time>2026-05-03T10:23:17Z</time>
   </trkpt>
   <trkpt lat="47.614771" lon="11.300098">
    <ele>1631.089</ele>
    <time>2026-05-03T10:23:32Z</time>
   </trkpt>
   <trkpt lat="47.614849" lon="11.300073">
    <ele>1635.469</ele>
    <time>2026-05-03T10:23:49Z</time>
   </trkpt>
   <trkpt lat="47.614896" lon="11.300016">
    <ele>1639.309</ele>
    <time>2026-05-03T10:24:04Z</time>
   </trkpt>
   <trkpt lat="47.614934" lon="11.299921">
    <ele>1643.243</ele>
    <time>2026-05-03T10:24:18Z</time>
   </trkpt>
   <trkpt lat="47.614968" lon="11.299822">
    <ele>1646.897</ele>
    <time>2026-05-03T10:24:33Z</time>
   </trkpt>
   <trkpt lat="47.615004" lon="11.299769">
    <ele>1649.692</ele>
    <time>2026-05-03T10:24:46Z</time>
   </trkpt>
   <trkpt lat="47.615025" lon="11.299667">
    <ele>1651.912</ele>
    <time>2026-05-03T10:25:02Z</time>
   </trkpt>
   <trkpt lat="47.615051" lon="11.299602">
    <ele>1652.780</ele>
    <time>2026-05-03T10:25:15Z</time>
   </trkpt>
   <trkpt lat="47.615055" lon="11.299430">
    <ele>1652.377</ele>
    <time>2026-05-03T10:25:26Z</time>
   </trkpt>
   <trkpt lat="47.615026" lon="11.299326">
    <ele>1654.362</ele>
    <time>2026-05-03T10:25:43Z</time>
   </trkpt>
   <trkpt lat="47.615040" lon="11.299225">
    <ele>1650.878</ele>
    <time>2026-05-03T10:26:36Z</time>
   </trkpt>
   <trkpt lat="47.615041" lon="11.299221">
    <ele>1650.573</ele>
    <time>2026-05-03T10:26:37Z</time>
   </trkpt>
   <trkpt lat="47.615031" lon="11.299162">
    <ele>1649.104</ele>
    <time>2026-05-03T10:26:52Z</time>
   </trkpt>
   <trkpt lat="47.615026" lon="11.299160">
    <ele>1648.948</ele>
    <time>2026-05-03T10:27:35Z</time>
   </trkpt>
   <trkpt lat="47.615010" lon="11.299214">
    <ele>1648.915</ele>
    <time>2026-05-03T10:27:55Z</time>
   </trkpt>
   <trkpt lat="47.615014" lon="11.299258">
    <ele>1648.326</ele>
    <time>2026-05-03T10:28:20Z</time>
   </trkpt>
   <trkpt lat="47.615055" lon="11.299310">
    <ele>1648.425</ele>
    <time>2026-05-03T10:28:38Z</time>
   </trkpt>
   <trkpt lat="47.615073" lon="11.299372">
    <ele>1650.098</ele>
    <time>2026-05-03T10:28:42Z</time>
   </trkpt>
   <trkpt lat="47.615074" lon="11.299551">
    <ele>1656.392</ele>
    <time>2026-05-03T10:28:58Z</time>
   </trkpt>
   <trkpt lat="47.615061" lon="11.299561">
    <ele>1656.831</ele>
    <time>2026-05-03T10:29:01Z</time>
   </trkpt>
   <trkpt lat="47.615026" lon="11.299682">
    <ele>1653.651</ele>
    <time>2026-05-03T10:29:15Z</time>
   </trkpt>
   <trkpt lat="47.614990" lon="11.299789">
    <ele>1650.877</ele>
    <time>2026-05-03T10:29:30Z</time>
   </trkpt>
   <trkpt lat="47.614965" lon="11.299847">
    <ele>1648.751</ele>
    <time>2026-05-03T10:29:35Z</time>
   </trkpt>
   <trkpt lat="47.614962" lon="11.299876">
    <ele>1648.027</ele>
    <time>2026-05-03T10:29:37Z</time>
   </trkpt>
   <trkpt lat="47.614951" lon="11.299891">
    <ele>1647.127</ele>
    <time>2026-05-03T10:29:39Z</time>
   </trkpt>
   <trkpt lat="47.614833" lon="11.299996">
    <ele>1640.492</ele>
    <time>2026-05-03T10:29:50Z</time>
   </trkpt>
   <trkpt lat="47.614816" lon="11.300021">
    <ele>1639.446</ele>
    <time>2026-05-03T10:29:52Z</time>
   </trkpt>
   <trkpt lat="47.614789" lon="11.300028">
    <ele>1637.747</ele>
    <time>2026-05-03T10:29:55Z</time>
   </trkpt>
   <trkpt lat="47.614784" lon="11.299818">
    <ele>1633.067</ele>
    <time>2026-05-03T10:30:09Z</time>
   </trkpt>
   <trkpt lat="47.614834" lon="11.299598">
    <ele>1631.951</ele>
    <time>2026-05-03T10:30:24Z</time>
   </trkpt>
   <trkpt lat="47.614887" lon="11.299420">
    <ele>1631.224</ele>
    <time>2026-05-03T10:30:39Z</time>
   </trkpt>
   <trkpt lat="47.614889" lon="11.299361">
    <ele>1631.164</ele>
    <time>2026-05-03T10:30:43Z</time>
   </trkpt>
   <trkpt lat="47.614837" lon="11.299158">
    <ele>1630.319</ele>
    <time>2026-05-03T10:30:55Z</time>
   </trkpt>
   <trkpt lat="47.614811" lon="11.299108">
    <ele>1630.249</ele>
    <time>2026-05-03T10:30:58Z</time>
   </trkpt>
   <trkpt lat="47.614803" lon="11.299062">
    <ele>1629.635</ele>
    <time>2026-05-03T10:31:01Z</time>
   </trkpt>
   <trkpt lat="47.614802" lon="11.298905">
    <ele>1626.627</ele>
    <time>2026-05-03T10:31:14Z</time>
   </trkpt>
   <trkpt lat="47.614782" lon="11.298727">
    <ele>1622.935</ele>
    <time>2026-05-03T10:31:31Z</time>
   </trkpt>
   <trkpt lat="47.614781" lon="11.298644">
    <ele>1622.657</ele>
    <time>2026-05-03T10:31:34Z</time>
   </trkpt>
   <trkpt lat="47.614770" lon="11.298427">
    <ele>1620.742</ele>
    <time>2026-05-03T10:31:44Z</time>
   </trkpt>
   <trkpt lat="47.614782" lon="11.298389">
    <ele>1619.345</ele>
    <time>2026-05-03T10:31:51Z</time>
   </trkpt>
   <trkpt lat="47.614762" lon="11.298240">
    <ele>1616.355</ele>
    <time>2026-05-03T10:32:02Z</time>
   </trkpt>
   <trkpt lat="47.614779" lon="11.298213">
    <ele>1615.848</ele>
    <time>2026-05-03T10:32:04Z</time>
   </trkpt>
   <trkpt lat="47.614789" lon="11.298066">
    <ele>1612.484</ele>
    <time>2026-05-03T10:32:13Z</time>
   </trkpt>
   <trkpt lat="47.614843" lon="11.297877">
    <ele>1608.871</ele>
    <time>2026-05-03T10:32:24Z</time>
   </trkpt>
   <trkpt lat="47.614858" lon="11.297711">
    <ele>1603.008</ele>
    <time>2026-05-03T10:32:39Z</time>
   </trkpt>
   <trkpt lat="47.614854" lon="11.297672">
    <ele>1599.759</ele>
    <time>2026-05-03T10:32:45Z</time>
   </trkpt>
   <trkpt lat="47.614854" lon="11.297505">
    <ele>1596.930</ele>
    <time>2026-05-03T10:32:53Z</time>
   </trkpt>
   <trkpt lat="47.614862" lon="11.297449">
    <ele>1598.143</ele>
    <time>2026-05-03T10:32:56Z</time>
   </trkpt>
   <trkpt lat="47.614880" lon="11.297352">
    <ele>1597.078</ele>
    <time>2026-05-03T10:33:06Z</time>
   </trkpt>
   <trkpt lat="47.614907" lon="11.297274">
    <ele>1596.728</ele>
    <time>2026-05-03T10:33:13Z</time>
   </trkpt>
   <trkpt lat="47.614888" lon="11.297205">
    <ele>1595.521</ele>
    <time>2026-05-03T10:33:16Z</time>
   </trkpt>
   <trkpt lat="47.614881" lon="11.297142">
    <ele>1594.823</ele>
    <time>2026-05-03T10:33:19Z</time>
   </trkpt>
   <trkpt lat="47.614876" lon="11.297096">
    <ele>1594.006</ele>
    <time>2026-05-03T10:33:21Z</time>
   </trkpt>
   <trkpt lat="47.614865" lon="11.296974">
    <ele>1592.113</ele>
    <time>2026-05-03T10:33:27Z</time>
   </trkpt>
   <trkpt lat="47.614853" lon="11.296769">
    <ele>1592.068</ele>
    <time>2026-05-03T10:33:40Z</time>
   </trkpt>
   <trkpt lat="47.614860" lon="11.296729">
    <ele>1591.980</ele>
    <time>2026-05-03T10:33:42Z</time>
   </trkpt>
   <trkpt lat="47.614883" lon="11.296604">
    <ele>1591.774</ele>
    <time>2026-05-03T10:33:50Z</time>
   </trkpt>
   <trkpt lat="47.614876" lon="11.296476">
    <ele>1590.205</ele>
    <time>2026-05-03T10:33:56Z</time>
   </trkpt>
   <trkpt lat="47.614890" lon="11.296252">
    <ele>1589.523</ele>
    <time>2026-05-03T10:34:08Z</time>
   </trkpt>
   <trkpt lat="47.614881" lon="11.296102">
    <ele>1592.514</ele>
    <time>2026-05-03T10:34:18Z</time>
   </trkpt>
   <trkpt lat="47.614899" lon="11.295905">
    <ele>1593.558</ele>
    <time>2026-05-03T10:34:28Z</time>
   </trkpt>
   <trkpt lat="47.614942" lon="11.295783">
    <ele>1594.959</ele>
    <time>2026-05-03T10:34:36Z</time>
   </trkpt>
   <trkpt lat="47.614931" lon="11.295538">
    <ele>1595.959</ele>
    <time>2026-05-03T10:34:50Z</time>
   </trkpt>
   <trkpt lat="47.614923" lon="11.295508">
    <ele>1596.554</ele>
    <time>2026-05-03T10:34:52Z</time>
   </trkpt>
   <trkpt lat="47.614887" lon="11.295405">
    <ele>1596.612</ele>
    <time>2026-05-03T10:34:59Z</time>
   </trkpt>
   <trkpt lat="47.614858" lon="11.295293">
    <ele>1596.007</ele>
    <time>2026-05-03T10:35:06Z</time>
   </trkpt>
   <trkpt lat="47.614875" lon="11.295177">
    <ele>1597.247</ele>
    <time>2026-05-03T10:35:13Z</time>
   </trkpt>
   <trkpt lat="47.614872" lon="11.295000">
    <ele>1596.171</ele>
    <time>2026-05-03T10:35:24Z</time>
   </trkpt>
   <trkpt lat="47.614879" lon="11.294956">
    <ele>1595.574</ele>
    <time>2026-05-03T10:35:27Z</time>
   </trkpt>
   <trkpt lat="47.614885" lon="11.294847">
    <ele>1592.507</ele>
    <time>2026-05-03T10:35:37Z</time>
   </trkpt>
   <trkpt lat="47.614855" lon="11.294733">
    <ele>1590.462</ele>
    <time>2026-05-03T10:35:43Z</time>
   </trkpt>
   <trkpt lat="47.614865" lon="11.294620">
    <ele>1590.999</ele>
    <time>2026-05-03T10:35:48Z</time>
   </trkpt>
   <trkpt lat="47.614836" lon="11.294510">
    <ele>1589.356</ele>
    <time>2026-05-03T10:35:54Z</time>
   </trkpt>
   <trkpt lat="47.614835" lon="11.294356">
    <ele>1585.308</ele>
    <time>2026-05-03T10:36:05Z</time>
   </trkpt>
   <trkpt lat="47.614830" lon="11.294305">
    <ele>1583.772</ele>
    <time>2026-05-03T10:36:15Z</time>
   </trkpt>
   <trkpt lat="47.614815" lon="11.294168">
    <ele>1579.929</ele>
    <time>2026-05-03T10:36:25Z</time>
   </trkpt>
   <trkpt lat="47.614808" lon="11.294134">
    <ele>1578.837</ele>
    <time>2026-05-03T10:36:27Z</time>
   </trkpt>
   <trkpt lat="47.614804" lon="11.294061">
    <ele>1576.724</ele>
    <time>2026-05-03T10:36:31Z</time>
   </trkpt>
   <trkpt lat="47.614801" lon="11.294020">
    <ele>1575.598</ele>
    <time>2026-05-03T10:36:33Z</time>
   </trkpt>
   <trkpt lat="47.614798" lon="11.293912">
    <ele>1573.522</ele>
    <time>2026-05-03T10:36:37Z</time>
   </trkpt>
   <trkpt lat="47.614792" lon="11.293835">
    <ele>1571.938</ele>
    <time>2026-05-03T10:36:41Z</time>
   </trkpt>
   <trkpt lat="47.614838" lon="11.293611">
    <ele>1571.349</ele>
    <time>2026-05-03T10:36:54Z</time>
   </trkpt>
   <trkpt lat="47.614833" lon="11.293523">
    <ele>1571.344</ele>
    <time>2026-05-03T10:36:59Z</time>
   </trkpt>
   <trkpt lat="47.614861" lon="11.293450">
    <ele>1572.059</ele>
    <time>2026-05-03T10:37:05Z</time>
   </trkpt>
   <trkpt lat="47.614848" lon="11.293332">
    <ele>1571.031</ele>
    <time>2026-05-03T10:37:12Z</time>
   </trkpt>
   <trkpt lat="47.614852" lon="11.293210">
    <ele>1568.691</ele>
    <time>2026-05-03T10:37:18Z</time>
   </trkpt>
   <trkpt lat="47.614842" lon="11.293137">
    <ele>1568.023</ele>
    <time>2026-05-03T10:37:22Z</time>
   </trkpt>
   <trkpt lat="47.614836" lon="11.293038">
    <ele>1569.300</ele>
    <time>2026-05-03T10:37:35Z</time>
   </trkpt>
   <trkpt lat="47.614832" lon="11.293010">
    <ele>1569.731</ele>
    <time>2026-05-03T10:37:45Z</time>
   </trkpt>
   <trkpt lat="47.614852" lon="11.292813">
    <ele>1569.389</ele>
    <time>2026-05-03T10:37:56Z</time>
   </trkpt>
   <trkpt lat="47.614864" lon="11.292723">
    <ele>1570.100</ele>
    <time>2026-05-03T10:38:02Z</time>
   </trkpt>
   <trkpt lat="47.614873" lon="11.292661">
    <ele>1571.169</ele>
    <time>2026-05-03T10:38:05Z</time>
   </trkpt>
   <trkpt lat="47.614874" lon="11.292630">
    <ele>1571.578</ele>
    <time>2026-05-03T10:38:07Z</time>
   </trkpt>
   <trkpt lat="47.614884" lon="11.292576">
    <ele>1571.647</ele>
    <time>2026-05-03T10:38:10Z</time>
   </trkpt>
   <trkpt lat="47.614908" lon="11.292505">
    <ele>1571.529</ele>
    <time>2026-05-03T10:38:14Z</time>
   </trkpt>
   <trkpt lat="47.614924" lon="11.292415">
    <ele>1571.218</ele>
    <time>2026-05-03T10:38:19Z</time>
   </trkpt>
   <trkpt lat="47.614960" lon="11.292271">
    <ele>1570.759</ele>
    <time>2026-05-03T10:38:29Z</time>
   </trkpt>
   <trkpt lat="47.614987" lon="11.292235">
    <ele>1572.862</ele>
    <time>2026-05-03T10:38:34Z</time>
   </trkpt>
   <trkpt lat="47.614989" lon="11.292198">
    <ele>1573.576</ele>
    <time>2026-05-03T10:38:36Z</time>
   </trkpt>
   <trkpt lat="47.615005" lon="11.292156">
    <ele>1575.303</ele>
    <time>2026-05-03T10:38:41Z</time>
   </trkpt>
   <trkpt lat="47.615053" lon="11.292058">
    <ele>1580.259</ele>
    <time>2026-05-03T10:38:53Z</time>
   </trkpt>
   <trkpt lat="47.615058" lon="11.291967">
    <ele>1581.370</ele>
    <time>2026-05-03T10:39:02Z</time>
   </trkpt>
   <trkpt lat="47.615058" lon="11.291839">
    <ele>1582.347</ele>
    <time>2026-05-03T10:39:13Z</time>
   </trkpt>
   <trkpt lat="47.615100" lon="11.291710">
    <ele>1585.764</ele>
    <time>2026-05-03T10:39:28Z</time>
   </trkpt>
   <trkpt lat="47.615084" lon="11.291649">
    <ele>1584.794</ele>
    <time>2026-05-03T10:39:33Z</time>
   </trkpt>
   <trkpt lat="47.615091" lon="11.291538">
    <ele>1584.491</ele>
    <time>2026-05-03T10:39:40Z</time>
   </trkpt>
   <trkpt lat="47.615099" lon="11.291464">
    <ele>1584.407</ele>
    <time>2026-05-03T10:39:44Z</time>
   </trkpt>
   <trkpt lat="47.615107" lon="11.291299">
    <ele>1583.637</ele>
    <time>2026-05-03T10:39:52Z</time>
   </trkpt>
   <trkpt lat="47.615103" lon="11.291239">
    <ele>1582.843</ele>
    <time>2026-05-03T10:39:55Z</time>
   </trkpt>
   <trkpt lat="47.615071" lon="11.291142">
    <ele>1583.109</ele>
    <time>2026-05-03T10:39:59Z</time>
   </trkpt>
   <trkpt lat="47.615066" lon="11.291064">
    <ele>1582.724</ele>
    <time>2026-05-03T10:40:03Z</time>
   </trkpt>
   <trkpt lat="47.615063" lon="11.290985">
    <ele>1582.060</ele>
    <time>2026-05-03T10:40:07Z</time>
   </trkpt>
   <trkpt lat="47.615061" lon="11.290898">
    <ele>1580.570</ele>
    <time>2026-05-03T10:40:15Z</time>
   </trkpt>
   <trkpt lat="47.615034" lon="11.290706">
    <ele>1580.424</ele>
    <time>2026-05-03T10:40:26Z</time>
   </trkpt>
   <trkpt lat="47.614975" lon="11.290552">
    <ele>1581.570</ele>
    <time>2026-05-03T10:40:41Z</time>
   </trkpt>
   <trkpt lat="47.614972" lon="11.290524">
    <ele>1581.400</ele>
    <time>2026-05-03T10:40:43Z</time>
   </trkpt>
   <trkpt lat="47.614967" lon="11.290441">
    <ele>1580.165</ele>
    <time>2026-05-03T10:40:48Z</time>
   </trkpt>
   <trkpt lat="47.614977" lon="11.290407">
    <ele>1580.169</ele>
    <time>2026-05-03T10:40:50Z</time>
   </trkpt>
   <trkpt lat="47.614965" lon="11.290291">
    <ele>1579.773</ele>
    <time>2026-05-03T10:40:56Z</time>
   </trkpt>
   <trkpt lat="47.614935" lon="11.290219">
    <ele>1579.762</ele>
    <time>2026-05-03T10:41:01Z</time>
   </trkpt>
   <trkpt lat="47.614924" lon="11.290118">
    <ele>1580.894</ele>
    <time>2026-05-03T10:41:08Z</time>
   </trkpt>
   <trkpt lat="47.614942" lon="11.290059">
    <ele>1581.649</ele>
    <time>2026-05-03T10:41:12Z</time>
   </trkpt>
   <trkpt lat="47.614967" lon="11.289990">
    <ele>1580.952</ele>
    <time>2026-05-03T10:41:17Z</time>
   </trkpt>
   <trkpt lat="47.614977" lon="11.289789">
    <ele>1580.701</ele>
    <time>2026-05-03T10:41:28Z</time>
   </trkpt>
   <trkpt lat="47.614968" lon="11.289679">
    <ele>1579.609</ele>
    <time>2026-05-03T10:41:34Z</time>
   </trkpt>
   <trkpt lat="47.614931" lon="11.289529">
    <ele>1579.931</ele>
    <time>2026-05-03T10:41:43Z</time>
   </trkpt>
   <trkpt lat="47.614942" lon="11.289480">
    <ele>1580.083</ele>
    <time>2026-05-03T10:41:46Z</time>
   </trkpt>
   <trkpt lat="47.614926" lon="11.289426">
    <ele>1579.960</ele>
    <time>2026-05-03T10:41:49Z</time>
   </trkpt>
   <trkpt lat="47.614923" lon="11.289374">
    <ele>1580.096</ele>
    <time>2026-05-03T10:41:52Z</time>
   </trkpt>
   <trkpt lat="47.614924" lon="11.289302">
    <ele>1581.048</ele>
    <time>2026-05-03T10:41:56Z</time>
   </trkpt>
   <trkpt lat="47.614936" lon="11.289226">
    <ele>1581.105</ele>
    <time>2026-05-03T10:42:00Z</time>
   </trkpt>
   <trkpt lat="47.614940" lon="11.289120">
    <ele>1582.488</ele>
    <time>2026-05-03T10:42:07Z</time>
   </trkpt>
   <trkpt lat="47.614930" lon="11.289074">
    <ele>1581.754</ele>
    <time>2026-05-03T10:42:10Z</time>
   </trkpt>
   <trkpt lat="47.614938" lon="11.289044">
    <ele>1582.075</ele>
    <time>2026-05-03T10:42:12Z</time>
   </trkpt>
   <trkpt lat="47.614938" lon="11.288953">
    <ele>1582.724</ele>
    <time>2026-05-03T10:42:18Z</time>
   </trkpt>
   <trkpt lat="47.614921" lon="11.288878">
    <ele>1581.828</ele>
    <time>2026-05-03T10:42:22Z</time>
   </trkpt>
   <trkpt lat="47.614906" lon="11.288831">
    <ele>1581.298</ele>
    <time>2026-05-03T10:42:25Z</time>
   </trkpt>
   <trkpt lat="47.614868" lon="11.288617">
    <ele>1584.631</ele>
    <time>2026-05-03T10:42:40Z</time>
   </trkpt>
   <trkpt lat="47.614845" lon="11.288428">
    <ele>1583.890</ele>
    <time>2026-05-03T10:42:53Z</time>
   </trkpt>
   <trkpt lat="47.614832" lon="11.288323">
    <ele>1584.725</ele>
    <time>2026-05-03T10:43:01Z</time>
   </trkpt>
   <trkpt lat="47.614829" lon="11.288288">
    <ele>1584.489</ele>
    <time>2026-05-03T10:43:03Z</time>
   </trkpt>
   <trkpt lat="47.614820" lon="11.288124">
    <ele>1583.198</ele>
    <time>2026-05-03T10:43:16Z</time>
   </trkpt>
   <trkpt lat="47.614832" lon="11.288053">
    <ele>1582.314</ele>
    <time>2026-05-03T10:43:19Z</time>
   </trkpt>
   <trkpt lat="47.614784" lon="11.287946">
    <ele>1583.805</ele>
    <time>2026-05-03T10:43:31Z</time>
   </trkpt>
   <trkpt lat="47.614795" lon="11.287838">
    <ele>1584.531</ele>
    <time>2026-05-03T10:43:43Z</time>
   </trkpt>
   <trkpt lat="47.614796" lon="11.287839">
    <ele>1584.622</ele>
    <time>2026-05-03T10:43:44Z</time>
   </trkpt>
   <trkpt lat="47.614753" lon="11.287718">
    <ele>1581.414</ele>
    <time>2026-05-03T10:43:52Z</time>
   </trkpt>
   <trkpt lat="47.614759" lon="11.287653">
    <ele>1579.420</ele>
    <time>2026-05-03T10:43:56Z</time>
   </trkpt>
   <trkpt lat="47.614770" lon="11.287609">
    <ele>1578.406</ele>
    <time>2026-05-03T10:43:58Z</time>
   </trkpt>
   <trkpt lat="47.614701" lon="11.287396">
    <ele>1575.747</ele>
    <time>2026-05-03T10:44:09Z</time>
   </trkpt>
   <trkpt lat="47.614702" lon="11.287309">
    <ele>1577.408</ele>
    <time>2026-05-03T10:44:17Z</time>
   </trkpt>
   <trkpt lat="47.614713" lon="11.287279">
    <ele>1577.828</ele>
    <time>2026-05-03T10:44:19Z</time>
   </trkpt>
   <trkpt lat="47.614685" lon="11.287214">
    <ele>1580.204</ele>
    <time>2026-05-03T10:44:31Z</time>
   </trkpt>
   <trkpt lat="47.614660" lon="11.287117">
    <ele>1580.991</ele>
    <time>2026-05-03T10:44:40Z</time>
   </trkpt>
   <trkpt lat="47.614619" lon="11.286965">
    <ele>1583.232</ele>
    <time>2026-05-03T10:44:53Z</time>
   </trkpt>
   <trkpt lat="47.614580" lon="11.286799">
    <ele>1583.964</ele>
    <time>2026-05-03T10:45:03Z</time>
   </trkpt>
   <trkpt lat="47.614533" lon="11.286721">
    <ele>1585.171</ele>
    <time>2026-05-03T10:45:11Z</time>
   </trkpt>
   <trkpt lat="47.614490" lon="11.286574">
    <ele>1589.008</ele>
    <time>2026-05-03T10:45:25Z</time>
   </trkpt>
   <trkpt lat="47.614495" lon="11.286524">
    <ele>1590.984</ele>
    <time>2026-05-03T10:45:31Z</time>
   </trkpt>
   <trkpt lat="47.614473" lon="11.286349">
    <ele>1594.921</ele>
    <time>2026-05-03T10:45:46Z</time>
   </trkpt>
   <trkpt lat="47.614489" lon="11.286232">
    <ele>1598.643</ele>
    <time>2026-05-03T10:46:03Z</time>
   </trkpt>
   <trkpt lat="47.614453" lon="11.286109">
    <ele>1598.051</ele>
    <time>2026-05-03T10:46:16Z</time>
   </trkpt>
   <trkpt lat="47.614459" lon="11.286081">
    <ele>1598.359</ele>
    <time>2026-05-03T10:46:18Z</time>
   </trkpt>
   <trkpt lat="47.614433" lon="11.285996">
    <ele>1599.060</ele>
    <time>2026-05-03T10:46:24Z</time>
   </trkpt>
   <trkpt lat="47.614425" lon="11.285955">
    <ele>1599.441</ele>
    <time>2026-05-03T10:46:28Z</time>
   </trkpt>
   <trkpt lat="47.614360" lon="11.285861">
    <ele>1601.640</ele>
    <time>2026-05-03T10:46:40Z</time>
   </trkpt>
   <trkpt lat="47.614325" lon="11.285769">
    <ele>1605.429</ele>
    <time>2026-05-03T10:46:54Z</time>
   </trkpt>
   <trkpt lat="47.614269" lon="11.285637">
    <ele>1608.027</ele>
    <time>2026-05-03T10:47:08Z</time>
   </trkpt>
   <trkpt lat="47.614208" lon="11.285525">
    <ele>1610.404</ele>
    <time>2026-05-03T10:47:22Z</time>
   </trkpt>
   <trkpt lat="47.614192" lon="11.285486">
    <ele>1610.448</ele>
    <time>2026-05-03T10:47:27Z</time>
   </trkpt>
   <trkpt lat="47.614167" lon="11.285423">
    <ele>1611.614</ele>
    <time>2026-05-03T10:47:33Z</time>
   </trkpt>
   <trkpt lat="47.614162" lon="11.285294">
    <ele>1613.797</ele>
    <time>2026-05-03T10:47:49Z</time>
   </trkpt>
   <trkpt lat="47.614118" lon="11.285191">
    <ele>1615.091</ele>
    <time>2026-05-03T10:48:02Z</time>
   </trkpt>
   <trkpt lat="47.614126" lon="11.285126">
    <ele>1616.882</ele>
    <time>2026-05-03T10:48:08Z</time>
   </trkpt>
   <trkpt lat="47.614097" lon="11.285060">
    <ele>1619.658</ele>
    <time>2026-05-03T10:48:21Z</time>
   </trkpt>
   <trkpt lat="47.614084" lon="11.284909">
    <ele>1622.836</ele>
    <time>2026-05-03T10:48:42Z</time>
   </trkpt>
   <trkpt lat="47.614081" lon="11.284842">
    <ele>1625.464</ele>
    <time>2026-05-03T10:48:58Z</time>
   </trkpt>
   <trkpt lat="47.614070" lon="11.284752">
    <ele>1627.765</ele>
    <time>2026-05-03T10:49:16Z</time>
   </trkpt>
   <trkpt lat="47.614045" lon="11.284645">
    <ele>1628.371</ele>
    <time>2026-05-03T10:49:25Z</time>
   </trkpt>
   <trkpt lat="47.614021" lon="11.284522">
    <ele>1629.311</ele>
    <time>2026-05-03T10:49:39Z</time>
   </trkpt>
   <trkpt lat="47.613959" lon="11.284397">
    <ele>1632.399</ele>
    <time>2026-05-03T10:49:53Z</time>
   </trkpt>
   <trkpt lat="47.613970" lon="11.284294">
    <ele>1635.480</ele>
    <time>2026-05-03T10:50:08Z</time>
   </trkpt>
   <trkpt lat="47.613951" lon="11.284220">
    <ele>1636.625</ele>
    <time>2026-05-03T10:50:21Z</time>
   </trkpt>
   <trkpt lat="47.613953" lon="11.284192">
    <ele>1636.802</ele>
    <time>2026-05-03T10:50:24Z</time>
   </trkpt>
   <trkpt lat="47.613872" lon="11.284110">
    <ele>1638.605</ele>
    <time>2026-05-03T10:50:39Z</time>
   </trkpt>
   <trkpt lat="47.613868" lon="11.284063">
    <ele>1639.318</ele>
    <time>2026-05-03T10:50:45Z</time>
   </trkpt>
   <trkpt lat="47.613841" lon="11.284016">
    <ele>1639.737</ele>
    <time>2026-05-03T10:50:51Z</time>
   </trkpt>
   <trkpt lat="47.613831" lon="11.283958">
    <ele>1642.410</ele>
    <time>2026-05-03T10:51:06Z</time>
   </trkpt>
   <trkpt lat="47.613804" lon="11.283877">
    <ele>1645.305</ele>
    <time>2026-05-03T10:51:27Z</time>
   </trkpt>
   <trkpt lat="47.613768" lon="11.283836">
    <ele>1646.475</ele>
    <time>2026-05-03T10:51:34Z</time>
   </trkpt>
   <trkpt lat="47.613670" lon="11.283659">
    <ele>1643.845</ele>
    <time>2026-05-03T10:51:51Z</time>
   </trkpt>
   <trkpt lat="47.613648" lon="11.283543">
    <ele>1648.480</ele>
    <time>2026-05-03T10:52:09Z</time>
   </trkpt>
   <trkpt lat="47.613610" lon="11.283521">
    <ele>1648.717</ele>
    <time>2026-05-03T10:52:14Z</time>
   </trkpt>
   <trkpt lat="47.613608" lon="11.283470">
    <ele>1649.246</ele>
    <time>2026-05-03T10:52:16Z</time>
   </trkpt>
   <trkpt lat="47.613477" lon="11.283312">
    <ele>1649.498</ele>
    <time>2026-05-03T10:52:32Z</time>
   </trkpt>
   <trkpt lat="47.613462" lon="11.283255">
    <ele>1649.048</ele>
    <time>2026-05-03T10:52:36Z</time>
   </trkpt>
   <trkpt lat="47.613453" lon="11.283093">
    <ele>1648.479</ele>
    <time>2026-05-03T10:52:44Z</time>
   </trkpt>
   <trkpt lat="47.613385" lon="11.283046">
    <ele>1650.121</ele>
    <time>2026-05-03T10:52:52Z</time>
   </trkpt>
   <trkpt lat="47.613357" lon="11.282993">
    <ele>1650.550</ele>
    <time>2026-05-03T10:52:56Z</time>
   </trkpt>
   <trkpt lat="47.613440" lon="11.282963">
    <ele>1656.114</ele>
    <time>2026-05-03T10:53:07Z</time>
   </trkpt>
   <trkpt lat="47.613426" lon="11.282866">
    <ele>1662.230</ele>
    <time>2026-05-03T10:53:23Z</time>
   </trkpt>
   <trkpt lat="47.613426" lon="11.282834">
    <ele>1666.333</ele>
    <time>2026-05-03T10:53:34Z</time>
   </trkpt>
   <trkpt lat="47.613409" lon="11.282775">
    <ele>1669.350</ele>
    <time>2026-05-03T10:53:48Z</time>
   </trkpt>
   <trkpt lat="47.613350" lon="11.282650">
    <ele>1670.267</ele>
    <time>2026-05-03T10:54:11Z</time>
   </trkpt>
   <trkpt lat="47.613386" lon="11.282425">
    <ele>1671.669</ele>
    <time>2026-05-03T10:54:29Z</time>
   </trkpt>
   <trkpt lat="47.613398" lon="11.282265">
    <ele>1673.577</ele>
    <time>2026-05-03T10:54:48Z</time>
   </trkpt>
   <trkpt lat="47.613371" lon="11.282231">
    <ele>1673.423</ele>
    <time>2026-05-03T10:54:52Z</time>
   </trkpt>
   <trkpt lat="47.613403" lon="11.282205">
    <ele>1672.824</ele>
    <time>2026-05-03T10:54:59Z</time>
   </trkpt>
   <trkpt lat="47.613488" lon="11.282275">
    <ele>1679.912</ele>
    <time>2026-05-03T10:55:10Z</time>
   </trkpt>
   <trkpt lat="47.613510" lon="11.282302">
    <ele>1681.809</ele>
    <time>2026-05-03T10:55:13Z</time>
   </trkpt>
   <trkpt lat="47.613556" lon="11.282359">
    <ele>1687.430</ele>
    <time>2026-05-03T10:55:28Z</time>
   </trkpt>
   <trkpt lat="47.613563" lon="11.282408">
    <ele>1686.521</ele>
    <time>2026-05-03T10:55:32Z</time>
   </trkpt>
   <trkpt lat="47.613691" lon="11.282554">
    <ele>1690.282</ele>
    <time>2026-05-03T10:55:49Z</time>
   </trkpt>
   <trkpt lat="47.613756" lon="11.282572">
    <ele>1693.657</ele>
    <time>2026-05-03T10:56:01Z</time>
   </trkpt>
   <trkpt lat="47.613805" lon="11.282554">
    <ele>1697.340</ele>
    <time>2026-05-03T10:56:13Z</time>
   </trkpt>
   <trkpt lat="47.613850" lon="11.282528">
    <ele>1697.550</ele>
    <time>2026-05-03T10:56:21Z</time>
   </trkpt>
   <trkpt lat="47.613953" lon="11.282480">
    <ele>1701.043</ele>
    <time>2026-05-03T10:56:37Z</time>
   </trkpt>
   <trkpt lat="47.613960" lon="11.282460">
    <ele>1702.242</ele>
    <time>2026-05-03T10:56:41Z</time>
   </trkpt>
   <trkpt lat="47.613996" lon="11.282403">
    <ele>1705.578</ele>
    <time>2026-05-03T10:56:52Z</time>
   </trkpt>
   <trkpt lat="47.613984" lon="11.282334">
    <ele>1707.808</ele>
    <time>2026-05-03T10:57:05Z</time>
   </trkpt>
   <trkpt lat="47.613974" lon="11.282344">
    <ele>1708.335</ele>
    <time>2026-05-03T10:57:09Z</time>
   </trkpt>
   <trkpt lat="47.613904" lon="11.282303">
    <ele>1711.488</ele>
    <time>2026-05-03T10:57:23Z</time>
   </trkpt>
   <trkpt lat="47.613976" lon="11.282226">
    <ele>1713.703</ele>
    <time>2026-05-03T10:57:36Z</time>
   </trkpt>
   <trkpt lat="47.613933" lon="11.282122">
    <ele>1715.732</ele>
    <time>2026-05-03T10:57:49Z</time>
   </trkpt>
   <trkpt lat="47.613945" lon="11.282027">
    <ele>1719.827</ele>
    <time>2026-05-03T10:58:06Z</time>
   </trkpt>
   <trkpt lat="47.613978" lon="11.281936">
    <ele>1723.191</ele>
    <time>2026-05-03T10:58:22Z</time>
   </trkpt>
   <trkpt lat="47.613954" lon="11.281845">
    <ele>1726.651</ele>
    <time>2026-05-03T10:58:36Z</time>
   </trkpt>
   <trkpt lat="47.613944" lon="11.281763">
    <ele>1731.680</ele>
    <time>2026-05-03T10:58:53Z</time>
   </trkpt>
   <trkpt lat="47.613905" lon="11.281680">
    <ele>1733.193</ele>
    <time>2026-05-03T10:59:08Z</time>
   </trkpt>
   <trkpt lat="47.613907" lon="11.281587">
    <ele>1737.324</ele>
    <time>2026-05-03T10:59:21Z</time>
   </trkpt>
   <trkpt lat="47.613877" lon="11.281455">
    <ele>1740.767</ele>
    <time>2026-05-03T10:59:39Z</time>
   </trkpt>
   <trkpt lat="47.613839" lon="11.281397">
    <ele>1743.260</ele>
    <time>2026-05-03T10:59:50Z</time>
   </trkpt>
   <trkpt lat="47.613790" lon="11.281321">
    <ele>1747.000</ele>
    <time>2026-05-03T11:00:05Z</time>
   </trkpt>
   <trkpt lat="47.613756" lon="11.281229">
    <ele>1749.113</ele>
    <time>2026-05-03T11:00:17Z</time>
   </trkpt>
   <trkpt lat="47.613754" lon="11.281170">
    <ele>1753.069</ele>
    <time>2026-05-03T11:00:28Z</time>
   </trkpt>
   <trkpt lat="47.613730" lon="11.281145">
    <ele>1754.315</ele>
    <time>2026-05-03T11:00:33Z</time>
   </trkpt>
   <trkpt lat="47.613711" lon="11.281110">
    <ele>1753.414</ele>
    <time>2026-05-03T11:00:43Z</time>
   </trkpt>
   <trkpt lat="47.613685" lon="11.281085">
    <ele>1752.229</ele>
    <time>2026-05-03T11:01:03Z</time>
   </trkpt>
   <trkpt lat="47.613687" lon="11.281005">
    <ele>1755.534</ele>
    <time>2026-05-03T11:01:17Z</time>
   </trkpt>
   <trkpt lat="47.613660" lon="11.280923">
    <ele>1758.574</ele>
    <time>2026-05-03T11:01:31Z</time>
   </trkpt>
   <trkpt lat="47.613602" lon="11.280919">
    <ele>1758.563</ele>
    <time>2026-05-03T11:01:37Z</time>
   </trkpt>
   <trkpt lat="47.613529" lon="11.280849">
    <ele>1762.486</ele>
    <time>2026-05-03T11:01:51Z</time>
   </trkpt>
   <trkpt lat="47.613505" lon="11.280827">
    <ele>1764.820</ele>
    <time>2026-05-03T11:01:56Z</time>
   </trkpt>
   <trkpt lat="47.613409" lon="11.280752">
    <ele>1766.791</ele>
    <time>2026-05-03T11:02:09Z</time>
   </trkpt>
   <trkpt lat="47.613405" lon="11.280718">
    <ele>1767.870</ele>
    <time>2026-05-03T11:02:16Z</time>
   </trkpt>
   <trkpt lat="47.613312" lon="11.280623">
    <ele>1767.567</ele>
    <time>2026-05-03T11:02:28Z</time>
   </trkpt>
   <trkpt lat="47.613250" lon="11.280591">
    <ele>1767.957</ele>
    <time>2026-05-03T11:02:35Z</time>
   </trkpt>
   <trkpt lat="47.613158" lon="11.280565">
    <ele>1769.530</ele>
    <time>2026-05-03T11:02:46Z</time>
   </trkpt>
   <trkpt lat="47.613018" lon="11.280536">
    <ele>1770.974</ele>
    <time>2026-05-03T11:03:02Z</time>
   </trkpt>
   <trkpt lat="47.612949" lon="11.280566">
    <ele>1772.313</ele>
    <time>2026-05-03T11:03:10Z</time>
   </trkpt>
   <trkpt lat="47.612854" lon="11.280589">
    <ele>1773.344</ele>
    <time>2026-05-03T11:03:20Z</time>
   </trkpt>
   <trkpt lat="47.612795" lon="11.280595">
    <ele>1773.365</ele>
    <time>2026-05-03T11:03:25Z</time>
   </trkpt>
   <trkpt lat="47.612677" lon="11.280687">
    <ele>1774.018</ele>
    <time>2026-05-03T11:03:39Z</time>
   </trkpt>
   <trkpt lat="47.612627" lon="11.280666">
    <ele>1775.821</ele>
    <time>2026-05-03T11:03:51Z</time>
   </trkpt>
   <trkpt lat="47.612601" lon="11.280678">
    <ele>1775.451</ele>
    <time>2026-05-03T11:04:31Z</time>
   </trkpt>
   <trkpt lat="47.612608" lon="11.280672">
    <ele>1774.715</ele>
    <time>2026-05-03T11:04:55Z</time>
   </trkpt>
   <trkpt lat="47.612566" lon="11.280697">
    <ele>1775.085</ele>
    <time>2026-05-03T11:05:12Z</time>
   </trkpt>
   <trkpt lat="47.612639" lon="11.280669">
    <ele>1776.033</ele>
    <time>2026-05-03T11:05:37Z</time>
   </trkpt>
   <trkpt lat="47.612716" lon="11.280646">
    <ele>1772.139</ele>
    <time>2026-05-03T11:05:47Z</time>
   </trkpt>
   <trkpt lat="47.612815" lon="11.280601">
    <ele>1771.880</ele>
    <time>2026-05-03T11:05:55Z</time>
   </trkpt>
   <trkpt lat="47.612839" lon="11.280604">
    <ele>1773.141</ele>
    <time>2026-05-03T11:05:58Z</time>
   </trkpt>
   <trkpt lat="47.612890" lon="11.280603">
    <ele>1773.853</ele>
    <time>2026-05-03T11:06:03Z</time>
   </trkpt>
   <trkpt lat="47.612942" lon="11.280618">
    <ele>1775.637</ele>
    <time>2026-05-03T11:06:22Z</time>
   </trkpt>
   <trkpt lat="47.612942" lon="11.280619">
    <ele>1775.397</ele>
    <time>2026-05-03T11:10:54Z</time>
   </trkpt>
   <trkpt lat="47.612909" lon="11.280579">
    <ele>1776.398</ele>
    <time>2026-05-03T11:29:24Z</time>
   </trkpt>
   <trkpt lat="47.612895" lon="11.280572">
    <ele>1776.589</ele>
    <time>2026-05-03T11:29:26Z</time>
   </trkpt>
   <trkpt lat="47.612779" lon="11.280566">
    <ele>1775.476</ele>
    <time>2026-05-03T11:29:42Z</time>
   </trkpt>
   <trkpt lat="47.612747" lon="11.280560">
    <ele>1774.964</ele>
    <time>2026-05-03T11:29:45Z</time>
   </trkpt>
   <trkpt lat="47.612613" lon="11.280515">
    <ele>1769.776</ele>
    <time>2026-05-03T11:30:00Z</time>
   </trkpt>
   <trkpt lat="47.612487" lon="11.280453">
    <ele>1762.513</ele>
    <time>2026-05-03T11:30:15Z</time>
   </trkpt>
   <trkpt lat="47.612436" lon="11.280452">
    <ele>1761.834</ele>
    <time>2026-05-03T11:30:32Z</time>
   </trkpt>
   <trkpt lat="47.612435" lon="11.280348">
    <ele>1761.880</ele>
    <time>2026-05-03T11:30:56Z</time>
   </trkpt>
   <trkpt lat="47.612417" lon="11.280225">
    <ele>1761.138</ele>
    <time>2026-05-03T11:31:15Z</time>
   </trkpt>
   <trkpt lat="47.612372" lon="11.280153">
    <ele>1760.759</ele>
    <time>2026-05-03T11:31:27Z</time>
   </trkpt>
   <trkpt lat="47.612213" lon="11.280174">
    <ele>1760.124</ele>
    <time>2026-05-03T11:31:46Z</time>
   </trkpt>
   <trkpt lat="47.612232" lon="11.280178">
    <ele>1758.443</ele>
    <time>2026-05-03T11:31:58Z</time>
   </trkpt>
   <trkpt lat="47.612312" lon="11.280149">
    <ele>1754.444</ele>
    <time>2026-05-03T11:32:04Z</time>
   </trkpt>
   <trkpt lat="47.612409" lon="11.280062">
    <ele>1750.896</ele>
    <time>2026-05-03T11:32:14Z</time>
   </trkpt>
   <trkpt lat="47.612554" lon="11.280021">
    <ele>1747.682</ele>
    <time>2026-05-03T11:32:25Z</time>
   </trkpt>
   <trkpt lat="47.612651" lon="11.279997">
    <ele>1743.779</ele>
    <time>2026-05-03T11:32:36Z</time>
   </trkpt>
   <trkpt lat="47.612669" lon="11.279993">
    <ele>1743.197</ele>
    <time>2026-05-03T11:32:38Z</time>
   </trkpt>
   <trkpt lat="47.612766" lon="11.279899">
    <ele>1740.540</ele>
    <time>2026-05-03T11:32:48Z</time>
   </trkpt>
   <trkpt lat="47.612818" lon="11.279797">
    <ele>1736.013</ele>
    <time>2026-05-03T11:33:02Z</time>
   </trkpt>
   <trkpt lat="47.612929" lon="11.279763">
    <ele>1731.291</ele>
    <time>2026-05-03T11:33:16Z</time>
   </trkpt>
   <trkpt lat="47.613160" lon="11.279792">
    <ele>1725.747</ele>
    <time>2026-05-03T11:33:36Z</time>
   </trkpt>
   <trkpt lat="47.613189" lon="11.279785">
    <ele>1724.783</ele>
    <time>2026-05-03T11:33:39Z</time>
   </trkpt>
   <trkpt lat="47.613232" lon="11.279773">
    <ele>1724.272</ele>
    <time>2026-05-03T11:33:41Z</time>
   </trkpt>
   <trkpt lat="47.613312" lon="11.279765">
    <ele>1723.098</ele>
    <time>2026-05-03T11:33:46Z</time>
   </trkpt>
   <trkpt lat="47.613573" lon="11.279641">
    <ele>1719.533</ele>
    <time>2026-05-03T11:34:02Z</time>
   </trkpt>
   <trkpt lat="47.613592" lon="11.279648">
    <ele>1718.225</ele>
    <time>2026-05-03T11:34:05Z</time>
   </trkpt>
   <trkpt lat="47.613687" lon="11.279623">
    <ele>1717.300</ele>
    <time>2026-05-03T11:34:09Z</time>
   </trkpt>
   <trkpt lat="47.613784" lon="11.279630">
    <ele>1716.515</ele>
    <time>2026-05-03T11:34:15Z</time>
   </trkpt>
   <trkpt lat="47.613868" lon="11.279615">
    <ele>1713.944</ele>
    <time>2026-05-03T11:34:22Z</time>
   </trkpt>
   <trkpt lat="47.614003" lon="11.279619">
    <ele>1709.941</ele>
    <time>2026-05-03T11:34:32Z</time>
   </trkpt>
   <trkpt lat="47.614217" lon="11.279503">
    <ele>1705.780</ele>
    <time>2026-05-03T11:34:47Z</time>
   </trkpt>
   <trkpt lat="47.614335" lon="11.279403">
    <ele>1702.711</ele>
    <time>2026-05-03T11:34:57Z</time>
   </trkpt>
   <trkpt lat="47.614363" lon="11.279378">
    <ele>1701.964</ele>
    <time>2026-05-03T11:35:00Z</time>
   </trkpt>
   <trkpt lat="47.614508" lon="11.279280">
    <ele>1699.200</ele>
    <time>2026-05-03T11:35:08Z</time>
   </trkpt>
   <trkpt lat="47.614542" lon="11.279285">
    <ele>1698.763</ele>
    <time>2026-05-03T11:35:10Z</time>
   </trkpt>
   <trkpt lat="47.614642" lon="11.279217">
    <ele>1694.403</ele>
    <time>2026-05-03T11:35:19Z</time>
   </trkpt>
   <trkpt lat="47.614778" lon="11.279070">
    <ele>1689.584</ele>
    <time>2026-05-03T11:35:39Z</time>
   </trkpt>
   <trkpt lat="47.614861" lon="11.278871">
    <ele>1691.115</ele>
    <time>2026-05-03T11:35:51Z</time>
   </trkpt>
   <trkpt lat="47.614862" lon="11.278757">
    <ele>1689.276</ele>
    <time>2026-05-03T11:35:59Z</time>
   </trkpt>
   <trkpt lat="47.614892" lon="11.278705">
    <ele>1687.676</ele>
    <time>2026-05-03T11:36:03Z</time>
   </trkpt>
   <trkpt lat="47.615008" lon="11.278430">
    <ele>1690.466</ele>
    <time>2026-05-03T11:36:18Z</time>
   </trkpt>
   <trkpt lat="47.615023" lon="11.278371">
    <ele>1690.377</ele>
    <time>2026-05-03T11:36:21Z</time>
   </trkpt>
   <trkpt lat="47.615116" lon="11.278053">
    <ele>1686.029</ele>
    <time>2026-05-03T11:36:41Z</time>
   </trkpt>
   <trkpt lat="47.615099" lon="11.277971">
    <ele>1682.547</ele>
    <time>2026-05-03T11:36:47Z</time>
   </trkpt>
   <trkpt lat="47.615109" lon="11.277843">
    <ele>1678.838</ele>
    <time>2026-05-03T11:36:52Z</time>
   </trkpt>
   <trkpt lat="47.615102" lon="11.277791">
    <ele>1677.674</ele>
    <time>2026-05-03T11:36:54Z</time>
   </trkpt>
   <trkpt lat="47.615108" lon="11.277659">
    <ele>1673.415</ele>
    <time>2026-05-03T11:37:01Z</time>
   </trkpt>
   <trkpt lat="47.615108" lon="11.277582">
    <ele>1671.118</ele>
    <time>2026-05-03T11:37:05Z</time>
   </trkpt>
   <trkpt lat="47.615111" lon="11.277492">
    <ele>1669.625</ele>
    <time>2026-05-03T11:37:09Z</time>
   </trkpt>
   <trkpt lat="47.615123" lon="11.277400">
    <ele>1668.492</ele>
    <time>2026-05-03T11:37:13Z</time>
   </trkpt>
   <trkpt lat="47.615108" lon="11.277346">
    <ele>1667.847</ele>
    <time>2026-05-03T11:37:16Z</time>
   </trkpt>
   <trkpt lat="47.615097" lon="11.277300">
    <ele>1668.324</ele>
    <time>2026-05-03T11:37:18Z</time>
   </trkpt>
   <trkpt lat="47.615105" lon="11.277225">
    <ele>1668.015</ele>
    <time>2026-05-03T11:37:21Z</time>
   </trkpt>
   <trkpt lat="47.615092" lon="11.277161">
    <ele>1666.178</ele>
    <time>2026-05-03T11:37:26Z</time>
   </trkpt>
   <trkpt lat="47.615054" lon="11.277031">
    <ele>1665.319</ele>
    <time>2026-05-03T11:37:35Z</time>
   </trkpt>
   <trkpt lat="47.614998" lon="11.276904">
    <ele>1663.918</ele>
    <time>2026-05-03T11:37:44Z</time>
   </trkpt>
   <trkpt lat="47.615003" lon="11.276866">
    <ele>1663.422</ele>
    <time>2026-05-03T11:37:46Z</time>
   </trkpt>
   <trkpt lat="47.614993" lon="11.276829">
    <ele>1662.661</ele>
    <time>2026-05-03T11:37:49Z</time>
   </trkpt>
   <trkpt lat="47.614964" lon="11.276735">
    <ele>1662.395</ele>
    <time>2026-05-03T11:37:59Z</time>
   </trkpt>
   <trkpt lat="47.614951" lon="11.276697">
    <ele>1662.893</ele>
    <time>2026-05-03T11:38:03Z</time>
   </trkpt>
   <trkpt lat="47.614901" lon="11.276665">
    <ele>1663.461</ele>
    <time>2026-05-03T11:38:08Z</time>
   </trkpt>
   <trkpt lat="47.614859" lon="11.276566">
    <ele>1663.306</ele>
    <time>2026-05-03T11:38:18Z</time>
   </trkpt>
   <trkpt lat="47.614858" lon="11.276482">
    <ele>1660.526</ele>
    <time>2026-05-03T11:38:26Z</time>
   </trkpt>
   <trkpt lat="47.614836" lon="11.276375">
    <ele>1658.081</ele>
    <time>2026-05-03T11:38:33Z</time>
   </trkpt>
   <trkpt lat="47.614778" lon="11.276245">
    <ele>1655.298</ele>
    <time>2026-05-03T11:38:46Z</time>
   </trkpt>
   <trkpt lat="47.614772" lon="11.276185">
    <ele>1654.694</ele>
    <time>2026-05-03T11:38:50Z</time>
   </trkpt>
   <trkpt lat="47.614763" lon="11.276156">
    <ele>1654.176</ele>
    <time>2026-05-03T11:38:52Z</time>
   </trkpt>
   <trkpt lat="47.614682" lon="11.276106">
    <ele>1651.628</ele>
    <time>2026-05-03T11:38:58Z</time>
   </trkpt>
   <trkpt lat="47.614661" lon="11.275896">
    <ele>1649.570</ele>
    <time>2026-05-03T11:39:09Z</time>
   </trkpt>
   <trkpt lat="47.614636" lon="11.275845">
    <ele>1648.927</ele>
    <time>2026-05-03T11:39:13Z</time>
   </trkpt>
   <trkpt lat="47.614637" lon="11.275749">
    <ele>1645.801</ele>
    <time>2026-05-03T11:39:19Z</time>
   </trkpt>
   <trkpt lat="47.614623" lon="11.275729">
    <ele>1644.790</ele>
    <time>2026-05-03T11:39:21Z</time>
   </trkpt>
   <trkpt lat="47.614584" lon="11.275574">
    <ele>1642.956</ele>
    <time>2026-05-03T11:39:28Z</time>
   </trkpt>
   <trkpt lat="47.614526" lon="11.275515">
    <ele>1641.854</ele>
    <time>2026-05-03T11:39:33Z</time>
   </trkpt>
   <trkpt lat="47.614503" lon="11.275421">
    <ele>1639.596</ele>
    <time>2026-05-03T11:39:38Z</time>
   </trkpt>
   <trkpt lat="47.614480" lon="11.275308">
    <ele>1640.017</ele>
    <time>2026-05-03T11:39:44Z</time>
   </trkpt>
   <trkpt lat="47.614423" lon="11.275226">
    <ele>1637.972</ele>
    <time>2026-05-03T11:39:53Z</time>
   </trkpt>
   <trkpt lat="47.614433" lon="11.275074">
    <ele>1635.477</ele>
    <time>2026-05-03T11:40:01Z</time>
   </trkpt>
   <trkpt lat="47.614446" lon="11.274989">
    <ele>1632.899</ele>
    <time>2026-05-03T11:40:05Z</time>
   </trkpt>
   <trkpt lat="47.614463" lon="11.274790">
    <ele>1632.541</ele>
    <time>2026-05-03T11:40:15Z</time>
   </trkpt>
   <trkpt lat="47.614443" lon="11.274675">
    <ele>1629.926</ele>
    <time>2026-05-03T11:40:22Z</time>
   </trkpt>
   <trkpt lat="47.614390" lon="11.274551">
    <ele>1627.235</ele>
    <time>2026-05-03T11:40:29Z</time>
   </trkpt>
   <trkpt lat="47.614389" lon="11.274462">
    <ele>1625.657</ele>
    <time>2026-05-03T11:40:33Z</time>
   </trkpt>
   <trkpt lat="47.614355" lon="11.274372">
    <ele>1624.346</ele>
    <time>2026-05-03T11:40:38Z</time>
   </trkpt>
   <trkpt lat="47.614351" lon="11.274334">
    <ele>1623.895</ele>
    <time>2026-05-03T11:40:40Z</time>
   </trkpt>
   <trkpt lat="47.614372" lon="11.274229">
    <ele>1623.920</ele>
    <time>2026-05-03T11:40:45Z</time>
   </trkpt>
   <trkpt lat="47.614348" lon="11.274105">
    <ele>1622.552</ele>
    <time>2026-05-03T11:40:52Z</time>
   </trkpt>
   <trkpt lat="47.614378" lon="11.274029">
    <ele>1621.233</ele>
    <time>2026-05-03T11:40:56Z</time>
   </trkpt>
   <trkpt lat="47.614396" lon="11.273931">
    <ele>1616.591</ele>
    <time>2026-05-03T11:41:02Z</time>
   </trkpt>
   <trkpt lat="47.614392" lon="11.273873">
    <ele>1614.193</ele>
    <time>2026-05-03T11:41:06Z</time>
   </trkpt>
   <trkpt lat="47.614371" lon="11.273779">
    <ele>1612.280</ele>
    <time>2026-05-03T11:41:13Z</time>
   </trkpt>
   <trkpt lat="47.614306" lon="11.273622">
    <ele>1607.406</ele>
    <time>2026-05-03T11:41:24Z</time>
   </trkpt>
   <trkpt lat="47.614317" lon="11.273590">
    <ele>1606.886</ele>
    <time>2026-05-03T11:41:27Z</time>
   </trkpt>
   <trkpt lat="47.614350" lon="11.273564">
    <ele>1606.885</ele>
    <time>2026-05-03T11:41:30Z</time>
   </trkpt>
   <trkpt lat="47.614377" lon="11.273486">
    <ele>1606.186</ele>
    <time>2026-05-03T11:41:34Z</time>
   </trkpt>
   <trkpt lat="47.614382" lon="11.273377">
    <ele>1605.362</ele>
    <time>2026-05-03T11:41:39Z</time>
   </trkpt>
   <trkpt lat="47.614298" lon="11.273264">
    <ele>1603.892</ele>
    <time>2026-05-03T11:41:46Z</time>
   </trkpt>
   <trkpt lat="47.614257" lon="11.273239">
    <ele>1602.947</ele>
    <time>2026-05-03T11:41:48Z</time>
   </trkpt>
   <trkpt lat="47.614149" lon="11.273045">
    <ele>1600.610</ele>
    <time>2026-05-03T11:41:58Z</time>
   </trkpt>
   <trkpt lat="47.614102" lon="11.272832">
    <ele>1599.258</ele>
    <time>2026-05-03T11:42:10Z</time>
   </trkpt>
   <trkpt lat="47.614083" lon="11.272681">
    <ele>1596.805</ele>
    <time>2026-05-03T11:42:24Z</time>
   </trkpt>
   <trkpt lat="47.614050" lon="11.272602">
    <ele>1593.797</ele>
    <time>2026-05-03T11:42:30Z</time>
   </trkpt>
   <trkpt lat="47.614053" lon="11.272497">
    <ele>1590.048</ele>
    <time>2026-05-03T11:42:38Z</time>
   </trkpt>
   <trkpt lat="47.614053" lon="11.272371">
    <ele>1587.887</ele>
    <time>2026-05-03T11:42:47Z</time>
   </trkpt>
   <trkpt lat="47.614024" lon="11.272342">
    <ele>1586.355</ele>
    <time>2026-05-03T11:42:50Z</time>
   </trkpt>
   <trkpt lat="47.613969" lon="11.272313">
    <ele>1584.861</ele>
    <time>2026-05-03T11:42:57Z</time>
   </trkpt>
   <trkpt lat="47.613848" lon="11.272209">
    <ele>1583.040</ele>
    <time>2026-05-03T11:43:11Z</time>
   </trkpt>
   <trkpt lat="47.613761" lon="11.271886">
    <ele>1582.234</ele>
    <time>2026-05-03T11:43:29Z</time>
   </trkpt>
   <trkpt lat="47.613708" lon="11.271625">
    <ele>1582.536</ele>
    <time>2026-05-03T11:43:44Z</time>
   </trkpt>
   <trkpt lat="47.613622" lon="11.271179">
    <ele>1578.048</ele>
    <time>2026-05-03T11:44:10Z</time>
   </trkpt>
   <trkpt lat="47.613618" lon="11.271150">
    <ele>1577.697</ele>
    <time>2026-05-03T11:44:11Z</time>
   </trkpt>
   <trkpt lat="47.613550" lon="11.270909">
    <ele>1582.492</ele>
    <time>2026-05-03T11:44:24Z</time>
   </trkpt>
   <trkpt lat="47.613572" lon="11.270849">
    <ele>1580.248</ele>
    <time>2026-05-03T11:44:28Z</time>
   </trkpt>
   <trkpt lat="47.613510" lon="11.270703">
    <ele>1578.718</ele>
    <time>2026-05-03T11:44:36Z</time>
   </trkpt>
   <trkpt lat="47.613513" lon="11.270678">
    <ele>1578.916</ele>
    <time>2026-05-03T11:44:38Z</time>
   </trkpt>
   <trkpt lat="47.613482" lon="11.270596">
    <ele>1579.590</ele>
    <time>2026-05-03T11:44:42Z</time>
   </trkpt>
   <trkpt lat="47.613481" lon="11.270496">
    <ele>1579.818</ele>
    <time>2026-05-03T11:44:47Z</time>
   </trkpt>
   <trkpt lat="47.613439" lon="11.270438">
    <ele>1580.706</ele>
    <time>2026-05-03T11:44:50Z</time>
   </trkpt>
   <trkpt lat="47.613278" lon="11.270299">
    <ele>1583.537</ele>
    <time>2026-05-03T11:45:04Z</time>
   </trkpt>
   <trkpt lat="47.613157" lon="11.270286">
    <ele>1587.115</ele>
    <time>2026-05-03T11:45:11Z</time>
   </trkpt>
   <trkpt lat="47.613101" lon="11.270213">
    <ele>1588.624</ele>
    <time>2026-05-03T11:45:18Z</time>
   </trkpt>
   <trkpt lat="47.613073" lon="11.270160">
    <ele>1589.046</ele>
    <time>2026-05-03T11:45:24Z</time>
   </trkpt>
   <trkpt lat="47.612964" lon="11.270087">
    <ele>1589.718</ele>
    <time>2026-05-03T11:45:34Z</time>
   </trkpt>
   <trkpt lat="47.612966" lon="11.270033">
    <ele>1589.114</ele>
    <time>2026-05-03T11:45:37Z</time>
   </trkpt>
   <trkpt lat="47.612915" lon="11.269966">
    <ele>1590.643</ele>
    <time>2026-05-03T11:45:42Z</time>
   </trkpt>
   <trkpt lat="47.612894" lon="11.269878">
    <ele>1590.980</ele>
    <time>2026-05-03T11:45:47Z</time>
   </trkpt>
   <trkpt lat="47.612774" lon="11.269621">
    <ele>1589.495</ele>
    <time>2026-05-03T11:46:01Z</time>
   </trkpt>
   <trkpt lat="47.612751" lon="11.269520">
    <ele>1586.887</ele>
    <time>2026-05-03T11:46:06Z</time>
   </trkpt>
   <trkpt lat="47.612719" lon="11.269428">
    <ele>1585.430</ele>
    <time>2026-05-03T11:46:11Z</time>
   </trkpt>
   <trkpt lat="47.612694" lon="11.269356">
    <ele>1585.296</ele>
    <time>2026-05-03T11:46:15Z</time>
   </trkpt>
   <trkpt lat="47.612655" lon="11.269293">
    <ele>1584.160</ele>
    <time>2026-05-03T11:46:19Z</time>
   </trkpt>
   <trkpt lat="47.612628" lon="11.269192">
    <ele>1583.309</ele>
    <time>2026-05-03T11:46:23Z</time>
   </trkpt>
   <trkpt lat="47.612602" lon="11.269146">
    <ele>1582.229</ele>
    <time>2026-05-03T11:46:26Z</time>
   </trkpt>
   <trkpt lat="47.612514" lon="11.268943">
    <ele>1582.569</ele>
    <time>2026-05-03T11:46:38Z</time>
   </trkpt>
   <trkpt lat="47.612446" lon="11.268713">
    <ele>1584.646</ele>
    <time>2026-05-03T11:46:50Z</time>
   </trkpt>
   <trkpt lat="47.612436" lon="11.268642">
    <ele>1584.611</ele>
    <time>2026-05-03T11:46:54Z</time>
   </trkpt>
   <trkpt lat="47.612400" lon="11.268511">
    <ele>1583.713</ele>
    <time>2026-05-03T11:47:00Z</time>
   </trkpt>
   <trkpt lat="47.612356" lon="11.268306">
    <ele>1579.520</ele>
    <time>2026-05-03T11:47:13Z</time>
   </trkpt>
   <trkpt lat="47.612307" lon="11.268151">
    <ele>1577.796</ele>
    <time>2026-05-03T11:47:23Z</time>
   </trkpt>
   <trkpt lat="47.612302" lon="11.268143">
    <ele>1577.347</ele>
    <time>2026-05-03T11:47:24Z</time>
   </trkpt>
   <trkpt lat="47.612055" lon="11.267978">
    <ele>1571.730</ele>
    <time>2026-05-03T11:47:36Z</time>
   </trkpt>
   <trkpt lat="47.611976" lon="11.267818">
    <ele>1566.861</ele>
    <time>2026-05-03T11:47:47Z</time>
   </trkpt>
   <trkpt lat="47.611964" lon="11.267716">
    <ele>1564.192</ele>
    <time>2026-05-03T11:47:53Z</time>
   </trkpt>
   <trkpt lat="47.611910" lon="11.267563">
    <ele>1561.265</ele>
    <time>2026-05-03T11:48:02Z</time>
   </trkpt>
   <trkpt lat="47.611890" lon="11.267347">
    <ele>1557.739</ele>
    <time>2026-05-03T11:48:18Z</time>
   </trkpt>
   <trkpt lat="47.611883" lon="11.267329">
    <ele>1557.142</ele>
    <time>2026-05-03T11:48:28Z</time>
   </trkpt>
   <trkpt lat="47.611864" lon="11.267272">
    <ele>1556.291</ele>
    <time>2026-05-03T11:48:33Z</time>
   </trkpt>
   <trkpt lat="47.611872" lon="11.267193">
    <ele>1554.597</ele>
    <time>2026-05-03T11:48:39Z</time>
   </trkpt>
   <trkpt lat="47.611881" lon="11.267132">
    <ele>1554.174</ele>
    <time>2026-05-03T11:48:42Z</time>
   </trkpt>
   <trkpt lat="47.611872" lon="11.267091">
    <ele>1553.790</ele>
    <time>2026-05-03T11:48:44Z</time>
   </trkpt>
   <trkpt lat="47.611838" lon="11.266950">
    <ele>1552.344</ele>
    <time>2026-05-03T11:48:51Z</time>
   </trkpt>
   <trkpt lat="47.611806" lon="11.266729">
    <ele>1549.950</ele>
    <time>2026-05-03T11:49:00Z</time>
   </trkpt>
   <trkpt lat="47.611818" lon="11.266498">
    <ele>1545.427</ele>
    <time>2026-05-03T11:49:08Z</time>
   </trkpt>
   <trkpt lat="47.611825" lon="11.266447">
    <ele>1544.754</ele>
    <time>2026-05-03T11:49:10Z</time>
   </trkpt>
   <trkpt lat="47.611786" lon="11.266293">
    <ele>1539.429</ele>
    <time>2026-05-03T11:49:24Z</time>
   </trkpt>
   <trkpt lat="47.611826" lon="11.265881">
    <ele>1534.075</ele>
    <time>2026-05-03T11:49:40Z</time>
   </trkpt>
   <trkpt lat="47.611861" lon="11.265800">
    <ele>1528.787</ele>
    <time>2026-05-03T11:50:04Z</time>
   </trkpt>
   <trkpt lat="47.611864" lon="11.265760">
    <ele>1528.813</ele>
    <time>2026-05-03T11:50:07Z</time>
   </trkpt>
   <trkpt lat="47.611947" lon="11.265599">
    <ele>1530.702</ele>
    <time>2026-05-03T11:50:21Z</time>
   </trkpt>
   <trkpt lat="47.611978" lon="11.265571">
    <ele>1530.907</ele>
    <time>2026-05-03T11:50:24Z</time>
   </trkpt>
   <trkpt lat="47.611979" lon="11.265435">
    <ele>1531.653</ele>
    <time>2026-05-03T11:50:32Z</time>
   </trkpt>
   <trkpt lat="47.612085" lon="11.265234">
    <ele>1532.062</ele>
    <time>2026-05-03T11:50:45Z</time>
   </trkpt>
   <trkpt lat="47.612130" lon="11.264989">
    <ele>1533.008</ele>
    <time>2026-05-03T11:51:00Z</time>
   </trkpt>
   <trkpt lat="47.612136" lon="11.264755">
    <ele>1532.348</ele>
    <time>2026-05-03T11:51:15Z</time>
   </trkpt>
   <trkpt lat="47.612293" lon="11.264545">
    <ele>1532.481</ele>
    <time>2026-05-03T11:51:30Z</time>
   </trkpt>
   <trkpt lat="47.612391" lon="11.264336">
    <ele>1533.434</ele>
    <time>2026-05-03T11:51:46Z</time>
   </trkpt>
   <trkpt lat="47.612419" lon="11.264163">
    <ele>1533.526</ele>
    <time>2026-05-03T11:51:58Z</time>
   </trkpt>
   <trkpt lat="47.612457" lon="11.264004">
    <ele>1533.537</ele>
    <time>2026-05-03T11:52:08Z</time>
   </trkpt>
   <trkpt lat="47.612534" lon="11.263736">
    <ele>1534.566</ele>
    <time>2026-05-03T11:52:25Z</time>
   </trkpt>
   <trkpt lat="47.612584" lon="11.263414">
    <ele>1536.544</ele>
    <time>2026-05-03T11:52:46Z</time>
   </trkpt>
   <trkpt lat="47.612619" lon="11.263215">
    <ele>1536.393</ele>
    <time>2026-05-03T11:52:59Z</time>
   </trkpt>
   <trkpt lat="47.612715" lon="11.262979">
    <ele>1536.718</ele>
    <time>2026-05-03T11:53:18Z</time>
   </trkpt>
   <trkpt lat="47.612720" lon="11.262618">
    <ele>1537.458</ele>
    <time>2026-05-03T11:53:41Z</time>
   </trkpt>
   <trkpt lat="47.612798" lon="11.262563">
    <ele>1537.026</ele>
    <time>2026-05-03T11:53:56Z</time>
   </trkpt>
   <trkpt lat="47.612845" lon="11.262447">
    <ele>1535.962</ele>
    <time>2026-05-03T11:54:08Z</time>
   </trkpt>
   <trkpt lat="47.612905" lon="11.262368">
    <ele>1535.910</ele>
    <time>2026-05-03T11:54:14Z</time>
   </trkpt>
   <trkpt lat="47.612946" lon="11.262031">
    <ele>1534.883</ele>
    <time>2026-05-03T11:54:32Z</time>
   </trkpt>
   <trkpt lat="47.612994" lon="11.261955">
    <ele>1535.553</ele>
    <time>2026-05-03T11:54:38Z</time>
   </trkpt>
   <trkpt lat="47.613066" lon="11.261690">
    <ele>1537.910</ele>
    <time>2026-05-03T11:54:54Z</time>
   </trkpt>
   <trkpt lat="47.613144" lon="11.261466">
    <ele>1539.512</ele>
    <time>2026-05-03T11:55:07Z</time>
   </trkpt>
   <trkpt lat="47.613267" lon="11.260998">
    <ele>1541.073</ele>
    <time>2026-05-03T11:55:34Z</time>
   </trkpt>
   <trkpt lat="47.613339" lon="11.260792">
    <ele>1541.969</ele>
    <time>2026-05-03T11:55:48Z</time>
   </trkpt>
   <trkpt lat="47.613399" lon="11.260574">
    <ele>1541.362</ele>
    <time>2026-05-03T11:56:01Z</time>
   </trkpt>
   <trkpt lat="47.613402" lon="11.260539">
    <ele>1540.788</ele>
    <time>2026-05-03T11:56:03Z</time>
   </trkpt>
   <trkpt lat="47.613461" lon="11.260303">
    <ele>1538.976</ele>
    <time>2026-05-03T11:56:16Z</time>
   </trkpt>
   <trkpt lat="47.613493" lon="11.260186">
    <ele>1537.359</ele>
    <time>2026-05-03T11:56:22Z</time>
   </trkpt>
   <trkpt lat="47.613514" lon="11.260130">
    <ele>1536.649</ele>
    <time>2026-05-03T11:56:25Z</time>
   </trkpt>
   <trkpt lat="47.613576" lon="11.259958">
    <ele>1535.307</ele>
    <time>2026-05-03T11:56:34Z</time>
   </trkpt>
   <trkpt lat="47.613574" lon="11.259901">
    <ele>1535.283</ele>
    <time>2026-05-03T11:56:37Z</time>
   </trkpt>
   <trkpt lat="47.613599" lon="11.259748">
    <ele>1535.960</ele>
    <time>2026-05-03T11:56:44Z</time>
   </trkpt>
   <trkpt lat="47.613636" lon="11.259665">
    <ele>1536.030</ele>
    <time>2026-05-03T11:56:48Z</time>
   </trkpt>
   <trkpt lat="47.613649" lon="11.259535">
    <ele>1533.461</ele>
    <time>2026-05-03T11:56:54Z</time>
   </trkpt>
   <trkpt lat="47.613699" lon="11.259418">
    <ele>1531.978</ele>
    <time>2026-05-03T11:57:00Z</time>
   </trkpt>
   <trkpt lat="47.613679" lon="11.259235">
    <ele>1529.897</ele>
    <time>2026-05-03T11:57:09Z</time>
   </trkpt>
   <trkpt lat="47.613697" lon="11.259105">
    <ele>1529.310</ele>
    <time>2026-05-03T11:57:15Z</time>
   </trkpt>
   <trkpt lat="47.613715" lon="11.258908">
    <ele>1528.573</ele>
    <time>2026-05-03T11:57:24Z</time>
   </trkpt>
   <trkpt lat="47.613706" lon="11.258796">
    <ele>1528.273</ele>
    <time>2026-05-03T11:57:29Z</time>
   </trkpt>
   <trkpt lat="47.613661" lon="11.258702">
    <ele>1526.987</ele>
    <time>2026-05-03T11:57:33Z</time>
   </trkpt>
   <trkpt lat="47.613638" lon="11.258612">
    <ele>1525.618</ele>
    <time>2026-05-03T11:57:37Z</time>
   </trkpt>
   <trkpt lat="47.613657" lon="11.258556">
    <ele>1523.962</ele>
    <time>2026-05-03T11:57:40Z</time>
   </trkpt>
   <trkpt lat="47.613686" lon="11.258250">
    <ele>1522.822</ele>
    <time>2026-05-03T11:57:53Z</time>
   </trkpt>
   <trkpt lat="47.613716" lon="11.258141">
    <ele>1522.857</ele>
    <time>2026-05-03T11:57:59Z</time>
   </trkpt>
   <trkpt lat="47.613700" lon="11.257943">
    <ele>1523.496</ele>
    <time>2026-05-03T11:58:08Z</time>
   </trkpt>
   <trkpt lat="47.613695" lon="11.257742">
    <ele>1523.632</ele>
    <time>2026-05-03T11:58:17Z</time>
   </trkpt>
   <trkpt lat="47.613674" lon="11.257644">
    <ele>1524.685</ele>
    <time>2026-05-03T11:58:22Z</time>
   </trkpt>
   <trkpt lat="47.613682" lon="11.257556">
    <ele>1525.236</ele>
    <time>2026-05-03T11:58:27Z</time>
   </trkpt>
   <trkpt lat="47.613692" lon="11.257510">
    <ele>1525.340</ele>
    <time>2026-05-03T11:58:29Z</time>
   </trkpt>
   <trkpt lat="47.613681" lon="11.257475">
    <ele>1525.163</ele>
    <time>2026-05-03T11:58:31Z</time>
   </trkpt>
   <trkpt lat="47.613669" lon="11.257421">
    <ele>1524.412</ele>
    <time>2026-05-03T11:58:34Z</time>
   </trkpt>
   <trkpt lat="47.613666" lon="11.257340">
    <ele>1523.443</ele>
    <time>2026-05-03T11:58:38Z</time>
   </trkpt>
   <trkpt lat="47.613618" lon="11.257247">
    <ele>1523.229</ele>
    <time>2026-05-03T11:58:42Z</time>
   </trkpt>
   <trkpt lat="47.613622" lon="11.257048">
    <ele>1523.406</ele>
    <time>2026-05-03T11:58:52Z</time>
   </trkpt>
   <trkpt lat="47.613611" lon="11.256844">
    <ele>1523.030</ele>
    <time>2026-05-03T11:59:03Z</time>
   </trkpt>
   <trkpt lat="47.613612" lon="11.256759">
    <ele>1522.967</ele>
    <time>2026-05-03T11:59:08Z</time>
   </trkpt>
   <trkpt lat="47.613607" lon="11.256601">
    <ele>1522.512</ele>
    <time>2026-05-03T11:59:14Z</time>
   </trkpt>
   <trkpt lat="47.613641" lon="11.256394">
    <ele>1522.208</ele>
    <time>2026-05-03T11:59:23Z</time>
   </trkpt>
   <trkpt lat="47.613651" lon="11.256302">
    <ele>1522.362</ele>
    <time>2026-05-03T11:59:27Z</time>
   </trkpt>
   <trkpt lat="47.613653" lon="11.256191">
    <ele>1522.263</ele>
    <time>2026-05-03T11:59:32Z</time>
   </trkpt>
   <trkpt lat="47.613651" lon="11.256015">
    <ele>1521.014</ele>
    <time>2026-05-03T11:59:42Z</time>
   </trkpt>
   <trkpt lat="47.613683" lon="11.255728">
    <ele>1519.260</ele>
    <time>2026-05-03T11:59:56Z</time>
   </trkpt>
   <trkpt lat="47.613697" lon="11.255560">
    <ele>1517.498</ele>
    <time>2026-05-03T12:00:05Z</time>
   </trkpt>
   <trkpt lat="47.613713" lon="11.255483">
    <ele>1518.354</ele>
    <time>2026-05-03T12:00:10Z</time>
   </trkpt>
   <trkpt lat="47.613716" lon="11.255383">
    <ele>1518.180</ele>
    <time>2026-05-03T12:00:15Z</time>
   </trkpt>
   <trkpt lat="47.613713" lon="11.255292">
    <ele>1519.239</ele>
    <time>2026-05-03T12:00:20Z</time>
   </trkpt>
   <trkpt lat="47.613722" lon="11.255033">
    <ele>1517.997</ele>
    <time>2026-05-03T12:00:32Z</time>
   </trkpt>
   <trkpt lat="47.613760" lon="11.254847">
    <ele>1519.179</ele>
    <time>2026-05-03T12:00:43Z</time>
   </trkpt>
   <trkpt lat="47.613826" lon="11.254754">
    <ele>1517.906</ele>
    <time>2026-05-03T12:00:50Z</time>
   </trkpt>
   <trkpt lat="47.613852" lon="11.254647">
    <ele>1520.722</ele>
    <time>2026-05-03T12:00:57Z</time>
   </trkpt>
   <trkpt lat="47.613890" lon="11.254538">
    <ele>1523.074</ele>
    <time>2026-05-03T12:01:09Z</time>
   </trkpt>
   <trkpt lat="47.613900" lon="11.254519">
    <ele>1523.780</ele>
    <time>2026-05-03T12:01:32Z</time>
   </trkpt>
   <trkpt lat="47.613900" lon="11.254517">
    <ele>1523.695</ele>
    <time>2026-05-03T12:01:51Z</time>
   </trkpt>
   <trkpt lat="47.613881" lon="11.254375">
    <ele>1521.311</ele>
    <time>2026-05-03T12:01:59Z</time>
   </trkpt>
   <trkpt lat="47.613885" lon="11.254338">
    <ele>1520.539</ele>
    <time>2026-05-03T12:02:01Z</time>
   </trkpt>
   <trkpt lat="47.613886" lon="11.254275">
    <ele>1519.125</ele>
    <time>2026-05-03T12:02:04Z</time>
   </trkpt>
   <trkpt lat="47.613923" lon="11.254077">
    <ele>1515.561</ele>
    <time>2026-05-03T12:02:13Z</time>
   </trkpt>
   <trkpt lat="47.613934" lon="11.253962">
    <ele>1514.648</ele>
    <time>2026-05-03T12:02:17Z</time>
   </trkpt>
   <trkpt lat="47.613935" lon="11.253855">
    <ele>1512.879</ele>
    <time>2026-05-03T12:02:22Z</time>
   </trkpt>
   <trkpt lat="47.613933" lon="11.253739">
    <ele>1512.142</ele>
    <time>2026-05-03T12:02:28Z</time>
   </trkpt>
   <trkpt lat="47.613923" lon="11.253626">
    <ele>1512.042</ele>
    <time>2026-05-03T12:02:33Z</time>
   </trkpt>
   <trkpt lat="47.613919" lon="11.253582">
    <ele>1511.307</ele>
    <time>2026-05-03T12:02:35Z</time>
   </trkpt>
   <trkpt lat="47.613888" lon="11.253544">
    <ele>1510.392</ele>
    <time>2026-05-03T12:02:37Z</time>
   </trkpt>
   <trkpt lat="47.613905" lon="11.253426">
    <ele>1507.566</ele>
    <time>2026-05-03T12:02:43Z</time>
   </trkpt>
   <trkpt lat="47.613930" lon="11.253252">
    <ele>1507.458</ele>
    <time>2026-05-03T12:02:51Z</time>
   </trkpt>
   <trkpt lat="47.613960" lon="11.253023">
    <ele>1506.202</ele>
    <time>2026-05-03T12:03:01Z</time>
   </trkpt>
   <trkpt lat="47.613992" lon="11.252937">
    <ele>1506.372</ele>
    <time>2026-05-03T12:03:05Z</time>
   </trkpt>
   <trkpt lat="47.613994" lon="11.252781">
    <ele>1506.624</ele>
    <time>2026-05-03T12:03:13Z</time>
   </trkpt>
   <trkpt lat="47.613986" lon="11.252724">
    <ele>1506.104</ele>
    <time>2026-05-03T12:03:15Z</time>
   </trkpt>
   <trkpt lat="47.613973" lon="11.252650">
    <ele>1505.482</ele>
    <time>2026-05-03T12:03:19Z</time>
   </trkpt>
   <trkpt lat="47.613945" lon="11.252569">
    <ele>1504.477</ele>
    <time>2026-05-03T12:03:24Z</time>
   </trkpt>
   <trkpt lat="47.613927" lon="11.252494">
    <ele>1503.311</ele>
    <time>2026-05-03T12:03:27Z</time>
   </trkpt>
   <trkpt lat="47.613945" lon="11.252372">
    <ele>1501.490</ele>
    <time>2026-05-03T12:03:32Z</time>
   </trkpt>
   <trkpt lat="47.613949" lon="11.252327">
    <ele>1499.812</ele>
    <time>2026-05-03T12:03:35Z</time>
   </trkpt>
   <trkpt lat="47.613960" lon="11.252274">
    <ele>1498.063</ele>
    <time>2026-05-03T12:03:38Z</time>
   </trkpt>
   <trkpt lat="47.613966" lon="11.252242">
    <ele>1497.657</ele>
    <time>2026-05-03T12:03:40Z</time>
   </trkpt>
   <trkpt lat="47.613962" lon="11.252178">
    <ele>1497.206</ele>
    <time>2026-05-03T12:03:43Z</time>
   </trkpt>
   <trkpt lat="47.613941" lon="11.252053">
    <ele>1494.990</ele>
    <time>2026-05-03T12:03:49Z</time>
   </trkpt>
   <trkpt lat="47.613941" lon="11.251844">
    <ele>1492.558</ele>
    <time>2026-05-03T12:03:59Z</time>
   </trkpt>
   <trkpt lat="47.613974" lon="11.251579">
    <ele>1491.890</ele>
    <time>2026-05-03T12:04:13Z</time>
   </trkpt>
   <trkpt lat="47.614001" lon="11.251446">
    <ele>1494.027</ele>
    <time>2026-05-03T12:04:23Z</time>
   </trkpt>
   <trkpt lat="47.614028" lon="11.251280">
    <ele>1495.770</ele>
    <time>2026-05-03T12:04:32Z</time>
   </trkpt>
   <trkpt lat="47.614045" lon="11.251096">
    <ele>1496.452</ele>
    <time>2026-05-03T12:04:42Z</time>
   </trkpt>
   <trkpt lat="47.614036" lon="11.251018">
    <ele>1497.269</ele>
    <time>2026-05-03T12:04:46Z</time>
   </trkpt>
   <trkpt lat="47.614073" lon="11.250755">
    <ele>1498.241</ele>
    <time>2026-05-03T12:05:00Z</time>
   </trkpt>
   <trkpt lat="47.614082" lon="11.250742">
    <ele>1497.949</ele>
    <time>2026-05-03T12:05:01Z</time>
   </trkpt>
   <trkpt lat="47.614108" lon="11.250592">
    <ele>1498.100</ele>
    <time>2026-05-03T12:05:09Z</time>
   </trkpt>
   <trkpt lat="47.614114" lon="11.250486">
    <ele>1497.289</ele>
    <time>2026-05-03T12:05:14Z</time>
   </trkpt>
   <trkpt lat="47.614107" lon="11.250438">
    <ele>1497.798</ele>
    <time>2026-05-03T12:05:17Z</time>
   </trkpt>
   <trkpt lat="47.614106" lon="11.250304">
    <ele>1498.240</ele>
    <time>2026-05-03T12:05:23Z</time>
   </trkpt>
   <trkpt lat="47.614127" lon="11.250204">
    <ele>1497.373</ele>
    <time>2026-05-03T12:05:27Z</time>
   </trkpt>
   <trkpt lat="47.614122" lon="11.249977">
    <ele>1496.655</ele>
    <time>2026-05-03T12:05:41Z</time>
   </trkpt>
   <trkpt lat="47.614128" lon="11.249790">
    <ele>1495.366</ele>
    <time>2026-05-03T12:05:51Z</time>
   </trkpt>
   <trkpt lat="47.614141" lon="11.249688">
    <ele>1495.112</ele>
    <time>2026-05-03T12:05:56Z</time>
   </trkpt>
   <trkpt lat="47.614162" lon="11.249422">
    <ele>1494.496</ele>
    <time>2026-05-03T12:06:09Z</time>
   </trkpt>
   <trkpt lat="47.614174" lon="11.249297">
    <ele>1494.831</ele>
    <time>2026-05-03T12:06:15Z</time>
   </trkpt>
   <trkpt lat="47.614169" lon="11.249245">
    <ele>1494.807</ele>
    <time>2026-05-03T12:06:18Z</time>
   </trkpt>
   <trkpt lat="47.614145" lon="11.249136">
    <ele>1494.581</ele>
    <time>2026-05-03T12:06:24Z</time>
   </trkpt>
   <trkpt lat="47.614154" lon="11.248851">
    <ele>1493.622</ele>
    <time>2026-05-03T12:06:39Z</time>
   </trkpt>
   <trkpt lat="47.614159" lon="11.248566">
    <ele>1490.674</ele>
    <time>2026-05-03T12:06:55Z</time>
   </trkpt>
   <trkpt lat="47.614160" lon="11.248497">
    <ele>1491.292</ele>
    <time>2026-05-03T12:06:59Z</time>
   </trkpt>
   <trkpt lat="47.614183" lon="11.248338">
    <ele>1490.718</ele>
    <time>2026-05-03T12:07:06Z</time>
   </trkpt>
   <trkpt lat="47.614174" lon="11.248228">
    <ele>1490.567</ele>
    <time>2026-05-03T12:07:11Z</time>
   </trkpt>
   <trkpt lat="47.614186" lon="11.247942">
    <ele>1485.843</ele>
    <time>2026-05-03T12:07:24Z</time>
   </trkpt>
   <trkpt lat="47.614182" lon="11.247919">
    <ele>1485.655</ele>
    <time>2026-05-03T12:07:25Z</time>
   </trkpt>
   <trkpt lat="47.614177" lon="11.247870">
    <ele>1485.312</ele>
    <time>2026-05-03T12:07:27Z</time>
   </trkpt>
   <trkpt lat="47.614194" lon="11.247802">
    <ele>1484.401</ele>
    <time>2026-05-03T12:07:31Z</time>
   </trkpt>
   <trkpt lat="47.614193" lon="11.247755">
    <ele>1483.932</ele>
    <time>2026-05-03T12:07:34Z</time>
   </trkpt>
   <trkpt lat="47.614212" lon="11.247703">
    <ele>1483.909</ele>
    <time>2026-05-03T12:07:37Z</time>
   </trkpt>
   <trkpt lat="47.614189" lon="11.247514">
    <ele>1480.723</ele>
    <time>2026-05-03T12:07:50Z</time>
   </trkpt>
   <trkpt lat="47.614195" lon="11.247474">
    <ele>1480.443</ele>
    <time>2026-05-03T12:07:53Z</time>
   </trkpt>
   <trkpt lat="47.614149" lon="11.247201">
    <ele>1477.244</ele>
    <time>2026-05-03T12:08:09Z</time>
   </trkpt>
   <trkpt lat="47.614137" lon="11.247051">
    <ele>1476.381</ele>
    <time>2026-05-03T12:08:19Z</time>
   </trkpt>
   <trkpt lat="47.614134" lon="11.246918">
    <ele>1474.297</ele>
    <time>2026-05-03T12:08:27Z</time>
   </trkpt>
   <trkpt lat="47.614146" lon="11.246745">
    <ele>1472.724</ele>
    <time>2026-05-03T12:08:39Z</time>
   </trkpt>
   <trkpt lat="47.614204" lon="11.246531">
    <ele>1470.646</ele>
    <time>2026-05-03T12:08:52Z</time>
   </trkpt>
   <trkpt lat="47.614221" lon="11.246481">
    <ele>1470.134</ele>
    <time>2026-05-03T12:08:56Z</time>
   </trkpt>
   <trkpt lat="47.614261" lon="11.246252">
    <ele>1468.302</ele>
    <time>2026-05-03T12:09:08Z</time>
   </trkpt>
   <trkpt lat="47.614276" lon="11.246103">
    <ele>1466.942</ele>
    <time>2026-05-03T12:09:16Z</time>
   </trkpt>
   <trkpt lat="47.614271" lon="11.246037">
    <ele>1465.896</ele>
    <time>2026-05-03T12:09:21Z</time>
   </trkpt>
   <trkpt lat="47.614262" lon="11.245967">
    <ele>1465.119</ele>
    <time>2026-05-03T12:09:24Z</time>
   </trkpt>
   <trkpt lat="47.614262" lon="11.245911">
    <ele>1464.458</ele>
    <time>2026-05-03T12:09:27Z</time>
   </trkpt>
   <trkpt lat="47.614266" lon="11.245861">
    <ele>1462.860</ele>
    <time>2026-05-03T12:09:30Z</time>
   </trkpt>
   <trkpt lat="47.614303" lon="11.245650">
    <ele>1461.114</ele>
    <time>2026-05-03T12:09:38Z</time>
   </trkpt>
   <trkpt lat="47.614300" lon="11.245590">
    <ele>1460.326</ele>
    <time>2026-05-03T12:09:42Z</time>
   </trkpt>
   <trkpt lat="47.614316" lon="11.245391">
    <ele>1458.390</ele>
    <time>2026-05-03T12:09:54Z</time>
   </trkpt>
   <trkpt lat="47.614327" lon="11.245344">
    <ele>1457.185</ele>
    <time>2026-05-03T12:09:57Z</time>
   </trkpt>
   <trkpt lat="47.614329" lon="11.245263">
    <ele>1457.063</ele>
    <time>2026-05-03T12:10:01Z</time>
   </trkpt>
   <trkpt lat="47.614362" lon="11.245170">
    <ele>1454.880</ele>
    <time>2026-05-03T12:10:07Z</time>
   </trkpt>
   <trkpt lat="47.614401" lon="11.244924">
    <ele>1449.084</ele>
    <time>2026-05-03T12:10:23Z</time>
   </trkpt>
   <trkpt lat="47.614447" lon="11.244645">
    <ele>1443.842</ele>
    <time>2026-05-03T12:10:39Z</time>
   </trkpt>
   <trkpt lat="47.614494" lon="11.244503">
    <ele>1440.848</ele>
    <time>2026-05-03T12:10:53Z</time>
   </trkpt>
   <trkpt lat="47.614490" lon="11.244361">
    <ele>1439.283</ele>
    <time>2026-05-03T12:11:02Z</time>
   </trkpt>
   <trkpt lat="47.614486" lon="11.244290">
    <ele>1438.570</ele>
    <time>2026-05-03T12:11:05Z</time>
   </trkpt>
   <trkpt lat="47.614497" lon="11.244197">
    <ele>1437.866</ele>
    <time>2026-05-03T12:11:08Z</time>
   </trkpt>
   <trkpt lat="47.614509" lon="11.244039">
    <ele>1437.341</ele>
    <time>2026-05-03T12:11:19Z</time>
   </trkpt>
   <trkpt lat="47.614581" lon="11.243943">
    <ele>1439.029</ele>
    <time>2026-05-03T12:11:31Z</time>
   </trkpt>
   <trkpt lat="47.614582" lon="11.243935">
    <ele>1439.155</ele>
    <time>2026-05-03T12:11:53Z</time>
   </trkpt>
   <trkpt lat="47.614580" lon="11.243951">
    <ele>1439.360</ele>
    <time>2026-05-03T12:13:42Z</time>
   </trkpt>
   <trkpt lat="47.614527" lon="11.244025">
    <ele>1437.792</ele>
    <time>2026-05-03T12:13:50Z</time>
   </trkpt>
   <trkpt lat="47.614438" lon="11.243990">
    <ele>1434.384</ele>
    <time>2026-05-03T12:14:00Z</time>
   </trkpt>
   <trkpt lat="47.614400" lon="11.243916">
    <ele>1429.335</ele>
    <time>2026-05-03T12:14:11Z</time>
   </trkpt>
   <trkpt lat="47.614371" lon="11.243883">
    <ele>1428.896</ele>
    <time>2026-05-03T12:14:13Z</time>
   </trkpt>
   <trkpt lat="47.614317" lon="11.243897">
    <ele>1427.125</ele>
    <time>2026-05-03T12:14:19Z</time>
   </trkpt>
   <trkpt lat="47.614286" lon="11.243646">
    <ele>1424.483</ele>
    <time>2026-05-03T12:14:28Z</time>
   </trkpt>
   <trkpt lat="47.614112" lon="11.243807">
    <ele>1419.470</ele>
    <time>2026-05-03T12:14:40Z</time>
   </trkpt>
   <trkpt lat="47.614084" lon="11.243839">
    <ele>1418.844</ele>
    <time>2026-05-03T12:14:43Z</time>
   </trkpt>
   <trkpt lat="47.614030" lon="11.243902">
    <ele>1418.290</ele>
    <time>2026-05-03T12:14:48Z</time>
   </trkpt>
   <trkpt lat="47.613987" lon="11.243919">
    <ele>1417.610</ele>
    <time>2026-05-03T12:14:51Z</time>
   </trkpt>
   <trkpt lat="47.613929" lon="11.243968">
    <ele>1417.844</ele>
    <time>2026-05-03T12:14:54Z</time>
   </trkpt>
   <trkpt lat="47.613886" lon="11.244034">
    <ele>1417.107</ele>
    <time>2026-05-03T12:14:59Z</time>
   </trkpt>
   <trkpt lat="47.613845" lon="11.243974">
    <ele>1415.643</ele>
    <time>2026-05-03T12:15:04Z</time>
   </trkpt>
   <trkpt lat="47.613815" lon="11.243942">
    <ele>1414.700</ele>
    <time>2026-05-03T12:15:07Z</time>
   </trkpt>
   <trkpt lat="47.613689" lon="11.244070">
    <ele>1411.357</ele>
    <time>2026-05-03T12:15:18Z</time>
   </trkpt>
   <trkpt lat="47.613676" lon="11.244070">
    <ele>1410.414</ele>
    <time>2026-05-03T12:15:22Z</time>
   </trkpt>
   <trkpt lat="47.613623" lon="11.243999">
    <ele>1408.832</ele>
    <time>2026-05-03T12:15:28Z</time>
   </trkpt>
   <trkpt lat="47.613554" lon="11.244021">
    <ele>1408.331</ele>
    <time>2026-05-03T12:15:32Z</time>
   </trkpt>
   <trkpt lat="47.613495" lon="11.244136">
    <ele>1404.496</ele>
    <time>2026-05-03T12:15:36Z</time>
   </trkpt>
   <trkpt lat="47.613455" lon="11.244215">
    <ele>1403.946</ele>
    <time>2026-05-03T12:15:40Z</time>
   </trkpt>
   <trkpt lat="47.613396" lon="11.244319">
    <ele>1402.683</ele>
    <time>2026-05-03T12:15:45Z</time>
   </trkpt>
   <trkpt lat="47.613299" lon="11.244352">
    <ele>1399.817</ele>
    <time>2026-05-03T12:15:52Z</time>
   </trkpt>
   <trkpt lat="47.613295" lon="11.244248">
    <ele>1398.541</ele>
    <time>2026-05-03T12:15:56Z</time>
   </trkpt>
   <trkpt lat="47.613297" lon="11.244106">
    <ele>1397.240</ele>
    <time>2026-05-03T12:16:02Z</time>
   </trkpt>
   <trkpt lat="47.613225" lon="11.244106">
    <ele>1395.942</ele>
    <time>2026-05-03T12:16:06Z</time>
   </trkpt>
   <trkpt lat="47.613214" lon="11.244166">
    <ele>1393.401</ele>
    <time>2026-05-03T12:16:08Z</time>
   </trkpt>
   <trkpt lat="47.613188" lon="11.244198">
    <ele>1392.096</ele>
    <time>2026-05-03T12:16:10Z</time>
   </trkpt>
   <trkpt lat="47.613107" lon="11.244303">
    <ele>1386.510</ele>
    <time>2026-05-03T12:16:17Z</time>
   </trkpt>
   <trkpt lat="47.613129" lon="11.244074">
    <ele>1380.357</ele>
    <time>2026-05-03T12:16:30Z</time>
   </trkpt>
   <trkpt lat="47.613075" lon="11.244026">
    <ele>1378.461</ele>
    <time>2026-05-03T12:16:37Z</time>
   </trkpt>
   <trkpt lat="47.613023" lon="11.243937">
    <ele>1377.276</ele>
    <time>2026-05-03T12:16:43Z</time>
   </trkpt>
   <trkpt lat="47.612994" lon="11.243830">
    <ele>1376.816</ele>
    <time>2026-05-03T12:16:48Z</time>
   </trkpt>
   <trkpt lat="47.612888" lon="11.243661">
    <ele>1375.753</ele>
    <time>2026-05-03T12:16:53Z</time>
   </trkpt>
   <trkpt lat="47.612729" lon="11.243353">
    <ele>1374.204</ele>
    <time>2026-05-03T12:17:07Z</time>
   </trkpt>
   <trkpt lat="47.612494" lon="11.242906">
    <ele>1369.900</ele>
    <time>2026-05-03T12:17:20Z</time>
   </trkpt>
   <trkpt lat="47.612499" lon="11.242884">
    <ele>1369.546</ele>
    <time>2026-05-03T12:17:21Z</time>
   </trkpt>
   <trkpt lat="47.612559" lon="11.242852">
    <ele>1359.582</ele>
    <time>2026-05-03T12:17:33Z</time>
   </trkpt>
   <trkpt lat="47.612586" lon="11.242819">
    <ele>1354.148</ele>
    <time>2026-05-03T12:17:57Z</time>
   </trkpt>
   <trkpt lat="47.612603" lon="11.242525">
    <ele>1351.404</ele>
    <time>2026-05-03T12:18:12Z</time>
   </trkpt>
   <trkpt lat="47.612611" lon="11.242424">
    <ele>1350.184</ele>
    <time>2026-05-03T12:18:17Z</time>
   </trkpt>
   <trkpt lat="47.612657" lon="11.242362">
    <ele>1348.708</ele>
    <time>2026-05-03T12:18:21Z</time>
   </trkpt>
   <trkpt lat="47.612683" lon="11.242142">
    <ele>1344.856</ele>
    <time>2026-05-03T12:18:31Z</time>
   </trkpt>
   <trkpt lat="47.612657" lon="11.241945">
    <ele>1340.159</ele>
    <time>2026-05-03T12:18:41Z</time>
   </trkpt>
   <trkpt lat="47.612652" lon="11.241878">
    <ele>1338.268</ele>
    <time>2026-05-03T12:18:45Z</time>
   </trkpt>
   <trkpt lat="47.612648" lon="11.241783">
    <ele>1336.316</ele>
    <time>2026-05-03T12:18:50Z</time>
   </trkpt>
   <trkpt lat="47.612641" lon="11.241624">
    <ele>1332.252</ele>
    <time>2026-05-03T12:19:03Z</time>
   </trkpt>
   <trkpt lat="47.612661" lon="11.241384">
    <ele>1330.457</ele>
    <time>2026-05-03T12:19:13Z</time>
   </trkpt>
   <trkpt lat="47.612719" lon="11.241234">
    <ele>1329.354</ele>
    <time>2026-05-03T12:19:19Z</time>
   </trkpt>
   <trkpt lat="47.612716" lon="11.241161">
    <ele>1328.615</ele>
    <time>2026-05-03T12:19:21Z</time>
   </trkpt>
   <trkpt lat="47.612715" lon="11.241038">
    <ele>1328.021</ele>
    <time>2026-05-03T12:19:25Z</time>
   </trkpt>
   <trkpt lat="47.612851" lon="11.240919">
    <ele>1327.739</ele>
    <time>2026-05-03T12:19:32Z</time>
   </trkpt>
   <trkpt lat="47.612768" lon="11.240680">
    <ele>1326.817</ele>
    <time>2026-05-03T12:19:40Z</time>
   </trkpt>
   <trkpt lat="47.612727" lon="11.240437">
    <ele>1324.679</ele>
    <time>2026-05-03T12:19:48Z</time>
   </trkpt>
   <trkpt lat="47.612822" lon="11.240222">
    <ele>1320.933</ele>
    <time>2026-05-03T12:19:58Z</time>
   </trkpt>
   <trkpt lat="47.612935" lon="11.240004">
    <ele>1315.848</ele>
    <time>2026-05-03T12:20:08Z</time>
   </trkpt>
   <trkpt lat="47.612975" lon="11.239846">
    <ele>1312.786</ele>
    <time>2026-05-03T12:20:15Z</time>
   </trkpt>
   <trkpt lat="47.613064" lon="11.239587">
    <ele>1306.955</ele>
    <time>2026-05-03T12:20:27Z</time>
   </trkpt>
   <trkpt lat="47.613082" lon="11.239422">
    <ele>1304.258</ele>
    <time>2026-05-03T12:20:34Z</time>
   </trkpt>
   <trkpt lat="47.613143" lon="11.239310">
    <ele>1300.879</ele>
    <time>2026-05-03T12:20:39Z</time>
   </trkpt>
   <trkpt lat="47.613071" lon="11.239029">
    <ele>1294.804</ele>
    <time>2026-05-03T12:20:48Z</time>
   </trkpt>
   <trkpt lat="47.613094" lon="11.238657">
    <ele>1286.806</ele>
    <time>2026-05-03T12:21:00Z</time>
   </trkpt>
   <trkpt lat="47.613138" lon="11.238264">
    <ele>1281.622</ele>
    <time>2026-05-03T12:21:10Z</time>
   </trkpt>
   <trkpt lat="47.613161" lon="11.238159">
    <ele>1279.937</ele>
    <time>2026-05-03T12:21:13Z</time>
   </trkpt>
   <trkpt lat="47.613168" lon="11.237901">
    <ele>1271.254</ele>
    <time>2026-05-03T12:21:24Z</time>
   </trkpt>
   <trkpt lat="47.613134" lon="11.237663">
    <ele>1269.167</ele>
    <time>2026-05-03T12:21:33Z</time>
   </trkpt>
   <trkpt lat="47.613153" lon="11.237517">
    <ele>1267.151</ele>
    <time>2026-05-03T12:21:38Z</time>
   </trkpt>
   <trkpt lat="47.613147" lon="11.237161">
    <ele>1263.511</ele>
    <time>2026-05-03T12:21:49Z</time>
   </trkpt>
   <trkpt lat="47.613150" lon="11.237044">
    <ele>1262.251</ele>
    <time>2026-05-03T12:21:53Z</time>
   </trkpt>
   <trkpt lat="47.613195" lon="11.236831">
    <ele>1257.955</ele>
    <time>2026-05-03T12:22:02Z</time>
   </trkpt>
   <trkpt lat="47.613217" lon="11.236669">
    <ele>1252.245</ele>
    <time>2026-05-03T12:22:12Z</time>
   </trkpt>
   <trkpt lat="47.613281" lon="11.236646">
    <ele>1251.550</ele>
    <time>2026-05-03T12:22:16Z</time>
   </trkpt>
   <trkpt lat="47.613279" lon="11.236544">
    <ele>1252.885</ele>
    <time>2026-05-03T12:22:19Z</time>
   </trkpt>
   <trkpt lat="47.613325" lon="11.236409">
    <ele>1251.235</ele>
    <time>2026-05-03T12:22:25Z</time>
   </trkpt>
   <trkpt lat="47.613250" lon="11.236191">
    <ele>1249.232</ele>
    <time>2026-05-03T12:22:32Z</time>
   </trkpt>
   <trkpt lat="47.613357" lon="11.236016">
    <ele>1247.152</ele>
    <time>2026-05-03T12:22:42Z</time>
   </trkpt>
   <trkpt lat="47.613354" lon="11.235628">
    <ele>1242.327</ele>
    <time>2026-05-03T12:22:57Z</time>
   </trkpt>
   <trkpt lat="47.613351" lon="11.235457">
    <ele>1242.426</ele>
    <time>2026-05-03T12:23:07Z</time>
   </trkpt>
   <trkpt lat="47.613389" lon="11.235372">
    <ele>1242.682</ele>
    <time>2026-05-03T12:23:11Z</time>
   </trkpt>
   <trkpt lat="47.613389" lon="11.234982">
    <ele>1238.876</ele>
    <time>2026-05-03T12:23:37Z</time>
   </trkpt>
   <trkpt lat="47.613399" lon="11.234568">
    <ele>1235.286</ele>
    <time>2026-05-03T12:23:58Z</time>
   </trkpt>
   <trkpt lat="47.613449" lon="11.234143">
    <ele>1231.698</ele>
    <time>2026-05-03T12:24:16Z</time>
   </trkpt>
   <trkpt lat="47.613447" lon="11.234127">
    <ele>1231.276</ele>
    <time>2026-05-03T12:24:17Z</time>
   </trkpt>
   <trkpt lat="47.613464" lon="11.234085">
    <ele>1230.650</ele>
    <time>2026-05-03T12:24:20Z</time>
   </trkpt>
   <trkpt lat="47.613597" lon="11.233961">
    <ele>1227.223</ele>
    <time>2026-05-03T12:24:32Z</time>
   </trkpt>
   <trkpt lat="47.613596" lon="11.233926">
    <ele>1226.504</ele>
    <time>2026-05-03T12:24:34Z</time>
   </trkpt>
   <trkpt lat="47.613722" lon="11.233670">
    <ele>1222.255</ele>
    <time>2026-05-03T12:24:56Z</time>
   </trkpt>
   <trkpt lat="47.613797" lon="11.233299">
    <ele>1216.332</ele>
    <time>2026-05-03T12:25:13Z</time>
   </trkpt>
   <trkpt lat="47.613808" lon="11.233266">
    <ele>1215.672</ele>
    <time>2026-05-03T12:25:14Z</time>
   </trkpt>
   <trkpt lat="47.613843" lon="11.232983">
    <ele>1211.368</ele>
    <time>2026-05-03T12:25:26Z</time>
   </trkpt>
   <trkpt lat="47.613896" lon="11.232865">
    <ele>1208.546</ele>
    <time>2026-05-03T12:25:31Z</time>
   </trkpt>
   <trkpt lat="47.613891" lon="11.232769">
    <ele>1204.008</ele>
    <time>2026-05-03T12:25:40Z</time>
   </trkpt>
   <trkpt lat="47.613874" lon="11.232636">
    <ele>1200.828</ele>
    <time>2026-05-03T12:25:47Z</time>
   </trkpt>
   <trkpt lat="47.613889" lon="11.232517">
    <ele>1196.771</ele>
    <time>2026-05-03T12:25:54Z</time>
   </trkpt>
   <trkpt lat="47.613950" lon="11.232372">
    <ele>1191.119</ele>
    <time>2026-05-03T12:26:01Z</time>
   </trkpt>
   <trkpt lat="47.613995" lon="11.232307">
    <ele>1188.249</ele>
    <time>2026-05-03T12:26:05Z</time>
   </trkpt>
   <trkpt lat="47.614062" lon="11.232225">
    <ele>1183.605</ele>
    <time>2026-05-03T12:26:10Z</time>
   </trkpt>
   <trkpt lat="47.614184" lon="11.232094">
    <ele>1172.199</ele>
    <time>2026-05-03T12:26:27Z</time>
   </trkpt>
   <trkpt lat="47.614225" lon="11.232076">
    <ele>1171.148</ele>
    <time>2026-05-03T12:26:29Z</time>
   </trkpt>
   <trkpt lat="47.614296" lon="11.232060">
    <ele>1169.287</ele>
    <time>2026-05-03T12:26:34Z</time>
   </trkpt>
   <trkpt lat="47.614411" lon="11.231900">
    <ele>1164.741</ele>
    <time>2026-05-03T12:26:46Z</time>
   </trkpt>
   <trkpt lat="47.614417" lon="11.231891">
    <ele>1164.526</ele>
    <time>2026-05-03T12:26:47Z</time>
   </trkpt>
   <trkpt lat="47.614563" lon="11.231651">
    <ele>1158.818</ele>
    <time>2026-05-03T12:27:01Z</time>
   </trkpt>
   <trkpt lat="47.614583" lon="11.231541">
    <ele>1154.464</ele>
    <time>2026-05-03T12:27:10Z</time>
   </trkpt>
   <trkpt lat="47.614636" lon="11.231508">
    <ele>1153.430</ele>
    <time>2026-05-03T12:27:13Z</time>
   </trkpt>
   <trkpt lat="47.614674" lon="11.231467">
    <ele>1152.747</ele>
    <time>2026-05-03T12:27:15Z</time>
   </trkpt>
   <trkpt lat="47.614607" lon="11.231403">
    <ele>1149.923</ele>
    <time>2026-05-03T12:27:23Z</time>
   </trkpt>
   <trkpt lat="47.614457" lon="11.231399">
    <ele>1146.241</ele>
    <time>2026-05-03T12:27:36Z</time>
   </trkpt>
   <trkpt lat="47.614413" lon="11.231380">
    <ele>1145.591</ele>
    <time>2026-05-03T12:27:39Z</time>
   </trkpt>
   <trkpt lat="47.614469" lon="11.231250">
    <ele>1141.621</ele>
    <time>2026-05-03T12:27:53Z</time>
   </trkpt>
   <trkpt lat="47.614624" lon="11.231041">
    <ele>1139.490</ele>
    <time>2026-05-03T12:28:12Z</time>
   </trkpt>
   <trkpt lat="47.614651" lon="11.231022">
    <ele>1138.875</ele>
    <time>2026-05-03T12:28:14Z</time>
   </trkpt>
   <trkpt lat="47.614745" lon="11.230851">
    <ele>1134.312</ele>
    <time>2026-05-03T12:28:26Z</time>
   </trkpt>
   <trkpt lat="47.614750" lon="11.230797">
    <ele>1132.985</ele>
    <time>2026-05-03T12:28:30Z</time>
   </trkpt>
   <trkpt lat="47.614771" lon="11.230737">
    <ele>1131.580</ele>
    <time>2026-05-03T12:28:33Z</time>
   </trkpt>
   <trkpt lat="47.614810" lon="11.230616">
    <ele>1129.160</ele>
    <time>2026-05-03T12:28:39Z</time>
   </trkpt>
   <trkpt lat="47.614839" lon="11.230619">
    <ele>1119.300</ele>
    <time>2026-05-03T12:28:51Z</time>
   </trkpt>
   <trkpt lat="47.614849" lon="11.230565">
    <ele>1117.846</ele>
    <time>2026-05-03T12:29:08Z</time>
   </trkpt>
   <trkpt lat="47.614813" lon="11.230550">
    <ele>1117.140</ele>
    <time>2026-05-03T12:29:11Z</time>
   </trkpt>
   <trkpt lat="47.614776" lon="11.230500">
    <ele>1115.885</ele>
    <time>2026-05-03T12:29:16Z</time>
   </trkpt>
   <trkpt lat="47.614675" lon="11.230538">
    <ele>1111.297</ele>
    <time>2026-05-03T12:29:22Z</time>
   </trkpt>
   <trkpt lat="47.614588" lon="11.230564">
    <ele>1101.573</ele>
    <time>2026-05-03T12:29:36Z</time>
   </trkpt>
   <trkpt lat="47.614567" lon="11.230512">
    <ele>1098.755</ele>
    <time>2026-05-03T12:29:43Z</time>
   </trkpt>
   <trkpt lat="47.614573" lon="11.230418">
    <ele>1096.649</ele>
    <time>2026-05-03T12:29:48Z</time>
   </trkpt>
   <trkpt lat="47.614608" lon="11.230338">
    <ele>1095.012</ele>
    <time>2026-05-03T12:29:52Z</time>
   </trkpt>
   <trkpt lat="47.614595" lon="11.230262">
    <ele>1092.044</ele>
    <time>2026-05-03T12:29:59Z</time>
   </trkpt>
   <trkpt lat="47.614735" lon="11.230101">
    <ele>1087.093</ele>
    <time>2026-05-03T12:30:12Z</time>
   </trkpt>
   <trkpt lat="47.614755" lon="11.230070">
    <ele>1086.350</ele>
    <time>2026-05-03T12:30:16Z</time>
   </trkpt>
   <trkpt lat="47.614791" lon="11.230020">
    <ele>1084.597</ele>
    <time>2026-05-03T12:30:21Z</time>
   </trkpt>
   <trkpt lat="47.614831" lon="11.229966">
    <ele>1076.948</ele>
    <time>2026-05-03T12:30:33Z</time>
   </trkpt>
   <trkpt lat="47.614848" lon="11.229968">
    <ele>1075.868</ele>
    <time>2026-05-03T12:30:35Z</time>
   </trkpt>
   <trkpt lat="47.614875" lon="11.229973">
    <ele>1075.220</ele>
    <time>2026-05-03T12:30:37Z</time>
   </trkpt>
   <trkpt lat="47.614905" lon="11.229967">
    <ele>1074.084</ele>
    <time>2026-05-03T12:30:39Z</time>
   </trkpt>
   <trkpt lat="47.614998" lon="11.230044">
    <ele>1068.369</ele>
    <time>2026-05-03T12:30:58Z</time>
   </trkpt>
   <trkpt lat="47.615113" lon="11.230133">
    <ele>1064.185</ele>
    <time>2026-05-03T12:31:15Z</time>
   </trkpt>
   <trkpt lat="47.615338" lon="11.230233">
    <ele>1061.474</ele>
    <time>2026-05-03T12:31:38Z</time>
   </trkpt>
   <trkpt lat="47.615437" lon="11.230325">
    <ele>1060.287</ele>
    <time>2026-05-03T12:31:46Z</time>
   </trkpt>
   <trkpt lat="47.615637" lon="11.230484">
    <ele>1057.815</ele>
    <time>2026-05-03T12:31:59Z</time>
   </trkpt>
   <trkpt lat="47.615655" lon="11.230496">
    <ele>1057.781</ele>
    <time>2026-05-03T12:32:00Z</time>
   </trkpt>
   <trkpt lat="47.615711" lon="11.230572">
    <ele>1057.028</ele>
    <time>2026-05-03T12:32:04Z</time>
   </trkpt>
   <trkpt lat="47.615745" lon="11.230637">
    <ele>1056.334</ele>
    <time>2026-05-03T12:32:09Z</time>
   </trkpt>
   <trkpt lat="47.615882" lon="11.230659">
    <ele>1054.032</ele>
    <time>2026-05-03T12:32:16Z</time>
   </trkpt>
   <trkpt lat="47.615975" lon="11.230788">
    <ele>1051.409</ele>
    <time>2026-05-03T12:32:25Z</time>
   </trkpt>
   <trkpt lat="47.616026" lon="11.230838">
    <ele>1050.965</ele>
    <time>2026-05-03T12:32:29Z</time>
   </trkpt>
   <trkpt lat="47.616026" lon="11.230933">
    <ele>1049.261</ele>
    <time>2026-05-03T12:32:35Z</time>
   </trkpt>
   <trkpt lat="47.616115" lon="11.231036">
    <ele>1048.017</ele>
    <time>2026-05-03T12:32:45Z</time>
   </trkpt>
   <trkpt lat="47.616204" lon="11.231097">
    <ele>1046.641</ele>
    <time>2026-05-03T12:32:52Z</time>
   </trkpt>
   <trkpt lat="47.616509" lon="11.231162">
    <ele>1043.571</ele>
    <time>2026-05-03T12:33:04Z</time>
   </trkpt>
   <trkpt lat="47.616532" lon="11.231148">
    <ele>1042.978</ele>
    <time>2026-05-03T12:33:05Z</time>
   </trkpt>
   <trkpt lat="47.616720" lon="11.231274">
    <ele>1035.073</ele>
    <time>2026-05-03T12:33:17Z</time>
   </trkpt>
   <trkpt lat="47.616840" lon="11.231308">
    <ele>1031.213</ele>
    <time>2026-05-03T12:33:27Z</time>
   </trkpt>
   <trkpt lat="47.616947" lon="11.231417">
    <ele>1020.792</ele>
    <time>2026-05-03T12:33:40Z</time>
   </trkpt>
   <trkpt lat="47.617212" lon="11.231585">
    <ele>1009.059</ele>
    <time>2026-05-03T12:34:00Z</time>
   </trkpt>
   <trkpt lat="47.617386" lon="11.231728">
    <ele>1000.624</ele>
    <time>2026-05-03T12:34:17Z</time>
   </trkpt>
   <trkpt lat="47.617512" lon="11.231872">
    <ele>989.482</ele>
    <time>2026-05-03T12:34:32Z</time>
   </trkpt>
   <trkpt lat="47.617685" lon="11.231979">
    <ele>986.100</ele>
    <time>2026-05-03T12:34:47Z</time>
   </trkpt>
   <trkpt lat="47.617815" lon="11.231987">
    <ele>983.911</ele>
    <time>2026-05-03T12:34:58Z</time>
   </trkpt>
   <trkpt lat="47.617825" lon="11.231992">
    <ele>983.831</ele>
    <time>2026-05-03T12:34:59Z</time>
   </trkpt>
   <trkpt lat="47.618018" lon="11.231955">
    <ele>983.146</ele>
    <time>2026-05-03T12:35:12Z</time>
   </trkpt>
   <trkpt lat="47.618210" lon="11.232003">
    <ele>982.177</ele>
    <time>2026-05-03T12:35:24Z</time>
   </trkpt>
   <trkpt lat="47.618232" lon="11.232016">
    <ele>982.130</ele>
    <time>2026-05-03T12:35:25Z</time>
   </trkpt>
   <trkpt lat="47.618339" lon="11.232036">
    <ele>977.647</ele>
    <time>2026-05-03T12:35:36Z</time>
   </trkpt>
   <trkpt lat="47.618493" lon="11.232072">
    <ele>973.593</ele>
    <time>2026-05-03T12:35:47Z</time>
   </trkpt>
   <trkpt lat="47.618572" lon="11.232076">
    <ele>962.705</ele>
    <time>2026-05-03T12:35:59Z</time>
   </trkpt>
   <trkpt lat="47.618585" lon="11.232077">
    <ele>961.534</ele>
    <time>2026-05-03T12:36:01Z</time>
   </trkpt>
   <trkpt lat="47.618850" lon="11.232234">
    <ele>950.050</ele>
    <time>2026-05-03T12:36:24Z</time>
   </trkpt>
   <trkpt lat="47.618992" lon="11.232298">
    <ele>945.433</ele>
    <time>2026-05-03T12:36:37Z</time>
   </trkpt>
   <trkpt lat="47.619097" lon="11.232376">
    <ele>943.405</ele>
    <time>2026-05-03T12:36:45Z</time>
   </trkpt>
   <trkpt lat="47.619139" lon="11.232346">
    <ele>942.062</ele>
    <time>2026-05-03T12:36:49Z</time>
   </trkpt>
   <trkpt lat="47.619165" lon="11.232314">
    <ele>941.450</ele>
    <time>2026-05-03T12:36:51Z</time>
   </trkpt>
   <trkpt lat="47.619298" lon="11.232287">
    <ele>934.847</ele>
    <time>2026-05-03T12:37:03Z</time>
   </trkpt>
   <trkpt lat="47.619322" lon="11.232310">
    <ele>934.146</ele>
    <time>2026-05-03T12:37:05Z</time>
   </trkpt>
   <trkpt lat="47.619465" lon="11.232396">
    <ele>927.885</ele>
    <time>2026-05-03T12:37:19Z</time>
   </trkpt>
   <trkpt lat="47.619529" lon="11.232348">
    <ele>925.013</ele>
    <time>2026-05-03T12:37:23Z</time>
   </trkpt>
   <trkpt lat="47.619541" lon="11.232343">
    <ele>923.298</ele>
    <time>2026-05-03T12:37:26Z</time>
   </trkpt>
   <trkpt lat="47.619697" lon="11.232344">
    <ele>916.661</ele>
    <time>2026-05-03T12:37:37Z</time>
   </trkpt>
   <trkpt lat="47.619720" lon="11.232394">
    <ele>914.517</ele>
    <time>2026-05-03T12:37:40Z</time>
   </trkpt>
   <trkpt lat="47.619803" lon="11.232551">
    <ele>908.181</ele>
    <time>2026-05-03T12:37:50Z</time>
   </trkpt>
   <trkpt lat="47.619881" lon="11.232778">
    <ele>901.211</ele>
    <time>2026-05-03T12:38:07Z</time>
   </trkpt>
   <trkpt lat="47.620128" lon="11.233085">
    <ele>890.672</ele>
    <time>2026-05-03T12:38:29Z</time>
   </trkpt>
   <trkpt lat="47.620311" lon="11.233238">
    <ele>883.432</ele>
    <time>2026-05-03T12:38:44Z</time>
   </trkpt>
   <trkpt lat="47.620391" lon="11.233253">
    <ele>881.511</ele>
    <time>2026-05-03T12:38:48Z</time>
   </trkpt>
   <trkpt lat="47.620454" lon="11.233364">
    <ele>876.287</ele>
    <time>2026-05-03T12:38:56Z</time>
   </trkpt>
   <trkpt lat="47.620465" lon="11.233393">
    <ele>874.858</ele>
    <time>2026-05-03T12:38:58Z</time>
   </trkpt>
   <trkpt lat="47.620481" lon="11.233518">
    <ele>864.107</ele>
    <time>2026-05-03T12:39:07Z</time>
   </trkpt>
   <trkpt lat="47.620585" lon="11.233809">
    <ele>855.173</ele>
    <time>2026-05-03T12:39:18Z</time>
   </trkpt>
   <trkpt lat="47.620629" lon="11.233858">
    <ele>853.820</ele>
    <time>2026-05-03T12:39:21Z</time>
   </trkpt>
   <trkpt lat="47.620662" lon="11.233939">
    <ele>850.326</ele>
    <time>2026-05-03T12:39:25Z</time>
   </trkpt>
   <trkpt lat="47.620830" lon="11.234122">
    <ele>841.861</ele>
    <time>2026-05-03T12:39:40Z</time>
   </trkpt>
   <trkpt lat="47.620849" lon="11.234175">
    <ele>840.647</ele>
    <time>2026-05-03T12:39:44Z</time>
   </trkpt>
   <trkpt lat="47.620895" lon="11.234255">
    <ele>840.008</ele>
    <time>2026-05-03T12:39:50Z</time>
   </trkpt>
   <trkpt lat="47.620954" lon="11.234312">
    <ele>840.058</ele>
    <time>2026-05-03T12:39:54Z</time>
   </trkpt>
   <trkpt lat="47.620955" lon="11.234406">
    <ele>839.464</ele>
    <time>2026-05-03T12:39:59Z</time>
   </trkpt>
   <trkpt lat="47.621043" lon="11.234605">
    <ele>836.691</ele>
    <time>2026-05-03T12:40:10Z</time>
   </trkpt>
   <trkpt lat="47.621061" lon="11.234786">
    <ele>836.752</ele>
    <time>2026-05-03T12:40:20Z</time>
   </trkpt>
   <trkpt lat="47.621054" lon="11.234840">
    <ele>837.772</ele>
    <time>2026-05-03T12:40:24Z</time>
   </trkpt>
   <trkpt lat="47.621082" lon="11.234943">
    <ele>837.342</ele>
    <time>2026-05-03T12:40:29Z</time>
   </trkpt>
   <trkpt lat="47.621136" lon="11.235059">
    <ele>835.665</ele>
    <time>2026-05-03T12:40:36Z</time>
   </trkpt>
   <trkpt lat="47.621190" lon="11.235270">
    <ele>832.587</ele>
    <time>2026-05-03T12:40:45Z</time>
   </trkpt>
   <trkpt lat="47.621325" lon="11.235375">
    <ele>830.947</ele>
    <time>2026-05-03T12:40:53Z</time>
   </trkpt>
   <trkpt lat="47.621368" lon="11.235399">
    <ele>830.722</ele>
    <time>2026-05-03T12:40:57Z</time>
   </trkpt>
   <trkpt lat="47.621503" lon="11.235612">
    <ele>831.499</ele>
    <time>2026-05-03T12:41:12Z</time>
   </trkpt>
   <trkpt lat="47.621514" lon="11.235615">
    <ele>831.656</ele>
    <time>2026-05-03T12:41:13Z</time>
   </trkpt>
   <trkpt lat="47.621537" lon="11.235649">
    <ele>831.677</ele>
    <time>2026-05-03T12:41:15Z</time>
   </trkpt>
   <trkpt lat="47.621667" lon="11.235695">
    <ele>826.382</ele>
    <time>2026-05-03T12:41:29Z</time>
   </trkpt>
   <trkpt lat="47.621735" lon="11.235693">
    <ele>824.749</ele>
    <time>2026-05-03T12:41:35Z</time>
   </trkpt>
   <trkpt lat="47.621963" lon="11.235779">
    <ele>818.737</ele>
    <time>2026-05-03T12:41:47Z</time>
   </trkpt>
   <trkpt lat="47.621999" lon="11.235807">
    <ele>817.140</ele>
    <time>2026-05-03T12:41:50Z</time>
   </trkpt>
   <trkpt lat="47.622177" lon="11.236082">
    <ele>812.470</ele>
    <time>2026-05-03T12:42:04Z</time>
   </trkpt>
   <trkpt lat="47.622208" lon="11.236122">
    <ele>811.340</ele>
    <time>2026-05-03T12:42:07Z</time>
   </trkpt>
   <trkpt lat="47.622303" lon="11.236286">
    <ele>809.269</ele>
    <time>2026-05-03T12:42:25Z</time>
   </trkpt>
   <trkpt lat="47.622358" lon="11.236273">
    <ele>808.321</ele>
    <time>2026-05-03T12:42:30Z</time>
   </trkpt>
   <trkpt lat="47.622532" lon="11.236338">
    <ele>809.206</ele>
    <time>2026-05-03T12:42:40Z</time>
   </trkpt>
   <trkpt lat="47.622664" lon="11.236340">
    <ele>805.503</ele>
    <time>2026-05-03T12:42:47Z</time>
   </trkpt>
   <trkpt lat="47.622693" lon="11.236333">
    <ele>805.191</ele>
    <time>2026-05-03T12:42:50Z</time>
   </trkpt>
   <trkpt lat="47.622707" lon="11.236316">
    <ele>805.006</ele>
    <time>2026-05-03T12:42:53Z</time>
   </trkpt>
   <trkpt lat="47.622824" lon="11.236219">
    <ele>801.189</ele>
    <time>2026-05-03T12:43:06Z</time>
   </trkpt>
   <trkpt lat="47.623100" lon="11.235999">
    <ele>796.627</ele>
    <time>2026-05-03T12:43:29Z</time>
   </trkpt>
   <trkpt lat="47.623332" lon="11.236036">
    <ele>792.871</ele>
    <time>2026-05-03T12:43:42Z</time>
   </trkpt>
   <trkpt lat="47.623662" lon="11.236165">
    <ele>785.634</ele>
    <time>2026-05-03T12:43:56Z</time>
   </trkpt>
   <trkpt lat="47.623696" lon="11.236136">
    <ele>778.330</ele>
    <time>2026-05-03T12:44:00Z</time>
   </trkpt>
   <trkpt lat="47.623795" lon="11.236128">
    <ele>771.047</ele>
    <time>2026-05-03T12:44:13Z</time>
   </trkpt>
   <trkpt lat="47.623823" lon="11.236095">
    <ele>770.422</ele>
    <time>2026-05-03T12:44:16Z</time>
   </trkpt>
   <trkpt lat="47.623903" lon="11.236071">
    <ele>770.326</ele>
    <time>2026-05-03T12:44:21Z</time>
   </trkpt>
   <trkpt lat="47.624118" lon="11.236056">
    <ele>763.695</ele>
    <time>2026-05-03T12:44:34Z</time>
   </trkpt>
   <trkpt lat="47.624278" lon="11.236110">
    <ele>759.044</ele>
    <time>2026-05-03T12:44:47Z</time>
   </trkpt>
   <trkpt lat="47.624358" lon="11.236237">
    <ele>760.764</ele>
    <time>2026-05-03T12:44:56Z</time>
   </trkpt>
   <trkpt lat="47.624586" lon="11.236329">
    <ele>765.176</ele>
    <time>2026-05-03T12:45:10Z</time>
   </trkpt>
   <trkpt lat="47.624842" lon="11.236440">
    <ele>766.763</ele>
    <time>2026-05-03T12:45:27Z</time>
   </trkpt>
   <trkpt lat="47.625030" lon="11.236506">
    <ele>767.115</ele>
    <time>2026-05-03T12:45:41Z</time>
   </trkpt>
   <trkpt lat="47.625162" lon="11.236512">
    <ele>766.262</ele>
    <time>2026-05-03T12:45:50Z</time>
   </trkpt>
   <trkpt lat="47.625324" lon="11.236355">
    <ele>756.439</ele>
    <time>2026-05-03T12:45:58Z</time>
   </trkpt>
   <trkpt lat="47.625355" lon="11.236324">
    <ele>753.736</ele>
    <time>2026-05-03T12:46:00Z</time>
   </trkpt>
   <trkpt lat="47.625526" lon="11.236139">
    <ele>745.741</ele>
    <time>2026-05-03T12:46:14Z</time>
   </trkpt>
   <trkpt lat="47.625713" lon="11.236026">
    <ele>737.885</ele>
    <time>2026-05-03T12:46:30Z</time>
   </trkpt>
   <trkpt lat="47.625740" lon="11.235963">
    <ele>738.249</ele>
    <time>2026-05-03T12:46:41Z</time>
   </trkpt>
   <trkpt lat="47.625934" lon="11.235776">
    <ele>733.131</ele>
    <time>2026-05-03T12:46:55Z</time>
   </trkpt>
   <trkpt lat="47.625997" lon="11.235674">
    <ele>730.342</ele>
    <time>2026-05-03T12:47:00Z</time>
   </trkpt>
   <trkpt lat="47.626022" lon="11.235629">
    <ele>729.344</ele>
    <time>2026-05-03T12:47:03Z</time>
   </trkpt>
   <trkpt lat="47.626083" lon="11.235557">
    <ele>725.092</ele>
    <time>2026-05-03T12:47:08Z</time>
   </trkpt>
   <trkpt lat="47.626152" lon="11.235444">
    <ele>722.483</ele>
    <time>2026-05-03T12:47:14Z</time>
   </trkpt>
   <trkpt lat="47.626383" lon="11.235343">
    <ele>718.348</ele>
    <time>2026-05-03T12:47:30Z</time>
   </trkpt>
   <trkpt lat="47.626576" lon="11.235490">
    <ele>708.730</ele>
    <time>2026-05-03T12:47:45Z</time>
   </trkpt>
   <trkpt lat="47.626869" lon="11.235570">
    <ele>704.790</ele>
    <time>2026-05-03T12:48:06Z</time>
   </trkpt>
   <trkpt lat="47.627231" lon="11.235654">
    <ele>700.858</ele>
    <time>2026-05-03T12:48:32Z</time>
   </trkpt>
   <trkpt lat="47.627247" lon="11.235661">
    <ele>700.537</ele>
    <time>2026-05-03T12:48:33Z</time>
   </trkpt>
   <trkpt lat="47.627328" lon="11.235726">
    <ele>698.654</ele>
    <time>2026-05-03T12:48:40Z</time>
   </trkpt>
   <trkpt lat="47.627378" lon="11.235770">
    <ele>697.377</ele>
    <time>2026-05-03T12:48:44Z</time>
   </trkpt>
   <trkpt lat="47.627439" lon="11.235818">
    <ele>696.157</ele>
    <time>2026-05-03T12:48:48Z</time>
   </trkpt>
   <trkpt lat="47.627590" lon="11.235951">
    <ele>693.282</ele>
    <time>2026-05-03T12:48:58Z</time>
   </trkpt>
   <trkpt lat="47.627719" lon="11.236068">
    <ele>689.408</ele>
    <time>2026-05-03T12:49:10Z</time>
   </trkpt>
   <trkpt lat="47.627727" lon="11.236070">
    <ele>689.446</ele>
    <time>2026-05-03T12:49:11Z</time>
   </trkpt>
   <trkpt lat="47.627911" lon="11.236239">
    <ele>686.706</ele>
    <time>2026-05-03T12:49:25Z</time>
   </trkpt>
   <trkpt lat="47.628094" lon="11.236518">
    <ele>688.968</ele>
    <time>2026-05-03T12:49:42Z</time>
   </trkpt>
   <trkpt lat="47.628148" lon="11.236553">
    <ele>688.286</ele>
    <time>2026-05-03T12:49:46Z</time>
   </trkpt>
   <trkpt lat="47.628248" lon="11.236638">
    <ele>690.203</ele>
    <time>2026-05-03T12:49:55Z</time>
   </trkpt>
   <trkpt lat="47.628380" lon="11.236678">
    <ele>691.667</ele>
    <time>2026-05-03T12:50:03Z</time>
   </trkpt>
   <trkpt lat="47.628582" lon="11.236717">
    <ele>689.844</ele>
    <time>2026-05-03T12:50:21Z</time>
   </trkpt>
   <trkpt lat="47.628707" lon="11.236777">
    <ele>687.222</ele>
    <time>2026-05-03T12:50:31Z</time>
   </trkpt>
   <trkpt lat="47.628851" lon="11.236868">
    <ele>682.694</ele>
    <time>2026-05-03T12:50:42Z</time>
   </trkpt>
   <trkpt lat="47.629082" lon="11.236977">
    <ele>678.032</ele>
    <time>2026-05-03T12:50:59Z</time>
   </trkpt>
   <trkpt lat="47.629327" lon="11.237015">
    <ele>677.689</ele>
    <time>2026-05-03T12:51:13Z</time>
   </trkpt>
   <trkpt lat="47.629563" lon="11.237028">
    <ele>686.293</ele>
    <time>2026-05-03T12:51:30Z</time>
   </trkpt>
   <trkpt lat="47.629585" lon="11.237026">
    <ele>686.460</ele>
    <time>2026-05-03T12:51:35Z</time>
   </trkpt>
   <trkpt lat="47.629623" lon="11.236983">
    <ele>687.227</ele>
    <time>2026-05-03T12:51:39Z</time>
   </trkpt>
   <trkpt lat="47.629775" lon="11.236930">
    <ele>686.612</ele>
    <time>2026-05-03T12:51:50Z</time>
   </trkpt>
   <trkpt lat="47.629890" lon="11.236786">
    <ele>687.203</ele>
    <time>2026-05-03T12:52:01Z</time>
   </trkpt>
   <trkpt lat="47.630000" lon="11.236630">
    <ele>685.410</ele>
    <time>2026-05-03T12:52:12Z</time>
   </trkpt>
   <trkpt lat="47.630047" lon="11.236498">
    <ele>685.127</ele>
    <time>2026-05-03T12:52:18Z</time>
   </trkpt>
   <trkpt lat="47.630092" lon="11.236406">
    <ele>685.609</ele>
    <time>2026-05-03T12:52:22Z</time>
   </trkpt>
   <trkpt lat="47.630109" lon="11.236373">
    <ele>685.019</ele>
    <time>2026-05-03T12:52:26Z</time>
   </trkpt>
   <trkpt lat="47.629921" lon="11.236190">
    <ele>685.646</ele>
    <time>2026-05-03T12:52:38Z</time>
   </trkpt>
   <trkpt lat="47.629894" lon="11.236102">
    <ele>686.246</ele>
    <time>2026-05-03T12:52:42Z</time>
   </trkpt>
   <trkpt lat="47.629836" lon="11.235826">
    <ele>687.041</ele>
    <time>2026-05-03T12:52:56Z</time>
   </trkpt>
   <trkpt lat="47.629845" lon="11.235432">
    <ele>685.190</ele>
    <time>2026-05-03T12:53:15Z</time>
   </trkpt>
   <trkpt lat="47.629747" lon="11.235203">
    <ele>685.383</ele>
    <time>2026-05-03T12:53:27Z</time>
   </trkpt>
   <trkpt lat="47.629674" lon="11.234762">
    <ele>681.423</ele>
    <time>2026-05-03T12:53:49Z</time>
   </trkpt>
   <trkpt lat="47.629657" lon="11.234724">
    <ele>680.984</ele>
    <time>2026-05-03T12:53:51Z</time>
   </trkpt>
   <trkpt lat="47.629673" lon="11.234582">
    <ele>679.109</ele>
    <time>2026-05-03T12:53:59Z</time>
   </trkpt>
   <trkpt lat="47.629704" lon="11.234275">
    <ele>675.672</ele>
    <time>2026-05-03T12:54:14Z</time>
   </trkpt>
   <trkpt lat="47.629672" lon="11.233941">
    <ele>671.135</ele>
    <time>2026-05-03T12:54:28Z</time>
   </trkpt>
   <trkpt lat="47.629623" lon="11.233625">
    <ele>666.295</ele>
    <time>2026-05-03T12:54:42Z</time>
   </trkpt>
   <trkpt lat="47.629610" lon="11.233552">
    <ele>665.035</ele>
    <time>2026-05-03T12:54:46Z</time>
   </trkpt>
   <trkpt lat="47.629552" lon="11.233282">
    <ele>658.276</ele>
    <time>2026-05-03T12:54:59Z</time>
   </trkpt>
   <trkpt lat="47.629529" lon="11.233199">
    <ele>656.042</ele>
    <time>2026-05-03T12:55:03Z</time>
   </trkpt>
   <trkpt lat="47.629532" lon="11.233145">
    <ele>655.100</ele>
    <time>2026-05-03T12:55:06Z</time>
   </trkpt>
   <trkpt lat="47.629526" lon="11.233109">
    <ele>655.315</ele>
    <time>2026-05-03T12:55:08Z</time>
   </trkpt>
   <trkpt lat="47.629529" lon="11.232949">
    <ele>655.080</ele>
    <time>2026-05-03T12:55:14Z</time>
   </trkpt>
   <trkpt lat="47.629528" lon="11.232907">
    <ele>655.957</ele>
    <time>2026-05-03T12:55:16Z</time>
   </trkpt>
   <trkpt lat="47.629530" lon="11.232775">
    <ele>655.933</ele>
    <time>2026-05-03T12:55:23Z</time>
   </trkpt>
   <trkpt lat="47.629531" lon="11.232743">
    <ele>656.130</ele>
    <time>2026-05-03T12:55:25Z</time>
   </trkpt>
   <trkpt lat="47.629491" lon="11.232532">
    <ele>657.757</ele>
    <time>2026-05-03T12:55:33Z</time>
   </trkpt>
   <trkpt lat="47.629523" lon="11.232320">
    <ele>662.410</ele>
    <time>2026-05-03T12:55:44Z</time>
   </trkpt>
   <trkpt lat="47.629527" lon="11.232033">
    <ele>662.638</ele>
    <time>2026-05-03T12:55:58Z</time>
   </trkpt>
   <trkpt lat="47.629486" lon="11.231772">
    <ele>664.504</ele>
    <time>2026-05-03T12:56:11Z</time>
   </trkpt>
   <trkpt lat="47.629433" lon="11.231669">
    <ele>665.398</ele>
    <time>2026-05-03T12:56:16Z</time>
   </trkpt>
   <trkpt lat="47.629380" lon="11.231539">
    <ele>665.645</ele>
    <time>2026-05-03T12:56:21Z</time>
   </trkpt>
   <trkpt lat="47.629324" lon="11.231354">
    <ele>666.679</ele>
    <time>2026-05-03T12:56:29Z</time>
   </trkpt>
   <trkpt lat="47.629312" lon="11.231248">
    <ele>663.743</ele>
    <time>2026-05-03T12:56:36Z</time>
   </trkpt>
   <trkpt lat="47.629172" lon="11.230975">
    <ele>658.736</ele>
    <time>2026-05-03T12:56:52Z</time>
   </trkpt>
   <trkpt lat="47.629056" lon="11.230677">
    <ele>655.854</ele>
    <time>2026-05-03T12:57:07Z</time>
   </trkpt>
   <trkpt lat="47.628961" lon="11.230459">
    <ele>653.889</ele>
    <time>2026-05-03T12:57:19Z</time>
   </trkpt>
   <trkpt lat="47.628927" lon="11.230373">
    <ele>653.678</ele>
    <time>2026-05-03T12:57:24Z</time>
   </trkpt>
   <trkpt lat="47.628862" lon="11.230148">
    <ele>653.964</ele>
    <time>2026-05-03T12:57:36Z</time>
   </trkpt>
   <trkpt lat="47.628853" lon="11.229856">
    <ele>655.113</ele>
    <time>2026-05-03T12:57:50Z</time>
   </trkpt>
   <trkpt lat="47.628859" lon="11.229809">
    <ele>654.807</ele>
    <time>2026-05-03T12:57:52Z</time>
   </trkpt>
   <trkpt lat="47.628864" lon="11.229674">
    <ele>652.029</ele>
    <time>2026-05-03T12:57:56Z</time>
   </trkpt>
   <trkpt lat="47.628872" lon="11.229483">
    <ele>649.161</ele>
    <time>2026-05-03T12:58:06Z</time>
   </trkpt>
   <trkpt lat="47.628872" lon="11.229480">
    <ele>649.250</ele>
    <time>2026-05-03T12:58:07Z</time>
   </trkpt>
   <trkpt lat="47.628877" lon="11.229397">
    <ele>649.285</ele>
    <time>2026-05-03T12:58:11Z</time>
   </trkpt>
   <trkpt lat="47.628887" lon="11.229321">
    <ele>651.945</ele>
    <time>2026-05-03T12:58:16Z</time>
   </trkpt>
   <trkpt lat="47.628890" lon="11.229292">
    <ele>652.179</ele>
    <time>2026-05-03T12:58:18Z</time>
   </trkpt>
   <trkpt lat="47.628874" lon="11.229170">
    <ele>652.273</ele>
    <time>2026-05-03T12:58:23Z</time>
   </trkpt>
   <trkpt lat="47.628879" lon="11.229119">
    <ele>651.707</ele>
    <time>2026-05-03T12:58:25Z</time>
   </trkpt>
   <trkpt lat="47.628867" lon="11.228960">
    <ele>650.803</ele>
    <time>2026-05-03T12:58:30Z</time>
   </trkpt>
   <trkpt lat="47.628928" lon="11.228836">
    <ele>651.808</ele>
    <time>2026-05-03T12:58:39Z</time>
   </trkpt>
   <trkpt lat="47.628959" lon="11.228762">
    <ele>654.477</ele>
    <time>2026-05-03T12:58:43Z</time>
   </trkpt>
   <trkpt lat="47.629020" lon="11.228626">
    <ele>656.062</ele>
    <time>2026-05-03T12:58:50Z</time>
   </trkpt>
   <trkpt lat="47.629080" lon="11.228424">
    <ele>656.467</ele>
    <time>2026-05-03T12:59:01Z</time>
   </trkpt>
   <trkpt lat="47.629091" lon="11.228354">
    <ele>656.783</ele>
    <time>2026-05-03T12:59:06Z</time>
   </trkpt>
   <trkpt lat="47.629125" lon="11.228212">
    <ele>657.837</ele>
    <time>2026-05-03T12:59:14Z</time>
   </trkpt>
   <trkpt lat="47.629181" lon="11.228088">
    <ele>658.621</ele>
    <time>2026-05-03T12:59:19Z</time>
   </trkpt>
   <trkpt lat="47.629221" lon="11.227913">
    <ele>657.845</ele>
    <time>2026-05-03T12:59:28Z</time>
   </trkpt>
   <trkpt lat="47.629231" lon="11.227815">
    <ele>658.643</ele>
    <time>2026-05-03T12:59:33Z</time>
   </trkpt>
   <trkpt lat="47.629268" lon="11.227545">
    <ele>660.505</ele>
    <time>2026-05-03T12:59:45Z</time>
   </trkpt>
   <trkpt lat="47.629349" lon="11.227303">
    <ele>659.332</ele>
    <time>2026-05-03T12:59:57Z</time>
   </trkpt>
   <trkpt lat="47.629414" lon="11.227172">
    <ele>659.938</ele>
    <time>2026-05-03T13:00:03Z</time>
   </trkpt>
   <trkpt lat="47.629476" lon="11.227008">
    <ele>658.828</ele>
    <time>2026-05-03T13:00:11Z</time>
   </trkpt>
   <trkpt lat="47.629588" lon="11.226768">
    <ele>655.218</ele>
    <time>2026-05-03T13:00:24Z</time>
   </trkpt>
   <trkpt lat="47.629695" lon="11.226543">
    <ele>652.378</ele>
    <time>2026-05-03T13:00:37Z</time>
   </trkpt>
   <trkpt lat="47.629716" lon="11.226442">
    <ele>651.703</ele>
    <time>2026-05-03T13:00:41Z</time>
   </trkpt>
   <trkpt lat="47.629846" lon="11.226188">
    <ele>652.412</ele>
    <time>2026-05-03T13:00:55Z</time>
   </trkpt>
   <trkpt lat="47.629976" lon="11.225901">
    <ele>648.656</ele>
    <time>2026-05-03T13:01:12Z</time>
   </trkpt>
   <trkpt lat="47.630094" lon="11.225654">
    <ele>645.539</ele>
    <time>2026-05-03T13:01:27Z</time>
   </trkpt>
   <trkpt lat="47.630223" lon="11.225414">
    <ele>643.908</ele>
    <time>2026-05-03T13:01:43Z</time>
   </trkpt>
   <trkpt lat="47.630289" lon="11.225261">
    <ele>643.365</ele>
    <time>2026-05-03T13:01:49Z</time>
   </trkpt>
   <trkpt lat="47.630351" lon="11.225186">
    <ele>642.842</ele>
    <time>2026-05-03T13:01:54Z</time>
   </trkpt>
   <trkpt lat="47.630463" lon="11.224922">
    <ele>645.561</ele>
    <time>2026-05-03T13:02:09Z</time>
   </trkpt>
   <trkpt lat="47.630473" lon="11.224889">
    <ele>645.814</ele>
    <time>2026-05-03T13:02:10Z</time>
   </trkpt>
   <trkpt lat="47.630523" lon="11.224763">
    <ele>646.874</ele>
    <time>2026-05-03T13:02:17Z</time>
   </trkpt>
   <trkpt lat="47.630560" lon="11.224682">
    <ele>648.262</ele>
    <time>2026-05-03T13:02:23Z</time>
   </trkpt>
   <trkpt lat="47.630668" lon="11.224543">
    <ele>649.885</ele>
    <time>2026-05-03T13:02:32Z</time>
   </trkpt>
   <trkpt lat="47.630692" lon="11.224521">
    <ele>651.250</ele>
    <time>2026-05-03T13:02:34Z</time>
   </trkpt>
   <trkpt lat="47.630782" lon="11.224301">
    <ele>649.982</ele>
    <time>2026-05-03T13:02:44Z</time>
   </trkpt>
   <trkpt lat="47.630882" lon="11.224247">
    <ele>649.655</ele>
    <time>2026-05-03T13:02:50Z</time>
   </trkpt>
   <trkpt lat="47.630993" lon="11.224196">
    <ele>649.996</ele>
    <time>2026-05-03T13:02:57Z</time>
   </trkpt>
   <trkpt lat="47.631126" lon="11.224113">
    <ele>645.331</ele>
    <time>2026-05-03T13:03:07Z</time>
   </trkpt>
   <trkpt lat="47.631202" lon="11.224044">
    <ele>643.402</ele>
    <time>2026-05-03T13:03:13Z</time>
   </trkpt>
   <trkpt lat="47.631308" lon="11.223915">
    <ele>640.941</ele>
    <time>2026-05-03T13:03:22Z</time>
   </trkpt>
   <trkpt lat="47.631362" lon="11.223850">
    <ele>640.201</ele>
    <time>2026-05-03T13:03:26Z</time>
   </trkpt>
   <trkpt lat="47.631486" lon="11.223613">
    <ele>638.697</ele>
    <time>2026-05-03T13:03:41Z</time>
   </trkpt>
   <trkpt lat="47.631491" lon="11.223534">
    <ele>637.504</ele>
    <time>2026-05-03T13:03:44Z</time>
   </trkpt>
   <trkpt lat="47.631538" lon="11.223257">
    <ele>633.641</ele>
    <time>2026-05-03T13:03:58Z</time>
   </trkpt>
   <trkpt lat="47.631532" lon="11.223177">
    <ele>633.953</ele>
    <time>2026-05-03T13:04:02Z</time>
   </trkpt>
   <trkpt lat="47.631607" lon="11.223045">
    <ele>634.939</ele>
    <time>2026-05-03T13:04:11Z</time>
   </trkpt>
   <trkpt lat="47.631782" lon="11.222868">
    <ele>633.401</ele>
    <time>2026-05-03T13:04:25Z</time>
   </trkpt>
   <trkpt lat="47.631958" lon="11.222699">
    <ele>630.816</ele>
    <time>2026-05-03T13:04:40Z</time>
   </trkpt>
   <trkpt lat="47.632124" lon="11.222459">
    <ele>631.105</ele>
    <time>2026-05-03T13:04:55Z</time>
   </trkpt>
   <trkpt lat="47.632209" lon="11.222197">
    <ele>632.163</ele>
    <time>2026-05-03T13:05:09Z</time>
   </trkpt>
   <trkpt lat="47.632217" lon="11.222174">
    <ele>632.127</ele>
    <time>2026-05-03T13:05:11Z</time>
   </trkpt>
   <trkpt lat="47.632200" lon="11.222098">
    <ele>633.513</ele>
    <time>2026-05-03T13:05:15Z</time>
   </trkpt>
   <trkpt lat="47.632202" lon="11.222021">
    <ele>636.062</ele>
    <time>2026-05-03T13:05:35Z</time>
   </trkpt>
   <trkpt lat="47.632209" lon="11.222010">
    <ele>636.404</ele>
    <time>2026-05-03T13:05:39Z</time>
   </trkpt>
   <trkpt lat="47.632335" lon="11.221777">
    <ele>636.015</ele>
    <time>2026-05-03T13:05:53Z</time>
   </trkpt>
   <trkpt lat="47.632591" lon="11.221458">
    <ele>636.962</ele>
    <time>2026-05-03T13:06:14Z</time>
   </trkpt>
   <trkpt lat="47.632673" lon="11.221361">
    <ele>636.678</ele>
    <time>2026-05-03T13:06:22Z</time>
   </trkpt>
   <trkpt lat="47.632762" lon="11.221281">
    <ele>636.825</ele>
    <time>2026-05-03T13:06:29Z</time>
   </trkpt>
   <trkpt lat="47.632898" lon="11.221159">
    <ele>636.701</ele>
    <time>2026-05-03T13:06:38Z</time>
   </trkpt>
   <trkpt lat="47.632943" lon="11.221138">
    <ele>636.237</ele>
    <time>2026-05-03T13:06:41Z</time>
   </trkpt>
   <trkpt lat="47.633017" lon="11.221059">
    <ele>634.774</ele>
    <time>2026-05-03T13:06:48Z</time>
   </trkpt>
   <trkpt lat="47.633194" lon="11.220891">
    <ele>632.500</ele>
    <time>2026-05-03T13:07:02Z</time>
   </trkpt>
   <trkpt lat="47.633199" lon="11.220867">
    <ele>632.330</ele>
    <time>2026-05-03T13:07:03Z</time>
   </trkpt>
   <trkpt lat="47.633370" lon="11.220745">
    <ele>630.772</ele>
    <time>2026-05-03T13:07:16Z</time>
   </trkpt>
   <trkpt lat="47.633555" lon="11.220551">
    <ele>626.730</ele>
    <time>2026-05-03T13:07:31Z</time>
   </trkpt>
   <trkpt lat="47.633582" lon="11.220527">
    <ele>626.030</ele>
    <time>2026-05-03T13:07:33Z</time>
   </trkpt>
   <trkpt lat="47.633780" lon="11.220219">
    <ele>625.997</ele>
    <time>2026-05-03T13:07:53Z</time>
   </trkpt>
   <trkpt lat="47.633926" lon="11.220009">
    <ele>627.290</ele>
    <time>2026-05-03T13:08:06Z</time>
   </trkpt>
   <trkpt lat="47.634022" lon="11.219788">
    <ele>630.619</ele>
    <time>2026-05-03T13:08:18Z</time>
   </trkpt>
   <trkpt lat="47.634046" lon="11.219718">
    <ele>631.641</ele>
    <time>2026-05-03T13:08:23Z</time>
   </trkpt>
   <trkpt lat="47.634144" lon="11.219587">
    <ele>632.422</ele>
    <time>2026-05-03T13:08:32Z</time>
   </trkpt>
   <trkpt lat="47.634158" lon="11.219555">
    <ele>632.749</ele>
    <time>2026-05-03T13:08:34Z</time>
   </trkpt>
   <trkpt lat="47.634173" lon="11.219534">
    <ele>632.763</ele>
    <time>2026-05-03T13:08:36Z</time>
   </trkpt>
   <trkpt lat="47.634243" lon="11.219433">
    <ele>632.996</ele>
    <time>2026-05-03T13:08:43Z</time>
   </trkpt>
   <trkpt lat="47.634285" lon="11.219243">
    <ele>633.773</ele>
    <time>2026-05-03T13:08:53Z</time>
   </trkpt>
   <trkpt lat="47.634293" lon="11.219090">
    <ele>633.025</ele>
    <time>2026-05-03T13:08:58Z</time>
   </trkpt>
   <trkpt lat="47.634307" lon="11.218811">
    <ele>631.387</ele>
    <time>2026-05-03T13:09:09Z</time>
   </trkpt>
   <trkpt lat="47.634312" lon="11.218708">
    <ele>631.737</ele>
    <time>2026-05-03T13:09:15Z</time>
   </trkpt>
   <trkpt lat="47.634287" lon="11.218654">
    <ele>632.308</ele>
    <time>2026-05-03T13:09:18Z</time>
   </trkpt>
   <trkpt lat="47.634186" lon="11.218427">
    <ele>632.209</ele>
    <time>2026-05-03T13:09:29Z</time>
   </trkpt>
   <trkpt lat="47.634121" lon="11.218314">
    <ele>631.233</ele>
    <time>2026-05-03T13:09:37Z</time>
   </trkpt>
   <trkpt lat="47.634074" lon="11.218286">
    <ele>631.718</ele>
    <time>2026-05-03T13:09:39Z</time>
   </trkpt>
   <trkpt lat="47.634056" lon="11.218260">
    <ele>631.459</ele>
    <time>2026-05-03T13:09:41Z</time>
   </trkpt>
   <trkpt lat="47.634022" lon="11.218231">
    <ele>630.768</ele>
    <time>2026-05-03T13:09:45Z</time>
   </trkpt>
   <trkpt lat="47.634013" lon="11.218206">
    <ele>630.427</ele>
    <time>2026-05-03T13:09:47Z</time>
   </trkpt>
   <trkpt lat="47.634052" lon="11.218094">
    <ele>631.073</ele>
    <time>2026-05-03T13:09:54Z</time>
   </trkpt>
   <trkpt lat="47.634034" lon="11.218042">
    <ele>631.783</ele>
    <time>2026-05-03T13:09:58Z</time>
   </trkpt>
   <trkpt lat="47.633738" lon="11.217823">
    <ele>631.474</ele>
    <time>2026-05-03T13:10:24Z</time>
   </trkpt>
   <trkpt lat="47.633455" lon="11.217593">
    <ele>630.806</ele>
    <time>2026-05-03T13:10:51Z</time>
   </trkpt>
   <trkpt lat="47.633441" lon="11.217590">
    <ele>630.748</ele>
    <time>2026-05-03T13:10:52Z</time>
   </trkpt>
  </trkseg>
 </trk>
</gpx>
