<?xml version="1.0" encoding="UTF-8" standalone="no" ?>
<gpx xmlns="http://www.topografix.com/GPX/1/1" creator="" version="1.1" xmlns:xsi="http://www.w3.org/2001/XMLSchema-instance" xsi:schemaLocation="http://www.topografix.com/GPX/1/1 http://www.topografix.com/GPX/1/1/gpx.xsd">
 <trk>
  <name>ACTIVE LOG010201</name>
  <trkseg>
   <trkpt lat="48.139398" lon="11.620203">
    <ele>584.692</ele>
    <time>2026-03-07T09:02:01Z</time>
   </trkpt>
   <trkpt lat="48.138930" lon="11.620022">
    <ele>535.679</ele>
    <time>2026-03-07T09:02:09Z</time>
   </trkpt>
   <trkpt lat="48.139402" lon="11.619834">
    <ele>570.162</ele>
    <time>2026-03-07T09:02:16Z</time>
   </trkpt>
   <trkpt lat="48.139697" lon="11.620037">
    <ele>563.479</ele>
    <time>2026-03-07T09:02:18Z</time>
   </trkpt>
   <trkpt lat="48.139770" lon="11.619745">
    <ele>561.700</ele>
    <time>2026-03-07T09:02:23Z</time>
   </trkpt>
   <trkpt lat="48.139867" lon="11.619368">
    <ele>571.019</ele>
    <time>2026-03-07T09:02:27Z</time>
   </trkpt>
   <trkpt lat="48.139683" lon="11.618836">
    <ele>569.153</ele>
    <time>2026-03-07T09:02:32Z</time>
   </trkpt>
   <trkpt lat="48.139545" lon="11.618908">
    <ele>567.777</ele>
    <time>2026-03-07T09:02:35Z</time>
   </trkpt>
   <trkpt lat="48.139236" lon="11.618857">
    <ele>564.137</ele>
    <time>2026-03-07T09:02:42Z</time>
   </trkpt>
   <trkpt lat="48.139236" lon="11.618857">
    <ele>563.015</ele>
    <time>2026-03-07T09:02:46Z</time>
   </trkpt>
   <trkpt lat="48.138978" lon="11.618471">
    <ele>559.642</ele>
    <time>2026-03-07T09:02:53Z</time>
   </trkpt>
   <trkpt lat="48.139193" lon="11.617070">
    <ele>558.381</ele>
    <time>2026-03-07T09:03:08Z</time>
   </trkpt>
   <trkpt lat="48.139211" lon="11.616497">
    <ele>555.949</ele>
    <time>2026-03-07T09:03:14Z</time>
   </trkpt>
   <trkpt lat="48.139236" lon="11.615511">
    <ele>529.188</ele>
    <time>2026-03-07T09:03:21Z</time>
   </trkpt>
   <trkpt lat="48.139236" lon="11.614828">
    <ele>522.660</ele>
    <time>2026-03-07T09:03:32Z</time>
   </trkpt>
   <trkpt lat="48.139236" lon="11.614828">
    <ele>524.101</ele>
    <time>2026-03-07T09:03:36Z</time>
   </trkpt>
   <trkpt lat="48.139085" lon="11.614653">
    <ele>523.318</ele>
    <time>2026-03-07T09:03:42Z</time>
   </trkpt>
   <trkpt lat="48.138292" lon="11.614524">
    <ele>522.416</ele>
    <time>2026-03-07T09:03:56Z</time>
   </trkpt>
   <trkpt lat="48.138089" lon="11.614483">
    <ele>522.497</ele>
    <time>2026-03-07T09:03:59Z</time>
   </trkpt>
   <trkpt lat="48.137417" lon="11.614592">
    <ele>526.050</ele>
    <time>2026-03-07T09:04:10Z</time>
   </trkpt>
   <trkpt lat="48.136878" lon="11.614780">
    <ele>528.072</ele>
    <time>2026-03-07T09:04:19Z</time>
   </trkpt>
   <trkpt lat="48.136647" lon="11.614783">
    <ele>527.294</ele>
    <time>2026-03-07T09:04:23Z</time>
   </trkpt>
   <trkpt lat="48.136234" lon="11.614777">
    <ele>531.056</ele>
    <time>2026-03-07T09:04:29Z</time>
   </trkpt>
   <trkpt lat="48.135757" lon="11.615074">
    <ele>525.249</ele>
    <time>2026-03-07T09:04:36Z</time>
   </trkpt>
   <trkpt lat="48.135073" lon="11.615553">
    <ele>523.208</ele>
    <time>2026-03-07T09:04:47Z</time>
   </trkpt>
   <trkpt lat="48.134659" lon="11.615630">
    <ele>523.505</ele>
    <time>2026-03-07T09:04:50Z</time>
   </trkpt>
   <trkpt lat="48.134003" lon="11.615970">
    <ele>520.934</ele>
    <time>2026-03-07T09:04:58Z</time>
   </trkpt>
   <trkpt lat="48.133591" lon="11.616176">
    <ele>519.536</ele>
    <time>2026-03-07T09:05:03Z</time>
   </trkpt>
   <trkpt lat="48.133248" lon="11.616257">
    <ele>518.249</ele>
    <time>2026-03-07T09:05:07Z</time>
   </trkpt>
   <trkpt lat="48.132749" lon="11.616166">
    <ele>515.681</ele>
    <time>2026-03-07T09:05:17Z</time>
   </trkpt>
   <trkpt lat="48.132176" lon="11.615939">
    <ele>518.862</ele>
    <time>2026-03-07T09:05:28Z</time>
   </trkpt>
   <trkpt lat="48.131581" lon="11.615777">
    <ele>520.909</ele>
    <time>2026-03-07T09:05:41Z</time>
   </trkpt>
   <trkpt lat="48.131460" lon="11.615727">
    <ele>521.843</ele>
    <time>2026-03-07T09:05:44Z</time>
   </trkpt>
   <trkpt lat="48.130770" lon="11.615479">
    <ele>521.572</ele>
    <time>2026-03-07T09:05:59Z</time>
   </trkpt>
   <trkpt lat="48.129713" lon="11.614890">
    <ele>520.291</ele>
    <time>2026-03-07T09:06:18Z</time>
   </trkpt>
   <trkpt lat="48.128609" lon="11.614190">
    <ele>520.395</ele>
    <time>2026-03-07T09:06:37Z</time>
   </trkpt>
   <trkpt lat="48.127495" lon="11.613580">
    <ele>521.071</ele>
    <time>2026-03-07T09:06:56Z</time>
   </trkpt>
   <trkpt lat="48.127202" lon="11.613462">
    <ele>521.568</ele>
    <time>2026-03-07T09:07:06Z</time>
   </trkpt>
   <trkpt lat="48.127155" lon="11.613450">
    <ele>520.438</ele>
    <time>2026-03-07T09:07:20Z</time>
   </trkpt>
   <trkpt lat="48.126803" lon="11.613356">
    <ele>520.348</ele>
    <time>2026-03-07T09:07:28Z</time>
   </trkpt>
   <trkpt lat="48.126006" lon="11.613148">
    <ele>518.701</ele>
    <time>2026-03-07T09:07:40Z</time>
   </trkpt>
   <trkpt lat="48.124920" lon="11.613000">
    <ele>518.927</ele>
    <time>2026-03-07T09:07:57Z</time>
   </trkpt>
   <trkpt lat="48.124693" lon="11.612957">
    <ele>518.828</ele>
    <time>2026-03-07T09:08:06Z</time>
   </trkpt>
   <trkpt lat="48.124113" lon="11.612891">
    <ele>518.064</ele>
    <time>2026-03-07T09:08:17Z</time>
   </trkpt>
   <trkpt lat="48.123320" lon="11.612828">
    <ele>518.874</ele>
    <time>2026-03-07T09:08:29Z</time>
   </trkpt>
   <trkpt lat="48.122588" lon="11.612742">
    <ele>519.737</ele>
    <time>2026-03-07T09:08:41Z</time>
   </trkpt>
   <trkpt lat="48.122406" lon="11.612742">
    <ele>518.791</ele>
    <time>2026-03-07T09:08:44Z</time>
   </trkpt>
   <trkpt lat="48.121181" lon="11.612721">
    <ele>519.102</ele>
    <time>2026-03-07T09:09:04Z</time>
   </trkpt>
   <trkpt lat="48.121132" lon="11.612720">
    <ele>518.825</ele>
    <time>2026-03-07T09:09:05Z</time>
   </trkpt>
   <trkpt lat="48.120997" lon="11.612699">
    <ele>519.511</ele>
    <time>2026-03-07T09:09:15Z</time>
   </trkpt>
   <trkpt lat="48.120699" lon="11.612636">
    <ele>520.010</ele>
    <time>2026-03-07T09:09:28Z</time>
   </trkpt>
   <trkpt lat="48.120675" lon="11.612656">
    <ele>520.222</ele>
    <time>2026-03-07T09:09:36Z</time>
   </trkpt>
   <trkpt lat="48.120656" lon="11.612998">
    <ele>521.218</ele>
    <time>2026-03-07T09:10:04Z</time>
   </trkpt>
   <trkpt lat="48.120598" lon="11.614325">
    <ele>518.354</ele>
    <time>2026-03-07T09:10:17Z</time>
   </trkpt>
   <trkpt lat="48.120431" lon="11.616656">
    <ele>518.890</ele>
    <time>2026-03-07T09:10:38Z</time>
   </trkpt>
   <trkpt lat="48.120310" lon="11.618578">
    <ele>517.897</ele>
    <time>2026-03-07T09:10:56Z</time>
   </trkpt>
   <trkpt lat="48.120266" lon="11.619013">
    <ele>518.181</ele>
    <time>2026-03-07T09:11:00Z</time>
   </trkpt>
   <trkpt lat="48.120245" lon="11.619313">
    <ele>518.357</ele>
    <time>2026-03-07T09:11:03Z</time>
   </trkpt>
   <trkpt lat="48.120213" lon="11.619741">
    <ele>518.198</ele>
    <time>2026-03-07T09:11:07Z</time>
   </trkpt>
   <trkpt lat="48.120203" lon="11.619995">
    <ele>518.613</ele>
    <time>2026-03-07T09:11:11Z</time>
   </trkpt>
   <trkpt lat="48.120139" lon="11.620660">
    <ele>518.459</ele>
    <time>2026-03-07T09:11:16Z</time>
   </trkpt>
   <trkpt lat="48.120096" lon="11.621346">
    <ele>518.186</ele>
    <time>2026-03-07T09:11:29Z</time>
   </trkpt>
   <trkpt lat="48.120139" lon="11.621475">
    <ele>518.667</ele>
    <time>2026-03-07T09:11:30Z</time>
   </trkpt>
   <trkpt lat="48.120024" lon="11.622664">
    <ele>517.004</ele>
    <time>2026-03-07T09:11:43Z</time>
   </trkpt>
   <trkpt lat="48.119916" lon="11.624115">
    <ele>520.310</ele>
    <time>2026-03-07T09:11:59Z</time>
   </trkpt>
   <trkpt lat="48.119880" lon="11.624241">
    <ele>519.544</ele>
    <time>2026-03-07T09:12:08Z</time>
   </trkpt>
   <trkpt lat="48.119877" lon="11.624458">
    <ele>520.956</ele>
    <time>2026-03-07T09:12:24Z</time>
   </trkpt>
   <trkpt lat="48.119707" lon="11.625703">
    <ele>524.069</ele>
    <time>2026-03-07T09:12:37Z</time>
   </trkpt>
   <trkpt lat="48.119627" lon="11.626027">
    <ele>521.968</ele>
    <time>2026-03-07T09:12:44Z</time>
   </trkpt>
   <trkpt lat="48.119601" lon="11.626157">
    <ele>521.538</ele>
    <time>2026-03-07T09:12:46Z</time>
   </trkpt>
   <trkpt lat="48.119362" lon="11.627352">
    <ele>520.515</ele>
    <time>2026-03-07T09:13:00Z</time>
   </trkpt>
   <trkpt lat="48.119187" lon="11.628169">
    <ele>519.375</ele>
    <time>2026-03-07T09:13:09Z</time>
   </trkpt>
   <trkpt lat="48.118932" lon="11.629257">
    <ele>521.926</ele>
    <time>2026-03-07T09:13:22Z</time>
   </trkpt>
   <trkpt lat="48.118835" lon="11.629481">
    <ele>521.946</ele>
    <time>2026-03-07T09:13:25Z</time>
   </trkpt>
   <trkpt lat="48.118766" lon="11.629733">
    <ele>521.337</ele>
    <time>2026-03-07T09:13:28Z</time>
   </trkpt>
   <trkpt lat="48.118695" lon="11.630122">
    <ele>521.712</ele>
    <time>2026-03-07T09:13:33Z</time>
   </trkpt>
   <trkpt lat="48.118628" lon="11.630427">
    <ele>519.701</ele>
    <time>2026-03-07T09:13:43Z</time>
   </trkpt>
   <trkpt lat="48.118572" lon="11.630769">
    <ele>518.797</ele>
    <time>2026-03-07T09:14:11Z</time>
   </trkpt>
   <trkpt lat="48.118216" lon="11.632537">
    <ele>520.506</ele>
    <time>2026-03-07T09:14:30Z</time>
   </trkpt>
   <trkpt lat="48.117897" lon="11.634443">
    <ele>521.217</ele>
    <time>2026-03-07T09:14:49Z</time>
   </trkpt>
   <trkpt lat="48.117539" lon="11.636896">
    <ele>521.278</ele>
    <time>2026-03-07T09:15:13Z</time>
   </trkpt>
   <trkpt lat="48.117085" lon="11.638967">
    <ele>522.497</ele>
    <time>2026-03-07T09:15:35Z</time>
   </trkpt>
   <trkpt lat="48.116832" lon="11.639754">
    <ele>522.638</ele>
    <time>2026-03-07T09:15:48Z</time>
   </trkpt>
   <trkpt lat="48.116782" lon="11.639964">
    <ele>523.499</ele>
    <time>2026-03-07T09:15:59Z</time>
   </trkpt>
   <trkpt lat="48.116405" lon="11.640960">
    <ele>522.520</ele>
    <time>2026-03-07T09:16:12Z</time>
   </trkpt>
   <trkpt lat="48.115559" lon="11.642596">
    <ele>523.258</ele>
    <time>2026-03-07T09:16:33Z</time>
   </trkpt>
   <trkpt lat="48.114683" lon="11.644050">
    <ele>523.843</ele>
    <time>2026-03-07T09:16:52Z</time>
   </trkpt>
   <trkpt lat="48.113960" lon="11.645138">
    <ele>524.727</ele>
    <time>2026-03-07T09:17:10Z</time>
   </trkpt>
   <trkpt lat="48.113838" lon="11.645283">
    <ele>524.908</ele>
    <time>2026-03-07T09:17:13Z</time>
   </trkpt>
   <trkpt lat="48.112998" lon="11.646589">
    <ele>525.025</ele>
    <time>2026-03-07T09:17:32Z</time>
   </trkpt>
   <trkpt lat="48.112318" lon="11.647615">
    <ele>525.745</ele>
    <time>2026-03-07T09:17:47Z</time>
   </trkpt>
   <trkpt lat="48.111850" lon="11.648381">
    <ele>526.270</ele>
    <time>2026-03-07T09:18:01Z</time>
   </trkpt>
   <trkpt lat="48.111849" lon="11.648414">
    <ele>526.004</ele>
    <time>2026-03-07T09:18:15Z</time>
   </trkpt>
   <trkpt lat="48.111666" lon="11.648676">
    <ele>527.075</ele>
    <time>2026-03-07T09:18:25Z</time>
   </trkpt>
   <trkpt lat="48.111676" lon="11.648750">
    <ele>526.774</ele>
    <time>2026-03-07T09:18:33Z</time>
   </trkpt>
   <trkpt lat="48.111820" lon="11.648958">
    <ele>526.262</ele>
    <time>2026-03-07T09:18:51Z</time>
   </trkpt>
   <trkpt lat="48.111969" lon="11.649147">
    <ele>526.517</ele>
    <time>2026-03-07T09:18:55Z</time>
   </trkpt>
   <trkpt lat="48.112214" lon="11.649350">
    <ele>527.095</ele>
    <time>2026-03-07T09:19:00Z</time>
   </trkpt>
   <trkpt lat="48.112442" lon="11.649623">
    <ele>527.061</ele>
    <time>2026-03-07T09:19:05Z</time>
   </trkpt>
   <trkpt lat="48.112406" lon="11.649967">
    <ele>526.916</ele>
    <time>2026-03-07T09:19:10Z</time>
   </trkpt>
   <trkpt lat="48.112050" lon="11.651211">
    <ele>526.299</ele>
    <time>2026-03-07T09:19:26Z</time>
   </trkpt>
   <trkpt lat="48.111994" lon="11.651334">
    <ele>526.932</ele>
    <time>2026-03-07T09:19:30Z</time>
   </trkpt>
   <trkpt lat="48.112030" lon="11.651333">
    <ele>527.487</ele>
    <time>2026-03-07T09:19:35Z</time>
   </trkpt>
   <trkpt lat="48.112074" lon="11.651172">
    <ele>526.740</ele>
    <time>2026-03-07T09:19:39Z</time>
   </trkpt>
   <trkpt lat="48.112029" lon="11.651085">
    <ele>527.271</ele>
    <time>2026-03-07T09:19:43Z</time>
   </trkpt>
   <trkpt lat="48.111849" lon="11.650978">
    <ele>525.987</ele>
    <time>2026-03-07T09:19:49Z</time>
   </trkpt>
   <trkpt lat="48.111690" lon="11.650937">
    <ele>525.391</ele>
    <time>2026-03-07T09:19:53Z</time>
   </trkpt>
   <trkpt lat="48.111590" lon="11.650935">
    <ele>525.361</ele>
    <time>2026-03-07T09:19:55Z</time>
   </trkpt>
   <trkpt lat="48.110945" lon="11.650916">
    <ele>526.108</ele>
    <time>2026-03-07T09:20:07Z</time>
   </trkpt>
   <trkpt lat="48.110766" lon="11.651214">
    <ele>526.461</ele>
    <time>2026-03-07T09:20:13Z</time>
   </trkpt>
   <trkpt lat="48.110772" lon="11.651298">
    <ele>526.225</ele>
    <time>2026-03-07T09:20:14Z</time>
   </trkpt>
   <trkpt lat="48.110790" lon="11.651452">
    <ele>526.277</ele>
    <time>2026-03-07T09:20:16Z</time>
   </trkpt>
   <trkpt lat="48.110791" lon="11.651617">
    <ele>526.479</ele>
    <time>2026-03-07T09:20:18Z</time>
   </trkpt>
   <trkpt lat="48.110777" lon="11.651906">
    <ele>525.995</ele>
    <time>2026-03-07T09:20:21Z</time>
   </trkpt>
   <trkpt lat="48.110475" lon="11.652899">
    <ele>526.589</ele>
    <time>2026-03-07T09:20:33Z</time>
   </trkpt>
   <trkpt lat="48.110407" lon="11.654137">
    <ele>527.339</ele>
    <time>2026-03-07T09:20:47Z</time>
   </trkpt>
   <trkpt lat="48.110405" lon="11.655446">
    <ele>526.981</ele>
    <time>2026-03-07T09:21:03Z</time>
   </trkpt>
   <trkpt lat="48.110301" lon="11.655750">
    <ele>526.905</ele>
    <time>2026-03-07T09:21:07Z</time>
   </trkpt>
   <trkpt lat="48.110058" lon="11.656064">
    <ele>526.532</ele>
    <time>2026-03-07T09:21:12Z</time>
   </trkpt>
   <trkpt lat="48.109933" lon="11.656411">
    <ele>527.044</ele>
    <time>2026-03-07T09:21:16Z</time>
   </trkpt>
   <trkpt lat="48.109791" lon="11.657162">
    <ele>526.319</ele>
    <time>2026-03-07T09:21:24Z</time>
   </trkpt>
   <trkpt lat="48.109383" lon="11.657587">
    <ele>526.148</ele>
    <time>2026-03-07T09:21:32Z</time>
   </trkpt>
   <trkpt lat="48.109197" lon="11.657714">
    <ele>526.847</ele>
    <time>2026-03-07T09:21:35Z</time>
   </trkpt>
   <trkpt lat="48.109042" lon="11.657951">
    <ele>526.940</ele>
    <time>2026-03-07T09:21:39Z</time>
   </trkpt>
   <trkpt lat="48.109012" lon="11.658194">
    <ele>526.432</ele>
    <time>2026-03-07T09:21:42Z</time>
   </trkpt>
   <trkpt lat="48.108832" lon="11.658778">
    <ele>525.861</ele>
    <time>2026-03-07T09:21:49Z</time>
   </trkpt>
   <trkpt lat="48.108766" lon="11.659447">
    <ele>526.135</ele>
    <time>2026-03-07T09:21:56Z</time>
   </trkpt>
   <trkpt lat="48.108715" lon="11.659690">
    <ele>525.496</ele>
    <time>2026-03-07T09:21:59Z</time>
   </trkpt>
   <trkpt lat="48.108942" lon="11.660607">
    <ele>526.562</ele>
    <time>2026-03-07T09:22:10Z</time>
   </trkpt>
   <trkpt lat="48.108793" lon="11.660819">
    <ele>527.618</ele>
    <time>2026-03-07T09:22:16Z</time>
   </trkpt>
   <trkpt lat="48.108703" lon="11.660749">
    <ele>527.300</ele>
    <time>2026-03-07T09:22:18Z</time>
   </trkpt>
   <trkpt lat="48.108342" lon="11.660791">
    <ele>527.088</ele>
    <time>2026-03-07T09:22:25Z</time>
   </trkpt>
   <trkpt lat="48.108023" lon="11.661178">
    <ele>527.736</ele>
    <time>2026-03-07T09:22:32Z</time>
   </trkpt>
   <trkpt lat="48.107679" lon="11.661411">
    <ele>527.682</ele>
    <time>2026-03-07T09:22:38Z</time>
   </trkpt>
   <trkpt lat="48.107411" lon="11.662015">
    <ele>528.973</ele>
    <time>2026-03-07T09:22:46Z</time>
   </trkpt>
   <trkpt lat="48.107265" lon="11.662426">
    <ele>528.759</ele>
    <time>2026-03-07T09:22:51Z</time>
   </trkpt>
   <trkpt lat="48.107161" lon="11.662753">
    <ele>529.100</ele>
    <time>2026-03-07T09:22:58Z</time>
   </trkpt>
   <trkpt lat="48.107080" lon="11.662719">
    <ele>528.677</ele>
    <time>2026-03-07T09:23:03Z</time>
   </trkpt>
   <trkpt lat="48.107049" lon="11.662747">
    <ele>528.579</ele>
    <time>2026-03-07T09:23:06Z</time>
   </trkpt>
   <trkpt lat="48.106991" lon="11.662829">
    <ele>529.710</ele>
    <time>2026-03-07T09:23:13Z</time>
   </trkpt>
   <trkpt lat="48.106906" lon="11.662931">
    <ele>530.408</ele>
    <time>2026-03-07T09:23:19Z</time>
   </trkpt>
   <trkpt lat="48.106741" lon="11.663126">
    <ele>531.755</ele>
    <time>2026-03-07T09:23:25Z</time>
   </trkpt>
   <trkpt lat="48.106607" lon="11.663396">
    <ele>530.229</ele>
    <time>2026-03-07T09:23:29Z</time>
   </trkpt>
   <trkpt lat="48.106548" lon="11.663777">
    <ele>528.429</ele>
    <time>2026-03-07T09:23:33Z</time>
   </trkpt>
   <trkpt lat="48.106345" lon="11.664043">
    <ele>530.299</ele>
    <time>2026-03-07T09:23:40Z</time>
   </trkpt>
   <trkpt lat="48.106273" lon="11.663992">
    <ele>530.112</ele>
    <time>2026-03-07T09:23:42Z</time>
   </trkpt>
   <trkpt lat="48.106004" lon="11.664087">
    <ele>530.062</ele>
    <time>2026-03-07T09:23:48Z</time>
   </trkpt>
   <trkpt lat="48.105873" lon="11.664237">
    <ele>530.076</ele>
    <time>2026-03-07T09:23:51Z</time>
   </trkpt>
   <trkpt lat="48.105545" lon="11.664470">
    <ele>531.087</ele>
    <time>2026-03-07T09:23:58Z</time>
   </trkpt>
   <trkpt lat="48.105380" lon="11.664716">
    <ele>530.978</ele>
    <time>2026-03-07T09:24:03Z</time>
   </trkpt>
   <trkpt lat="48.105224" lon="11.664835">
    <ele>530.535</ele>
    <time>2026-03-07T09:24:06Z</time>
   </trkpt>
   <trkpt lat="48.105037" lon="11.665115">
    <ele>530.993</ele>
    <time>2026-03-07T09:24:11Z</time>
   </trkpt>
   <trkpt lat="48.104831" lon="11.665850">
    <ele>531.132</ele>
    <time>2026-03-07T09:24:21Z</time>
   </trkpt>
   <trkpt lat="48.104675" lon="11.666282">
    <ele>530.782</ele>
    <time>2026-03-07T09:24:27Z</time>
   </trkpt>
   <trkpt lat="48.104472" lon="11.666203">
    <ele>530.721</ele>
    <time>2026-03-07T09:24:35Z</time>
   </trkpt>
   <trkpt lat="48.104436" lon="11.666178">
    <ele>530.633</ele>
    <time>2026-03-07T09:24:36Z</time>
   </trkpt>
   <trkpt lat="48.103913" lon="11.665947">
    <ele>530.787</ele>
    <time>2026-03-07T09:24:46Z</time>
   </trkpt>
   <trkpt lat="48.103808" lon="11.665891">
    <ele>530.807</ele>
    <time>2026-03-07T09:24:48Z</time>
   </trkpt>
   <trkpt lat="48.103581" lon="11.665933">
    <ele>530.997</ele>
    <time>2026-03-07T09:24:53Z</time>
   </trkpt>
   <trkpt lat="48.103456" lon="11.666038">
    <ele>531.141</ele>
    <time>2026-03-07T09:24:57Z</time>
   </trkpt>
   <trkpt lat="48.102949" lon="11.665677">
    <ele>529.624</ele>
    <time>2026-03-07T09:25:09Z</time>
   </trkpt>
   <trkpt lat="48.102787" lon="11.665535">
    <ele>529.613</ele>
    <time>2026-03-07T09:25:12Z</time>
   </trkpt>
   <trkpt lat="48.102186" lon="11.664853">
    <ele>529.161</ele>
    <time>2026-03-07T09:25:25Z</time>
   </trkpt>
   <trkpt lat="48.101981" lon="11.664816">
    <ele>529.257</ele>
    <time>2026-03-07T09:25:29Z</time>
   </trkpt>
   <trkpt lat="48.101584" lon="11.664646">
    <ele>529.915</ele>
    <time>2026-03-07T09:25:37Z</time>
   </trkpt>
   <trkpt lat="48.101475" lon="11.664576">
    <ele>529.568</ele>
    <time>2026-03-07T09:25:40Z</time>
   </trkpt>
   <trkpt lat="48.101375" lon="11.664460">
    <ele>529.802</ele>
    <time>2026-03-07T09:25:46Z</time>
   </trkpt>
   <trkpt lat="48.101358" lon="11.664480">
    <ele>530.521</ele>
    <time>2026-03-07T09:25:50Z</time>
   </trkpt>
   <trkpt lat="48.101408" lon="11.664521">
    <ele>530.303</ele>
    <time>2026-03-07T09:25:53Z</time>
   </trkpt>
   <trkpt lat="48.101361" lon="11.664937">
    <ele>530.942</ele>
    <time>2026-03-07T09:26:02Z</time>
   </trkpt>
   <trkpt lat="48.100923" lon="11.665459">
    <ele>530.140</ele>
    <time>2026-03-07T09:26:12Z</time>
   </trkpt>
   <trkpt lat="48.100537" lon="11.665566">
    <ele>528.714</ele>
    <time>2026-03-07T09:26:19Z</time>
   </trkpt>
   <trkpt lat="48.100365" lon="11.665605">
    <ele>529.230</ele>
    <time>2026-03-07T09:26:22Z</time>
   </trkpt>
   <trkpt lat="48.099445" lon="11.665774">
    <ele>528.659</ele>
    <time>2026-03-07T09:26:36Z</time>
   </trkpt>
   <trkpt lat="48.099322" lon="11.665783">
    <ele>528.878</ele>
    <time>2026-03-07T09:26:38Z</time>
   </trkpt>
   <trkpt lat="48.099127" lon="11.665775">
    <ele>528.529</ele>
    <time>2026-03-07T09:26:41Z</time>
   </trkpt>
   <trkpt lat="48.098950" lon="11.665742">
    <ele>528.222</ele>
    <time>2026-03-07T09:26:44Z</time>
   </trkpt>
   <trkpt lat="48.098561" lon="11.665618">
    <ele>527.785</ele>
    <time>2026-03-07T09:26:51Z</time>
   </trkpt>
   <trkpt lat="48.097776" lon="11.665416">
    <ele>530.181</ele>
    <time>2026-03-07T09:27:05Z</time>
   </trkpt>
   <trkpt lat="48.097439" lon="11.665261">
    <ele>530.532</ele>
    <time>2026-03-07T09:27:11Z</time>
   </trkpt>
   <trkpt lat="48.097102" lon="11.665104">
    <ele>531.334</ele>
    <time>2026-03-07T09:27:17Z</time>
   </trkpt>
   <trkpt lat="48.096931" lon="11.664998">
    <ele>531.663</ele>
    <time>2026-03-07T09:27:20Z</time>
   </trkpt>
   <trkpt lat="48.096614" lon="11.665161">
    <ele>532.781</ele>
    <time>2026-03-07T09:27:27Z</time>
   </trkpt>
   <trkpt lat="48.096429" lon="11.665242">
    <ele>533.685</ele>
    <time>2026-03-07T09:27:32Z</time>
   </trkpt>
   <trkpt lat="48.096256" lon="11.665138">
    <ele>534.409</ele>
    <time>2026-03-07T09:27:36Z</time>
   </trkpt>
   <trkpt lat="48.095614" lon="11.664689">
    <ele>535.660</ele>
    <time>2026-03-07T09:27:48Z</time>
   </trkpt>
   <trkpt lat="48.094991" lon="11.664229">
    <ele>535.542</ele>
    <time>2026-03-07T09:28:00Z</time>
   </trkpt>
   <trkpt lat="48.094725" lon="11.664372">
    <ele>535.920</ele>
    <time>2026-03-07T09:28:07Z</time>
   </trkpt>
   <trkpt lat="48.094658" lon="11.664444">
    <ele>535.737</ele>
    <time>2026-03-07T09:28:09Z</time>
   </trkpt>
   <trkpt lat="48.094619" lon="11.664930">
    <ele>536.359</ele>
    <time>2026-03-07T09:28:16Z</time>
   </trkpt>
   <trkpt lat="48.094503" lon="11.665487">
    <ele>537.267</ele>
    <time>2026-03-07T09:28:25Z</time>
   </trkpt>
   <trkpt lat="48.094485" lon="11.665671">
    <ele>538.203</ele>
    <time>2026-03-07T09:28:30Z</time>
   </trkpt>
   <trkpt lat="48.094388" lon="11.665948">
    <ele>536.818</ele>
    <time>2026-03-07T09:28:33Z</time>
   </trkpt>
   <trkpt lat="48.094382" lon="11.666208">
    <ele>537.293</ele>
    <time>2026-03-07T09:28:37Z</time>
   </trkpt>
   <trkpt lat="48.094307" lon="11.666679">
    <ele>536.091</ele>
    <time>2026-03-07T09:28:43Z</time>
   </trkpt>
   <trkpt lat="48.094220" lon="11.666810">
    <ele>537.455</ele>
    <time>2026-03-07T09:28:49Z</time>
   </trkpt>
   <trkpt lat="48.094141" lon="11.666908">
    <ele>539.346</ele>
    <time>2026-03-07T09:28:59Z</time>
   </trkpt>
   <trkpt lat="48.094007" lon="11.667203">
    <ele>538.414</ele>
    <time>2026-03-07T09:29:05Z</time>
   </trkpt>
   <trkpt lat="48.093985" lon="11.667370">
    <ele>537.764</ele>
    <time>2026-03-07T09:29:07Z</time>
   </trkpt>
   <trkpt lat="48.093764" lon="11.668179">
    <ele>537.144</ele>
    <time>2026-03-07T09:29:16Z</time>
   </trkpt>
   <trkpt lat="48.093689" lon="11.668489">
    <ele>536.244</ele>
    <time>2026-03-07T09:29:19Z</time>
   </trkpt>
   <trkpt lat="48.093513" lon="11.669226">
    <ele>536.863</ele>
    <time>2026-03-07T09:29:27Z</time>
   </trkpt>
   <trkpt lat="48.093476" lon="11.669476">
    <ele>536.977</ele>
    <time>2026-03-07T09:29:30Z</time>
   </trkpt>
   <trkpt lat="48.093318" lon="11.670050">
    <ele>536.708</ele>
    <time>2026-03-07T09:29:36Z</time>
   </trkpt>
   <trkpt lat="48.093213" lon="11.670331">
    <ele>538.782</ele>
    <time>2026-03-07T09:29:43Z</time>
   </trkpt>
   <trkpt lat="48.093206" lon="11.670340">
    <ele>539.203</ele>
    <time>2026-03-07T09:29:51Z</time>
   </trkpt>
   <trkpt lat="48.093208" lon="11.670380">
    <ele>539.490</ele>
    <time>2026-03-07T09:29:53Z</time>
   </trkpt>
   <trkpt lat="48.093176" lon="11.670458">
    <ele>539.639</ele>
    <time>2026-03-07T09:29:55Z</time>
   </trkpt>
   <trkpt lat="48.093139" lon="11.670666">
    <ele>540.132</ele>
    <time>2026-03-07T09:29:59Z</time>
   </trkpt>
   <trkpt lat="48.093107" lon="11.670818">
    <ele>540.441</ele>
    <time>2026-03-07T09:30:01Z</time>
   </trkpt>
   <trkpt lat="48.093043" lon="11.671062">
    <ele>540.504</ele>
    <time>2026-03-07T09:30:04Z</time>
   </trkpt>
   <trkpt lat="48.092874" lon="11.671680">
    <ele>538.844</ele>
    <time>2026-03-07T09:30:11Z</time>
   </trkpt>
   <trkpt lat="48.092821" lon="11.671994">
    <ele>537.649</ele>
    <time>2026-03-07T09:30:15Z</time>
   </trkpt>
   <trkpt lat="48.092678" lon="11.672461">
    <ele>538.669</ele>
    <time>2026-03-07T09:30:20Z</time>
   </trkpt>
   <trkpt lat="48.092529" lon="11.673156">
    <ele>539.233</ele>
    <time>2026-03-07T09:30:28Z</time>
   </trkpt>
   <trkpt lat="48.092419" lon="11.673589">
    <ele>537.731</ele>
    <time>2026-03-07T09:30:33Z</time>
   </trkpt>
   <trkpt lat="48.092278" lon="11.674045">
    <ele>537.983</ele>
    <time>2026-03-07T09:30:42Z</time>
   </trkpt>
   <trkpt lat="48.092228" lon="11.674264">
    <ele>537.879</ele>
    <time>2026-03-07T09:30:46Z</time>
   </trkpt>
   <trkpt lat="48.092154" lon="11.674872">
    <ele>537.887</ele>
    <time>2026-03-07T09:30:57Z</time>
   </trkpt>
   <trkpt lat="48.092099" lon="11.675204">
    <ele>539.288</ele>
    <time>2026-03-07T09:31:02Z</time>
   </trkpt>
   <trkpt lat="48.092078" lon="11.675349">
    <ele>538.694</ele>
    <time>2026-03-07T09:31:04Z</time>
   </trkpt>
   <trkpt lat="48.091940" lon="11.675817">
    <ele>540.211</ele>
    <time>2026-03-07T09:31:11Z</time>
   </trkpt>
   <trkpt lat="48.091842" lon="11.676122">
    <ele>541.231</ele>
    <time>2026-03-07T09:31:16Z</time>
   </trkpt>
   <trkpt lat="48.091803" lon="11.676235">
    <ele>541.072</ele>
    <time>2026-03-07T09:31:18Z</time>
   </trkpt>
   <trkpt lat="48.091779" lon="11.676367">
    <ele>541.439</ele>
    <time>2026-03-07T09:31:20Z</time>
   </trkpt>
   <trkpt lat="48.091751" lon="11.676736">
    <ele>541.803</ele>
    <time>2026-03-07T09:31:25Z</time>
   </trkpt>
   <trkpt lat="48.091760" lon="11.676844">
    <ele>541.459</ele>
    <time>2026-03-07T09:31:27Z</time>
   </trkpt>
   <trkpt lat="48.091741" lon="11.676907">
    <ele>541.711</ele>
    <time>2026-03-07T09:31:37Z</time>
   </trkpt>
   <trkpt lat="48.091736" lon="11.676913">
    <ele>539.409</ele>
    <time>2026-03-07T09:32:21Z</time>
   </trkpt>
   <trkpt lat="48.091739" lon="11.676906">
    <ele>540.066</ele>
    <time>2026-03-07T09:33:05Z</time>
   </trkpt>
   <trkpt lat="48.091689" lon="11.676914">
    <ele>541.207</ele>
    <time>2026-03-07T09:35:58Z</time>
   </trkpt>
   <trkpt lat="48.091661" lon="11.677098">
    <ele>541.518</ele>
    <time>2026-03-07T09:36:03Z</time>
   </trkpt>
   <trkpt lat="48.091670" lon="11.677746">
    <ele>544.073</ele>
    <time>2026-03-07T09:36:15Z</time>
   </trkpt>
   <trkpt lat="48.091595" lon="11.678004">
    <ele>542.316</ele>
    <time>2026-03-07T09:36:18Z</time>
   </trkpt>
   <trkpt lat="48.091261" lon="11.678921">
    <ele>542.609</ele>
    <time>2026-03-07T09:36:28Z</time>
   </trkpt>
   <trkpt lat="48.091184" lon="11.679265">
    <ele>542.285</ele>
    <time>2026-03-07T09:36:32Z</time>
   </trkpt>
   <trkpt lat="48.091131" lon="11.679784">
    <ele>540.246</ele>
    <time>2026-03-07T09:36:39Z</time>
   </trkpt>
   <trkpt lat="48.091104" lon="11.679925">
    <ele>539.555</ele>
    <time>2026-03-07T09:36:41Z</time>
   </trkpt>
   <trkpt lat="48.091138" lon="11.680450">
    <ele>537.052</ele>
    <time>2026-03-07T09:36:49Z</time>
   </trkpt>
   <trkpt lat="48.091177" lon="11.680996">
    <ele>535.734</ele>
    <time>2026-03-07T09:36:56Z</time>
   </trkpt>
   <trkpt lat="48.091197" lon="11.681499">
    <ele>532.912</ele>
    <time>2026-03-07T09:37:01Z</time>
   </trkpt>
   <trkpt lat="48.091154" lon="11.682003">
    <ele>531.506</ele>
    <time>2026-03-07T09:37:06Z</time>
   </trkpt>
   <trkpt lat="48.091099" lon="11.682421">
    <ele>530.206</ele>
    <time>2026-03-07T09:37:12Z</time>
   </trkpt>
   <trkpt lat="48.091085" lon="11.682546">
    <ele>530.336</ele>
    <time>2026-03-07T09:37:15Z</time>
   </trkpt>
   <trkpt lat="48.091169" lon="11.682589">
    <ele>530.172</ele>
    <time>2026-03-07T09:37:18Z</time>
   </trkpt>
   <trkpt lat="48.091291" lon="11.682645">
    <ele>529.973</ele>
    <time>2026-03-07T09:37:21Z</time>
   </trkpt>
   <trkpt lat="48.091370" lon="11.682703">
    <ele>530.977</ele>
    <time>2026-03-07T09:37:23Z</time>
   </trkpt>
   <trkpt lat="48.091377" lon="11.682861">
    <ele>532.116</ele>
    <time>2026-03-07T09:37:28Z</time>
   </trkpt>
   <trkpt lat="48.091380" lon="11.682900">
    <ele>533.884</ele>
    <time>2026-03-07T09:37:46Z</time>
   </trkpt>
   <trkpt lat="48.091361" lon="11.682966">
    <ele>533.710</ele>
    <time>2026-03-07T09:37:55Z</time>
   </trkpt>
   <trkpt lat="48.091337" lon="11.683137">
    <ele>534.174</ele>
    <time>2026-03-07T09:37:59Z</time>
   </trkpt>
   <trkpt lat="48.091332" lon="11.683305">
    <ele>534.719</ele>
    <time>2026-03-07T09:38:02Z</time>
   </trkpt>
   <trkpt lat="48.091272" lon="11.683584">
    <ele>535.609</ele>
    <time>2026-03-07T09:38:06Z</time>
   </trkpt>
   <trkpt lat="48.091071" lon="11.684453">
    <ele>541.058</ele>
    <time>2026-03-07T09:38:18Z</time>
   </trkpt>
   <trkpt lat="48.091007" lon="11.684817">
    <ele>543.265</ele>
    <time>2026-03-07T09:38:23Z</time>
   </trkpt>
   <trkpt lat="48.090961" lon="11.685009">
    <ele>545.418</ele>
    <time>2026-03-07T09:38:26Z</time>
   </trkpt>
   <trkpt lat="48.090672" lon="11.685767">
    <ele>550.036</ele>
    <time>2026-03-07T09:38:35Z</time>
   </trkpt>
   <trkpt lat="48.090532" lon="11.686032">
    <ele>551.356</ele>
    <time>2026-03-07T09:38:38Z</time>
   </trkpt>
   <trkpt lat="48.090183" lon="11.686698">
    <ele>555.209</ele>
    <time>2026-03-07T09:38:46Z</time>
   </trkpt>
   <trkpt lat="48.089861" lon="11.687296">
    <ele>557.098</ele>
    <time>2026-03-07T09:38:57Z</time>
   </trkpt>
   <trkpt lat="48.089851" lon="11.687261">
    <ele>558.832</ele>
    <time>2026-03-07T09:39:05Z</time>
   </trkpt>
   <trkpt lat="48.089918" lon="11.687163">
    <ele>560.554</ele>
    <time>2026-03-07T09:39:08Z</time>
   </trkpt>
   <trkpt lat="48.090018" lon="11.686956">
    <ele>563.043</ele>
    <time>2026-03-07T09:39:12Z</time>
   </trkpt>
   <trkpt lat="48.090100" lon="11.686687">
    <ele>562.986</ele>
    <time>2026-03-07T09:39:16Z</time>
   </trkpt>
   <trkpt lat="48.090179" lon="11.686491">
    <ele>561.283</ele>
    <time>2026-03-07T09:39:19Z</time>
   </trkpt>
   <trkpt lat="48.090288" lon="11.686405">
    <ele>560.366</ele>
    <time>2026-03-07T09:39:23Z</time>
   </trkpt>
   <trkpt lat="48.090443" lon="11.686516">
    <ele>559.160</ele>
    <time>2026-03-07T09:39:27Z</time>
   </trkpt>
   <trkpt lat="48.090609" lon="11.686533">
    <ele>559.225</ele>
    <time>2026-03-07T09:39:30Z</time>
   </trkpt>
   <trkpt lat="48.090805" lon="11.686516">
    <ele>558.239</ele>
    <time>2026-03-07T09:39:33Z</time>
   </trkpt>
   <trkpt lat="48.091147" lon="11.686527">
    <ele>555.562</ele>
    <time>2026-03-07T09:39:38Z</time>
   </trkpt>
   <trkpt lat="48.091403" lon="11.686711">
    <ele>552.847</ele>
    <time>2026-03-07T09:39:44Z</time>
   </trkpt>
   <trkpt lat="48.091517" lon="11.686869">
    <ele>550.863</ele>
    <time>2026-03-07T09:39:52Z</time>
   </trkpt>
   <trkpt lat="48.091757" lon="11.687440">
    <ele>548.623</ele>
    <time>2026-03-07T09:40:01Z</time>
   </trkpt>
   <trkpt lat="48.091715" lon="11.687928">
    <ele>543.528</ele>
    <time>2026-03-07T09:40:06Z</time>
   </trkpt>
   <trkpt lat="48.091674" lon="11.688405">
    <ele>547.214</ele>
    <time>2026-03-07T09:40:11Z</time>
   </trkpt>
   <trkpt lat="48.091709" lon="11.688743">
    <ele>548.311</ele>
    <time>2026-03-07T09:40:15Z</time>
   </trkpt>
   <trkpt lat="48.091747" lon="11.689514">
    <ele>545.123</ele>
    <time>2026-03-07T09:40:22Z</time>
   </trkpt>
   <trkpt lat="48.091787" lon="11.689966">
    <ele>545.118</ele>
    <time>2026-03-07T09:40:27Z</time>
   </trkpt>
   <trkpt lat="48.091625" lon="11.691029">
    <ele>544.761</ele>
    <time>2026-03-07T09:40:38Z</time>
   </trkpt>
   <trkpt lat="48.091506" lon="11.691826">
    <ele>546.812</ele>
    <time>2026-03-07T09:40:48Z</time>
   </trkpt>
   <trkpt lat="48.091415" lon="11.692255">
    <ele>544.875</ele>
    <time>2026-03-07T09:40:53Z</time>
   </trkpt>
   <trkpt lat="48.091369" lon="11.692615">
    <ele>544.705</ele>
    <time>2026-03-07T09:40:57Z</time>
   </trkpt>
   <trkpt lat="48.091414" lon="11.693173">
    <ele>544.310</ele>
    <time>2026-03-07T09:41:03Z</time>
   </trkpt>
   <trkpt lat="48.091459" lon="11.693760">
    <ele>544.943</ele>
    <time>2026-03-07T09:41:10Z</time>
   </trkpt>
   <trkpt lat="48.091504" lon="11.694183">
    <ele>541.581</ele>
    <time>2026-03-07T09:41:15Z</time>
   </trkpt>
   <trkpt lat="48.091522" lon="11.694563">
    <ele>537.609</ele>
    <time>2026-03-07T09:41:19Z</time>
   </trkpt>
   <trkpt lat="48.091634" lon="11.695111">
    <ele>536.247</ele>
    <time>2026-03-07T09:41:25Z</time>
   </trkpt>
   <trkpt lat="48.091669" lon="11.695365">
    <ele>536.347</ele>
    <time>2026-03-07T09:41:28Z</time>
   </trkpt>
   <trkpt lat="48.091706" lon="11.695629">
    <ele>535.865</ele>
    <time>2026-03-07T09:41:31Z</time>
   </trkpt>
   <trkpt lat="48.091699" lon="11.695998">
    <ele>538.947</ele>
    <time>2026-03-07T09:41:35Z</time>
   </trkpt>
   <trkpt lat="48.091769" lon="11.696377">
    <ele>537.461</ele>
    <time>2026-03-07T09:41:39Z</time>
   </trkpt>
   <trkpt lat="48.091757" lon="11.696891">
    <ele>535.783</ele>
    <time>2026-03-07T09:41:44Z</time>
   </trkpt>
   <trkpt lat="48.091764" lon="11.697174">
    <ele>538.638</ele>
    <time>2026-03-07T09:41:47Z</time>
   </trkpt>
   <trkpt lat="48.091768" lon="11.697491">
    <ele>537.561</ele>
    <time>2026-03-07T09:41:50Z</time>
   </trkpt>
   <trkpt lat="48.091861" lon="11.698308">
    <ele>539.288</ele>
    <time>2026-03-07T09:41:59Z</time>
   </trkpt>
   <trkpt lat="48.091898" lon="11.699431">
    <ele>538.511</ele>
    <time>2026-03-07T09:42:11Z</time>
   </trkpt>
   <trkpt lat="48.091908" lon="11.699783">
    <ele>539.128</ele>
    <time>2026-03-07T09:42:15Z</time>
   </trkpt>
   <trkpt lat="48.091937" lon="11.700217">
    <ele>541.542</ele>
    <time>2026-03-07T09:42:20Z</time>
   </trkpt>
   <trkpt lat="48.091598" lon="11.701541">
    <ele>541.605</ele>
    <time>2026-03-07T09:42:34Z</time>
   </trkpt>
   <trkpt lat="48.091600" lon="11.701977">
    <ele>541.900</ele>
    <time>2026-03-07T09:42:39Z</time>
   </trkpt>
   <trkpt lat="48.091619" lon="11.702156">
    <ele>541.204</ele>
    <time>2026-03-07T09:42:41Z</time>
   </trkpt>
   <trkpt lat="48.091668" lon="11.702544">
    <ele>541.576</ele>
    <time>2026-03-07T09:42:46Z</time>
   </trkpt>
   <trkpt lat="48.091691" lon="11.702820">
    <ele>541.142</ele>
    <time>2026-03-07T09:42:49Z</time>
   </trkpt>
   <trkpt lat="48.091687" lon="11.703094">
    <ele>539.006</ele>
    <time>2026-03-07T09:42:52Z</time>
   </trkpt>
   <trkpt lat="48.091714" lon="11.703454">
    <ele>540.191</ele>
    <time>2026-03-07T09:42:56Z</time>
   </trkpt>
   <trkpt lat="48.091736" lon="11.703682">
    <ele>541.314</ele>
    <time>2026-03-07T09:42:59Z</time>
   </trkpt>
   <trkpt lat="48.091613" lon="11.704406">
    <ele>536.231</ele>
    <time>2026-03-07T09:43:08Z</time>
   </trkpt>
   <trkpt lat="48.091651" lon="11.704669">
    <ele>534.555</ele>
    <time>2026-03-07T09:43:12Z</time>
   </trkpt>
   <trkpt lat="48.091700" lon="11.704781">
    <ele>533.142</ele>
    <time>2026-03-07T09:43:15Z</time>
   </trkpt>
   <trkpt lat="48.091626" lon="11.705067">
    <ele>539.705</ele>
    <time>2026-03-07T09:43:22Z</time>
   </trkpt>
   <trkpt lat="48.091449" lon="11.705295">
    <ele>540.484</ele>
    <time>2026-03-07T09:43:28Z</time>
   </trkpt>
   <trkpt lat="48.091529" lon="11.705569">
    <ele>539.507</ele>
    <time>2026-03-07T09:43:33Z</time>
   </trkpt>
   <trkpt lat="48.091614" lon="11.705695">
    <ele>539.295</ele>
    <time>2026-03-07T09:43:35Z</time>
   </trkpt>
   <trkpt lat="48.092130" lon="11.706788">
    <ele>541.033</ele>
    <time>2026-03-07T09:43:47Z</time>
   </trkpt>
   <trkpt lat="48.092095" lon="11.707086">
    <ele>541.262</ele>
    <time>2026-03-07T09:43:51Z</time>
   </trkpt>
   <trkpt lat="48.092010" lon="11.707209">
    <ele>541.316</ele>
    <time>2026-03-07T09:43:53Z</time>
   </trkpt>
   <trkpt lat="48.091581" lon="11.708593">
    <ele>542.087</ele>
    <time>2026-03-07T09:44:09Z</time>
   </trkpt>
   <trkpt lat="48.091175" lon="11.709899">
    <ele>544.807</ele>
    <time>2026-03-07T09:44:27Z</time>
   </trkpt>
   <trkpt lat="48.090733" lon="11.711517">
    <ele>545.353</ele>
    <time>2026-03-07T09:44:46Z</time>
   </trkpt>
   <trkpt lat="48.090332" lon="11.712998">
    <ele>545.496</ele>
    <time>2026-03-07T09:45:02Z</time>
   </trkpt>
   <trkpt lat="48.089850" lon="11.714243">
    <ele>546.543</ele>
    <time>2026-03-07T09:45:17Z</time>
   </trkpt>
   <trkpt lat="48.089416" lon="11.715651">
    <ele>547.305</ele>
    <time>2026-03-07T09:45:33Z</time>
   </trkpt>
   <trkpt lat="48.088712" lon="11.717257">
    <ele>548.515</ele>
    <time>2026-03-07T09:45:53Z</time>
   </trkpt>
   <trkpt lat="48.088132" lon="11.718854">
    <ele>548.511</ele>
    <time>2026-03-07T09:46:12Z</time>
   </trkpt>
   <trkpt lat="48.087834" lon="11.719811">
    <ele>548.139</ele>
    <time>2026-03-07T09:46:23Z</time>
   </trkpt>
   <trkpt lat="48.087608" lon="11.720442">
    <ele>548.473</ele>
    <time>2026-03-07T09:46:35Z</time>
   </trkpt>
   <trkpt lat="48.087534" lon="11.720611">
    <ele>548.854</ele>
    <time>2026-03-07T09:46:45Z</time>
   </trkpt>
   <trkpt lat="48.087098" lon="11.721656">
    <ele>548.547</ele>
    <time>2026-03-07T09:46:58Z</time>
   </trkpt>
   <trkpt lat="48.086410" lon="11.723313">
    <ele>548.722</ele>
    <time>2026-03-07T09:47:20Z</time>
   </trkpt>
   <trkpt lat="48.085437" lon="11.725789">
    <ele>550.914</ele>
    <time>2026-03-07T09:47:53Z</time>
   </trkpt>
   <trkpt lat="48.084977" lon="11.726957">
    <ele>551.532</ele>
    <time>2026-03-07T09:48:09Z</time>
   </trkpt>
   <trkpt lat="48.084560" lon="11.728197">
    <ele>552.009</ele>
    <time>2026-03-07T09:48:25Z</time>
   </trkpt>
   <trkpt lat="48.084447" lon="11.728742">
    <ele>552.536</ele>
    <time>2026-03-07T09:48:32Z</time>
   </trkpt>
   <trkpt lat="48.084671" lon="11.729326">
    <ele>551.480</ele>
    <time>2026-03-07T09:48:40Z</time>
   </trkpt>
   <trkpt lat="48.084731" lon="11.729361">
    <ele>551.528</ele>
    <time>2026-03-07T09:48:41Z</time>
   </trkpt>
   <trkpt lat="48.084976" lon="11.729487">
    <ele>551.548</ele>
    <time>2026-03-07T09:48:45Z</time>
   </trkpt>
   <trkpt lat="48.085107" lon="11.729849">
    <ele>551.457</ele>
    <time>2026-03-07T09:48:50Z</time>
   </trkpt>
   <trkpt lat="48.084894" lon="11.731252">
    <ele>550.786</ele>
    <time>2026-03-07T09:49:06Z</time>
   </trkpt>
   <trkpt lat="48.084852" lon="11.731485">
    <ele>551.479</ele>
    <time>2026-03-07T09:49:09Z</time>
   </trkpt>
   <trkpt lat="48.084718" lon="11.732006">
    <ele>552.795</ele>
    <time>2026-03-07T09:49:15Z</time>
   </trkpt>
   <trkpt lat="48.084605" lon="11.732450">
    <ele>553.079</ele>
    <time>2026-03-07T09:49:20Z</time>
   </trkpt>
   <trkpt lat="48.084667" lon="11.732976">
    <ele>551.915</ele>
    <time>2026-03-07T09:49:26Z</time>
   </trkpt>
   <trkpt lat="48.085178" lon="11.734133">
    <ele>548.848</ele>
    <time>2026-03-07T09:49:41Z</time>
   </trkpt>
   <trkpt lat="48.085366" lon="11.734626">
    <ele>548.526</ele>
    <time>2026-03-07T09:49:47Z</time>
   </trkpt>
   <trkpt lat="48.085630" lon="11.734876">
    <ele>547.461</ele>
    <time>2026-03-07T09:49:52Z</time>
   </trkpt>
   <trkpt lat="48.085885" lon="11.734966">
    <ele>547.139</ele>
    <time>2026-03-07T09:49:56Z</time>
   </trkpt>
   <trkpt lat="48.086268" lon="11.735702">
    <ele>546.356</ele>
    <time>2026-03-07T09:50:05Z</time>
   </trkpt>
   <trkpt lat="48.086831" lon="11.737191">
    <ele>546.528</ele>
    <time>2026-03-07T09:50:22Z</time>
   </trkpt>
   <trkpt lat="48.086886" lon="11.737349">
    <ele>546.283</ele>
    <time>2026-03-07T09:50:25Z</time>
   </trkpt>
   <trkpt lat="48.086805" lon="11.737467">
    <ele>546.572</ele>
    <time>2026-03-07T09:50:29Z</time>
   </trkpt>
   <trkpt lat="48.085919" lon="11.737805">
    <ele>548.100</ele>
    <time>2026-03-07T09:50:47Z</time>
   </trkpt>
   <trkpt lat="48.084511" lon="11.738161">
    <ele>550.039</ele>
    <time>2026-03-07T09:51:10Z</time>
   </trkpt>
   <trkpt lat="48.083444" lon="11.737931">
    <ele>551.182</ele>
    <time>2026-03-07T09:51:26Z</time>
   </trkpt>
   <trkpt lat="48.082401" lon="11.737081">
    <ele>550.517</ele>
    <time>2026-03-07T09:51:44Z</time>
   </trkpt>
   <trkpt lat="48.081508" lon="11.735846">
    <ele>547.835</ele>
    <time>2026-03-07T09:52:00Z</time>
   </trkpt>
   <trkpt lat="48.081078" lon="11.735472">
    <ele>548.552</ele>
    <time>2026-03-07T09:52:09Z</time>
   </trkpt>
   <trkpt lat="48.081002" lon="11.735616">
    <ele>548.336</ele>
    <time>2026-03-07T09:52:13Z</time>
   </trkpt>
   <trkpt lat="48.080874" lon="11.736072">
    <ele>546.845</ele>
    <time>2026-03-07T09:52:19Z</time>
   </trkpt>
   <trkpt lat="48.080699" lon="11.736390">
    <ele>544.695</ele>
    <time>2026-03-07T09:52:23Z</time>
   </trkpt>
   <trkpt lat="48.080333" lon="11.737114">
    <ele>546.509</ele>
    <time>2026-03-07T09:52:32Z</time>
   </trkpt>
   <trkpt lat="48.080163" lon="11.737563">
    <ele>548.435</ele>
    <time>2026-03-07T09:52:39Z</time>
   </trkpt>
   <trkpt lat="48.079878" lon="11.738641">
    <ele>552.691</ele>
    <time>2026-03-07T09:52:57Z</time>
   </trkpt>
   <trkpt lat="48.079657" lon="11.740145">
    <ele>553.611</ele>
    <time>2026-03-07T09:53:19Z</time>
   </trkpt>
   <trkpt lat="48.079625" lon="11.740372">
    <ele>553.423</ele>
    <time>2026-03-07T09:53:22Z</time>
   </trkpt>
   <trkpt lat="48.079538" lon="11.740691">
    <ele>552.984</ele>
    <time>2026-03-07T09:53:26Z</time>
   </trkpt>
   <trkpt lat="48.079469" lon="11.741141">
    <ele>553.038</ele>
    <time>2026-03-07T09:53:31Z</time>
   </trkpt>
   <trkpt lat="48.079280" lon="11.742783">
    <ele>551.763</ele>
    <time>2026-03-07T09:53:49Z</time>
   </trkpt>
   <trkpt lat="48.079169" lon="11.743322">
    <ele>551.533</ele>
    <time>2026-03-07T09:53:55Z</time>
   </trkpt>
   <trkpt lat="48.079096" lon="11.743520">
    <ele>551.698</ele>
    <time>2026-03-07T09:54:02Z</time>
   </trkpt>
   <trkpt lat="48.079097" lon="11.743522">
    <ele>551.752</ele>
    <time>2026-03-07T09:54:04Z</time>
   </trkpt>
   <trkpt lat="48.079034" lon="11.743522">
    <ele>551.633</ele>
    <time>2026-03-07T09:54:08Z</time>
   </trkpt>
   <trkpt lat="48.078917" lon="11.743472">
    <ele>552.482</ele>
    <time>2026-03-07T09:54:11Z</time>
   </trkpt>
   <trkpt lat="48.078742" lon="11.743367">
    <ele>553.133</ele>
    <time>2026-03-07T09:54:15Z</time>
   </trkpt>
   <trkpt lat="48.078528" lon="11.743311">
    <ele>554.513</ele>
    <time>2026-03-07T09:54:19Z</time>
   </trkpt>
   <trkpt lat="48.078262" lon="11.743366">
    <ele>555.278</ele>
    <time>2026-03-07T09:54:29Z</time>
   </trkpt>
   <trkpt lat="48.078160" lon="11.743416">
    <ele>554.185</ele>
    <time>2026-03-07T09:54:35Z</time>
   </trkpt>
   <trkpt lat="48.078004" lon="11.743320">
    <ele>553.871</ele>
    <time>2026-03-07T09:54:39Z</time>
   </trkpt>
   <trkpt lat="48.077943" lon="11.743165">
    <ele>553.925</ele>
    <time>2026-03-07T09:54:43Z</time>
   </trkpt>
   <trkpt lat="48.078004" lon="11.743352">
    <ele>554.472</ele>
    <time>2026-03-07T09:54:50Z</time>
   </trkpt>
   <trkpt lat="48.078032" lon="11.743397">
    <ele>554.299</ele>
    <time>2026-03-07T09:54:51Z</time>
   </trkpt>
   <trkpt lat="48.078202" lon="11.743434">
    <ele>554.060</ele>
    <time>2026-03-07T09:54:55Z</time>
   </trkpt>
   <trkpt lat="48.078448" lon="11.743345">
    <ele>555.738</ele>
    <time>2026-03-07T09:55:00Z</time>
   </trkpt>
   <trkpt lat="48.078670" lon="11.743337">
    <ele>555.386</ele>
    <time>2026-03-07T09:55:04Z</time>
   </trkpt>
   <trkpt lat="48.079026" lon="11.743535">
    <ele>552.654</ele>
    <time>2026-03-07T09:55:13Z</time>
   </trkpt>
   <trkpt lat="48.078990" lon="11.743703">
    <ele>552.646</ele>
    <time>2026-03-07T09:55:17Z</time>
   </trkpt>
   <trkpt lat="48.078925" lon="11.743801">
    <ele>553.068</ele>
    <time>2026-03-07T09:55:19Z</time>
   </trkpt>
   <trkpt lat="48.078763" lon="11.744661">
    <ele>553.219</ele>
    <time>2026-03-07T09:55:30Z</time>
   </trkpt>
   <trkpt lat="48.078478" lon="11.746474">
    <ele>553.593</ele>
    <time>2026-03-07T09:55:51Z</time>
   </trkpt>
   <trkpt lat="48.078136" lon="11.746705">
    <ele>553.885</ele>
    <time>2026-03-07T09:55:58Z</time>
   </trkpt>
   <trkpt lat="48.077556" lon="11.746914">
    <ele>555.435</ele>
    <time>2026-03-07T09:56:09Z</time>
   </trkpt>
   <trkpt lat="48.077008" lon="11.747194">
    <ele>556.316</ele>
    <time>2026-03-07T09:56:21Z</time>
   </trkpt>
   <trkpt lat="48.076912" lon="11.747433">
    <ele>555.822</ele>
    <time>2026-03-07T09:56:25Z</time>
   </trkpt>
   <trkpt lat="48.076925" lon="11.747692">
    <ele>555.986</ele>
    <time>2026-03-07T09:56:28Z</time>
   </trkpt>
   <trkpt lat="48.076785" lon="11.748190">
    <ele>556.669</ele>
    <time>2026-03-07T09:56:34Z</time>
   </trkpt>
   <trkpt lat="48.076298" lon="11.749506">
    <ele>557.068</ele>
    <time>2026-03-07T09:56:50Z</time>
   </trkpt>
   <trkpt lat="48.075840" lon="11.750275">
    <ele>556.773</ele>
    <time>2026-03-07T09:57:01Z</time>
   </trkpt>
   <trkpt lat="48.074918" lon="11.750805">
    <ele>556.654</ele>
    <time>2026-03-07T09:57:17Z</time>
   </trkpt>
   <trkpt lat="48.073829" lon="11.751491">
    <ele>556.389</ele>
    <time>2026-03-07T09:57:36Z</time>
   </trkpt>
   <trkpt lat="48.073719" lon="11.751602">
    <ele>556.204</ele>
    <time>2026-03-07T09:57:38Z</time>
   </trkpt>
   <trkpt lat="48.073024" lon="11.752797">
    <ele>556.674</ele>
    <time>2026-03-07T09:57:54Z</time>
   </trkpt>
   <trkpt lat="48.072220" lon="11.754195">
    <ele>556.843</ele>
    <time>2026-03-07T09:58:13Z</time>
   </trkpt>
   <trkpt lat="48.071416" lon="11.755153">
    <ele>558.099</ele>
    <time>2026-03-07T09:58:30Z</time>
   </trkpt>
   <trkpt lat="48.071198" lon="11.755395">
    <ele>558.944</ele>
    <time>2026-03-07T09:58:35Z</time>
   </trkpt>
   <trkpt lat="48.071079" lon="11.755532">
    <ele>559.416</ele>
    <time>2026-03-07T09:58:38Z</time>
   </trkpt>
   <trkpt lat="48.070796" lon="11.755884">
    <ele>559.701</ele>
    <time>2026-03-07T09:58:46Z</time>
   </trkpt>
   <trkpt lat="48.070377" lon="11.756432">
    <ele>561.681</ele>
    <time>2026-03-07T09:58:57Z</time>
   </trkpt>
   <trkpt lat="48.070243" lon="11.756592">
    <ele>561.415</ele>
    <time>2026-03-07T09:59:00Z</time>
   </trkpt>
   <trkpt lat="48.069677" lon="11.757103">
    <ele>567.178</ele>
    <time>2026-03-07T09:59:10Z</time>
   </trkpt>
   <trkpt lat="48.069636" lon="11.757149">
    <ele>567.685</ele>
    <time>2026-03-07T09:59:11Z</time>
   </trkpt>
   <trkpt lat="48.069225" lon="11.757624">
    <ele>572.305</ele>
    <time>2026-03-07T09:59:20Z</time>
   </trkpt>
   <trkpt lat="48.068986" lon="11.757956">
    <ele>574.315</ele>
    <time>2026-03-07T09:59:25Z</time>
   </trkpt>
   <trkpt lat="48.068508" lon="11.758621">
    <ele>574.056</ele>
    <time>2026-03-07T09:59:35Z</time>
   </trkpt>
   <trkpt lat="48.068063" lon="11.759050">
    <ele>574.970</ele>
    <time>2026-03-07T09:59:43Z</time>
   </trkpt>
   <trkpt lat="48.067338" lon="11.759507">
    <ele>566.802</ele>
    <time>2026-03-07T09:59:54Z</time>
   </trkpt>
   <trkpt lat="48.067280" lon="11.759540">
    <ele>566.483</ele>
    <time>2026-03-07T09:59:55Z</time>
   </trkpt>
   <trkpt lat="48.067043" lon="11.759820">
    <ele>565.673</ele>
    <time>2026-03-07T10:00:00Z</time>
   </trkpt>
   <trkpt lat="48.066823" lon="11.760141">
    <ele>566.327</ele>
    <time>2026-03-07T10:00:06Z</time>
   </trkpt>
   <trkpt lat="48.066675" lon="11.760370">
    <ele>567.470</ele>
    <time>2026-03-07T10:00:10Z</time>
   </trkpt>
   <trkpt lat="48.066404" lon="11.760722">
    <ele>567.461</ele>
    <time>2026-03-07T10:00:16Z</time>
   </trkpt>
   <trkpt lat="48.066071" lon="11.761151">
    <ele>567.543</ele>
    <time>2026-03-07T10:00:23Z</time>
   </trkpt>
   <trkpt lat="48.065945" lon="11.761301">
    <ele>567.030</ele>
    <time>2026-03-07T10:00:26Z</time>
   </trkpt>
   <trkpt lat="48.065766" lon="11.761421">
    <ele>565.359</ele>
    <time>2026-03-07T10:00:29Z</time>
   </trkpt>
   <trkpt lat="48.065606" lon="11.761547">
    <ele>565.828</ele>
    <time>2026-03-07T10:00:32Z</time>
   </trkpt>
   <trkpt lat="48.065217" lon="11.761406">
    <ele>565.279</ele>
    <time>2026-03-07T10:00:39Z</time>
   </trkpt>
   <trkpt lat="48.064984" lon="11.761216">
    <ele>567.144</ele>
    <time>2026-03-07T10:00:44Z</time>
   </trkpt>
   <trkpt lat="48.064859" lon="11.761096">
    <ele>569.173</ele>
    <time>2026-03-07T10:00:47Z</time>
   </trkpt>
   <trkpt lat="48.064698" lon="11.760940">
    <ele>571.970</ele>
    <time>2026-03-07T10:00:51Z</time>
   </trkpt>
   <trkpt lat="48.064008" lon="11.760881">
    <ele>568.359</ele>
    <time>2026-03-07T10:01:01Z</time>
   </trkpt>
   <trkpt lat="48.063703" lon="11.760905">
    <ele>569.192</ele>
    <time>2026-03-07T10:01:06Z</time>
   </trkpt>
   <trkpt lat="48.063399" lon="11.761395">
    <ele>566.368</ele>
    <time>2026-03-07T10:01:14Z</time>
   </trkpt>
   <trkpt lat="48.062745" lon="11.762753">
    <ele>562.256</ele>
    <time>2026-03-07T10:01:32Z</time>
   </trkpt>
   <trkpt lat="48.062076" lon="11.764194">
    <ele>561.301</ele>
    <time>2026-03-07T10:01:50Z</time>
   </trkpt>
   <trkpt lat="48.061744" lon="11.764888">
    <ele>561.532</ele>
    <time>2026-03-07T10:01:59Z</time>
   </trkpt>
   <trkpt lat="48.061162" lon="11.766124">
    <ele>561.647</ele>
    <time>2026-03-07T10:02:16Z</time>
   </trkpt>
   <trkpt lat="48.060788" lon="11.766945">
    <ele>561.753</ele>
    <time>2026-03-07T10:02:27Z</time>
   </trkpt>
   <trkpt lat="48.060114" lon="11.768382">
    <ele>561.719</ele>
    <time>2026-03-07T10:02:47Z</time>
   </trkpt>
   <trkpt lat="48.059687" lon="11.769554">
    <ele>562.588</ele>
    <time>2026-03-07T10:03:03Z</time>
   </trkpt>
   <trkpt lat="48.059493" lon="11.770215">
    <ele>563.105</ele>
    <time>2026-03-07T10:03:11Z</time>
   </trkpt>
   <trkpt lat="48.059401" lon="11.770718">
    <ele>563.133</ele>
    <time>2026-03-07T10:03:17Z</time>
   </trkpt>
   <trkpt lat="48.059439" lon="11.771729">
    <ele>562.701</ele>
    <time>2026-03-07T10:03:29Z</time>
   </trkpt>
   <trkpt lat="48.059442" lon="11.771974">
    <ele>562.768</ele>
    <time>2026-03-07T10:03:32Z</time>
   </trkpt>
   <trkpt lat="48.059312" lon="11.772329">
    <ele>561.745</ele>
    <time>2026-03-07T10:03:39Z</time>
   </trkpt>
   <trkpt lat="48.059164" lon="11.772398">
    <ele>562.106</ele>
    <time>2026-03-07T10:03:43Z</time>
   </trkpt>
   <trkpt lat="48.058361" lon="11.772566">
    <ele>561.634</ele>
    <time>2026-03-07T10:03:58Z</time>
   </trkpt>
   <trkpt lat="48.058150" lon="11.772694">
    <ele>562.190</ele>
    <time>2026-03-07T10:04:02Z</time>
   </trkpt>
   <trkpt lat="48.057518" lon="11.772594">
    <ele>564.073</ele>
    <time>2026-03-07T10:04:13Z</time>
   </trkpt>
   <trkpt lat="48.057464" lon="11.772573">
    <ele>563.898</ele>
    <time>2026-03-07T10:04:14Z</time>
   </trkpt>
   <trkpt lat="48.057195" lon="11.772567">
    <ele>564.729</ele>
    <time>2026-03-07T10:04:19Z</time>
   </trkpt>
   <trkpt lat="48.057083" lon="11.772549">
    <ele>565.099</ele>
    <time>2026-03-07T10:04:21Z</time>
   </trkpt>
   <trkpt lat="48.056845" lon="11.772456">
    <ele>565.445</ele>
    <time>2026-03-07T10:04:30Z</time>
   </trkpt>
   <trkpt lat="48.056844" lon="11.772456">
    <ele>565.396</ele>
    <time>2026-03-07T10:04:31Z</time>
   </trkpt>
   <trkpt lat="48.057046" lon="11.772527">
    <ele>565.896</ele>
    <time>2026-03-07T10:04:40Z</time>
   </trkpt>
   <trkpt lat="48.057220" lon="11.772569">
    <ele>566.016</ele>
    <time>2026-03-07T10:04:44Z</time>
   </trkpt>
   <trkpt lat="48.057241" lon="11.772744">
    <ele>565.606</ele>
    <time>2026-03-07T10:04:48Z</time>
   </trkpt>
   <trkpt lat="48.056972" lon="11.773391">
    <ele>565.644</ele>
    <time>2026-03-07T10:04:59Z</time>
   </trkpt>
   <trkpt lat="48.056880" lon="11.773591">
    <ele>566.062</ele>
    <time>2026-03-07T10:05:02Z</time>
   </trkpt>
   <trkpt lat="48.056173" lon="11.774564">
    <ele>566.102</ele>
    <time>2026-03-07T10:05:17Z</time>
   </trkpt>
   <trkpt lat="48.055952" lon="11.774854">
    <ele>566.976</ele>
    <time>2026-03-07T10:05:22Z</time>
   </trkpt>
   <trkpt lat="48.055344" lon="11.775613">
    <ele>567.438</ele>
    <time>2026-03-07T10:05:36Z</time>
   </trkpt>
   <trkpt lat="48.054831" lon="11.776182">
    <ele>567.428</ele>
    <time>2026-03-07T10:05:50Z</time>
   </trkpt>
   <trkpt lat="48.053965" lon="11.777020">
    <ele>567.185</ele>
    <time>2026-03-07T10:06:10Z</time>
   </trkpt>
   <trkpt lat="48.052940" lon="11.778122">
    <ele>566.773</ele>
    <time>2026-03-07T10:06:35Z</time>
   </trkpt>
   <trkpt lat="48.052060" lon="11.779008">
    <ele>564.623</ele>
    <time>2026-03-07T10:06:57Z</time>
   </trkpt>
   <trkpt lat="48.051197" lon="11.779697">
    <ele>566.414</ele>
    <time>2026-03-07T10:07:19Z</time>
   </trkpt>
   <trkpt lat="48.050631" lon="11.780295">
    <ele>566.281</ele>
    <time>2026-03-07T10:07:33Z</time>
   </trkpt>
   <trkpt lat="48.049881" lon="11.781096">
    <ele>567.077</ele>
    <time>2026-03-07T10:07:51Z</time>
   </trkpt>
   <trkpt lat="48.049234" lon="11.781933">
    <ele>567.423</ele>
    <time>2026-03-07T10:08:07Z</time>
   </trkpt>
   <trkpt lat="48.049076" lon="11.782096">
    <ele>567.902</ele>
    <time>2026-03-07T10:08:11Z</time>
   </trkpt>
   <trkpt lat="48.048944" lon="11.782303">
    <ele>568.944</ele>
    <time>2026-03-07T10:08:15Z</time>
   </trkpt>
   <trkpt lat="48.048774" lon="11.782600">
    <ele>578.861</ele>
    <time>2026-03-07T10:08:20Z</time>
   </trkpt>
   <trkpt lat="48.048404" lon="11.783021">
    <ele>583.978</ele>
    <time>2026-03-07T10:08:30Z</time>
   </trkpt>
   <trkpt lat="48.048101" lon="11.783353">
    <ele>578.924</ele>
    <time>2026-03-07T10:08:36Z</time>
   </trkpt>
   <trkpt lat="48.047837" lon="11.783617">
    <ele>575.990</ele>
    <time>2026-03-07T10:08:42Z</time>
   </trkpt>
   <trkpt lat="48.047226" lon="11.784250">
    <ele>573.183</ele>
    <time>2026-03-07T10:08:52Z</time>
   </trkpt>
   <trkpt lat="48.046486" lon="11.784747">
    <ele>572.271</ele>
    <time>2026-03-07T10:09:07Z</time>
   </trkpt>
   <trkpt lat="48.046020" lon="11.784959">
    <ele>572.727</ele>
    <time>2026-03-07T10:09:19Z</time>
   </trkpt>
   <trkpt lat="48.045960" lon="11.784994">
    <ele>573.074</ele>
    <time>2026-03-07T10:09:21Z</time>
   </trkpt>
   <trkpt lat="48.045410" lon="11.785280">
    <ele>574.109</ele>
    <time>2026-03-07T10:09:32Z</time>
   </trkpt>
   <trkpt lat="48.045165" lon="11.785413">
    <ele>574.174</ele>
    <time>2026-03-07T10:09:38Z</time>
   </trkpt>
   <trkpt lat="48.045052" lon="11.785478">
    <ele>573.863</ele>
    <time>2026-03-07T10:09:41Z</time>
   </trkpt>
   <trkpt lat="48.044595" lon="11.785777">
    <ele>574.665</ele>
    <time>2026-03-07T10:09:53Z</time>
   </trkpt>
   <trkpt lat="48.044007" lon="11.786251">
    <ele>578.959</ele>
    <time>2026-03-07T10:10:06Z</time>
   </trkpt>
   <trkpt lat="48.043542" lon="11.786562">
    <ele>581.545</ele>
    <time>2026-03-07T10:10:14Z</time>
   </trkpt>
   <trkpt lat="48.043393" lon="11.786642">
    <ele>582.707</ele>
    <time>2026-03-07T10:10:16Z</time>
   </trkpt>
   <trkpt lat="48.042957" lon="11.786954">
    <ele>586.526</ele>
    <time>2026-03-07T10:10:25Z</time>
   </trkpt>
   <trkpt lat="48.042428" lon="11.787299">
    <ele>588.174</ele>
    <time>2026-03-07T10:10:35Z</time>
   </trkpt>
   <trkpt lat="48.042065" lon="11.787413">
    <ele>587.455</ele>
    <time>2026-03-07T10:10:40Z</time>
   </trkpt>
   <trkpt lat="48.041280" lon="11.787812">
    <ele>584.560</ele>
    <time>2026-03-07T10:10:53Z</time>
   </trkpt>
   <trkpt lat="48.040846" lon="11.787987">
    <ele>584.947</ele>
    <time>2026-03-07T10:11:01Z</time>
   </trkpt>
   <trkpt lat="48.040382" lon="11.788165">
    <ele>583.360</ele>
    <time>2026-03-07T10:11:09Z</time>
   </trkpt>
   <trkpt lat="48.039703" lon="11.788504">
    <ele>581.058</ele>
    <time>2026-03-07T10:11:21Z</time>
   </trkpt>
   <trkpt lat="48.039151" lon="11.788805">
    <ele>579.789</ele>
    <time>2026-03-07T10:11:31Z</time>
   </trkpt>
   <trkpt lat="48.038925" lon="11.788942">
    <ele>579.506</ele>
    <time>2026-03-07T10:11:35Z</time>
   </trkpt>
   <trkpt lat="48.038805" lon="11.789094">
    <ele>579.557</ele>
    <time>2026-03-07T10:11:39Z</time>
   </trkpt>
   <trkpt lat="48.038425" lon="11.789295">
    <ele>578.841</ele>
    <time>2026-03-07T10:11:45Z</time>
   </trkpt>
   <trkpt lat="48.037883" lon="11.789612">
    <ele>578.909</ele>
    <time>2026-03-07T10:11:54Z</time>
   </trkpt>
   <trkpt lat="48.036936" lon="11.790170">
    <ele>575.016</ele>
    <time>2026-03-07T10:12:08Z</time>
   </trkpt>
   <trkpt lat="48.035975" lon="11.790894">
    <ele>576.559</ele>
    <time>2026-03-07T10:12:26Z</time>
   </trkpt>
   <trkpt lat="48.035877" lon="11.791000">
    <ele>576.186</ele>
    <time>2026-03-07T10:12:28Z</time>
   </trkpt>
   <trkpt lat="48.035628" lon="11.791361">
    <ele>576.539</ele>
    <time>2026-03-07T10:12:34Z</time>
   </trkpt>
   <trkpt lat="48.035410" lon="11.791721">
    <ele>576.561</ele>
    <time>2026-03-07T10:12:40Z</time>
   </trkpt>
   <trkpt lat="48.035272" lon="11.791968">
    <ele>576.953</ele>
    <time>2026-03-07T10:12:44Z</time>
   </trkpt>
   <trkpt lat="48.035017" lon="11.792319">
    <ele>578.323</ele>
    <time>2026-03-07T10:12:51Z</time>
   </trkpt>
   <trkpt lat="48.034787" lon="11.792629">
    <ele>582.518</ele>
    <time>2026-03-07T10:12:57Z</time>
   </trkpt>
   <trkpt lat="48.034425" lon="11.793797">
    <ele>590.695</ele>
    <time>2026-03-07T10:13:11Z</time>
   </trkpt>
   <trkpt lat="48.034317" lon="11.794155">
    <ele>591.279</ele>
    <time>2026-03-07T10:13:15Z</time>
   </trkpt>
   <trkpt lat="48.033943" lon="11.795614">
    <ele>582.440</ele>
    <time>2026-03-07T10:13:32Z</time>
   </trkpt>
   <trkpt lat="48.033908" lon="11.795932">
    <ele>581.326</ele>
    <time>2026-03-07T10:13:41Z</time>
   </trkpt>
   <trkpt lat="48.033904" lon="11.796185">
    <ele>581.333</ele>
    <time>2026-03-07T10:13:46Z</time>
   </trkpt>
   <trkpt lat="48.033781" lon="11.796914">
    <ele>581.279</ele>
    <time>2026-03-07T10:13:55Z</time>
   </trkpt>
   <trkpt lat="48.033840" lon="11.797472">
    <ele>579.597</ele>
    <time>2026-03-07T10:14:01Z</time>
   </trkpt>
   <trkpt lat="48.033985" lon="11.798148">
    <ele>581.736</ele>
    <time>2026-03-07T10:14:08Z</time>
   </trkpt>
   <trkpt lat="48.033960" lon="11.798436">
    <ele>581.985</ele>
    <time>2026-03-07T10:14:11Z</time>
   </trkpt>
   <trkpt lat="48.033977" lon="11.798751">
    <ele>582.894</ele>
    <time>2026-03-07T10:14:14Z</time>
   </trkpt>
   <trkpt lat="48.034179" lon="11.800195">
    <ele>588.231</ele>
    <time>2026-03-07T10:14:29Z</time>
   </trkpt>
   <trkpt lat="48.034238" lon="11.800441">
    <ele>589.124</ele>
    <time>2026-03-07T10:14:32Z</time>
   </trkpt>
   <trkpt lat="48.034451" lon="11.800858">
    <ele>583.412</ele>
    <time>2026-03-07T10:14:42Z</time>
   </trkpt>
   <trkpt lat="48.034458" lon="11.800874">
    <ele>581.824</ele>
    <time>2026-03-07T10:14:54Z</time>
   </trkpt>
   <trkpt lat="48.034458" lon="11.800873">
    <ele>581.781</ele>
    <time>2026-03-07T10:15:10Z</time>
   </trkpt>
   <trkpt lat="48.034452" lon="11.800843">
    <ele>580.967</ele>
    <time>2026-03-07T10:15:13Z</time>
   </trkpt>
   <trkpt lat="48.034336" lon="11.800505">
    <ele>577.563</ele>
    <time>2026-03-07T10:15:23Z</time>
   </trkpt>
   <trkpt lat="48.034313" lon="11.800355">
    <ele>575.274</ele>
    <time>2026-03-07T10:15:27Z</time>
   </trkpt>
   <trkpt lat="48.034236" lon="11.800216">
    <ele>573.871</ele>
    <time>2026-03-07T10:15:29Z</time>
   </trkpt>
   <trkpt lat="48.034175" lon="11.799464">
    <ele>566.628</ele>
    <time>2026-03-07T10:15:38Z</time>
   </trkpt>
   <trkpt lat="48.034126" lon="11.798882">
    <ele>563.739</ele>
    <time>2026-03-07T10:15:45Z</time>
   </trkpt>
   <trkpt lat="48.034056" lon="11.798610">
    <ele>563.617</ele>
    <time>2026-03-07T10:15:48Z</time>
   </trkpt>
   <trkpt lat="48.033987" lon="11.798175">
    <ele>570.002</ele>
    <time>2026-03-07T10:15:52Z</time>
   </trkpt>
   <trkpt lat="48.033823" lon="11.797473">
    <ele>572.101</ele>
    <time>2026-03-07T10:15:59Z</time>
   </trkpt>
   <trkpt lat="48.033796" lon="11.796912">
    <ele>573.111</ele>
    <time>2026-03-07T10:16:05Z</time>
   </trkpt>
   <trkpt lat="48.033922" lon="11.795632">
    <ele>575.427</ele>
    <time>2026-03-07T10:16:19Z</time>
   </trkpt>
   <trkpt lat="48.034135" lon="11.794639">
    <ele>574.441</ele>
    <time>2026-03-07T10:16:29Z</time>
   </trkpt>
   <trkpt lat="48.034252" lon="11.794160">
    <ele>572.783</ele>
    <time>2026-03-07T10:16:34Z</time>
   </trkpt>
   <trkpt lat="48.034456" lon="11.793705">
    <ele>571.408</ele>
    <time>2026-03-07T10:16:39Z</time>
   </trkpt>
   <trkpt lat="48.034743" lon="11.792771">
    <ele>568.918</ele>
    <time>2026-03-07T10:16:50Z</time>
   </trkpt>
   <trkpt lat="48.035044" lon="11.792230">
    <ele>574.496</ele>
    <time>2026-03-07T10:16:58Z</time>
   </trkpt>
   <trkpt lat="48.035087" lon="11.792170">
    <ele>574.204</ele>
    <time>2026-03-07T10:16:59Z</time>
   </trkpt>
   <trkpt lat="48.035570" lon="11.791468">
    <ele>573.052</ele>
    <time>2026-03-07T10:17:08Z</time>
   </trkpt>
   <trkpt lat="48.036376" lon="11.790617">
    <ele>574.288</ele>
    <time>2026-03-07T10:17:22Z</time>
   </trkpt>
   <trkpt lat="48.037472" lon="11.789835">
    <ele>574.475</ele>
    <time>2026-03-07T10:17:38Z</time>
   </trkpt>
   <trkpt lat="48.037913" lon="11.789498">
    <ele>573.203</ele>
    <time>2026-03-07T10:17:47Z</time>
   </trkpt>
   <trkpt lat="48.038573" lon="11.789102">
    <ele>571.442</ele>
    <time>2026-03-07T10:17:58Z</time>
   </trkpt>
   <trkpt lat="48.039088" lon="11.788813">
    <ele>572.781</ele>
    <time>2026-03-07T10:18:05Z</time>
   </trkpt>
   <trkpt lat="48.039284" lon="11.788693">
    <ele>573.498</ele>
    <time>2026-03-07T10:18:08Z</time>
   </trkpt>
   <trkpt lat="48.039965" lon="11.788340">
    <ele>574.742</ele>
    <time>2026-03-07T10:18:19Z</time>
   </trkpt>
   <trkpt lat="48.040521" lon="11.788097">
    <ele>576.879</ele>
    <time>2026-03-07T10:18:29Z</time>
   </trkpt>
   <trkpt lat="48.040829" lon="11.787945">
    <ele>575.823</ele>
    <time>2026-03-07T10:18:34Z</time>
   </trkpt>
   <trkpt lat="48.040959" lon="11.787899">
    <ele>576.031</ele>
    <time>2026-03-07T10:18:36Z</time>
   </trkpt>
   <trkpt lat="48.041166" lon="11.787722">
    <ele>576.787</ele>
    <time>2026-03-07T10:18:40Z</time>
   </trkpt>
   <trkpt lat="48.041116" lon="11.786447">
    <ele>576.328</ele>
    <time>2026-03-07T10:18:56Z</time>
   </trkpt>
   <trkpt lat="48.041082" lon="11.785991">
    <ele>576.316</ele>
    <time>2026-03-07T10:19:02Z</time>
   </trkpt>
   <trkpt lat="48.041056" lon="11.785782">
    <ele>574.775</ele>
    <time>2026-03-07T10:19:06Z</time>
   </trkpt>
   <trkpt lat="48.041053" lon="11.785068">
    <ele>574.966</ele>
    <time>2026-03-07T10:19:22Z</time>
   </trkpt>
   <trkpt lat="48.041112" lon="11.784904">
    <ele>575.415</ele>
    <time>2026-03-07T10:19:25Z</time>
   </trkpt>
   <trkpt lat="48.041163" lon="11.784695">
    <ele>575.601</ele>
    <time>2026-03-07T10:19:28Z</time>
   </trkpt>
   <trkpt lat="48.041094" lon="11.784486">
    <ele>574.344</ele>
    <time>2026-03-07T10:19:32Z</time>
   </trkpt>
   <trkpt lat="48.040774" lon="11.784223">
    <ele>570.149</ele>
    <time>2026-03-07T10:19:41Z</time>
   </trkpt>
   <trkpt lat="48.040546" lon="11.784056">
    <ele>567.536</ele>
    <time>2026-03-07T10:19:46Z</time>
   </trkpt>
   <trkpt lat="48.039972" lon="11.783740">
    <ele>567.454</ele>
    <time>2026-03-07T10:19:57Z</time>
   </trkpt>
   <trkpt lat="48.039443" lon="11.783666">
    <ele>564.373</ele>
    <time>2026-03-07T10:20:07Z</time>
   </trkpt>
   <trkpt lat="48.039272" lon="11.783674">
    <ele>563.324</ele>
    <time>2026-03-07T10:20:10Z</time>
   </trkpt>
   <trkpt lat="48.038498" lon="11.783775">
    <ele>567.240</ele>
    <time>2026-03-07T10:20:25Z</time>
   </trkpt>
   <trkpt lat="48.038101" lon="11.783832">
    <ele>570.723</ele>
    <time>2026-03-07T10:20:32Z</time>
   </trkpt>
   <trkpt lat="48.037917" lon="11.783852">
    <ele>572.302</ele>
    <time>2026-03-07T10:20:35Z</time>
   </trkpt>
   <trkpt lat="48.037688" lon="11.783891">
    <ele>572.403</ele>
    <time>2026-03-07T10:20:39Z</time>
   </trkpt>
   <trkpt lat="48.037003" lon="11.784005">
    <ele>572.868</ele>
    <time>2026-03-07T10:20:51Z</time>
   </trkpt>
   <trkpt lat="48.036445" lon="11.784050">
    <ele>574.817</ele>
    <time>2026-03-07T10:21:02Z</time>
   </trkpt>
   <trkpt lat="48.036343" lon="11.784051">
    <ele>576.170</ele>
    <time>2026-03-07T10:21:11Z</time>
   </trkpt>
   <trkpt lat="48.036300" lon="11.784026">
    <ele>576.194</ele>
    <time>2026-03-07T10:21:23Z</time>
   </trkpt>
   <trkpt lat="48.036015" lon="11.784013">
    <ele>577.051</ele>
    <time>2026-03-07T10:21:30Z</time>
   </trkpt>
   <trkpt lat="48.035079" lon="11.784095">
    <ele>575.000</ele>
    <time>2026-03-07T10:21:48Z</time>
   </trkpt>
   <trkpt lat="48.034133" lon="11.784275">
    <ele>575.031</ele>
    <time>2026-03-07T10:22:03Z</time>
   </trkpt>
   <trkpt lat="48.033449" lon="11.784591">
    <ele>573.032</ele>
    <time>2026-03-07T10:22:16Z</time>
   </trkpt>
   <trkpt lat="48.032993" lon="11.784815">
    <ele>572.232</ele>
    <time>2026-03-07T10:22:25Z</time>
   </trkpt>
   <trkpt lat="48.032876" lon="11.784868">
    <ele>572.133</ele>
    <time>2026-03-07T10:22:27Z</time>
   </trkpt>
   <trkpt lat="48.032406" lon="11.785093">
    <ele>575.299</ele>
    <time>2026-03-07T10:22:37Z</time>
   </trkpt>
   <trkpt lat="48.031920" lon="11.785290">
    <ele>572.973</ele>
    <time>2026-03-07T10:22:45Z</time>
   </trkpt>
   <trkpt lat="48.031470" lon="11.785487">
    <ele>571.665</ele>
    <time>2026-03-07T10:22:55Z</time>
   </trkpt>
   <trkpt lat="48.031109" lon="11.785812">
    <ele>571.681</ele>
    <time>2026-03-07T10:23:05Z</time>
   </trkpt>
   <trkpt lat="48.031023" lon="11.785866">
    <ele>571.071</ele>
    <time>2026-03-07T10:23:07Z</time>
   </trkpt>
   <trkpt lat="48.030448" lon="11.785992">
    <ele>575.545</ele>
    <time>2026-03-07T10:23:16Z</time>
   </trkpt>
   <trkpt lat="48.029611" lon="11.786162">
    <ele>576.671</ele>
    <time>2026-03-07T10:23:30Z</time>
   </trkpt>
   <trkpt lat="48.029396" lon="11.786253">
    <ele>575.725</ele>
    <time>2026-03-07T10:23:34Z</time>
   </trkpt>
   <trkpt lat="48.029185" lon="11.786301">
    <ele>575.318</ele>
    <time>2026-03-07T10:23:38Z</time>
   </trkpt>
   <trkpt lat="48.028668" lon="11.786518">
    <ele>573.247</ele>
    <time>2026-03-07T10:23:49Z</time>
   </trkpt>
   <trkpt lat="48.028150" lon="11.786805">
    <ele>573.953</ele>
    <time>2026-03-07T10:23:59Z</time>
   </trkpt>
   <trkpt lat="48.027834" lon="11.786968">
    <ele>580.252</ele>
    <time>2026-03-07T10:24:09Z</time>
   </trkpt>
   <trkpt lat="48.027843" lon="11.786966">
    <ele>580.837</ele>
    <time>2026-03-07T10:24:10Z</time>
   </trkpt>
   <trkpt lat="48.027862" lon="11.786935">
    <ele>580.987</ele>
    <time>2026-03-07T10:24:12Z</time>
   </trkpt>
   <trkpt lat="48.028029" lon="11.786876">
    <ele>582.437</ele>
    <time>2026-03-07T10:24:18Z</time>
   </trkpt>
   <trkpt lat="48.028316" lon="11.786741">
    <ele>583.326</ele>
    <time>2026-03-07T10:24:26Z</time>
   </trkpt>
   <trkpt lat="48.028330" lon="11.786509">
    <ele>580.520</ele>
    <time>2026-03-07T10:24:31Z</time>
   </trkpt>
   <trkpt lat="48.028237" lon="11.785841">
    <ele>579.845</ele>
    <time>2026-03-07T10:24:38Z</time>
   </trkpt>
   <trkpt lat="48.028190" lon="11.785530">
    <ele>579.198</ele>
    <time>2026-03-07T10:24:41Z</time>
   </trkpt>
   <trkpt lat="48.028150" lon="11.785001">
    <ele>577.301</ele>
    <time>2026-03-07T10:24:46Z</time>
   </trkpt>
   <trkpt lat="48.028124" lon="11.784549">
    <ele>576.236</ele>
    <time>2026-03-07T10:24:50Z</time>
   </trkpt>
   <trkpt lat="48.028071" lon="11.783994">
    <ele>576.223</ele>
    <time>2026-03-07T10:24:55Z</time>
   </trkpt>
   <trkpt lat="48.027984" lon="11.783267">
    <ele>576.252</ele>
    <time>2026-03-07T10:25:02Z</time>
   </trkpt>
   <trkpt lat="48.027865" lon="11.782218">
    <ele>575.197</ele>
    <time>2026-03-07T10:25:14Z</time>
   </trkpt>
   <trkpt lat="48.027736" lon="11.780925">
    <ele>578.521</ele>
    <time>2026-03-07T10:25:31Z</time>
   </trkpt>
   <trkpt lat="48.027597" lon="11.779529">
    <ele>577.978</ele>
    <time>2026-03-07T10:25:48Z</time>
   </trkpt>
   <trkpt lat="48.027407" lon="11.777857">
    <ele>577.757</ele>
    <time>2026-03-07T10:26:09Z</time>
   </trkpt>
   <trkpt lat="48.027266" lon="11.776461">
    <ele>577.797</ele>
    <time>2026-03-07T10:26:26Z</time>
   </trkpt>
   <trkpt lat="48.027080" lon="11.774914">
    <ele>577.343</ele>
    <time>2026-03-07T10:26:44Z</time>
   </trkpt>
   <trkpt lat="48.027027" lon="11.774465">
    <ele>574.406</ele>
    <time>2026-03-07T10:26:49Z</time>
   </trkpt>
   <trkpt lat="48.026967" lon="11.774129">
    <ele>572.350</ele>
    <time>2026-03-07T10:26:53Z</time>
   </trkpt>
   <trkpt lat="48.026900" lon="11.773731">
    <ele>570.525</ele>
    <time>2026-03-07T10:26:58Z</time>
   </trkpt>
   <trkpt lat="48.026889" lon="11.773483">
    <ele>569.527</ele>
    <time>2026-03-07T10:27:01Z</time>
   </trkpt>
   <trkpt lat="48.026887" lon="11.773322">
    <ele>569.952</ele>
    <time>2026-03-07T10:27:03Z</time>
   </trkpt>
   <trkpt lat="48.026723" lon="11.771866">
    <ele>579.065</ele>
    <time>2026-03-07T10:27:23Z</time>
   </trkpt>
   <trkpt lat="48.026653" lon="11.771379">
    <ele>578.239</ele>
    <time>2026-03-07T10:27:30Z</time>
   </trkpt>
   <trkpt lat="48.026528" lon="11.770542">
    <ele>572.565</ele>
    <time>2026-03-07T10:27:42Z</time>
   </trkpt>
   <trkpt lat="48.026397" lon="11.770430">
    <ele>574.775</ele>
    <time>2026-03-07T10:27:46Z</time>
   </trkpt>
   <trkpt lat="48.026134" lon="11.770474">
    <ele>572.894</ele>
    <time>2026-03-07T10:27:52Z</time>
   </trkpt>
   <trkpt lat="48.025606" lon="11.770593">
    <ele>571.357</ele>
    <time>2026-03-07T10:28:04Z</time>
   </trkpt>
   <trkpt lat="48.025155" lon="11.770647">
    <ele>568.615</ele>
    <time>2026-03-07T10:28:13Z</time>
   </trkpt>
   <trkpt lat="48.024192" lon="11.770934">
    <ele>579.411</ele>
    <time>2026-03-07T10:28:31Z</time>
   </trkpt>
   <trkpt lat="48.023412" lon="11.771161">
    <ele>580.203</ele>
    <time>2026-03-07T10:28:48Z</time>
   </trkpt>
   <trkpt lat="48.022499" lon="11.771389">
    <ele>579.019</ele>
    <time>2026-03-07T10:29:07Z</time>
   </trkpt>
   <trkpt lat="48.021731" lon="11.771568">
    <ele>579.282</ele>
    <time>2026-03-07T10:29:23Z</time>
   </trkpt>
   <trkpt lat="48.021678" lon="11.771576">
    <ele>579.184</ele>
    <time>2026-03-07T10:29:24Z</time>
   </trkpt>
   <trkpt lat="48.021013" lon="11.771713">
    <ele>577.170</ele>
    <time>2026-03-07T10:29:38Z</time>
   </trkpt>
   <trkpt lat="48.020567" lon="11.771817">
    <ele>574.050</ele>
    <time>2026-03-07T10:29:49Z</time>
   </trkpt>
   <trkpt lat="48.020499" lon="11.771828">
    <ele>573.541</ele>
    <time>2026-03-07T10:29:51Z</time>
   </trkpt>
   <trkpt lat="48.020074" lon="11.771915">
    <ele>574.100</ele>
    <time>2026-03-07T10:29:59Z</time>
   </trkpt>
   <trkpt lat="48.019732" lon="11.772003">
    <ele>570.907</ele>
    <time>2026-03-07T10:30:06Z</time>
   </trkpt>
   <trkpt lat="48.019306" lon="11.772094">
    <ele>573.282</ele>
    <time>2026-03-07T10:30:14Z</time>
   </trkpt>
   <trkpt lat="48.018754" lon="11.772188">
    <ele>573.470</ele>
    <time>2026-03-07T10:30:27Z</time>
   </trkpt>
   <trkpt lat="48.018293" lon="11.772323">
    <ele>570.592</ele>
    <time>2026-03-07T10:30:37Z</time>
   </trkpt>
   <trkpt lat="48.018087" lon="11.772407">
    <ele>568.970</ele>
    <time>2026-03-07T10:30:41Z</time>
   </trkpt>
   <trkpt lat="48.017976" lon="11.772408">
    <ele>567.999</ele>
    <time>2026-03-07T10:30:43Z</time>
   </trkpt>
   <trkpt lat="48.017759" lon="11.772178">
    <ele>567.447</ele>
    <time>2026-03-07T10:30:48Z</time>
   </trkpt>
   <trkpt lat="48.017661" lon="11.771897">
    <ele>565.924</ele>
    <time>2026-03-07T10:30:52Z</time>
   </trkpt>
   <trkpt lat="48.017610" lon="11.771691">
    <ele>565.757</ele>
    <time>2026-03-07T10:30:55Z</time>
   </trkpt>
   <trkpt lat="48.017496" lon="11.771168">
    <ele>566.488</ele>
    <time>2026-03-07T10:31:01Z</time>
   </trkpt>
   <trkpt lat="48.017411" lon="11.770717">
    <ele>568.023</ele>
    <time>2026-03-07T10:31:06Z</time>
   </trkpt>
   <trkpt lat="48.017258" lon="11.769425">
    <ele>571.325</ele>
    <time>2026-03-07T10:31:22Z</time>
   </trkpt>
   <trkpt lat="48.017251" lon="11.769347">
    <ele>571.408</ele>
    <time>2026-03-07T10:31:23Z</time>
   </trkpt>
   <trkpt lat="48.017144" lon="11.768351">
    <ele>575.463</ele>
    <time>2026-03-07T10:31:36Z</time>
   </trkpt>
   <trkpt lat="48.017068" lon="11.767851">
    <ele>578.042</ele>
    <time>2026-03-07T10:31:43Z</time>
   </trkpt>
   <trkpt lat="48.016958" lon="11.766803">
    <ele>576.429</ele>
    <time>2026-03-07T10:31:59Z</time>
   </trkpt>
   <trkpt lat="48.016935" lon="11.766319">
    <ele>578.308</ele>
    <time>2026-03-07T10:32:07Z</time>
   </trkpt>
   <trkpt lat="48.016887" lon="11.765933">
    <ele>578.649</ele>
    <time>2026-03-07T10:32:12Z</time>
   </trkpt>
   <trkpt lat="48.016818" lon="11.765532">
    <ele>583.880</ele>
    <time>2026-03-07T10:32:17Z</time>
   </trkpt>
   <trkpt lat="48.016774" lon="11.765293">
    <ele>584.205</ele>
    <time>2026-03-07T10:32:20Z</time>
   </trkpt>
   <trkpt lat="48.016675" lon="11.764084">
    <ele>583.897</ele>
    <time>2026-03-07T10:32:32Z</time>
   </trkpt>
   <trkpt lat="48.016578" lon="11.763504">
    <ele>583.750</ele>
    <time>2026-03-07T10:32:38Z</time>
   </trkpt>
   <trkpt lat="48.016413" lon="11.761999">
    <ele>579.112</ele>
    <time>2026-03-07T10:32:53Z</time>
   </trkpt>
   <trkpt lat="48.016377" lon="11.761735">
    <ele>577.339</ele>
    <time>2026-03-07T10:32:56Z</time>
   </trkpt>
   <trkpt lat="48.016324" lon="11.761294">
    <ele>582.888</ele>
    <time>2026-03-07T10:33:01Z</time>
   </trkpt>
   <trkpt lat="48.016265" lon="11.760769">
    <ele>581.600</ele>
    <time>2026-03-07T10:33:08Z</time>
   </trkpt>
   <trkpt lat="48.016198" lon="11.760079">
    <ele>582.897</ele>
    <time>2026-03-07T10:33:17Z</time>
   </trkpt>
   <trkpt lat="48.016126" lon="11.759767">
    <ele>583.079</ele>
    <time>2026-03-07T10:33:21Z</time>
   </trkpt>
   <trkpt lat="48.016100" lon="11.759607">
    <ele>582.298</ele>
    <time>2026-03-07T10:33:23Z</time>
   </trkpt>
   <trkpt lat="48.015993" lon="11.758096">
    <ele>581.520</ele>
    <time>2026-03-07T10:33:40Z</time>
   </trkpt>
   <trkpt lat="48.015980" lon="11.758002">
    <ele>581.266</ele>
    <time>2026-03-07T10:33:41Z</time>
   </trkpt>
   <trkpt lat="48.015789" lon="11.756747">
    <ele>580.369</ele>
    <time>2026-03-07T10:33:56Z</time>
   </trkpt>
   <trkpt lat="48.015763" lon="11.756483">
    <ele>578.484</ele>
    <time>2026-03-07T10:33:59Z</time>
   </trkpt>
   <trkpt lat="48.015670" lon="11.755387">
    <ele>572.422</ele>
    <time>2026-03-07T10:34:11Z</time>
   </trkpt>
   <trkpt lat="48.015652" lon="11.755143">
    <ele>574.077</ele>
    <time>2026-03-07T10:34:14Z</time>
   </trkpt>
   <trkpt lat="48.015623" lon="11.754991">
    <ele>574.457</ele>
    <time>2026-03-07T10:34:16Z</time>
   </trkpt>
   <trkpt lat="48.015566" lon="11.754679">
    <ele>575.016</ele>
    <time>2026-03-07T10:34:20Z</time>
   </trkpt>
   <trkpt lat="48.015529" lon="11.754286">
    <ele>578.598</ele>
    <time>2026-03-07T10:34:25Z</time>
   </trkpt>
   <trkpt lat="48.015441" lon="11.752839">
    <ele>580.868</ele>
    <time>2026-03-07T10:34:42Z</time>
   </trkpt>
   <trkpt lat="48.015431" lon="11.752754">
    <ele>581.491</ele>
    <time>2026-03-07T10:34:43Z</time>
   </trkpt>
   <trkpt lat="48.015309" lon="11.752585">
    <ele>581.460</ele>
    <time>2026-03-07T10:34:47Z</time>
   </trkpt>
   <trkpt lat="48.014305" lon="11.752836">
    <ele>584.083</ele>
    <time>2026-03-07T10:35:06Z</time>
   </trkpt>
   <trkpt lat="48.014267" lon="11.752852">
    <ele>584.298</ele>
    <time>2026-03-07T10:35:11Z</time>
   </trkpt>
   <trkpt lat="48.014136" lon="11.752920">
    <ele>583.788</ele>
    <time>2026-03-07T10:35:15Z</time>
   </trkpt>
   <trkpt lat="48.013784" lon="11.752964">
    <ele>581.763</ele>
    <time>2026-03-07T10:35:23Z</time>
   </trkpt>
   <trkpt lat="48.013506" lon="11.753034">
    <ele>580.798</ele>
    <time>2026-03-07T10:35:29Z</time>
   </trkpt>
   <trkpt lat="48.012941" lon="11.753162">
    <ele>579.272</ele>
    <time>2026-03-07T10:35:40Z</time>
   </trkpt>
   <trkpt lat="48.012420" lon="11.753289">
    <ele>575.726</ele>
    <time>2026-03-07T10:35:52Z</time>
   </trkpt>
   <trkpt lat="48.011830" lon="11.753398">
    <ele>572.473</ele>
    <time>2026-03-07T10:36:02Z</time>
   </trkpt>
   <trkpt lat="48.010869" lon="11.753689">
    <ele>577.556</ele>
    <time>2026-03-07T10:36:16Z</time>
   </trkpt>
   <trkpt lat="48.010386" lon="11.753780">
    <ele>578.839</ele>
    <time>2026-03-07T10:36:24Z</time>
   </trkpt>
   <trkpt lat="48.009293" lon="11.754036">
    <ele>582.523</ele>
    <time>2026-03-07T10:36:41Z</time>
   </trkpt>
   <trkpt lat="48.007992" lon="11.754359">
    <ele>584.003</ele>
    <time>2026-03-07T10:37:02Z</time>
   </trkpt>
   <trkpt lat="48.007704" lon="11.754416">
    <ele>583.092</ele>
    <time>2026-03-07T10:37:07Z</time>
   </trkpt>
   <trkpt lat="48.006821" lon="11.754629">
    <ele>582.321</ele>
    <time>2026-03-07T10:37:20Z</time>
   </trkpt>
   <trkpt lat="48.006754" lon="11.754647">
    <ele>582.245</ele>
    <time>2026-03-07T10:37:21Z</time>
   </trkpt>
   <trkpt lat="48.006123" lon="11.754791">
    <ele>579.588</ele>
    <time>2026-03-07T10:37:31Z</time>
   </trkpt>
   <trkpt lat="48.005994" lon="11.754821">
    <ele>578.280</ele>
    <time>2026-03-07T10:37:33Z</time>
   </trkpt>
   <trkpt lat="48.005807" lon="11.754881">
    <ele>576.914</ele>
    <time>2026-03-07T10:37:36Z</time>
   </trkpt>
   <trkpt lat="48.005140" lon="11.755042">
    <ele>571.232</ele>
    <time>2026-03-07T10:37:47Z</time>
   </trkpt>
   <trkpt lat="48.004945" lon="11.755072">
    <ele>572.620</ele>
    <time>2026-03-07T10:37:50Z</time>
   </trkpt>
   <trkpt lat="48.004616" lon="11.755119">
    <ele>573.683</ele>
    <time>2026-03-07T10:37:56Z</time>
   </trkpt>
   <trkpt lat="48.004197" lon="11.755171">
    <ele>575.573</ele>
    <time>2026-03-07T10:38:04Z</time>
   </trkpt>
   <trkpt lat="48.003557" lon="11.755260">
    <ele>574.093</ele>
    <time>2026-03-07T10:38:15Z</time>
   </trkpt>
   <trkpt lat="48.002789" lon="11.755597">
    <ele>591.673</ele>
    <time>2026-03-07T10:38:25Z</time>
   </trkpt>
   <trkpt lat="48.001522" lon="11.755968">
    <ele>588.137</ele>
    <time>2026-03-07T10:38:45Z</time>
   </trkpt>
   <trkpt lat="48.000662" lon="11.756154">
    <ele>587.250</ele>
    <time>2026-03-07T10:39:00Z</time>
   </trkpt>
   <trkpt lat="47.999261" lon="11.756576">
    <ele>588.536</ele>
    <time>2026-03-07T10:39:24Z</time>
   </trkpt>
   <trkpt lat="47.998409" lon="11.756778">
    <ele>587.862</ele>
    <time>2026-03-07T10:39:41Z</time>
   </trkpt>
   <trkpt lat="47.998254" lon="11.756812">
    <ele>586.150</ele>
    <time>2026-03-07T10:39:44Z</time>
   </trkpt>
   <trkpt lat="47.997772" lon="11.756877">
    <ele>582.781</ele>
    <time>2026-03-07T10:39:54Z</time>
   </trkpt>
   <trkpt lat="47.997394" lon="11.756954">
    <ele>578.325</ele>
    <time>2026-03-07T10:40:01Z</time>
   </trkpt>
   <trkpt lat="47.997120" lon="11.757015">
    <ele>576.557</ele>
    <time>2026-03-07T10:40:06Z</time>
   </trkpt>
   <trkpt lat="47.996497" lon="11.757146">
    <ele>575.700</ele>
    <time>2026-03-07T10:40:17Z</time>
   </trkpt>
   <trkpt lat="47.995688" lon="11.757416">
    <ele>583.714</ele>
    <time>2026-03-07T10:40:30Z</time>
   </trkpt>
   <trkpt lat="47.995110" lon="11.757623">
    <ele>588.139</ele>
    <time>2026-03-07T10:40:40Z</time>
   </trkpt>
   <trkpt lat="47.994566" lon="11.757745">
    <ele>590.340</ele>
    <time>2026-03-07T10:40:50Z</time>
   </trkpt>
   <trkpt lat="47.993924" lon="11.757884">
    <ele>591.896</ele>
    <time>2026-03-07T10:41:02Z</time>
   </trkpt>
   <trkpt lat="47.993757" lon="11.757921">
    <ele>591.520</ele>
    <time>2026-03-07T10:41:05Z</time>
   </trkpt>
   <trkpt lat="47.993418" lon="11.758014">
    <ele>592.667</ele>
    <time>2026-03-07T10:41:11Z</time>
   </trkpt>
   <trkpt lat="47.992706" lon="11.758187">
    <ele>594.268</ele>
    <time>2026-03-07T10:41:23Z</time>
   </trkpt>
   <trkpt lat="47.992366" lon="11.758657">
    <ele>596.958</ele>
    <time>2026-03-07T10:41:32Z</time>
   </trkpt>
   <trkpt lat="47.992107" lon="11.759033">
    <ele>597.096</ele>
    <time>2026-03-07T10:41:39Z</time>
   </trkpt>
   <trkpt lat="47.991442" lon="11.760186">
    <ele>596.067</ele>
    <time>2026-03-07T10:41:56Z</time>
   </trkpt>
   <trkpt lat="47.991028" lon="11.760919">
    <ele>597.018</ele>
    <time>2026-03-07T10:42:07Z</time>
   </trkpt>
   <trkpt lat="47.990556" lon="11.761361">
    <ele>599.289</ele>
    <time>2026-03-07T10:42:20Z</time>
   </trkpt>
   <trkpt lat="47.990277" lon="11.761619">
    <ele>597.928</ele>
    <time>2026-03-07T10:42:28Z</time>
   </trkpt>
   <trkpt lat="47.989819" lon="11.761882">
    <ele>591.103</ele>
    <time>2026-03-07T10:42:39Z</time>
   </trkpt>
   <trkpt lat="47.989588" lon="11.761801">
    <ele>588.800</ele>
    <time>2026-03-07T10:42:46Z</time>
   </trkpt>
   <trkpt lat="47.989492" lon="11.761157">
    <ele>583.884</ele>
    <time>2026-03-07T10:42:54Z</time>
   </trkpt>
   <trkpt lat="47.989473" lon="11.760747">
    <ele>581.316</ele>
    <time>2026-03-07T10:42:59Z</time>
   </trkpt>
   <trkpt lat="47.989369" lon="11.759500">
    <ele>579.154</ele>
    <time>2026-03-07T10:43:12Z</time>
   </trkpt>
   <trkpt lat="47.988935" lon="11.758575">
    <ele>573.756</ele>
    <time>2026-03-07T10:43:24Z</time>
   </trkpt>
   <trkpt lat="47.988357" lon="11.757562">
    <ele>573.869</ele>
    <time>2026-03-07T10:43:39Z</time>
   </trkpt>
   <trkpt lat="47.987995" lon="11.756956">
    <ele>570.933</ele>
    <time>2026-03-07T10:43:49Z</time>
   </trkpt>
   <trkpt lat="47.987779" lon="11.756535">
    <ele>573.574</ele>
    <time>2026-03-07T10:43:55Z</time>
   </trkpt>
   <trkpt lat="47.987443" lon="11.755815">
    <ele>580.858</ele>
    <time>2026-03-07T10:44:04Z</time>
   </trkpt>
   <trkpt lat="47.987306" lon="11.755406">
    <ele>583.978</ele>
    <time>2026-03-07T10:44:09Z</time>
   </trkpt>
   <trkpt lat="47.987212" lon="11.755162">
    <ele>586.576</ele>
    <time>2026-03-07T10:44:12Z</time>
   </trkpt>
   <trkpt lat="47.987022" lon="11.754774">
    <ele>585.858</ele>
    <time>2026-03-07T10:44:17Z</time>
   </trkpt>
   <trkpt lat="47.986882" lon="11.754301">
    <ele>584.516</ele>
    <time>2026-03-07T10:44:23Z</time>
   </trkpt>
   <trkpt lat="47.986846" lon="11.753873">
    <ele>586.288</ele>
    <time>2026-03-07T10:44:28Z</time>
   </trkpt>
   <trkpt lat="47.986792" lon="11.753310">
    <ele>585.874</ele>
    <time>2026-03-07T10:44:35Z</time>
   </trkpt>
   <trkpt lat="47.986727" lon="11.753010">
    <ele>585.577</ele>
    <time>2026-03-07T10:44:39Z</time>
   </trkpt>
   <trkpt lat="47.986690" lon="11.752720">
    <ele>588.306</ele>
    <time>2026-03-07T10:44:43Z</time>
   </trkpt>
   <trkpt lat="47.986639" lon="11.752410">
    <ele>584.871</ele>
    <time>2026-03-07T10:44:47Z</time>
   </trkpt>
   <trkpt lat="47.986888" lon="11.751661">
    <ele>587.821</ele>
    <time>2026-03-07T10:44:57Z</time>
   </trkpt>
   <trkpt lat="47.987134" lon="11.751008">
    <ele>588.239</ele>
    <time>2026-03-07T10:45:06Z</time>
   </trkpt>
   <trkpt lat="47.987564" lon="11.750226">
    <ele>594.466</ele>
    <time>2026-03-07T10:45:20Z</time>
   </trkpt>
   <trkpt lat="47.987892" lon="11.749610">
    <ele>595.322</ele>
    <time>2026-03-07T10:45:29Z</time>
   </trkpt>
   <trkpt lat="47.988281" lon="11.748648">
    <ele>599.881</ele>
    <time>2026-03-07T10:45:41Z</time>
   </trkpt>
   <trkpt lat="47.988412" lon="11.748388">
    <ele>600.547</ele>
    <time>2026-03-07T10:45:45Z</time>
   </trkpt>
   <trkpt lat="47.988488" lon="11.748190">
    <ele>599.553</ele>
    <time>2026-03-07T10:45:48Z</time>
   </trkpt>
   <trkpt lat="47.988565" lon="11.748043">
    <ele>599.021</ele>
    <time>2026-03-07T10:45:50Z</time>
   </trkpt>
   <trkpt lat="47.988880" lon="11.747352">
    <ele>600.390</ele>
    <time>2026-03-07T10:46:02Z</time>
   </trkpt>
   <trkpt lat="47.989056" lon="11.747068">
    <ele>601.209</ele>
    <time>2026-03-07T10:46:07Z</time>
   </trkpt>
   <trkpt lat="47.989535" lon="11.745979">
    <ele>599.976</ele>
    <time>2026-03-07T10:46:20Z</time>
   </trkpt>
   <trkpt lat="47.989590" lon="11.745824">
    <ele>600.403</ele>
    <time>2026-03-07T10:46:22Z</time>
   </trkpt>
   <trkpt lat="47.989841" lon="11.745099">
    <ele>602.504</ele>
    <time>2026-03-07T10:46:32Z</time>
   </trkpt>
   <trkpt lat="47.989889" lon="11.744958">
    <ele>602.090</ele>
    <time>2026-03-07T10:46:34Z</time>
   </trkpt>
   <trkpt lat="47.990046" lon="11.744545">
    <ele>598.373</ele>
    <time>2026-03-07T10:46:40Z</time>
   </trkpt>
   <trkpt lat="47.990099" lon="11.744123">
    <ele>596.897</ele>
    <time>2026-03-07T10:46:45Z</time>
   </trkpt>
   <trkpt lat="47.990482" lon="11.742492">
    <ele>597.426</ele>
    <time>2026-03-07T10:47:02Z</time>
   </trkpt>
   <trkpt lat="47.991059" lon="11.740806">
    <ele>597.382</ele>
    <time>2026-03-07T10:47:19Z</time>
   </trkpt>
   <trkpt lat="47.991134" lon="11.740366">
    <ele>596.931</ele>
    <time>2026-03-07T10:47:23Z</time>
   </trkpt>
   <trkpt lat="47.991177" lon="11.739364">
    <ele>596.754</ele>
    <time>2026-03-07T10:47:32Z</time>
   </trkpt>
   <trkpt lat="47.991381" lon="11.738890">
    <ele>596.645</ele>
    <time>2026-03-07T10:47:37Z</time>
   </trkpt>
   <trkpt lat="47.992159" lon="11.738032">
    <ele>596.222</ele>
    <time>2026-03-07T10:47:50Z</time>
   </trkpt>
   <trkpt lat="47.992782" lon="11.737579">
    <ele>596.773</ele>
    <time>2026-03-07T10:48:00Z</time>
   </trkpt>
   <trkpt lat="47.992863" lon="11.737358">
    <ele>596.919</ele>
    <time>2026-03-07T10:48:04Z</time>
   </trkpt>
   <trkpt lat="47.992843" lon="11.736894">
    <ele>596.242</ele>
    <time>2026-03-07T10:48:10Z</time>
   </trkpt>
   <trkpt lat="47.992703" lon="11.736114">
    <ele>595.410</ele>
    <time>2026-03-07T10:48:19Z</time>
   </trkpt>
   <trkpt lat="47.992666" lon="11.735269">
    <ele>594.755</ele>
    <time>2026-03-07T10:48:28Z</time>
   </trkpt>
   <trkpt lat="47.992653" lon="11.734992">
    <ele>595.070</ele>
    <time>2026-03-07T10:48:31Z</time>
   </trkpt>
   <trkpt lat="47.992687" lon="11.734575">
    <ele>594.325</ele>
    <time>2026-03-07T10:48:37Z</time>
   </trkpt>
   <trkpt lat="47.992686" lon="11.734525">
    <ele>593.941</ele>
    <time>2026-03-07T10:48:48Z</time>
   </trkpt>
   <trkpt lat="47.992574" lon="11.734336">
    <ele>594.313</ele>
    <time>2026-03-07T10:48:53Z</time>
   </trkpt>
   <trkpt lat="47.991654" lon="11.734079">
    <ele>596.175</ele>
    <time>2026-03-07T10:49:07Z</time>
   </trkpt>
   <trkpt lat="47.990690" lon="11.734364">
    <ele>598.263</ele>
    <time>2026-03-07T10:49:20Z</time>
   </trkpt>
   <trkpt lat="47.990365" lon="11.734580">
    <ele>598.004</ele>
    <time>2026-03-07T10:49:25Z</time>
   </trkpt>
   <trkpt lat="47.990113" lon="11.734650">
    <ele>598.356</ele>
    <time>2026-03-07T10:49:29Z</time>
   </trkpt>
   <trkpt lat="47.988769" lon="11.734665">
    <ele>599.527</ele>
    <time>2026-03-07T10:49:52Z</time>
   </trkpt>
   <trkpt lat="47.987648" lon="11.734681">
    <ele>599.887</ele>
    <time>2026-03-07T10:50:13Z</time>
   </trkpt>
   <trkpt lat="47.986507" lon="11.734567">
    <ele>600.101</ele>
    <time>2026-03-07T10:50:34Z</time>
   </trkpt>
   <trkpt lat="47.985699" lon="11.734665">
    <ele>598.332</ele>
    <time>2026-03-07T10:50:49Z</time>
   </trkpt>
   <trkpt lat="47.984931" lon="11.734554">
    <ele>595.989</ele>
    <time>2026-03-07T10:51:04Z</time>
   </trkpt>
   <trkpt lat="47.984797" lon="11.734516">
    <ele>593.396</ele>
    <time>2026-03-07T10:51:07Z</time>
   </trkpt>
   <trkpt lat="47.983941" lon="11.734472">
    <ele>595.582</ele>
    <time>2026-03-07T10:51:22Z</time>
   </trkpt>
   <trkpt lat="47.983641" lon="11.734505">
    <ele>597.016</ele>
    <time>2026-03-07T10:51:27Z</time>
   </trkpt>
   <trkpt lat="47.982845" lon="11.734322">
    <ele>600.868</ele>
    <time>2026-03-07T10:51:42Z</time>
   </trkpt>
   <trkpt lat="47.982579" lon="11.734320">
    <ele>600.633</ele>
    <time>2026-03-07T10:51:47Z</time>
   </trkpt>
   <trkpt lat="47.981869" lon="11.734002">
    <ele>597.558</ele>
    <time>2026-03-07T10:52:01Z</time>
   </trkpt>
   <trkpt lat="47.981377" lon="11.733728">
    <ele>600.451</ele>
    <time>2026-03-07T10:52:14Z</time>
   </trkpt>
   <trkpt lat="47.981321" lon="11.733682">
    <ele>601.424</ele>
    <time>2026-03-07T10:52:17Z</time>
   </trkpt>
   <trkpt lat="47.980708" lon="11.733265">
    <ele>604.318</ele>
    <time>2026-03-07T10:52:33Z</time>
   </trkpt>
   <trkpt lat="47.979903" lon="11.732932">
    <ele>604.444</ele>
    <time>2026-03-07T10:52:49Z</time>
   </trkpt>
   <trkpt lat="47.979337" lon="11.732910">
    <ele>604.445</ele>
    <time>2026-03-07T10:52:59Z</time>
   </trkpt>
   <trkpt lat="47.978328" lon="11.733272">
    <ele>604.900</ele>
    <time>2026-03-07T10:53:17Z</time>
   </trkpt>
   <trkpt lat="47.977387" lon="11.733482">
    <ele>601.116</ele>
    <time>2026-03-07T10:53:33Z</time>
   </trkpt>
   <trkpt lat="47.976225" lon="11.733553">
    <ele>601.346</ele>
    <time>2026-03-07T10:53:53Z</time>
   </trkpt>
   <trkpt lat="47.975754" lon="11.733572">
    <ele>603.495</ele>
    <time>2026-03-07T10:54:01Z</time>
   </trkpt>
   <trkpt lat="47.975450" lon="11.733558">
    <ele>602.278</ele>
    <time>2026-03-07T10:54:06Z</time>
   </trkpt>
   <trkpt lat="47.974444" lon="11.733571">
    <ele>607.422</ele>
    <time>2026-03-07T10:54:22Z</time>
   </trkpt>
   <trkpt lat="47.973652" lon="11.733685">
    <ele>610.658</ele>
    <time>2026-03-07T10:54:36Z</time>
   </trkpt>
   <trkpt lat="47.973533" lon="11.733746">
    <ele>611.569</ele>
    <time>2026-03-07T10:54:40Z</time>
   </trkpt>
   <trkpt lat="47.973509" lon="11.733854">
    <ele>611.405</ele>
    <time>2026-03-07T10:54:45Z</time>
   </trkpt>
   <trkpt lat="47.973520" lon="11.733869">
    <ele>612.451</ele>
    <time>2026-03-07T10:54:47Z</time>
   </trkpt>
   <trkpt lat="47.973533" lon="11.733725">
    <ele>612.556</ele>
    <time>2026-03-07T10:54:55Z</time>
   </trkpt>
   <trkpt lat="47.973508" lon="11.733706">
    <ele>613.399</ele>
    <time>2026-03-07T10:55:07Z</time>
   </trkpt>
   <trkpt lat="47.973319" lon="11.733728">
    <ele>614.476</ele>
    <time>2026-03-07T10:56:39Z</time>
   </trkpt>
   <trkpt lat="47.973225" lon="11.733716">
    <ele>613.773</ele>
    <time>2026-03-07T10:56:50Z</time>
   </trkpt>
   <trkpt lat="47.973139" lon="11.733700">
    <ele>614.416</ele>
    <time>2026-03-07T10:57:03Z</time>
   </trkpt>
   <trkpt lat="47.973143" lon="11.733694">
    <ele>616.892</ele>
    <time>2026-03-07T10:57:24Z</time>
   </trkpt>
   <trkpt lat="47.973170" lon="11.733692">
    <ele>617.522</ele>
    <time>2026-03-07T10:57:34Z</time>
   </trkpt>
   <trkpt lat="47.973216" lon="11.733606">
    <ele>618.610</ele>
    <time>2026-03-07T10:57:39Z</time>
   </trkpt>
   <trkpt lat="47.973258" lon="11.733530">
    <ele>618.771</ele>
    <time>2026-03-07T10:57:43Z</time>
   </trkpt>
   <trkpt lat="47.973272" lon="11.733434">
    <ele>620.441</ele>
    <time>2026-03-07T10:57:58Z</time>
   </trkpt>
   <trkpt lat="47.973287" lon="11.733423">
    <ele>620.449</ele>
    <time>2026-03-07T10:58:02Z</time>
   </trkpt>
   <trkpt lat="47.973382" lon="11.733279">
    <ele>620.432</ele>
    <time>2026-03-07T10:58:15Z</time>
   </trkpt>
   <trkpt lat="47.973498" lon="11.733225">
    <ele>621.629</ele>
    <time>2026-03-07T10:58:38Z</time>
   </trkpt>
   <trkpt lat="47.973594" lon="11.733068">
    <ele>620.844</ele>
    <time>2026-03-07T10:58:43Z</time>
   </trkpt>
   <trkpt lat="47.973790" lon="11.732902">
    <ele>618.306</ele>
    <time>2026-03-07T10:58:56Z</time>
   </trkpt>
   <trkpt lat="47.973869" lon="11.732894">
    <ele>615.431</ele>
    <time>2026-03-07T10:59:08Z</time>
   </trkpt>
   <trkpt lat="47.973870" lon="11.732891">
    <ele>613.688</ele>
    <time>2026-03-07T10:59:24Z</time>
   </trkpt>
   <trkpt lat="47.973923" lon="11.732852">
    <ele>613.247</ele>
    <time>2026-03-07T11:00:07Z</time>
   </trkpt>
   <trkpt lat="47.973930" lon="11.732819">
    <ele>612.921</ele>
    <time>2026-03-07T11:00:10Z</time>
   </trkpt>
   <trkpt lat="47.974034" lon="11.732731">
    <ele>612.475</ele>
    <time>2026-03-07T11:00:19Z</time>
   </trkpt>
   <trkpt lat="47.974178" lon="11.732555">
    <ele>610.550</ele>
    <time>2026-03-07T11:00:29Z</time>
   </trkpt>
   <trkpt lat="47.974293" lon="11.732444">
    <ele>609.579</ele>
    <time>2026-03-07T11:00:38Z</time>
   </trkpt>
   <trkpt lat="47.974389" lon="11.732319">
    <ele>609.452</ele>
    <time>2026-03-07T11:00:45Z</time>
   </trkpt>
   <trkpt lat="47.974416" lon="11.732289">
    <ele>609.019</ele>
    <time>2026-03-07T11:00:47Z</time>
   </trkpt>
   <trkpt lat="47.974570" lon="11.732108">
    <ele>607.357</ele>
    <time>2026-03-07T11:00:57Z</time>
   </trkpt>
   <trkpt lat="47.974599" lon="11.732061">
    <ele>607.221</ele>
    <time>2026-03-07T11:00:59Z</time>
   </trkpt>
   <trkpt lat="47.974644" lon="11.732008">
    <ele>607.391</ele>
    <time>2026-03-07T11:01:04Z</time>
   </trkpt>
   <trkpt lat="47.974748" lon="11.731909">
    <ele>607.422</ele>
    <time>2026-03-07T11:01:12Z</time>
   </trkpt>
   <trkpt lat="47.974776" lon="11.731846">
    <ele>606.605</ele>
    <time>2026-03-07T11:01:16Z</time>
   </trkpt>
   <trkpt lat="47.974855" lon="11.731774">
    <ele>606.993</ele>
    <time>2026-03-07T11:01:21Z</time>
   </trkpt>
   <trkpt lat="47.974904" lon="11.731729">
    <ele>604.941</ele>
    <time>2026-03-07T11:01:24Z</time>
   </trkpt>
   <trkpt lat="47.975039" lon="11.731560">
    <ele>603.010</ele>
    <time>2026-03-07T11:01:35Z</time>
   </trkpt>
   <trkpt lat="47.975064" lon="11.731523">
    <ele>603.561</ele>
    <time>2026-03-07T11:01:37Z</time>
   </trkpt>
   <trkpt lat="47.975170" lon="11.731349">
    <ele>607.366</ele>
    <time>2026-03-07T11:01:46Z</time>
   </trkpt>
   <trkpt lat="47.975236" lon="11.731293">
    <ele>608.451</ele>
    <time>2026-03-07T11:02:04Z</time>
   </trkpt>
   <trkpt lat="47.975247" lon="11.731272">
    <ele>609.172</ele>
    <time>2026-03-07T11:02:18Z</time>
   </trkpt>
   <trkpt lat="47.975211" lon="11.731273">
    <ele>611.706</ele>
    <time>2026-03-07T11:02:35Z</time>
   </trkpt>
   <trkpt lat="47.975192" lon="11.731260">
    <ele>614.951</ele>
    <time>2026-03-07T11:02:49Z</time>
   </trkpt>
   <trkpt lat="47.975189" lon="11.731234">
    <ele>614.172</ele>
    <time>2026-03-07T11:03:23Z</time>
   </trkpt>
   <trkpt lat="47.975147" lon="11.731039">
    <ele>614.876</ele>
    <time>2026-03-07T11:03:31Z</time>
   </trkpt>
   <trkpt lat="47.975145" lon="11.730957">
    <ele>614.306</ele>
    <time>2026-03-07T11:03:34Z</time>
   </trkpt>
   <trkpt lat="47.975085" lon="11.730574">
    <ele>614.141</ele>
    <time>2026-03-07T11:03:45Z</time>
   </trkpt>
   <trkpt lat="47.975056" lon="11.730455">
    <ele>615.316</ele>
    <time>2026-03-07T11:03:57Z</time>
   </trkpt>
   <trkpt lat="47.975071" lon="11.730374">
    <ele>616.245</ele>
    <time>2026-03-07T11:04:11Z</time>
   </trkpt>
   <trkpt lat="47.975055" lon="11.730317">
    <ele>617.043</ele>
    <time>2026-03-07T11:04:19Z</time>
   </trkpt>
   <trkpt lat="47.975014" lon="11.730022">
    <ele>620.925</ele>
    <time>2026-03-07T11:04:31Z</time>
   </trkpt>
   <trkpt lat="47.974977" lon="11.729742">
    <ele>625.460</ele>
    <time>2026-03-07T11:04:39Z</time>
   </trkpt>
   <trkpt lat="47.974891" lon="11.729314">
    <ele>624.046</ele>
    <time>2026-03-07T11:04:53Z</time>
   </trkpt>
   <trkpt lat="47.974845" lon="11.729241">
    <ele>618.938</ele>
    <time>2026-03-07T11:05:03Z</time>
   </trkpt>
   <trkpt lat="47.974839" lon="11.729243">
    <ele>618.932</ele>
    <time>2026-03-07T11:05:21Z</time>
   </trkpt>
   <trkpt lat="47.974675" lon="11.729863">
    <ele>616.643</ele>
    <time>2026-03-07T11:05:32Z</time>
   </trkpt>
   <trkpt lat="47.974339" lon="11.731073">
    <ele>612.302</ele>
    <time>2026-03-07T11:05:50Z</time>
   </trkpt>
   <trkpt lat="47.974295" lon="11.731216">
    <ele>612.078</ele>
    <time>2026-03-07T11:06:00Z</time>
   </trkpt>
   <trkpt lat="47.974253" lon="11.731265">
    <ele>610.217</ele>
    <time>2026-03-07T11:06:23Z</time>
   </trkpt>
   <trkpt lat="47.974117" lon="11.731595">
    <ele>610.389</ele>
    <time>2026-03-07T11:06:35Z</time>
   </trkpt>
   <trkpt lat="47.973996" lon="11.732083">
    <ele>613.996</ele>
    <time>2026-03-07T11:06:49Z</time>
   </trkpt>
   <trkpt lat="47.973989" lon="11.732111">
    <ele>613.854</ele>
    <time>2026-03-07T11:06:50Z</time>
   </trkpt>
   <trkpt lat="47.973961" lon="11.732293">
    <ele>610.598</ele>
    <time>2026-03-07T11:06:57Z</time>
   </trkpt>
   <trkpt lat="47.973911" lon="11.732427">
    <ele>609.064</ele>
    <time>2026-03-07T11:07:03Z</time>
   </trkpt>
   <trkpt lat="47.973927" lon="11.732551">
    <ele>609.157</ele>
    <time>2026-03-07T11:07:14Z</time>
   </trkpt>
   <trkpt lat="47.973939" lon="11.732549">
    <ele>609.600</ele>
    <time>2026-03-07T11:07:37Z</time>
   </trkpt>
   <trkpt lat="47.973969" lon="11.732453">
    <ele>609.412</ele>
    <time>2026-03-07T11:07:49Z</time>
   </trkpt>
   <trkpt lat="47.974033" lon="11.732151">
    <ele>610.038</ele>
    <time>2026-03-07T11:08:16Z</time>
   </trkpt>
   <trkpt lat="47.974137" lon="11.731722">
    <ele>613.371</ele>
    <time>2026-03-07T11:08:29Z</time>
   </trkpt>
   <trkpt lat="47.974190" lon="11.731512">
    <ele>617.464</ele>
    <time>2026-03-07T11:08:36Z</time>
   </trkpt>
   <trkpt lat="47.974213" lon="11.731430">
    <ele>619.499</ele>
    <time>2026-03-07T11:08:40Z</time>
   </trkpt>
   <trkpt lat="47.974224" lon="11.731383">
    <ele>619.702</ele>
    <time>2026-03-07T11:08:42Z</time>
   </trkpt>
   <trkpt lat="47.974280" lon="11.731297">
    <ele>620.507</ele>
    <time>2026-03-07T11:08:54Z</time>
   </trkpt>
   <trkpt lat="47.974283" lon="11.731249">
    <ele>619.726</ele>
    <time>2026-03-07T11:08:59Z</time>
   </trkpt>
   <trkpt lat="47.974406" lon="11.730780">
    <ele>613.934</ele>
    <time>2026-03-07T11:09:11Z</time>
   </trkpt>
   <trkpt lat="47.974587" lon="11.730099">
    <ele>608.011</ele>
    <time>2026-03-07T11:09:26Z</time>
   </trkpt>
   <trkpt lat="47.974819" lon="11.729196">
    <ele>605.448</ele>
    <time>2026-03-07T11:09:42Z</time>
   </trkpt>
   <trkpt lat="47.974826" lon="11.728930">
    <ele>605.277</ele>
    <time>2026-03-07T11:09:46Z</time>
   </trkpt>
   <trkpt lat="47.974761" lon="11.728534">
    <ele>605.032</ele>
    <time>2026-03-07T11:09:52Z</time>
   </trkpt>
   <trkpt lat="47.974731" lon="11.728267">
    <ele>600.940</ele>
    <time>2026-03-07T11:09:56Z</time>
   </trkpt>
   <trkpt lat="47.974669" lon="11.727918">
    <ele>596.044</ele>
    <time>2026-03-07T11:10:01Z</time>
   </trkpt>
   <trkpt lat="47.974570" lon="11.727310">
    <ele>592.309</ele>
    <time>2026-03-07T11:10:10Z</time>
   </trkpt>
   <trkpt lat="47.974478" lon="11.726563">
    <ele>587.798</ele>
    <time>2026-03-07T11:10:21Z</time>
   </trkpt>
   <trkpt lat="47.974346" lon="11.725746">
    <ele>583.560</ele>
    <time>2026-03-07T11:10:32Z</time>
   </trkpt>
   <trkpt lat="47.974316" lon="11.725600">
    <ele>582.612</ele>
    <time>2026-03-07T11:10:34Z</time>
   </trkpt>
   <trkpt lat="47.974167" lon="11.724640">
    <ele>579.005</ele>
    <time>2026-03-07T11:10:47Z</time>
   </trkpt>
   <trkpt lat="47.974075" lon="11.724267">
    <ele>580.726</ele>
    <time>2026-03-07T11:10:55Z</time>
   </trkpt>
   <trkpt lat="47.973957" lon="11.723278">
    <ele>576.680</ele>
    <time>2026-03-07T11:11:10Z</time>
   </trkpt>
   <trkpt lat="47.973943" lon="11.723031">
    <ele>574.057</ele>
    <time>2026-03-07T11:11:13Z</time>
   </trkpt>
   <trkpt lat="47.973872" lon="11.722771">
    <ele>571.984</ele>
    <time>2026-03-07T11:11:17Z</time>
   </trkpt>
   <trkpt lat="47.973837" lon="11.722575">
    <ele>570.398</ele>
    <time>2026-03-07T11:11:20Z</time>
   </trkpt>
   <trkpt lat="47.973655" lon="11.722517">
    <ele>580.078</ele>
    <time>2026-03-07T11:11:25Z</time>
   </trkpt>
   <trkpt lat="47.973162" lon="11.722705">
    <ele>595.508</ele>
    <time>2026-03-07T11:11:36Z</time>
   </trkpt>
   <trkpt lat="47.972569" lon="11.722917">
    <ele>604.481</ele>
    <time>2026-03-07T11:11:49Z</time>
   </trkpt>
   <trkpt lat="47.971665" lon="11.723273">
    <ele>606.383</ele>
    <time>2026-03-07T11:12:08Z</time>
   </trkpt>
   <trkpt lat="47.971006" lon="11.723493">
    <ele>608.731</ele>
    <time>2026-03-07T11:12:22Z</time>
   </trkpt>
   <trkpt lat="47.970349" lon="11.723745">
    <ele>608.574</ele>
    <time>2026-03-07T11:12:36Z</time>
   </trkpt>
   <trkpt lat="47.969581" lon="11.723992">
    <ele>603.558</ele>
    <time>2026-03-07T11:12:53Z</time>
   </trkpt>
   <trkpt lat="47.969204" lon="11.724120">
    <ele>604.438</ele>
    <time>2026-03-07T11:13:02Z</time>
   </trkpt>
   <trkpt lat="47.968395" lon="11.724473">
    <ele>606.345</ele>
    <time>2026-03-07T11:13:20Z</time>
   </trkpt>
   <trkpt lat="47.967562" lon="11.724777">
    <ele>616.194</ele>
    <time>2026-03-07T11:13:40Z</time>
   </trkpt>
   <trkpt lat="47.967150" lon="11.724916">
    <ele>614.297</ele>
    <time>2026-03-07T11:13:52Z</time>
   </trkpt>
   <trkpt lat="47.966604" lon="11.725147">
    <ele>609.913</ele>
    <time>2026-03-07T11:14:07Z</time>
   </trkpt>
   <trkpt lat="47.966366" lon="11.725251">
    <ele>610.646</ele>
    <time>2026-03-07T11:14:20Z</time>
   </trkpt>
   <trkpt lat="47.966375" lon="11.725266">
    <ele>610.857</ele>
    <time>2026-03-07T11:14:41Z</time>
   </trkpt>
  </trkseg>
 </trk>
 <trk>
  <name>ACTIVE LOG034434</name>
  <trkseg>
   <trkpt lat="47.966353" lon="11.725226">
    <ele>628.337</ele>
    <time>2026-03-07T11:44:33Z</time>
   </trkpt>
   <trkpt lat="47.966284" lon="11.725270">
    <ele>626.360</ele>
    <time>2026-03-07T11:44:37Z</time>
   </trkpt>
   <trkpt lat="47.966153" lon="11.725320">
    <ele>625.029</ele>
    <time>2026-03-07T11:44:41Z</time>
   </trkpt>
   <trkpt lat="47.965371" lon="11.725632">
    <ele>624.777</ele>
    <time>2026-03-07T11:44:57Z</time>
   </trkpt>
   <trkpt lat="47.965321" lon="11.725648">
    <ele>625.368</ele>
    <time>2026-03-07T11:44:58Z</time>
   </trkpt>
   <trkpt lat="47.964881" lon="11.725759">
    <ele>630.599</ele>
    <time>2026-03-07T11:45:09Z</time>
   </trkpt>
   <trkpt lat="47.964528" lon="11.725942">
    <ele>632.778</ele>
    <time>2026-03-07T11:45:16Z</time>
   </trkpt>
   <trkpt lat="47.963897" lon="11.726239">
    <ele>638.740</ele>
    <time>2026-03-07T11:45:30Z</time>
   </trkpt>
   <trkpt lat="47.963776" lon="11.726326">
    <ele>640.070</ele>
    <time>2026-03-07T11:45:33Z</time>
   </trkpt>
   <trkpt lat="47.962835" lon="11.726647">
    <ele>626.908</ele>
    <time>2026-03-07T11:45:52Z</time>
   </trkpt>
   <trkpt lat="47.961819" lon="11.726995">
    <ele>626.380</ele>
    <time>2026-03-07T11:46:13Z</time>
   </trkpt>
   <trkpt lat="47.961625" lon="11.727060">
    <ele>625.514</ele>
    <time>2026-03-07T11:46:17Z</time>
   </trkpt>
   <trkpt lat="47.961264" lon="11.727148">
    <ele>629.785</ele>
    <time>2026-03-07T11:46:26Z</time>
   </trkpt>
   <trkpt lat="47.960834" lon="11.727313">
    <ele>633.558</ele>
    <time>2026-03-07T11:46:35Z</time>
   </trkpt>
   <trkpt lat="47.960680" lon="11.727379">
    <ele>631.477</ele>
    <time>2026-03-07T11:46:38Z</time>
   </trkpt>
   <trkpt lat="47.960590" lon="11.727409">
    <ele>631.787</ele>
    <time>2026-03-07T11:46:40Z</time>
   </trkpt>
   <trkpt lat="47.960290" lon="11.727559">
    <ele>632.828</ele>
    <time>2026-03-07T11:46:46Z</time>
   </trkpt>
   <trkpt lat="47.959705" lon="11.727803">
    <ele>633.637</ele>
    <time>2026-03-07T11:46:57Z</time>
   </trkpt>
   <trkpt lat="47.959245" lon="11.727935">
    <ele>638.875</ele>
    <time>2026-03-07T11:47:07Z</time>
   </trkpt>
   <trkpt lat="47.958679" lon="11.728111">
    <ele>636.964</ele>
    <time>2026-03-07T11:47:19Z</time>
   </trkpt>
   <trkpt lat="47.958034" lon="11.728407">
    <ele>632.713</ele>
    <time>2026-03-07T11:47:30Z</time>
   </trkpt>
   <trkpt lat="47.957627" lon="11.728533">
    <ele>627.150</ele>
    <time>2026-03-07T11:47:37Z</time>
   </trkpt>
   <trkpt lat="47.957157" lon="11.728701">
    <ele>627.692</ele>
    <time>2026-03-07T11:47:47Z</time>
   </trkpt>
   <trkpt lat="47.956959" lon="11.728794">
    <ele>628.561</ele>
    <time>2026-03-07T11:47:51Z</time>
   </trkpt>
   <trkpt lat="47.956796" lon="11.728847">
    <ele>628.852</ele>
    <time>2026-03-07T11:47:54Z</time>
   </trkpt>
   <trkpt lat="47.956331" lon="11.729039">
    <ele>629.238</ele>
    <time>2026-03-07T11:48:03Z</time>
   </trkpt>
   <trkpt lat="47.956079" lon="11.729137">
    <ele>630.934</ele>
    <time>2026-03-07T11:48:08Z</time>
   </trkpt>
   <trkpt lat="47.955977" lon="11.729172">
    <ele>629.537</ele>
    <time>2026-03-07T11:48:10Z</time>
   </trkpt>
   <trkpt lat="47.955479" lon="11.729322">
    <ele>627.630</ele>
    <time>2026-03-07T11:48:21Z</time>
   </trkpt>
   <trkpt lat="47.954871" lon="11.729553">
    <ele>626.509</ele>
    <time>2026-03-07T11:48:32Z</time>
   </trkpt>
   <trkpt lat="47.954466" lon="11.729701">
    <ele>631.136</ele>
    <time>2026-03-07T11:48:40Z</time>
   </trkpt>
   <trkpt lat="47.954311" lon="11.729760">
    <ele>634.347</ele>
    <time>2026-03-07T11:48:43Z</time>
   </trkpt>
   <trkpt lat="47.953705" lon="11.730018">
    <ele>632.000</ele>
    <time>2026-03-07T11:48:56Z</time>
   </trkpt>
   <trkpt lat="47.953306" lon="11.730147">
    <ele>627.036</ele>
    <time>2026-03-07T11:49:03Z</time>
   </trkpt>
   <trkpt lat="47.952463" lon="11.730493">
    <ele>623.761</ele>
    <time>2026-03-07T11:49:20Z</time>
   </trkpt>
   <trkpt lat="47.952365" lon="11.730535">
    <ele>624.041</ele>
    <time>2026-03-07T11:49:22Z</time>
   </trkpt>
   <trkpt lat="47.952215" lon="11.730594">
    <ele>624.630</ele>
    <time>2026-03-07T11:49:25Z</time>
   </trkpt>
   <trkpt lat="47.951612" lon="11.730810">
    <ele>628.575</ele>
    <time>2026-03-07T11:49:37Z</time>
   </trkpt>
   <trkpt lat="47.950621" lon="11.731149">
    <ele>631.016</ele>
    <time>2026-03-07T11:49:55Z</time>
   </trkpt>
   <trkpt lat="47.950469" lon="11.731236">
    <ele>632.091</ele>
    <time>2026-03-07T11:49:58Z</time>
   </trkpt>
   <trkpt lat="47.950260" lon="11.731319">
    <ele>632.431</ele>
    <time>2026-03-07T11:50:02Z</time>
   </trkpt>
   <trkpt lat="47.950103" lon="11.731363">
    <ele>633.401</ele>
    <time>2026-03-07T11:50:05Z</time>
   </trkpt>
   <trkpt lat="47.949398" lon="11.731580">
    <ele>630.183</ele>
    <time>2026-03-07T11:50:18Z</time>
   </trkpt>
   <trkpt lat="47.948555" lon="11.731890">
    <ele>629.702</ele>
    <time>2026-03-07T11:50:35Z</time>
   </trkpt>
   <trkpt lat="47.947789" lon="11.732156">
    <ele>628.864</ele>
    <time>2026-03-07T11:50:50Z</time>
   </trkpt>
   <trkpt lat="47.947192" lon="11.732383">
    <ele>621.835</ele>
    <time>2026-03-07T11:51:02Z</time>
   </trkpt>
   <trkpt lat="47.946981" lon="11.732440">
    <ele>621.722</ele>
    <time>2026-03-07T11:51:06Z</time>
   </trkpt>
   <trkpt lat="47.946692" lon="11.732559">
    <ele>622.071</ele>
    <time>2026-03-07T11:51:12Z</time>
   </trkpt>
   <trkpt lat="47.946537" lon="11.732595">
    <ele>624.223</ele>
    <time>2026-03-07T11:51:15Z</time>
   </trkpt>
   <trkpt lat="47.945777" lon="11.732907">
    <ele>623.226</ele>
    <time>2026-03-07T11:51:30Z</time>
   </trkpt>
   <trkpt lat="47.944954" lon="11.733178">
    <ele>626.360</ele>
    <time>2026-03-07T11:51:47Z</time>
   </trkpt>
   <trkpt lat="47.944464" lon="11.733355">
    <ele>625.393</ele>
    <time>2026-03-07T11:51:57Z</time>
   </trkpt>
   <trkpt lat="47.943785" lon="11.733599">
    <ele>624.919</ele>
    <time>2026-03-07T11:52:11Z</time>
   </trkpt>
   <trkpt lat="47.943631" lon="11.733654">
    <ele>625.007</ele>
    <time>2026-03-07T11:52:14Z</time>
   </trkpt>
   <trkpt lat="47.943260" lon="11.733804">
    <ele>626.230</ele>
    <time>2026-03-07T11:52:21Z</time>
   </trkpt>
   <trkpt lat="47.942634" lon="11.734020">
    <ele>629.945</ele>
    <time>2026-03-07T11:52:32Z</time>
   </trkpt>
   <trkpt lat="47.941757" lon="11.734374">
    <ele>631.155</ele>
    <time>2026-03-07T11:52:48Z</time>
   </trkpt>
   <trkpt lat="47.940921" lon="11.734664">
    <ele>633.578</ele>
    <time>2026-03-07T11:53:03Z</time>
   </trkpt>
   <trkpt lat="47.940344" lon="11.734863">
    <ele>637.208</ele>
    <time>2026-03-07T11:53:14Z</time>
   </trkpt>
   <trkpt lat="47.940034" lon="11.735003">
    <ele>642.509</ele>
    <time>2026-03-07T11:53:21Z</time>
   </trkpt>
   <trkpt lat="47.939195" lon="11.735283">
    <ele>641.421</ele>
    <time>2026-03-07T11:53:37Z</time>
   </trkpt>
   <trkpt lat="47.938665" lon="11.735473">
    <ele>641.466</ele>
    <time>2026-03-07T11:53:47Z</time>
   </trkpt>
   <trkpt lat="47.937932" lon="11.735759">
    <ele>639.780</ele>
    <time>2026-03-07T11:54:01Z</time>
   </trkpt>
   <trkpt lat="47.937606" lon="11.735897">
    <ele>638.928</ele>
    <time>2026-03-07T11:54:08Z</time>
   </trkpt>
   <trkpt lat="47.937109" lon="11.736085">
    <ele>637.654</ele>
    <time>2026-03-07T11:54:18Z</time>
   </trkpt>
   <trkpt lat="47.936975" lon="11.736169">
    <ele>637.643</ele>
    <time>2026-03-07T11:54:21Z</time>
   </trkpt>
   <trkpt lat="47.936531" lon="11.736298">
    <ele>634.956</ele>
    <time>2026-03-07T11:54:29Z</time>
   </trkpt>
   <trkpt lat="47.936317" lon="11.736383">
    <ele>634.836</ele>
    <time>2026-03-07T11:54:33Z</time>
   </trkpt>
   <trkpt lat="47.935830" lon="11.736553">
    <ele>634.725</ele>
    <time>2026-03-07T11:54:42Z</time>
   </trkpt>
   <trkpt lat="47.935199" lon="11.736742">
    <ele>640.113</ele>
    <time>2026-03-07T11:54:53Z</time>
   </trkpt>
   <trkpt lat="47.935053" lon="11.736802">
    <ele>640.439</ele>
    <time>2026-03-07T11:54:56Z</time>
   </trkpt>
   <trkpt lat="47.934905" lon="11.736852">
    <ele>642.779</ele>
    <time>2026-03-07T11:54:59Z</time>
   </trkpt>
   <trkpt lat="47.934485" lon="11.737017">
    <ele>647.846</ele>
    <time>2026-03-07T11:55:08Z</time>
   </trkpt>
   <trkpt lat="47.934214" lon="11.737096">
    <ele>649.318</ele>
    <time>2026-03-07T11:55:13Z</time>
   </trkpt>
   <trkpt lat="47.934039" lon="11.737160">
    <ele>644.427</ele>
    <time>2026-03-07T11:55:16Z</time>
   </trkpt>
   <trkpt lat="47.933887" lon="11.737204">
    <ele>644.049</ele>
    <time>2026-03-07T11:55:19Z</time>
   </trkpt>
   <trkpt lat="47.933508" lon="11.737368">
    <ele>641.092</ele>
    <time>2026-03-07T11:55:27Z</time>
   </trkpt>
   <trkpt lat="47.933358" lon="11.737412">
    <ele>641.551</ele>
    <time>2026-03-07T11:55:30Z</time>
   </trkpt>
   <trkpt lat="47.932709" lon="11.737664">
    <ele>645.733</ele>
    <time>2026-03-07T11:55:42Z</time>
   </trkpt>
   <trkpt lat="47.932460" lon="11.737775">
    <ele>649.857</ele>
    <time>2026-03-07T11:55:47Z</time>
   </trkpt>
   <trkpt lat="47.931712" lon="11.738012">
    <ele>647.032</ele>
    <time>2026-03-07T11:56:02Z</time>
   </trkpt>
   <trkpt lat="47.931179" lon="11.738210">
    <ele>643.034</ele>
    <time>2026-03-07T11:56:14Z</time>
   </trkpt>
   <trkpt lat="47.930728" lon="11.738387">
    <ele>642.570</ele>
    <time>2026-03-07T11:56:23Z</time>
   </trkpt>
   <trkpt lat="47.930264" lon="11.738559">
    <ele>642.173</ele>
    <time>2026-03-07T11:56:32Z</time>
   </trkpt>
   <trkpt lat="47.929983" lon="11.738675">
    <ele>642.803</ele>
    <time>2026-03-07T11:56:37Z</time>
   </trkpt>
   <trkpt lat="47.929139" lon="11.738994">
    <ele>642.256</ele>
    <time>2026-03-07T11:56:51Z</time>
   </trkpt>
   <trkpt lat="47.928531" lon="11.739218">
    <ele>642.918</ele>
    <time>2026-03-07T11:57:02Z</time>
   </trkpt>
   <trkpt lat="47.928089" lon="11.739376">
    <ele>645.081</ele>
    <time>2026-03-07T11:57:11Z</time>
   </trkpt>
   <trkpt lat="47.927464" lon="11.739582">
    <ele>645.743</ele>
    <time>2026-03-07T11:57:22Z</time>
   </trkpt>
   <trkpt lat="47.926732" lon="11.739863">
    <ele>645.911</ele>
    <time>2026-03-07T11:57:36Z</time>
   </trkpt>
   <trkpt lat="47.926389" lon="11.739969">
    <ele>648.152</ele>
    <time>2026-03-07T11:57:42Z</time>
   </trkpt>
   <trkpt lat="47.926050" lon="11.740078">
    <ele>653.620</ele>
    <time>2026-03-07T11:57:51Z</time>
   </trkpt>
   <trkpt lat="47.925980" lon="11.740117">
    <ele>653.860</ele>
    <time>2026-03-07T11:57:52Z</time>
   </trkpt>
   <trkpt lat="47.925862" lon="11.740168">
    <ele>655.101</ele>
    <time>2026-03-07T11:57:54Z</time>
   </trkpt>
   <trkpt lat="47.925406" lon="11.740331">
    <ele>656.477</ele>
    <time>2026-03-07T11:58:02Z</time>
   </trkpt>
   <trkpt lat="47.925218" lon="11.740443">
    <ele>657.095</ele>
    <time>2026-03-07T11:58:06Z</time>
   </trkpt>
   <trkpt lat="47.924779" lon="11.740637">
    <ele>659.938</ele>
    <time>2026-03-07T11:58:14Z</time>
   </trkpt>
   <trkpt lat="47.924156" lon="11.740867">
    <ele>663.577</ele>
    <time>2026-03-07T11:58:27Z</time>
   </trkpt>
   <trkpt lat="47.923804" lon="11.740952">
    <ele>657.015</ele>
    <time>2026-03-07T11:58:34Z</time>
   </trkpt>
   <trkpt lat="47.923648" lon="11.741003">
    <ele>655.131</ele>
    <time>2026-03-07T11:58:37Z</time>
   </trkpt>
   <trkpt lat="47.923226" lon="11.741168">
    <ele>652.682</ele>
    <time>2026-03-07T11:58:46Z</time>
   </trkpt>
   <trkpt lat="47.923071" lon="11.741227">
    <ele>653.484</ele>
    <time>2026-03-07T11:58:49Z</time>
   </trkpt>
   <trkpt lat="47.922844" lon="11.741320">
    <ele>650.216</ele>
    <time>2026-03-07T11:58:53Z</time>
   </trkpt>
   <trkpt lat="47.922730" lon="11.741354">
    <ele>647.797</ele>
    <time>2026-03-07T11:58:55Z</time>
   </trkpt>
   <trkpt lat="47.922150" lon="11.741530">
    <ele>644.654</ele>
    <time>2026-03-07T11:59:06Z</time>
   </trkpt>
   <trkpt lat="47.921272" lon="11.741886">
    <ele>641.588</ele>
    <time>2026-03-07T11:59:22Z</time>
   </trkpt>
   <trkpt lat="47.920450" lon="11.742212">
    <ele>642.758</ele>
    <time>2026-03-07T11:59:37Z</time>
   </trkpt>
   <trkpt lat="47.919689" lon="11.742499">
    <ele>648.473</ele>
    <time>2026-03-07T11:59:51Z</time>
   </trkpt>
   <trkpt lat="47.919637" lon="11.742505">
    <ele>648.445</ele>
    <time>2026-03-07T11:59:52Z</time>
   </trkpt>
   <trkpt lat="47.919166" lon="11.742690">
    <ele>653.061</ele>
    <time>2026-03-07T12:00:01Z</time>
   </trkpt>
   <trkpt lat="47.919092" lon="11.742951">
    <ele>650.986</ele>
    <time>2026-03-07T12:00:06Z</time>
   </trkpt>
   <trkpt lat="47.919280" lon="11.744446">
    <ele>648.896</ele>
    <time>2026-03-07T12:00:22Z</time>
   </trkpt>
   <trkpt lat="47.919351" lon="11.744849">
    <ele>650.020</ele>
    <time>2026-03-07T12:00:26Z</time>
   </trkpt>
   <trkpt lat="47.919403" lon="11.745134">
    <ele>650.275</ele>
    <time>2026-03-07T12:00:29Z</time>
   </trkpt>
   <trkpt lat="47.919429" lon="11.745338">
    <ele>650.402</ele>
    <time>2026-03-07T12:00:31Z</time>
   </trkpt>
   <trkpt lat="47.919475" lon="11.745836">
    <ele>648.701</ele>
    <time>2026-03-07T12:00:36Z</time>
   </trkpt>
   <trkpt lat="47.919512" lon="11.746309">
    <ele>648.214</ele>
    <time>2026-03-07T12:00:41Z</time>
   </trkpt>
   <trkpt lat="47.919701" lon="11.747967">
    <ele>643.403</ele>
    <time>2026-03-07T12:00:58Z</time>
   </trkpt>
   <trkpt lat="47.919900" lon="11.749713">
    <ele>635.898</ele>
    <time>2026-03-07T12:01:14Z</time>
   </trkpt>
   <trkpt lat="47.920190" lon="11.751777">
    <ele>635.107</ele>
    <time>2026-03-07T12:01:34Z</time>
   </trkpt>
   <trkpt lat="47.920202" lon="11.751871">
    <ele>634.909</ele>
    <time>2026-03-07T12:01:35Z</time>
   </trkpt>
   <trkpt lat="47.919937" lon="11.752344">
    <ele>633.261</ele>
    <time>2026-03-07T12:01:42Z</time>
   </trkpt>
   <trkpt lat="47.919668" lon="11.752398">
    <ele>632.447</ele>
    <time>2026-03-07T12:01:46Z</time>
   </trkpt>
   <trkpt lat="47.919323" lon="11.752642">
    <ele>631.420</ele>
    <time>2026-03-07T12:01:55Z</time>
   </trkpt>
   <trkpt lat="47.919322" lon="11.752646">
    <ele>631.128</ele>
    <time>2026-03-07T12:02:01Z</time>
   </trkpt>
   <trkpt lat="47.919476" lon="11.753152">
    <ele>630.530</ele>
    <time>2026-03-07T12:02:11Z</time>
   </trkpt>
   <trkpt lat="47.920112" lon="11.754583">
    <ele>631.407</ele>
    <time>2026-03-07T12:02:31Z</time>
   </trkpt>
   <trkpt lat="47.920586" lon="11.755680">
    <ele>630.435</ele>
    <time>2026-03-07T12:02:46Z</time>
   </trkpt>
   <trkpt lat="47.920489" lon="11.755942">
    <ele>630.205</ele>
    <time>2026-03-07T12:02:51Z</time>
   </trkpt>
   <trkpt lat="47.919389" lon="11.756318">
    <ele>629.895</ele>
    <time>2026-03-07T12:03:08Z</time>
   </trkpt>
   <trkpt lat="47.918450" lon="11.756860">
    <ele>628.182</ele>
    <time>2026-03-07T12:03:22Z</time>
   </trkpt>
   <trkpt lat="47.918099" lon="11.757620">
    <ele>625.892</ele>
    <time>2026-03-07T12:03:30Z</time>
   </trkpt>
   <trkpt lat="47.918040" lon="11.758885">
    <ele>621.808</ele>
    <time>2026-03-07T12:03:39Z</time>
   </trkpt>
   <trkpt lat="47.918063" lon="11.759172">
    <ele>620.662</ele>
    <time>2026-03-07T12:03:41Z</time>
   </trkpt>
   <trkpt lat="47.918176" lon="11.759723">
    <ele>619.421</ele>
    <time>2026-03-07T12:03:45Z</time>
   </trkpt>
   <trkpt lat="47.918177" lon="11.760267">
    <ele>618.366</ele>
    <time>2026-03-07T12:03:49Z</time>
   </trkpt>
   <trkpt lat="47.918072" lon="11.760743">
    <ele>617.403</ele>
    <time>2026-03-07T12:03:53Z</time>
   </trkpt>
   <trkpt lat="47.918239" lon="11.761623">
    <ele>618.218</ele>
    <time>2026-03-07T12:04:01Z</time>
   </trkpt>
   <trkpt lat="47.918553" lon="11.762183">
    <ele>620.315</ele>
    <time>2026-03-07T12:04:12Z</time>
   </trkpt>
   <trkpt lat="47.918554" lon="11.762115">
    <ele>618.623</ele>
    <time>2026-03-07T12:04:16Z</time>
   </trkpt>
   <trkpt lat="47.918468" lon="11.761926">
    <ele>618.014</ele>
    <time>2026-03-07T12:04:20Z</time>
   </trkpt>
   <trkpt lat="47.918181" lon="11.761420">
    <ele>616.618</ele>
    <time>2026-03-07T12:04:27Z</time>
   </trkpt>
   <trkpt lat="47.918091" lon="11.760696">
    <ele>615.635</ele>
    <time>2026-03-07T12:04:34Z</time>
   </trkpt>
   <trkpt lat="47.918245" lon="11.760486">
    <ele>614.393</ele>
    <time>2026-03-07T12:04:40Z</time>
   </trkpt>
   <trkpt lat="47.918565" lon="11.760729">
    <ele>610.338</ele>
    <time>2026-03-07T12:04:45Z</time>
   </trkpt>
   <trkpt lat="47.919360" lon="11.761259">
    <ele>606.770</ele>
    <time>2026-03-07T12:04:56Z</time>
   </trkpt>
   <trkpt lat="47.919578" lon="11.761503">
    <ele>604.345</ele>
    <time>2026-03-07T12:05:00Z</time>
   </trkpt>
   <trkpt lat="47.919864" lon="11.761689">
    <ele>602.237</ele>
    <time>2026-03-07T12:05:04Z</time>
   </trkpt>
   <trkpt lat="47.920573" lon="11.762331">
    <ele>596.378</ele>
    <time>2026-03-07T12:05:14Z</time>
   </trkpt>
   <trkpt lat="47.921117" lon="11.763073">
    <ele>592.988</ele>
    <time>2026-03-07T12:05:24Z</time>
   </trkpt>
   <trkpt lat="47.921286" lon="11.763367">
    <ele>592.597</ele>
    <time>2026-03-07T12:05:27Z</time>
   </trkpt>
   <trkpt lat="47.921405" lon="11.763832">
    <ele>591.953</ele>
    <time>2026-03-07T12:05:32Z</time>
   </trkpt>
   <trkpt lat="47.921406" lon="11.764048">
    <ele>590.777</ele>
    <time>2026-03-07T12:05:34Z</time>
   </trkpt>
   <trkpt lat="47.921499" lon="11.764415">
    <ele>591.363</ele>
    <time>2026-03-07T12:05:38Z</time>
   </trkpt>
   <trkpt lat="47.921659" lon="11.764715">
    <ele>591.257</ele>
    <time>2026-03-07T12:05:42Z</time>
   </trkpt>
   <trkpt lat="47.921754" lon="11.765020">
    <ele>591.662</ele>
    <time>2026-03-07T12:05:46Z</time>
   </trkpt>
   <trkpt lat="47.921807" lon="11.765360">
    <ele>592.462</ele>
    <time>2026-03-07T12:05:50Z</time>
   </trkpt>
   <trkpt lat="47.921897" lon="11.766410">
    <ele>591.455</ele>
    <time>2026-03-07T12:06:00Z</time>
   </trkpt>
   <trkpt lat="47.921799" lon="11.767404">
    <ele>588.845</ele>
    <time>2026-03-07T12:06:09Z</time>
   </trkpt>
   <trkpt lat="47.921713" lon="11.767968">
    <ele>587.447</ele>
    <time>2026-03-07T12:06:14Z</time>
   </trkpt>
   <trkpt lat="47.921703" lon="11.768332">
    <ele>586.989</ele>
    <time>2026-03-07T12:06:17Z</time>
   </trkpt>
   <trkpt lat="47.921620" lon="11.769013">
    <ele>587.028</ele>
    <time>2026-03-07T12:06:23Z</time>
   </trkpt>
   <trkpt lat="47.921608" lon="11.769614">
    <ele>586.693</ele>
    <time>2026-03-07T12:06:28Z</time>
   </trkpt>
   <trkpt lat="47.921468" lon="11.770275">
    <ele>586.707</ele>
    <time>2026-03-07T12:06:34Z</time>
   </trkpt>
   <trkpt lat="47.921120" lon="11.771583">
    <ele>584.867</ele>
    <time>2026-03-07T12:06:46Z</time>
   </trkpt>
   <trkpt lat="47.920782" lon="11.772464">
    <ele>587.245</ele>
    <time>2026-03-07T12:06:54Z</time>
   </trkpt>
   <trkpt lat="47.920488" lon="11.773088">
    <ele>590.887</ele>
    <time>2026-03-07T12:07:00Z</time>
   </trkpt>
   <trkpt lat="47.920080" lon="11.774053">
    <ele>592.322</ele>
    <time>2026-03-07T12:07:09Z</time>
   </trkpt>
   <trkpt lat="47.919706" lon="11.774714">
    <ele>595.226</ele>
    <time>2026-03-07T12:07:16Z</time>
   </trkpt>
   <trkpt lat="47.919314" lon="11.775480">
    <ele>596.590</ele>
    <time>2026-03-07T12:07:24Z</time>
   </trkpt>
   <trkpt lat="47.919207" lon="11.775959">
    <ele>596.748</ele>
    <time>2026-03-07T12:07:28Z</time>
   </trkpt>
   <trkpt lat="47.919185" lon="11.776338">
    <ele>596.400</ele>
    <time>2026-03-07T12:07:31Z</time>
   </trkpt>
   <trkpt lat="47.919047" lon="11.777256">
    <ele>594.930</ele>
    <time>2026-03-07T12:07:39Z</time>
   </trkpt>
   <trkpt lat="47.919149" lon="11.778783">
    <ele>591.880</ele>
    <time>2026-03-07T12:07:52Z</time>
   </trkpt>
   <trkpt lat="47.919350" lon="11.779565">
    <ele>585.341</ele>
    <time>2026-03-07T12:07:59Z</time>
   </trkpt>
   <trkpt lat="47.919489" lon="11.780073">
    <ele>581.801</ele>
    <time>2026-03-07T12:08:04Z</time>
   </trkpt>
   <trkpt lat="47.919569" lon="11.780253">
    <ele>580.188</ele>
    <time>2026-03-07T12:08:06Z</time>
   </trkpt>
   <trkpt lat="47.919804" lon="11.780621">
    <ele>578.102</ele>
    <time>2026-03-07T12:08:11Z</time>
   </trkpt>
   <trkpt lat="47.920198" lon="11.780921">
    <ele>574.642</ele>
    <time>2026-03-07T12:08:18Z</time>
   </trkpt>
   <trkpt lat="47.920411" lon="11.781135">
    <ele>574.177</ele>
    <time>2026-03-07T12:08:22Z</time>
   </trkpt>
   <trkpt lat="47.920868" lon="11.781785">
    <ele>568.650</ele>
    <time>2026-03-07T12:08:33Z</time>
   </trkpt>
   <trkpt lat="47.921336" lon="11.782322">
    <ele>565.157</ele>
    <time>2026-03-07T12:08:44Z</time>
   </trkpt>
   <trkpt lat="47.921761" lon="11.782954">
    <ele>566.742</ele>
    <time>2026-03-07T12:08:55Z</time>
   </trkpt>
   <trkpt lat="47.922152" lon="11.783488">
    <ele>569.012</ele>
    <time>2026-03-07T12:09:04Z</time>
   </trkpt>
   <trkpt lat="47.922313" lon="11.783891">
    <ele>569.191</ele>
    <time>2026-03-07T12:09:10Z</time>
   </trkpt>
   <trkpt lat="47.922514" lon="11.784265">
    <ele>576.659</ele>
    <time>2026-03-07T12:09:21Z</time>
   </trkpt>
   <trkpt lat="47.922582" lon="11.784453">
    <ele>579.860</ele>
    <time>2026-03-07T12:09:27Z</time>
   </trkpt>
   <trkpt lat="47.922662" lon="11.785144">
    <ele>579.885</ele>
    <time>2026-03-07T12:09:42Z</time>
   </trkpt>
   <trkpt lat="47.922691" lon="11.785294">
    <ele>579.597</ele>
    <time>2026-03-07T12:09:46Z</time>
   </trkpt>
   <trkpt lat="47.922704" lon="11.785399">
    <ele>578.832</ele>
    <time>2026-03-07T12:09:50Z</time>
   </trkpt>
   <trkpt lat="47.922759" lon="11.785545">
    <ele>579.976</ele>
    <time>2026-03-07T12:09:57Z</time>
   </trkpt>
   <trkpt lat="47.922731" lon="11.785724">
    <ele>579.247</ele>
    <time>2026-03-07T12:10:02Z</time>
   </trkpt>
   <trkpt lat="47.922751" lon="11.786026">
    <ele>579.407</ele>
    <time>2026-03-07T12:10:06Z</time>
   </trkpt>
   <trkpt lat="47.922801" lon="11.786306">
    <ele>577.239</ele>
    <time>2026-03-07T12:10:08Z</time>
   </trkpt>
   <trkpt lat="47.922817" lon="11.786904">
    <ele>571.224</ele>
    <time>2026-03-07T12:10:12Z</time>
   </trkpt>
   <trkpt lat="47.923026" lon="11.787457">
    <ele>567.511</ele>
    <time>2026-03-07T12:10:16Z</time>
   </trkpt>
   <trkpt lat="47.923245" lon="11.787807">
    <ele>565.772</ele>
    <time>2026-03-07T12:10:19Z</time>
   </trkpt>
   <trkpt lat="47.923459" lon="11.788323">
    <ele>563.983</ele>
    <time>2026-03-07T12:10:23Z</time>
   </trkpt>
   <trkpt lat="47.923547" lon="11.788719">
    <ele>563.344</ele>
    <time>2026-03-07T12:10:26Z</time>
   </trkpt>
   <trkpt lat="47.923569" lon="11.789251">
    <ele>563.528</ele>
    <time>2026-03-07T12:10:30Z</time>
   </trkpt>
   <trkpt lat="47.923498" lon="11.789732">
    <ele>563.743</ele>
    <time>2026-03-07T12:10:34Z</time>
   </trkpt>
   <trkpt lat="47.923121" lon="11.790076">
    <ele>562.497</ele>
    <time>2026-03-07T12:10:39Z</time>
   </trkpt>
   <trkpt lat="47.922874" lon="11.790136">
    <ele>561.804</ele>
    <time>2026-03-07T12:10:42Z</time>
   </trkpt>
   <trkpt lat="47.922630" lon="11.789823">
    <ele>564.587</ele>
    <time>2026-03-07T12:10:48Z</time>
   </trkpt>
   <trkpt lat="47.922592" lon="11.789718">
    <ele>565.164</ele>
    <time>2026-03-07T12:10:50Z</time>
   </trkpt>
   <trkpt lat="47.922537" lon="11.789497">
    <ele>567.347</ele>
    <time>2026-03-07T12:10:55Z</time>
   </trkpt>
   <trkpt lat="47.922473" lon="11.789357">
    <ele>567.621</ele>
    <time>2026-03-07T12:10:59Z</time>
   </trkpt>
   <trkpt lat="47.922387" lon="11.789277">
    <ele>569.756</ele>
    <time>2026-03-07T12:11:02Z</time>
   </trkpt>
   <trkpt lat="47.922224" lon="11.789183">
    <ele>569.586</ele>
    <time>2026-03-07T12:11:06Z</time>
   </trkpt>
   <trkpt lat="47.922130" lon="11.789006">
    <ele>572.690</ele>
    <time>2026-03-07T12:11:10Z</time>
   </trkpt>
   <trkpt lat="47.921974" lon="11.788728">
    <ele>573.754</ele>
    <time>2026-03-07T12:11:16Z</time>
   </trkpt>
   <trkpt lat="47.921799" lon="11.788554">
    <ele>572.353</ele>
    <time>2026-03-07T12:11:20Z</time>
   </trkpt>
   <trkpt lat="47.921579" lon="11.788407">
    <ele>570.083</ele>
    <time>2026-03-07T12:11:24Z</time>
   </trkpt>
   <trkpt lat="47.921390" lon="11.788187">
    <ele>569.145</ele>
    <time>2026-03-07T12:11:27Z</time>
   </trkpt>
   <trkpt lat="47.921203" lon="11.787778">
    <ele>568.788</ele>
    <time>2026-03-07T12:11:31Z</time>
   </trkpt>
   <trkpt lat="47.921032" lon="11.787307">
    <ele>567.736</ele>
    <time>2026-03-07T12:11:36Z</time>
   </trkpt>
   <trkpt lat="47.920970" lon="11.786871">
    <ele>567.943</ele>
    <time>2026-03-07T12:11:44Z</time>
   </trkpt>
   <trkpt lat="47.920961" lon="11.786857">
    <ele>568.025</ele>
    <time>2026-03-07T12:11:46Z</time>
   </trkpt>
   <trkpt lat="47.920936" lon="11.786807">
    <ele>567.774</ele>
    <time>2026-03-07T12:11:48Z</time>
   </trkpt>
   <trkpt lat="47.920917" lon="11.786565">
    <ele>566.857</ele>
    <time>2026-03-07T12:11:52Z</time>
   </trkpt>
   <trkpt lat="47.920856" lon="11.786163">
    <ele>567.320</ele>
    <time>2026-03-07T12:11:57Z</time>
   </trkpt>
   <trkpt lat="47.920672" lon="11.785623">
    <ele>568.223</ele>
    <time>2026-03-07T12:12:04Z</time>
   </trkpt>
   <trkpt lat="47.920414" lon="11.785416">
    <ele>567.590</ele>
    <time>2026-03-07T12:12:10Z</time>
   </trkpt>
   <trkpt lat="47.920042" lon="11.785415">
    <ele>567.464</ele>
    <time>2026-03-07T12:12:21Z</time>
   </trkpt>
   <trkpt lat="47.919831" lon="11.785371">
    <ele>574.728</ele>
    <time>2026-03-07T12:12:34Z</time>
   </trkpt>
   <trkpt lat="47.919582" lon="11.785283">
    <ele>576.538</ele>
    <time>2026-03-07T12:12:47Z</time>
   </trkpt>
   <trkpt lat="47.919399" lon="11.785222">
    <ele>578.550</ele>
    <time>2026-03-07T12:12:59Z</time>
   </trkpt>
   <trkpt lat="47.919139" lon="11.785137">
    <ele>580.739</ele>
    <time>2026-03-07T12:13:13Z</time>
   </trkpt>
   <trkpt lat="47.919043" lon="11.785082">
    <ele>581.687</ele>
    <time>2026-03-07T12:13:18Z</time>
   </trkpt>
   <trkpt lat="47.918870" lon="11.785296">
    <ele>584.320</ele>
    <time>2026-03-07T12:13:30Z</time>
   </trkpt>
   <trkpt lat="47.918826" lon="11.785437">
    <ele>585.272</ele>
    <time>2026-03-07T12:13:38Z</time>
   </trkpt>
   <trkpt lat="47.918773" lon="11.785726">
    <ele>588.386</ele>
    <time>2026-03-07T12:13:52Z</time>
   </trkpt>
   <trkpt lat="47.918779" lon="11.785809">
    <ele>589.798</ele>
    <time>2026-03-07T12:13:56Z</time>
   </trkpt>
   <trkpt lat="47.918921" lon="11.786050">
    <ele>593.999</ele>
    <time>2026-03-07T12:14:09Z</time>
   </trkpt>
   <trkpt lat="47.919057" lon="11.786353">
    <ele>596.783</ele>
    <time>2026-03-07T12:14:24Z</time>
   </trkpt>
   <trkpt lat="47.919101" lon="11.786489">
    <ele>599.261</ele>
    <time>2026-03-07T12:14:34Z</time>
   </trkpt>
   <trkpt lat="47.919097" lon="11.786565">
    <ele>599.908</ele>
    <time>2026-03-07T12:14:39Z</time>
   </trkpt>
   <trkpt lat="47.919092" lon="11.786739">
    <ele>601.159</ele>
    <time>2026-03-07T12:14:46Z</time>
   </trkpt>
   <trkpt lat="47.919121" lon="11.787010">
    <ele>605.930</ele>
    <time>2026-03-07T12:14:57Z</time>
   </trkpt>
   <trkpt lat="47.919141" lon="11.787038">
    <ele>606.551</ele>
    <time>2026-03-07T12:14:59Z</time>
   </trkpt>
   <trkpt lat="47.919158" lon="11.787096">
    <ele>607.807</ele>
    <time>2026-03-07T12:15:02Z</time>
   </trkpt>
   <trkpt lat="47.919233" lon="11.787169">
    <ele>610.071</ele>
    <time>2026-03-07T12:15:09Z</time>
   </trkpt>
   <trkpt lat="47.919399" lon="11.787209">
    <ele>615.654</ele>
    <time>2026-03-07T12:15:24Z</time>
   </trkpt>
   <trkpt lat="47.919495" lon="11.787289">
    <ele>615.321</ele>
    <time>2026-03-07T12:15:31Z</time>
   </trkpt>
   <trkpt lat="47.919540" lon="11.787344">
    <ele>615.026</ele>
    <time>2026-03-07T12:15:34Z</time>
   </trkpt>
   <trkpt lat="47.919630" lon="11.787550">
    <ele>615.999</ele>
    <time>2026-03-07T12:15:45Z</time>
   </trkpt>
   <trkpt lat="47.919629" lon="11.787612">
    <ele>616.568</ele>
    <time>2026-03-07T12:15:49Z</time>
   </trkpt>
   <trkpt lat="47.919615" lon="11.787668">
    <ele>616.695</ele>
    <time>2026-03-07T12:15:52Z</time>
   </trkpt>
   <trkpt lat="47.919618" lon="11.787731">
    <ele>617.073</ele>
    <time>2026-03-07T12:15:55Z</time>
   </trkpt>
   <trkpt lat="47.919610" lon="11.787816">
    <ele>619.444</ele>
    <time>2026-03-07T12:15:59Z</time>
   </trkpt>
   <trkpt lat="47.919569" lon="11.787864">
    <ele>620.030</ele>
    <time>2026-03-07T12:16:02Z</time>
   </trkpt>
   <trkpt lat="47.919486" lon="11.787981">
    <ele>622.437</ele>
    <time>2026-03-07T12:16:12Z</time>
   </trkpt>
   <trkpt lat="47.919421" lon="11.788050">
    <ele>621.586</ele>
    <time>2026-03-07T12:16:17Z</time>
   </trkpt>
   <trkpt lat="47.919364" lon="11.788051">
    <ele>623.650</ele>
    <time>2026-03-07T12:16:24Z</time>
   </trkpt>
   <trkpt lat="47.919404" lon="11.788139">
    <ele>623.198</ele>
    <time>2026-03-07T12:16:30Z</time>
   </trkpt>
   <trkpt lat="47.919392" lon="11.788183">
    <ele>623.550</ele>
    <time>2026-03-07T12:16:32Z</time>
   </trkpt>
   <trkpt lat="47.919364" lon="11.788261">
    <ele>623.112</ele>
    <time>2026-03-07T12:16:35Z</time>
   </trkpt>
   <trkpt lat="47.919346" lon="11.788354">
    <ele>625.055</ele>
    <time>2026-03-07T12:16:40Z</time>
   </trkpt>
   <trkpt lat="47.919317" lon="11.788410">
    <ele>627.697</ele>
    <time>2026-03-07T12:16:46Z</time>
   </trkpt>
   <trkpt lat="47.919235" lon="11.788453">
    <ele>629.198</ele>
    <time>2026-03-07T12:16:58Z</time>
   </trkpt>
   <trkpt lat="47.919202" lon="11.788416">
    <ele>627.073</ele>
    <time>2026-03-07T12:17:17Z</time>
   </trkpt>
   <trkpt lat="47.919197" lon="11.788399">
    <ele>626.717</ele>
    <time>2026-03-07T12:17:49Z</time>
   </trkpt>
   <trkpt lat="47.919161" lon="11.788419">
    <ele>627.167</ele>
    <time>2026-03-07T12:18:01Z</time>
   </trkpt>
   <trkpt lat="47.919082" lon="11.788532">
    <ele>628.053</ele>
    <time>2026-03-07T12:18:09Z</time>
   </trkpt>
   <trkpt lat="47.918954" lon="11.788690">
    <ele>629.688</ele>
    <time>2026-03-07T12:18:23Z</time>
   </trkpt>
   <trkpt lat="47.918780" lon="11.788821">
    <ele>633.963</ele>
    <time>2026-03-07T12:18:35Z</time>
   </trkpt>
   <trkpt lat="47.918749" lon="11.788860">
    <ele>634.737</ele>
    <time>2026-03-07T12:18:38Z</time>
   </trkpt>
   <trkpt lat="47.918702" lon="11.788938">
    <ele>634.828</ele>
    <time>2026-03-07T12:18:43Z</time>
   </trkpt>
   <trkpt lat="47.918642" lon="11.789055">
    <ele>633.488</ele>
    <time>2026-03-07T12:18:53Z</time>
   </trkpt>
   <trkpt lat="47.918543" lon="11.789219">
    <ele>634.993</ele>
    <time>2026-03-07T12:19:05Z</time>
   </trkpt>
   <trkpt lat="47.918414" lon="11.789320">
    <ele>635.996</ele>
    <time>2026-03-07T12:19:16Z</time>
   </trkpt>
   <trkpt lat="47.918357" lon="11.789413">
    <ele>636.951</ele>
    <time>2026-03-07T12:19:22Z</time>
   </trkpt>
   <trkpt lat="47.918255" lon="11.789539">
    <ele>639.277</ele>
    <time>2026-03-07T12:19:34Z</time>
   </trkpt>
   <trkpt lat="47.918221" lon="11.789571">
    <ele>640.978</ele>
    <time>2026-03-07T12:19:37Z</time>
   </trkpt>
   <trkpt lat="47.918171" lon="11.789616">
    <ele>643.295</ele>
    <time>2026-03-07T12:19:43Z</time>
   </trkpt>
   <trkpt lat="47.918075" lon="11.789706">
    <ele>645.366</ele>
    <time>2026-03-07T12:19:48Z</time>
   </trkpt>
   <trkpt lat="47.917979" lon="11.789884">
    <ele>649.785</ele>
    <time>2026-03-07T12:20:01Z</time>
   </trkpt>
   <trkpt lat="47.917956" lon="11.790006">
    <ele>651.787</ele>
    <time>2026-03-07T12:20:12Z</time>
   </trkpt>
   <trkpt lat="47.917846" lon="11.790190">
    <ele>657.099</ele>
    <time>2026-03-07T12:20:27Z</time>
   </trkpt>
   <trkpt lat="47.917811" lon="11.790218">
    <ele>657.905</ele>
    <time>2026-03-07T12:20:30Z</time>
   </trkpt>
   <trkpt lat="47.917627" lon="11.790239">
    <ele>660.469</ele>
    <time>2026-03-07T12:20:38Z</time>
   </trkpt>
   <trkpt lat="47.917343" lon="11.790440">
    <ele>662.635</ele>
    <time>2026-03-07T12:20:52Z</time>
   </trkpt>
   <trkpt lat="47.917128" lon="11.790653">
    <ele>665.672</ele>
    <time>2026-03-07T12:21:05Z</time>
   </trkpt>
   <trkpt lat="47.917077" lon="11.790705">
    <ele>666.166</ele>
    <time>2026-03-07T12:21:08Z</time>
   </trkpt>
   <trkpt lat="47.917006" lon="11.790761">
    <ele>667.299</ele>
    <time>2026-03-07T12:21:13Z</time>
   </trkpt>
   <trkpt lat="47.916834" lon="11.790931">
    <ele>662.387</ele>
    <time>2026-03-07T12:21:19Z</time>
   </trkpt>
   <trkpt lat="47.916361" lon="11.791494">
    <ele>655.507</ele>
    <time>2026-03-07T12:21:30Z</time>
   </trkpt>
   <trkpt lat="47.916168" lon="11.791559">
    <ele>654.327</ele>
    <time>2026-03-07T12:21:35Z</time>
   </trkpt>
   <trkpt lat="47.915327" lon="11.791868">
    <ele>652.742</ele>
    <time>2026-03-07T12:21:54Z</time>
   </trkpt>
   <trkpt lat="47.915083" lon="11.791933">
    <ele>652.893</ele>
    <time>2026-03-07T12:21:59Z</time>
   </trkpt>
   <trkpt lat="47.914281" lon="11.792223">
    <ele>651.714</ele>
    <time>2026-03-07T12:22:15Z</time>
   </trkpt>
   <trkpt lat="47.914018" lon="11.792654">
    <ele>651.966</ele>
    <time>2026-03-07T12:22:22Z</time>
   </trkpt>
   <trkpt lat="47.913956" lon="11.792903">
    <ele>652.121</ele>
    <time>2026-03-07T12:22:25Z</time>
   </trkpt>
   <trkpt lat="47.913661" lon="11.793179">
    <ele>652.140</ele>
    <time>2026-03-07T12:22:32Z</time>
   </trkpt>
   <trkpt lat="47.912854" lon="11.793367">
    <ele>650.889</ele>
    <time>2026-03-07T12:22:50Z</time>
   </trkpt>
   <trkpt lat="47.912307" lon="11.793323">
    <ele>648.407</ele>
    <time>2026-03-07T12:23:00Z</time>
   </trkpt>
   <trkpt lat="47.912200" lon="11.793269">
    <ele>648.173</ele>
    <time>2026-03-07T12:23:02Z</time>
   </trkpt>
   <trkpt lat="47.912046" lon="11.793447">
    <ele>646.982</ele>
    <time>2026-03-07T12:23:07Z</time>
   </trkpt>
   <trkpt lat="47.911823" lon="11.794866">
    <ele>644.805</ele>
    <time>2026-03-07T12:23:23Z</time>
   </trkpt>
   <trkpt lat="47.911824" lon="11.795163">
    <ele>644.845</ele>
    <time>2026-03-07T12:23:26Z</time>
   </trkpt>
   <trkpt lat="47.911910" lon="11.795724">
    <ele>644.110</ele>
    <time>2026-03-07T12:23:32Z</time>
   </trkpt>
   <trkpt lat="47.912483" lon="11.797153">
    <ele>634.725</ele>
    <time>2026-03-07T12:23:47Z</time>
   </trkpt>
   <trkpt lat="47.912643" lon="11.797535">
    <ele>630.155</ele>
    <time>2026-03-07T12:23:50Z</time>
   </trkpt>
   <trkpt lat="47.912683" lon="11.798199">
    <ele>624.998</ele>
    <time>2026-03-07T12:23:54Z</time>
   </trkpt>
   <trkpt lat="47.912703" lon="11.798800">
    <ele>622.288</ele>
    <time>2026-03-07T12:23:57Z</time>
   </trkpt>
   <trkpt lat="47.912376" lon="11.799677">
    <ele>617.124</ele>
    <time>2026-03-07T12:24:04Z</time>
   </trkpt>
   <trkpt lat="47.912174" lon="11.800507">
    <ele>612.309</ele>
    <time>2026-03-07T12:24:11Z</time>
   </trkpt>
   <trkpt lat="47.912441" lon="11.800725">
    <ele>608.962</ele>
    <time>2026-03-07T12:24:15Z</time>
   </trkpt>
   <trkpt lat="47.912954" lon="11.800566">
    <ele>604.158</ele>
    <time>2026-03-07T12:24:20Z</time>
   </trkpt>
   <trkpt lat="47.913532" lon="11.800941">
    <ele>596.807</ele>
    <time>2026-03-07T12:24:26Z</time>
   </trkpt>
   <trkpt lat="47.913559" lon="11.801315">
    <ele>593.974</ele>
    <time>2026-03-07T12:24:29Z</time>
   </trkpt>
   <trkpt lat="47.913051" lon="11.803077">
    <ele>575.481</ele>
    <time>2026-03-07T12:24:41Z</time>
   </trkpt>
   <trkpt lat="47.912871" lon="11.803492">
    <ele>572.558</ele>
    <time>2026-03-07T12:24:44Z</time>
   </trkpt>
   <trkpt lat="47.912772" lon="11.804195">
    <ele>564.373</ele>
    <time>2026-03-07T12:24:49Z</time>
   </trkpt>
   <trkpt lat="47.912863" lon="11.804903">
    <ele>561.858</ele>
    <time>2026-03-07T12:24:54Z</time>
   </trkpt>
   <trkpt lat="47.912958" lon="11.805280">
    <ele>561.035</ele>
    <time>2026-03-07T12:24:57Z</time>
   </trkpt>
   <trkpt lat="47.913113" lon="11.805749">
    <ele>560.461</ele>
    <time>2026-03-07T12:25:01Z</time>
   </trkpt>
   <trkpt lat="47.913214" lon="11.806084">
    <ele>560.496</ele>
    <time>2026-03-07T12:25:04Z</time>
   </trkpt>
   <trkpt lat="47.913460" lon="11.806730">
    <ele>560.735</ele>
    <time>2026-03-07T12:25:11Z</time>
   </trkpt>
   <trkpt lat="47.913616" lon="11.806837">
    <ele>559.597</ele>
    <time>2026-03-07T12:25:15Z</time>
   </trkpt>
   <trkpt lat="47.913840" lon="11.807230">
    <ele>561.261</ele>
    <time>2026-03-07T12:25:26Z</time>
   </trkpt>
   <trkpt lat="47.914071" lon="11.807699">
    <ele>565.145</ele>
    <time>2026-03-07T12:25:44Z</time>
   </trkpt>
   <trkpt lat="47.914335" lon="11.807909">
    <ele>567.167</ele>
    <time>2026-03-07T12:26:01Z</time>
   </trkpt>
   <trkpt lat="47.914551" lon="11.807783">
    <ele>571.400</ele>
    <time>2026-03-07T12:26:16Z</time>
   </trkpt>
   <trkpt lat="47.914703" lon="11.807592">
    <ele>574.050</ele>
    <time>2026-03-07T12:26:29Z</time>
   </trkpt>
   <trkpt lat="47.914747" lon="11.807543">
    <ele>574.636</ele>
    <time>2026-03-07T12:26:32Z</time>
   </trkpt>
   <trkpt lat="47.915042" lon="11.807331">
    <ele>575.314</ele>
    <time>2026-03-07T12:26:46Z</time>
   </trkpt>
   <trkpt lat="47.915422" lon="11.807389">
    <ele>574.530</ele>
    <time>2026-03-07T12:27:00Z</time>
   </trkpt>
   <trkpt lat="47.915552" lon="11.807486">
    <ele>575.358</ele>
    <time>2026-03-07T12:27:09Z</time>
   </trkpt>
   <trkpt lat="47.915623" lon="11.807563">
    <ele>575.151</ele>
    <time>2026-03-07T12:27:15Z</time>
   </trkpt>
   <trkpt lat="47.915689" lon="11.807652">
    <ele>577.839</ele>
    <time>2026-03-07T12:27:21Z</time>
   </trkpt>
   <trkpt lat="47.915689" lon="11.807741">
    <ele>579.742</ele>
    <time>2026-03-07T12:27:25Z</time>
   </trkpt>
   <trkpt lat="47.915719" lon="11.807898">
    <ele>583.523</ele>
    <time>2026-03-07T12:27:33Z</time>
   </trkpt>
   <trkpt lat="47.915774" lon="11.808014">
    <ele>585.960</ele>
    <time>2026-03-07T12:27:39Z</time>
   </trkpt>
   <trkpt lat="47.915811" lon="11.808081">
    <ele>586.781</ele>
    <time>2026-03-07T12:27:43Z</time>
   </trkpt>
   <trkpt lat="47.916023" lon="11.808296">
    <ele>592.565</ele>
    <time>2026-03-07T12:28:01Z</time>
   </trkpt>
   <trkpt lat="47.916222" lon="11.808463">
    <ele>597.622</ele>
    <time>2026-03-07T12:28:17Z</time>
   </trkpt>
   <trkpt lat="47.916314" lon="11.808589">
    <ele>603.549</ele>
    <time>2026-03-07T12:28:28Z</time>
   </trkpt>
   <trkpt lat="47.916440" lon="11.808790">
    <ele>608.111</ele>
    <time>2026-03-07T12:28:39Z</time>
   </trkpt>
   <trkpt lat="47.916489" lon="11.808896">
    <ele>610.685</ele>
    <time>2026-03-07T12:28:44Z</time>
   </trkpt>
   <trkpt lat="47.916643" lon="11.809147">
    <ele>612.002</ele>
    <time>2026-03-07T12:28:58Z</time>
   </trkpt>
   <trkpt lat="47.916771" lon="11.809328">
    <ele>611.520</ele>
    <time>2026-03-07T12:29:08Z</time>
   </trkpt>
   <trkpt lat="47.916782" lon="11.809377">
    <ele>611.948</ele>
    <time>2026-03-07T12:29:10Z</time>
   </trkpt>
   <trkpt lat="47.916839" lon="11.809523">
    <ele>612.387</ele>
    <time>2026-03-07T12:29:16Z</time>
   </trkpt>
   <trkpt lat="47.916878" lon="11.809583">
    <ele>612.954</ele>
    <time>2026-03-07T12:29:19Z</time>
   </trkpt>
   <trkpt lat="47.916878" lon="11.809661">
    <ele>613.111</ele>
    <time>2026-03-07T12:29:22Z</time>
   </trkpt>
   <trkpt lat="47.916916" lon="11.809775">
    <ele>613.820</ele>
    <time>2026-03-07T12:29:28Z</time>
   </trkpt>
   <trkpt lat="47.917061" lon="11.810271">
    <ele>616.612</ele>
    <time>2026-03-07T12:29:50Z</time>
   </trkpt>
   <trkpt lat="47.917115" lon="11.810705">
    <ele>616.731</ele>
    <time>2026-03-07T12:30:09Z</time>
   </trkpt>
   <trkpt lat="47.917115" lon="11.810741">
    <ele>617.182</ele>
    <time>2026-03-07T12:30:11Z</time>
   </trkpt>
   <trkpt lat="47.917103" lon="11.811208">
    <ele>620.106</ele>
    <time>2026-03-07T12:30:33Z</time>
   </trkpt>
   <trkpt lat="47.916984" lon="11.811663">
    <ele>620.246</ele>
    <time>2026-03-07T12:30:51Z</time>
   </trkpt>
   <trkpt lat="47.916800" lon="11.812136">
    <ele>623.769</ele>
    <time>2026-03-07T12:31:10Z</time>
   </trkpt>
   <trkpt lat="47.916797" lon="11.812240">
    <ele>626.281</ele>
    <time>2026-03-07T12:31:16Z</time>
   </trkpt>
   <trkpt lat="47.916778" lon="11.812360">
    <ele>627.404</ele>
    <time>2026-03-07T12:31:21Z</time>
   </trkpt>
   <trkpt lat="47.916730" lon="11.812773">
    <ele>632.538</ele>
    <time>2026-03-07T12:31:37Z</time>
   </trkpt>
   <trkpt lat="47.916749" lon="11.812847">
    <ele>633.002</ele>
    <time>2026-03-07T12:31:49Z</time>
   </trkpt>
   <trkpt lat="47.916738" lon="11.812852">
    <ele>633.455</ele>
    <time>2026-03-07T12:32:01Z</time>
   </trkpt>
   <trkpt lat="47.916980" lon="11.812929">
    <ele>635.167</ele>
    <time>2026-03-07T12:32:10Z</time>
   </trkpt>
   <trkpt lat="47.917445" lon="11.813012">
    <ele>636.799</ele>
    <time>2026-03-07T12:32:24Z</time>
   </trkpt>
   <trkpt lat="47.917789" lon="11.813092">
    <ele>637.693</ele>
    <time>2026-03-07T12:32:34Z</time>
   </trkpt>
   <trkpt lat="47.918000" lon="11.813048">
    <ele>636.741</ele>
    <time>2026-03-07T12:32:39Z</time>
   </trkpt>
   <trkpt lat="47.918760" lon="11.812703">
    <ele>636.273</ele>
    <time>2026-03-07T12:32:54Z</time>
   </trkpt>
   <trkpt lat="47.919037" lon="11.812647">
    <ele>636.732</ele>
    <time>2026-03-07T12:33:00Z</time>
   </trkpt>
   <trkpt lat="47.919500" lon="11.812917">
    <ele>639.581</ele>
    <time>2026-03-07T12:33:13Z</time>
   </trkpt>
   <trkpt lat="47.919951" lon="11.813544">
    <ele>644.008</ele>
    <time>2026-03-07T12:33:31Z</time>
   </trkpt>
   <trkpt lat="47.920154" lon="11.813917">
    <ele>643.386</ele>
    <time>2026-03-07T12:33:41Z</time>
   </trkpt>
   <trkpt lat="47.920093" lon="11.814132">
    <ele>643.244</ele>
    <time>2026-03-07T12:33:46Z</time>
   </trkpt>
   <trkpt lat="47.919716" lon="11.814588">
    <ele>643.240</ele>
    <time>2026-03-07T12:33:57Z</time>
   </trkpt>
   <trkpt lat="47.919425" lon="11.815650">
    <ele>643.176</ele>
    <time>2026-03-07T12:34:12Z</time>
   </trkpt>
   <trkpt lat="47.919249" lon="11.816555">
    <ele>645.877</ele>
    <time>2026-03-07T12:34:28Z</time>
   </trkpt>
   <trkpt lat="47.919234" lon="11.816640">
    <ele>646.521</ele>
    <time>2026-03-07T12:34:30Z</time>
   </trkpt>
   <trkpt lat="47.919321" lon="11.817154">
    <ele>647.667</ele>
    <time>2026-03-07T12:34:43Z</time>
   </trkpt>
   <trkpt lat="47.919232" lon="11.817270">
    <ele>648.319</ele>
    <time>2026-03-07T12:34:47Z</time>
   </trkpt>
   <trkpt lat="47.918885" lon="11.817483">
    <ele>647.958</ele>
    <time>2026-03-07T12:34:54Z</time>
   </trkpt>
   <trkpt lat="47.918679" lon="11.817655">
    <ele>647.770</ele>
    <time>2026-03-07T12:34:58Z</time>
   </trkpt>
   <trkpt lat="47.918614" lon="11.818097">
    <ele>648.165</ele>
    <time>2026-03-07T12:35:04Z</time>
   </trkpt>
   <trkpt lat="47.918667" lon="11.818240">
    <ele>647.716</ele>
    <time>2026-03-07T12:35:06Z</time>
   </trkpt>
   <trkpt lat="47.918710" lon="11.818523">
    <ele>647.452</ele>
    <time>2026-03-07T12:35:10Z</time>
   </trkpt>
   <trkpt lat="47.918667" lon="11.818723">
    <ele>645.876</ele>
    <time>2026-03-07T12:35:20Z</time>
   </trkpt>
   <trkpt lat="47.918674" lon="11.818731">
    <ele>645.558</ele>
    <time>2026-03-07T12:36:46Z</time>
   </trkpt>
   <trkpt lat="47.918684" lon="11.818806">
    <ele>645.485</ele>
    <time>2026-03-07T12:36:49Z</time>
   </trkpt>
   <trkpt lat="47.918662" lon="11.819179">
    <ele>643.888</ele>
    <time>2026-03-07T12:36:55Z</time>
   </trkpt>
   <trkpt lat="47.918687" lon="11.819363">
    <ele>642.823</ele>
    <time>2026-03-07T12:36:57Z</time>
   </trkpt>
   <trkpt lat="47.918719" lon="11.819866">
    <ele>642.901</ele>
    <time>2026-03-07T12:37:02Z</time>
   </trkpt>
   <trkpt lat="47.918816" lon="11.820447">
    <ele>640.903</ele>
    <time>2026-03-07T12:37:11Z</time>
   </trkpt>
   <trkpt lat="47.919193" lon="11.820819">
    <ele>635.552</ele>
    <time>2026-03-07T12:37:18Z</time>
   </trkpt>
   <trkpt lat="47.919419" lon="11.820911">
    <ele>633.326</ele>
    <time>2026-03-07T12:37:21Z</time>
   </trkpt>
   <trkpt lat="47.919698" lon="11.821376">
    <ele>633.618</ele>
    <time>2026-03-07T12:37:27Z</time>
   </trkpt>
   <trkpt lat="47.919690" lon="11.821463">
    <ele>633.944</ele>
    <time>2026-03-07T12:37:28Z</time>
   </trkpt>
   <trkpt lat="47.919714" lon="11.821850">
    <ele>636.518</ele>
    <time>2026-03-07T12:37:33Z</time>
   </trkpt>
   <trkpt lat="47.919696" lon="11.822399">
    <ele>633.795</ele>
    <time>2026-03-07T12:37:38Z</time>
   </trkpt>
   <trkpt lat="47.919313" lon="11.822941">
    <ele>626.046</ele>
    <time>2026-03-07T12:37:43Z</time>
   </trkpt>
   <trkpt lat="47.919132" lon="11.823025">
    <ele>631.025</ele>
    <time>2026-03-07T12:37:49Z</time>
   </trkpt>
   <trkpt lat="47.919440" lon="11.822993">
    <ele>629.572</ele>
    <time>2026-03-07T12:38:00Z</time>
   </trkpt>
   <trkpt lat="47.919475" lon="11.822987">
    <ele>630.031</ele>
    <time>2026-03-07T12:38:01Z</time>
   </trkpt>
   <trkpt lat="47.919574" lon="11.823090">
    <ele>630.426</ele>
    <time>2026-03-07T12:38:05Z</time>
   </trkpt>
   <trkpt lat="47.919696" lon="11.823264">
    <ele>629.549</ele>
    <time>2026-03-07T12:38:09Z</time>
   </trkpt>
   <trkpt lat="47.919775" lon="11.823318">
    <ele>629.657</ele>
    <time>2026-03-07T12:38:11Z</time>
   </trkpt>
   <trkpt lat="47.919992" lon="11.823397">
    <ele>629.780</ele>
    <time>2026-03-07T12:38:16Z</time>
   </trkpt>
   <trkpt lat="47.920370" lon="11.823817">
    <ele>630.281</ele>
    <time>2026-03-07T12:38:29Z</time>
   </trkpt>
   <trkpt lat="47.920614" lon="11.824193">
    <ele>631.933</ele>
    <time>2026-03-07T12:38:41Z</time>
   </trkpt>
   <trkpt lat="47.920630" lon="11.824228">
    <ele>632.070</ele>
    <time>2026-03-07T12:38:42Z</time>
   </trkpt>
   <trkpt lat="47.920712" lon="11.824626">
    <ele>632.420</ele>
    <time>2026-03-07T12:38:53Z</time>
   </trkpt>
   <trkpt lat="47.920780" lon="11.824716">
    <ele>633.431</ele>
    <time>2026-03-07T12:38:57Z</time>
   </trkpt>
   <trkpt lat="47.920881" lon="11.824830">
    <ele>635.748</ele>
    <time>2026-03-07T12:39:05Z</time>
   </trkpt>
   <trkpt lat="47.921057" lon="11.825091">
    <ele>641.581</ele>
    <time>2026-03-07T12:39:19Z</time>
   </trkpt>
   <trkpt lat="47.921109" lon="11.825193">
    <ele>640.840</ele>
    <time>2026-03-07T12:39:22Z</time>
   </trkpt>
   <trkpt lat="47.921369" lon="11.825579">
    <ele>637.010</ele>
    <time>2026-03-07T12:39:33Z</time>
   </trkpt>
   <trkpt lat="47.921459" lon="11.825648">
    <ele>637.093</ele>
    <time>2026-03-07T12:39:36Z</time>
   </trkpt>
   <trkpt lat="47.921530" lon="11.825684">
    <ele>637.193</ele>
    <time>2026-03-07T12:39:40Z</time>
   </trkpt>
   <trkpt lat="47.921784" lon="11.825599">
    <ele>629.759</ele>
    <time>2026-03-07T12:39:49Z</time>
   </trkpt>
   <trkpt lat="47.921967" lon="11.825776">
    <ele>628.909</ele>
    <time>2026-03-07T12:39:54Z</time>
   </trkpt>
   <trkpt lat="47.922225" lon="11.825918">
    <ele>625.304</ele>
    <time>2026-03-07T12:40:01Z</time>
   </trkpt>
   <trkpt lat="47.922316" lon="11.825896">
    <ele>624.400</ele>
    <time>2026-03-07T12:40:03Z</time>
   </trkpt>
   <trkpt lat="47.922580" lon="11.826206">
    <ele>626.304</ele>
    <time>2026-03-07T12:40:12Z</time>
   </trkpt>
   <trkpt lat="47.922506" lon="11.826709">
    <ele>630.242</ele>
    <time>2026-03-07T12:40:22Z</time>
   </trkpt>
   <trkpt lat="47.922612" lon="11.827242">
    <ele>627.033</ele>
    <time>2026-03-07T12:40:30Z</time>
   </trkpt>
   <trkpt lat="47.922670" lon="11.827769">
    <ele>622.400</ele>
    <time>2026-03-07T12:40:38Z</time>
   </trkpt>
   <trkpt lat="47.922666" lon="11.827789">
    <ele>623.541</ele>
    <time>2026-03-07T12:40:41Z</time>
   </trkpt>
   <trkpt lat="47.922687" lon="11.828015">
    <ele>619.576</ele>
    <time>2026-03-07T12:40:46Z</time>
   </trkpt>
   <trkpt lat="47.922691" lon="11.828187">
    <ele>617.160</ele>
    <time>2026-03-07T12:40:48Z</time>
   </trkpt>
   <trkpt lat="47.922899" lon="11.828502">
    <ele>612.432</ele>
    <time>2026-03-07T12:40:52Z</time>
   </trkpt>
   <trkpt lat="47.922967" lon="11.828688">
    <ele>611.073</ele>
    <time>2026-03-07T12:40:55Z</time>
   </trkpt>
   <trkpt lat="47.922760" lon="11.829198">
    <ele>602.883</ele>
    <time>2026-03-07T12:41:01Z</time>
   </trkpt>
   <trkpt lat="47.922686" lon="11.829461">
    <ele>601.046</ele>
    <time>2026-03-07T12:41:04Z</time>
   </trkpt>
   <trkpt lat="47.922671" lon="11.829802">
    <ele>596.519</ele>
    <time>2026-03-07T12:41:12Z</time>
   </trkpt>
   <trkpt lat="47.922671" lon="11.829804">
    <ele>596.280</ele>
    <time>2026-03-07T12:41:14Z</time>
   </trkpt>
   <trkpt lat="47.922711" lon="11.829884">
    <ele>596.753</ele>
    <time>2026-03-07T12:41:18Z</time>
   </trkpt>
   <trkpt lat="47.922806" lon="11.830672">
    <ele>597.533</ele>
    <time>2026-03-07T12:41:36Z</time>
   </trkpt>
   <trkpt lat="47.922832" lon="11.830807">
    <ele>598.012</ele>
    <time>2026-03-07T12:41:39Z</time>
   </trkpt>
   <trkpt lat="47.922933" lon="11.830953">
    <ele>599.398</ele>
    <time>2026-03-07T12:41:53Z</time>
   </trkpt>
   <trkpt lat="47.922926" lon="11.831085">
    <ele>597.677</ele>
    <time>2026-03-07T12:41:57Z</time>
   </trkpt>
   <trkpt lat="47.923006" lon="11.831463">
    <ele>593.865</ele>
    <time>2026-03-07T12:42:06Z</time>
   </trkpt>
   <trkpt lat="47.923028" lon="11.831491">
    <ele>593.811</ele>
    <time>2026-03-07T12:42:26Z</time>
   </trkpt>
   <trkpt lat="47.923094" lon="11.831656">
    <ele>589.931</ele>
    <time>2026-03-07T12:42:44Z</time>
   </trkpt>
   <trkpt lat="47.923141" lon="11.831743">
    <ele>588.264</ele>
    <time>2026-03-07T12:42:48Z</time>
   </trkpt>
   <trkpt lat="47.923206" lon="11.831893">
    <ele>585.756</ele>
    <time>2026-03-07T12:42:53Z</time>
   </trkpt>
   <trkpt lat="47.923341" lon="11.832008">
    <ele>582.991</ele>
    <time>2026-03-07T12:42:56Z</time>
   </trkpt>
   <trkpt lat="47.923550" lon="11.832306">
    <ele>585.171</ele>
    <time>2026-03-07T12:43:01Z</time>
   </trkpt>
   <trkpt lat="47.923816" lon="11.832351">
    <ele>586.024</ele>
    <time>2026-03-07T12:43:09Z</time>
   </trkpt>
   <trkpt lat="47.924110" lon="11.831964">
    <ele>588.252</ele>
    <time>2026-03-07T12:43:23Z</time>
   </trkpt>
   <trkpt lat="47.924316" lon="11.831878">
    <ele>590.271</ele>
    <time>2026-03-07T12:43:38Z</time>
   </trkpt>
   <trkpt lat="47.924434" lon="11.831830">
    <ele>589.629</ele>
    <time>2026-03-07T12:43:50Z</time>
   </trkpt>
   <trkpt lat="47.924509" lon="11.831778">
    <ele>591.427</ele>
    <time>2026-03-07T12:43:57Z</time>
   </trkpt>
   <trkpt lat="47.924571" lon="11.831766">
    <ele>594.050</ele>
    <time>2026-03-07T12:44:11Z</time>
   </trkpt>
   <trkpt lat="47.924647" lon="11.831697">
    <ele>599.367</ele>
    <time>2026-03-07T12:44:28Z</time>
   </trkpt>
   <trkpt lat="47.924846" lon="11.831659">
    <ele>600.331</ele>
    <time>2026-03-07T12:44:46Z</time>
   </trkpt>
   <trkpt lat="47.925033" lon="11.831637">
    <ele>601.406</ele>
    <time>2026-03-07T12:45:01Z</time>
   </trkpt>
   <trkpt lat="47.925151" lon="11.831632">
    <ele>602.730</ele>
    <time>2026-03-07T12:45:10Z</time>
   </trkpt>
   <trkpt lat="47.925264" lon="11.831617">
    <ele>607.662</ele>
    <time>2026-03-07T12:45:19Z</time>
   </trkpt>
   <trkpt lat="47.925337" lon="11.831548">
    <ele>607.854</ele>
    <time>2026-03-07T12:45:24Z</time>
   </trkpt>
   <trkpt lat="47.925535" lon="11.831319">
    <ele>609.225</ele>
    <time>2026-03-07T12:45:39Z</time>
   </trkpt>
   <trkpt lat="47.925569" lon="11.831292">
    <ele>608.293</ele>
    <time>2026-03-07T12:45:42Z</time>
   </trkpt>
   <trkpt lat="47.925846" lon="11.831061">
    <ele>606.642</ele>
    <time>2026-03-07T12:45:57Z</time>
   </trkpt>
   <trkpt lat="47.926189" lon="11.830842">
    <ele>603.162</ele>
    <time>2026-03-07T12:46:12Z</time>
   </trkpt>
   <trkpt lat="47.926481" lon="11.830436">
    <ele>601.483</ele>
    <time>2026-03-07T12:46:24Z</time>
   </trkpt>
   <trkpt lat="47.926730" lon="11.829933">
    <ele>599.818</ele>
    <time>2026-03-07T12:46:40Z</time>
   </trkpt>
   <trkpt lat="47.926970" lon="11.829665">
    <ele>601.911</ele>
    <time>2026-03-07T12:46:53Z</time>
   </trkpt>
   <trkpt lat="47.927077" lon="11.829274">
    <ele>611.922</ele>
    <time>2026-03-07T12:47:08Z</time>
   </trkpt>
   <trkpt lat="47.927179" lon="11.828862">
    <ele>619.087</ele>
    <time>2026-03-07T12:47:23Z</time>
   </trkpt>
   <trkpt lat="47.927420" lon="11.828584">
    <ele>616.465</ele>
    <time>2026-03-07T12:47:37Z</time>
   </trkpt>
   <trkpt lat="47.927786" lon="11.828195">
    <ele>616.577</ele>
    <time>2026-03-07T12:47:52Z</time>
   </trkpt>
   <trkpt lat="47.928080" lon="11.827732">
    <ele>614.310</ele>
    <time>2026-03-07T12:48:06Z</time>
   </trkpt>
   <trkpt lat="47.928386" lon="11.827470">
    <ele>619.934</ele>
    <time>2026-03-07T12:48:19Z</time>
   </trkpt>
   <trkpt lat="47.928731" lon="11.827189">
    <ele>620.521</ele>
    <time>2026-03-07T12:48:31Z</time>
   </trkpt>
   <trkpt lat="47.928872" lon="11.827075">
    <ele>619.068</ele>
    <time>2026-03-07T12:48:36Z</time>
   </trkpt>
   <trkpt lat="47.929096" lon="11.827115">
    <ele>618.332</ele>
    <time>2026-03-07T12:48:41Z</time>
   </trkpt>
   <trkpt lat="47.929233" lon="11.827207">
    <ele>617.982</ele>
    <time>2026-03-07T12:48:44Z</time>
   </trkpt>
   <trkpt lat="47.929319" lon="11.827361">
    <ele>618.627</ele>
    <time>2026-03-07T12:48:48Z</time>
   </trkpt>
   <trkpt lat="47.929354" lon="11.827437">
    <ele>619.976</ele>
    <time>2026-03-07T12:48:52Z</time>
   </trkpt>
   <trkpt lat="47.929337" lon="11.827514">
    <ele>619.793</ele>
    <time>2026-03-07T12:48:56Z</time>
   </trkpt>
   <trkpt lat="47.929295" lon="11.827644">
    <ele>618.537</ele>
    <time>2026-03-07T12:49:00Z</time>
   </trkpt>
   <trkpt lat="47.929335" lon="11.828009">
    <ele>617.845</ele>
    <time>2026-03-07T12:49:05Z</time>
   </trkpt>
   <trkpt lat="47.929465" lon="11.828306">
    <ele>616.281</ele>
    <time>2026-03-07T12:49:10Z</time>
   </trkpt>
   <trkpt lat="47.929511" lon="11.828856">
    <ele>616.146</ele>
    <time>2026-03-07T12:49:20Z</time>
   </trkpt>
   <trkpt lat="47.929338" lon="11.829233">
    <ele>616.558</ele>
    <time>2026-03-07T12:49:32Z</time>
   </trkpt>
   <trkpt lat="47.929024" lon="11.829328">
    <ele>620.994</ele>
    <time>2026-03-07T12:49:42Z</time>
   </trkpt>
   <trkpt lat="47.928699" lon="11.829390">
    <ele>627.532</ele>
    <time>2026-03-07T12:49:56Z</time>
   </trkpt>
   <trkpt lat="47.928692" lon="11.829525">
    <ele>625.873</ele>
    <time>2026-03-07T12:50:00Z</time>
   </trkpt>
   <trkpt lat="47.928724" lon="11.829665">
    <ele>624.066</ele>
    <time>2026-03-07T12:50:03Z</time>
   </trkpt>
   <trkpt lat="47.928767" lon="11.830027">
    <ele>620.981</ele>
    <time>2026-03-07T12:50:09Z</time>
   </trkpt>
   <trkpt lat="47.928790" lon="11.830105">
    <ele>620.130</ele>
    <time>2026-03-07T12:50:20Z</time>
   </trkpt>
   <trkpt lat="47.928795" lon="11.830237">
    <ele>620.279</ele>
    <time>2026-03-07T12:50:24Z</time>
   </trkpt>
   <trkpt lat="47.928796" lon="11.830752">
    <ele>617.733</ele>
    <time>2026-03-07T12:50:34Z</time>
   </trkpt>
   <trkpt lat="47.928535" lon="11.831643">
    <ele>614.154</ele>
    <time>2026-03-07T12:50:45Z</time>
   </trkpt>
   <trkpt lat="47.928389" lon="11.832172">
    <ele>612.932</ele>
    <time>2026-03-07T12:50:50Z</time>
   </trkpt>
   <trkpt lat="47.928126" lon="11.832523">
    <ele>611.015</ele>
    <time>2026-03-07T12:50:54Z</time>
   </trkpt>
   <trkpt lat="47.927964" lon="11.832723">
    <ele>608.917</ele>
    <time>2026-03-07T12:51:00Z</time>
   </trkpt>
   <trkpt lat="47.927960" lon="11.832730">
    <ele>609.513</ele>
    <time>2026-03-07T12:51:02Z</time>
   </trkpt>
   <trkpt lat="47.927998" lon="11.832917">
    <ele>607.930</ele>
    <time>2026-03-07T12:51:07Z</time>
   </trkpt>
   <trkpt lat="47.928084" lon="11.833111">
    <ele>608.322</ele>
    <time>2026-03-07T12:51:10Z</time>
   </trkpt>
   <trkpt lat="47.928224" lon="11.833434">
    <ele>607.406</ele>
    <time>2026-03-07T12:51:16Z</time>
   </trkpt>
   <trkpt lat="47.927926" lon="11.833793">
    <ele>604.447</ele>
    <time>2026-03-07T12:51:25Z</time>
   </trkpt>
   <trkpt lat="47.927796" lon="11.833931">
    <ele>602.997</ele>
    <time>2026-03-07T12:51:27Z</time>
   </trkpt>
   <trkpt lat="47.927560" lon="11.834217">
    <ele>599.801</ele>
    <time>2026-03-07T12:51:31Z</time>
   </trkpt>
   <trkpt lat="47.927186" lon="11.834347">
    <ele>599.409</ele>
    <time>2026-03-07T12:51:39Z</time>
   </trkpt>
   <trkpt lat="47.927176" lon="11.834346">
    <ele>600.125</ele>
    <time>2026-03-07T12:51:42Z</time>
   </trkpt>
   <trkpt lat="47.927175" lon="11.834358">
    <ele>600.336</ele>
    <time>2026-03-07T12:51:44Z</time>
   </trkpt>
   <trkpt lat="47.927268" lon="11.834348">
    <ele>600.300</ele>
    <time>2026-03-07T12:51:56Z</time>
   </trkpt>
   <trkpt lat="47.927513" lon="11.834350">
    <ele>603.522</ele>
    <time>2026-03-07T12:52:07Z</time>
   </trkpt>
   <trkpt lat="47.927721" lon="11.834653">
    <ele>604.103</ele>
    <time>2026-03-07T12:52:18Z</time>
   </trkpt>
   <trkpt lat="47.927756" lon="11.835143">
    <ele>605.066</ele>
    <time>2026-03-07T12:52:33Z</time>
   </trkpt>
   <trkpt lat="47.927750" lon="11.835229">
    <ele>605.250</ele>
    <time>2026-03-07T12:52:36Z</time>
   </trkpt>
   <trkpt lat="47.927691" lon="11.835457">
    <ele>606.392</ele>
    <time>2026-03-07T12:52:42Z</time>
   </trkpt>
   <trkpt lat="47.927568" lon="11.836071">
    <ele>604.457</ele>
    <time>2026-03-07T12:52:58Z</time>
   </trkpt>
   <trkpt lat="47.927561" lon="11.836927">
    <ele>600.965</ele>
    <time>2026-03-07T12:53:12Z</time>
   </trkpt>
   <trkpt lat="47.927751" lon="11.838190">
    <ele>592.747</ele>
    <time>2026-03-07T12:53:22Z</time>
   </trkpt>
   <trkpt lat="47.927783" lon="11.838484">
    <ele>592.315</ele>
    <time>2026-03-07T12:53:24Z</time>
   </trkpt>
   <trkpt lat="47.927735" lon="11.840091">
    <ele>594.342</ele>
    <time>2026-03-07T12:53:36Z</time>
   </trkpt>
   <trkpt lat="47.927734" lon="11.840193">
    <ele>594.448</ele>
    <time>2026-03-07T12:53:37Z</time>
   </trkpt>
   <trkpt lat="47.927651" lon="11.840745">
    <ele>595.412</ele>
    <time>2026-03-07T12:53:41Z</time>
   </trkpt>
   <trkpt lat="47.927545" lon="11.841096">
    <ele>594.819</ele>
    <time>2026-03-07T12:53:44Z</time>
   </trkpt>
   <trkpt lat="47.927557" lon="11.841614">
    <ele>591.342</ele>
    <time>2026-03-07T12:53:50Z</time>
   </trkpt>
   <trkpt lat="47.927832" lon="11.842314">
    <ele>581.956</ele>
    <time>2026-03-07T12:53:56Z</time>
   </trkpt>
   <trkpt lat="47.927989" lon="11.843317">
    <ele>576.648</ele>
    <time>2026-03-07T12:54:02Z</time>
   </trkpt>
   <trkpt lat="47.928232" lon="11.844232">
    <ele>573.214</ele>
    <time>2026-03-07T12:54:07Z</time>
   </trkpt>
   <trkpt lat="47.928216" lon="11.844588">
    <ele>571.239</ele>
    <time>2026-03-07T12:54:11Z</time>
   </trkpt>
   <trkpt lat="47.928064" lon="11.844838">
    <ele>570.516</ele>
    <time>2026-03-07T12:54:15Z</time>
   </trkpt>
   <trkpt lat="47.926960" lon="11.845471">
    <ele>571.336</ele>
    <time>2026-03-07T12:54:34Z</time>
   </trkpt>
   <trkpt lat="47.926557" lon="11.845523">
    <ele>569.949</ele>
    <time>2026-03-07T12:54:43Z</time>
   </trkpt>
   <trkpt lat="47.926628" lon="11.845811">
    <ele>572.494</ele>
    <time>2026-03-07T12:54:50Z</time>
   </trkpt>
   <trkpt lat="47.926857" lon="11.845947">
    <ele>572.850</ele>
    <time>2026-03-07T12:54:55Z</time>
   </trkpt>
   <trkpt lat="47.927295" lon="11.846251">
    <ele>573.210</ele>
    <time>2026-03-07T12:55:05Z</time>
   </trkpt>
   <trkpt lat="47.927753" lon="11.847023">
    <ele>577.283</ele>
    <time>2026-03-07T12:55:23Z</time>
   </trkpt>
   <trkpt lat="47.927787" lon="11.847480">
    <ele>578.773</ele>
    <time>2026-03-07T12:55:35Z</time>
   </trkpt>
   <trkpt lat="47.927879" lon="11.847943">
    <ele>582.269</ele>
    <time>2026-03-07T12:55:50Z</time>
   </trkpt>
   <trkpt lat="47.927956" lon="11.848491">
    <ele>584.533</ele>
    <time>2026-03-07T12:56:08Z</time>
   </trkpt>
   <trkpt lat="47.927979" lon="11.848842">
    <ele>584.875</ele>
    <time>2026-03-07T12:56:20Z</time>
   </trkpt>
   <trkpt lat="47.927933" lon="11.848930">
    <ele>584.157</ele>
    <time>2026-03-07T12:56:30Z</time>
   </trkpt>
   <trkpt lat="47.927943" lon="11.848907">
    <ele>584.527</ele>
    <time>2026-03-07T12:57:45Z</time>
   </trkpt>
   <trkpt lat="47.927969" lon="11.848763">
    <ele>584.970</ele>
    <time>2026-03-07T12:57:50Z</time>
   </trkpt>
   <trkpt lat="47.927953" lon="11.848589">
    <ele>584.862</ele>
    <time>2026-03-07T12:57:53Z</time>
   </trkpt>
   <trkpt lat="47.927782" lon="11.847482">
    <ele>579.974</ele>
    <time>2026-03-07T12:58:06Z</time>
   </trkpt>
   <trkpt lat="47.927752" lon="11.847201">
    <ele>577.781</ele>
    <time>2026-03-07T12:58:10Z</time>
   </trkpt>
   <trkpt lat="47.927866" lon="11.847216">
    <ele>576.203</ele>
    <time>2026-03-07T12:58:16Z</time>
   </trkpt>
   <trkpt lat="47.927930" lon="11.847312">
    <ele>575.866</ele>
    <time>2026-03-07T12:58:18Z</time>
   </trkpt>
   <trkpt lat="47.928278" lon="11.847664">
    <ele>576.216</ele>
    <time>2026-03-07T12:58:27Z</time>
   </trkpt>
   <trkpt lat="47.928496" lon="11.848018">
    <ele>576.223</ele>
    <time>2026-03-07T12:58:33Z</time>
   </trkpt>
   <trkpt lat="47.928660" lon="11.848511">
    <ele>576.209</ele>
    <time>2026-03-07T12:58:40Z</time>
   </trkpt>
   <trkpt lat="47.928822" lon="11.849101">
    <ele>580.629</ele>
    <time>2026-03-07T12:58:52Z</time>
   </trkpt>
   <trkpt lat="47.928992" lon="11.849642">
    <ele>586.111</ele>
    <time>2026-03-07T12:59:04Z</time>
   </trkpt>
   <trkpt lat="47.929214" lon="11.850168">
    <ele>588.312</ele>
    <time>2026-03-07T12:59:16Z</time>
   </trkpt>
   <trkpt lat="47.929638" lon="11.850474">
    <ele>589.086</ele>
    <time>2026-03-07T12:59:26Z</time>
   </trkpt>
   <trkpt lat="47.929872" lon="11.850850">
    <ele>589.622</ele>
    <time>2026-03-07T12:59:37Z</time>
   </trkpt>
   <trkpt lat="47.929975" lon="11.851367">
    <ele>592.394</ele>
    <time>2026-03-07T12:59:48Z</time>
   </trkpt>
   <trkpt lat="47.930076" lon="11.851678">
    <ele>596.914</ele>
    <time>2026-03-07T12:59:55Z</time>
   </trkpt>
   <trkpt lat="47.930140" lon="11.852112">
    <ele>606.352</ele>
    <time>2026-03-07T13:00:05Z</time>
   </trkpt>
   <trkpt lat="47.930337" lon="11.852777">
    <ele>615.283</ele>
    <time>2026-03-07T13:00:18Z</time>
   </trkpt>
   <trkpt lat="47.930378" lon="11.852922">
    <ele>616.820</ele>
    <time>2026-03-07T13:00:21Z</time>
   </trkpt>
   <trkpt lat="47.930518" lon="11.853458">
    <ele>620.552</ele>
    <time>2026-03-07T13:00:30Z</time>
   </trkpt>
   <trkpt lat="47.930640" lon="11.854247">
    <ele>614.358</ele>
    <time>2026-03-07T13:00:41Z</time>
   </trkpt>
   <trkpt lat="47.930711" lon="11.854525">
    <ele>610.747</ele>
    <time>2026-03-07T13:00:47Z</time>
   </trkpt>
   <trkpt lat="47.930826" lon="11.854713">
    <ele>610.084</ele>
    <time>2026-03-07T13:00:55Z</time>
   </trkpt>
   <trkpt lat="47.930954" lon="11.854936">
    <ele>609.509</ele>
    <time>2026-03-07T13:01:03Z</time>
   </trkpt>
   <trkpt lat="47.930981" lon="11.855079">
    <ele>611.408</ele>
    <time>2026-03-07T13:01:08Z</time>
   </trkpt>
   <trkpt lat="47.931021" lon="11.855279">
    <ele>610.959</ele>
    <time>2026-03-07T13:01:13Z</time>
   </trkpt>
   <trkpt lat="47.931021" lon="11.855435">
    <ele>611.517</ele>
    <time>2026-03-07T13:01:18Z</time>
   </trkpt>
   <trkpt lat="47.931022" lon="11.855509">
    <ele>611.326</ele>
    <time>2026-03-07T13:01:21Z</time>
   </trkpt>
   <trkpt lat="47.931069" lon="11.855726">
    <ele>610.661</ele>
    <time>2026-03-07T13:01:29Z</time>
   </trkpt>
   <trkpt lat="47.931128" lon="11.856096">
    <ele>610.188</ele>
    <time>2026-03-07T13:01:40Z</time>
   </trkpt>
   <trkpt lat="47.931184" lon="11.856529">
    <ele>617.148</ele>
    <time>2026-03-07T13:01:50Z</time>
   </trkpt>
   <trkpt lat="47.931345" lon="11.857124">
    <ele>627.190</ele>
    <time>2026-03-07T13:02:04Z</time>
   </trkpt>
   <trkpt lat="47.931425" lon="11.857718">
    <ele>615.259</ele>
    <time>2026-03-07T13:02:19Z</time>
   </trkpt>
   <trkpt lat="47.931500" lon="11.858048">
    <ele>610.313</ele>
    <time>2026-03-07T13:02:30Z</time>
   </trkpt>
   <trkpt lat="47.931526" lon="11.858032">
    <ele>607.483</ele>
    <time>2026-03-07T13:02:34Z</time>
   </trkpt>
   <trkpt lat="47.931568" lon="11.857765">
    <ele>603.108</ele>
    <time>2026-03-07T13:02:51Z</time>
   </trkpt>
   <trkpt lat="47.931630" lon="11.857428">
    <ele>606.063</ele>
    <time>2026-03-07T13:03:06Z</time>
   </trkpt>
   <trkpt lat="47.931632" lon="11.857410">
    <ele>606.094</ele>
    <time>2026-03-07T13:03:07Z</time>
   </trkpt>
   <trkpt lat="47.931700" lon="11.857102">
    <ele>611.576</ele>
    <time>2026-03-07T13:03:24Z</time>
   </trkpt>
   <trkpt lat="47.931698" lon="11.857011">
    <ele>611.243</ele>
    <time>2026-03-07T13:03:30Z</time>
   </trkpt>
   <trkpt lat="47.931654" lon="11.856720">
    <ele>610.240</ele>
    <time>2026-03-07T13:03:53Z</time>
   </trkpt>
   <trkpt lat="47.931704" lon="11.856532">
    <ele>611.173</ele>
    <time>2026-03-07T13:04:07Z</time>
   </trkpt>
   <trkpt lat="47.931734" lon="11.856447">
    <ele>611.653</ele>
    <time>2026-03-07T13:04:12Z</time>
   </trkpt>
   <trkpt lat="47.931780" lon="11.856367">
    <ele>610.783</ele>
    <time>2026-03-07T13:04:17Z</time>
   </trkpt>
   <trkpt lat="47.931877" lon="11.856276">
    <ele>615.108</ele>
    <time>2026-03-07T13:04:28Z</time>
   </trkpt>
   <trkpt lat="47.931915" lon="11.856292">
    <ele>615.446</ele>
    <time>2026-03-07T13:04:31Z</time>
   </trkpt>
   <trkpt lat="47.932026" lon="11.856337">
    <ele>618.982</ele>
    <time>2026-03-07T13:04:40Z</time>
   </trkpt>
   <trkpt lat="47.932053" lon="11.856339">
    <ele>618.881</ele>
    <time>2026-03-07T13:04:42Z</time>
   </trkpt>
   <trkpt lat="47.932113" lon="11.856346">
    <ele>622.206</ele>
    <time>2026-03-07T13:04:47Z</time>
   </trkpt>
   <trkpt lat="47.932290" lon="11.856211">
    <ele>623.880</ele>
    <time>2026-03-07T13:05:02Z</time>
   </trkpt>
   <trkpt lat="47.932309" lon="11.856195">
    <ele>624.848</ele>
    <time>2026-03-07T13:05:04Z</time>
   </trkpt>
   <trkpt lat="47.932492" lon="11.856077">
    <ele>626.519</ele>
    <time>2026-03-07T13:05:21Z</time>
   </trkpt>
   <trkpt lat="47.932632" lon="11.856099">
    <ele>622.486</ele>
    <time>2026-03-07T13:05:29Z</time>
   </trkpt>
   <trkpt lat="47.932750" lon="11.856216">
    <ele>619.481</ele>
    <time>2026-03-07T13:05:36Z</time>
   </trkpt>
   <trkpt lat="47.932987" lon="11.856563">
    <ele>623.728</ele>
    <time>2026-03-07T13:05:48Z</time>
   </trkpt>
   <trkpt lat="47.933248" lon="11.856922">
    <ele>630.025</ele>
    <time>2026-03-07T13:06:00Z</time>
   </trkpt>
   <trkpt lat="47.933355" lon="11.857057">
    <ele>629.948</ele>
    <time>2026-03-07T13:06:03Z</time>
   </trkpt>
   <trkpt lat="47.933689" lon="11.857414">
    <ele>625.854</ele>
    <time>2026-03-07T13:06:12Z</time>
   </trkpt>
   <trkpt lat="47.933830" lon="11.857598">
    <ele>625.238</ele>
    <time>2026-03-07T13:06:16Z</time>
   </trkpt>
   <trkpt lat="47.934181" lon="11.858412">
    <ele>624.591</ele>
    <time>2026-03-07T13:06:32Z</time>
   </trkpt>
   <trkpt lat="47.934306" lon="11.859319">
    <ele>620.445</ele>
    <time>2026-03-07T13:06:48Z</time>
   </trkpt>
   <trkpt lat="47.934513" lon="11.860082">
    <ele>620.241</ele>
    <time>2026-03-07T13:07:05Z</time>
   </trkpt>
   <trkpt lat="47.934744" lon="11.860820">
    <ele>621.158</ele>
    <time>2026-03-07T13:07:25Z</time>
   </trkpt>
   <trkpt lat="47.934973" lon="11.860929">
    <ele>621.658</ele>
    <time>2026-03-07T13:07:35Z</time>
   </trkpt>
   <trkpt lat="47.935173" lon="11.861212">
    <ele>624.405</ele>
    <time>2026-03-07T13:07:48Z</time>
   </trkpt>
   <trkpt lat="47.935296" lon="11.861492">
    <ele>626.159</ele>
    <time>2026-03-07T13:07:56Z</time>
   </trkpt>
   <trkpt lat="47.935255" lon="11.861992">
    <ele>629.406</ele>
    <time>2026-03-07T13:08:07Z</time>
   </trkpt>
   <trkpt lat="47.935272" lon="11.862238">
    <ele>629.978</ele>
    <time>2026-03-07T13:08:11Z</time>
   </trkpt>
   <trkpt lat="47.935313" lon="11.862707">
    <ele>628.995</ele>
    <time>2026-03-07T13:08:24Z</time>
   </trkpt>
   <trkpt lat="47.935235" lon="11.863040">
    <ele>628.286</ele>
    <time>2026-03-07T13:09:37Z</time>
   </trkpt>
   <trkpt lat="47.935383" lon="11.863643">
    <ele>623.368</ele>
    <time>2026-03-07T13:09:45Z</time>
   </trkpt>
   <trkpt lat="47.935527" lon="11.863756">
    <ele>621.099</ele>
    <time>2026-03-07T13:09:47Z</time>
   </trkpt>
   <trkpt lat="47.936688" lon="11.864495">
    <ele>603.202</ele>
    <time>2026-03-07T13:09:58Z</time>
   </trkpt>
   <trkpt lat="47.938280" lon="11.865296">
    <ele>586.555</ele>
    <time>2026-03-07T13:10:10Z</time>
   </trkpt>
   <trkpt lat="47.938896" lon="11.865322">
    <ele>581.697</ele>
    <time>2026-03-07T13:10:18Z</time>
   </trkpt>
   <trkpt lat="47.939030" lon="11.865071">
    <ele>579.967</ele>
    <time>2026-03-07T13:10:22Z</time>
   </trkpt>
   <trkpt lat="47.939294" lon="11.864356">
    <ele>574.365</ele>
    <time>2026-03-07T13:10:29Z</time>
   </trkpt>
   <trkpt lat="47.939419" lon="11.864090">
    <ele>573.332</ele>
    <time>2026-03-07T13:10:31Z</time>
   </trkpt>
   <trkpt lat="47.940182" lon="11.863350">
    <ele>565.600</ele>
    <time>2026-03-07T13:10:39Z</time>
   </trkpt>
   <trkpt lat="47.940271" lon="11.863348">
    <ele>565.418</ele>
    <time>2026-03-07T13:10:40Z</time>
   </trkpt>
   <trkpt lat="47.940509" lon="11.863071">
    <ele>564.418</ele>
    <time>2026-03-07T13:10:45Z</time>
   </trkpt>
   <trkpt lat="47.940644" lon="11.862690">
    <ele>563.182</ele>
    <time>2026-03-07T13:10:49Z</time>
   </trkpt>
   <trkpt lat="47.940812" lon="11.862404">
    <ele>561.967</ele>
    <time>2026-03-07T13:10:53Z</time>
   </trkpt>
   <trkpt lat="47.940857" lon="11.862222">
    <ele>561.719</ele>
    <time>2026-03-07T13:10:55Z</time>
   </trkpt>
   <trkpt lat="47.940941" lon="11.861948">
    <ele>561.632</ele>
    <time>2026-03-07T13:10:58Z</time>
   </trkpt>
   <trkpt lat="47.940980" lon="11.861752">
    <ele>561.480</ele>
    <time>2026-03-07T13:11:00Z</time>
   </trkpt>
   <trkpt lat="47.940993" lon="11.860921">
    <ele>560.312</ele>
    <time>2026-03-07T13:11:08Z</time>
   </trkpt>
   <trkpt lat="47.940950" lon="11.860322">
    <ele>558.447</ele>
    <time>2026-03-07T13:11:14Z</time>
   </trkpt>
   <trkpt lat="47.940875" lon="11.859854">
    <ele>558.370</ele>
    <time>2026-03-07T13:11:19Z</time>
   </trkpt>
   <trkpt lat="47.940668" lon="11.859178">
    <ele>560.664</ele>
    <time>2026-03-07T13:11:27Z</time>
   </trkpt>
   <trkpt lat="47.940732" lon="11.858973">
    <ele>561.270</ele>
    <time>2026-03-07T13:11:31Z</time>
   </trkpt>
   <trkpt lat="47.941158" lon="11.858909">
    <ele>563.511</ele>
    <time>2026-03-07T13:11:45Z</time>
   </trkpt>
   <trkpt lat="47.941483" lon="11.858889">
    <ele>567.434</ele>
    <time>2026-03-07T13:12:03Z</time>
   </trkpt>
   <trkpt lat="47.941619" lon="11.858892">
    <ele>568.888</ele>
    <time>2026-03-07T13:12:11Z</time>
   </trkpt>
   <trkpt lat="47.941942" lon="11.858911">
    <ele>571.708</ele>
    <time>2026-03-07T13:12:30Z</time>
   </trkpt>
   <trkpt lat="47.942482" lon="11.859055">
    <ele>576.342</ele>
    <time>2026-03-07T13:12:59Z</time>
   </trkpt>
   <trkpt lat="47.942800" lon="11.859114">
    <ele>578.713</ele>
    <time>2026-03-07T13:13:16Z</time>
   </trkpt>
   <trkpt lat="47.943115" lon="11.859154">
    <ele>578.570</ele>
    <time>2026-03-07T13:13:31Z</time>
   </trkpt>
   <trkpt lat="47.943481" lon="11.859299">
    <ele>578.970</ele>
    <time>2026-03-07T13:13:43Z</time>
   </trkpt>
   <trkpt lat="47.944003" lon="11.859263">
    <ele>577.712</ele>
    <time>2026-03-07T13:13:58Z</time>
   </trkpt>
   <trkpt lat="47.943991" lon="11.859336">
    <ele>576.960</ele>
    <time>2026-03-07T13:14:06Z</time>
   </trkpt>
   <trkpt lat="47.944303" lon="11.859455">
    <ele>573.513</ele>
    <time>2026-03-07T13:14:17Z</time>
   </trkpt>
   <trkpt lat="47.944508" lon="11.859430">
    <ele>571.833</ele>
    <time>2026-03-07T13:14:21Z</time>
   </trkpt>
   <trkpt lat="47.945358" lon="11.858904">
    <ele>565.805</ele>
    <time>2026-03-07T13:14:34Z</time>
   </trkpt>
   <trkpt lat="47.946135" lon="11.858495">
    <ele>561.705</ele>
    <time>2026-03-07T13:14:44Z</time>
   </trkpt>
   <trkpt lat="47.946554" lon="11.858114">
    <ele>559.714</ele>
    <time>2026-03-07T13:14:50Z</time>
   </trkpt>
   <trkpt lat="47.946861" lon="11.857569">
    <ele>556.529</ele>
    <time>2026-03-07T13:14:56Z</time>
   </trkpt>
   <trkpt lat="47.947011" lon="11.857228">
    <ele>554.019</ele>
    <time>2026-03-07T13:15:00Z</time>
   </trkpt>
   <trkpt lat="47.947230" lon="11.856897">
    <ele>550.503</ele>
    <time>2026-03-07T13:15:07Z</time>
   </trkpt>
   <trkpt lat="47.947733" lon="11.856695">
    <ele>549.993</ele>
    <time>2026-03-07T13:15:21Z</time>
   </trkpt>
   <trkpt lat="47.947815" lon="11.856685">
    <ele>550.218</ele>
    <time>2026-03-07T13:15:55Z</time>
   </trkpt>
   <trkpt lat="47.947925" lon="11.856618">
    <ele>550.499</ele>
    <time>2026-03-07T13:16:08Z</time>
   </trkpt>
   <trkpt lat="47.948178" lon="11.856569">
    <ele>551.300</ele>
    <time>2026-03-07T13:16:21Z</time>
   </trkpt>
   <trkpt lat="47.948293" lon="11.856592">
    <ele>552.117</ele>
    <time>2026-03-07T13:16:28Z</time>
   </trkpt>
   <trkpt lat="47.948348" lon="11.856587">
    <ele>553.087</ele>
    <time>2026-03-07T13:16:32Z</time>
   </trkpt>
   <trkpt lat="47.948508" lon="11.856518">
    <ele>554.200</ele>
    <time>2026-03-07T13:16:45Z</time>
   </trkpt>
   <trkpt lat="47.948551" lon="11.856501">
    <ele>549.667</ele>
    <time>2026-03-07T13:16:48Z</time>
   </trkpt>
   <trkpt lat="47.948668" lon="11.856512">
    <ele>556.300</ele>
    <time>2026-03-07T13:17:02Z</time>
   </trkpt>
   <trkpt lat="47.948615" lon="11.856593">
    <ele>559.721</ele>
    <time>2026-03-07T13:17:43Z</time>
   </trkpt>
   <trkpt lat="47.948501" lon="11.856510">
    <ele>559.404</ele>
    <time>2026-03-07T13:17:50Z</time>
   </trkpt>
   <trkpt lat="47.948330" lon="11.856320">
    <ele>557.370</ele>
    <time>2026-03-07T13:18:00Z</time>
   </trkpt>
   <trkpt lat="47.948312" lon="11.856313">
    <ele>556.666</ele>
    <time>2026-03-07T13:18:06Z</time>
   </trkpt>
   <trkpt lat="47.948262" lon="11.856228">
    <ele>558.032</ele>
    <time>2026-03-07T13:18:18Z</time>
   </trkpt>
   <trkpt lat="47.948235" lon="11.856052">
    <ele>555.418</ele>
    <time>2026-03-07T13:19:22Z</time>
   </trkpt>
   <trkpt lat="47.948209" lon="11.855945">
    <ele>553.130</ele>
    <time>2026-03-07T13:19:37Z</time>
   </trkpt>
   <trkpt lat="47.948223" lon="11.856000">
    <ele>553.310</ele>
    <time>2026-03-07T13:20:11Z</time>
   </trkpt>
   <trkpt lat="47.948236" lon="11.856070">
    <ele>552.877</ele>
    <time>2026-03-07T13:20:15Z</time>
   </trkpt>
   <trkpt lat="47.948310" lon="11.856244">
    <ele>550.934</ele>
    <time>2026-03-07T13:20:33Z</time>
   </trkpt>
   <trkpt lat="47.948324" lon="11.856275">
    <ele>551.170</ele>
    <time>2026-03-07T13:20:36Z</time>
   </trkpt>
   <trkpt lat="47.948381" lon="11.856316">
    <ele>550.902</ele>
    <time>2026-03-07T13:20:41Z</time>
   </trkpt>
   <trkpt lat="47.948403" lon="11.856358">
    <ele>550.936</ele>
    <time>2026-03-07T13:20:44Z</time>
   </trkpt>
   <trkpt lat="47.948435" lon="11.856382">
    <ele>550.873</ele>
    <time>2026-03-07T13:20:47Z</time>
   </trkpt>
   <trkpt lat="47.948478" lon="11.856422">
    <ele>551.394</ele>
    <time>2026-03-07T13:20:51Z</time>
   </trkpt>
   <trkpt lat="47.948542" lon="11.856434">
    <ele>555.747</ele>
    <time>2026-03-07T13:21:01Z</time>
   </trkpt>
   <trkpt lat="47.948584" lon="11.856482">
    <ele>559.345</ele>
    <time>2026-03-07T13:21:07Z</time>
   </trkpt>
   <trkpt lat="47.948628" lon="11.856491">
    <ele>562.208</ele>
    <time>2026-03-07T13:21:11Z</time>
   </trkpt>
   <trkpt lat="47.948650" lon="11.856498">
    <ele>564.733</ele>
    <time>2026-03-07T13:21:14Z</time>
   </trkpt>
   <trkpt lat="47.948737" lon="11.856486">
    <ele>568.603</ele>
    <time>2026-03-07T13:21:24Z</time>
   </trkpt>
   <trkpt lat="47.948705" lon="11.856410">
    <ele>574.346</ele>
    <time>2026-03-07T13:21:33Z</time>
   </trkpt>
   <trkpt lat="47.948558" lon="11.856194">
    <ele>581.366</ele>
    <time>2026-03-07T13:21:48Z</time>
   </trkpt>
   <trkpt lat="47.948493" lon="11.856029">
    <ele>586.716</ele>
    <time>2026-03-07T13:21:59Z</time>
   </trkpt>
   <trkpt lat="47.948478" lon="11.856010">
    <ele>587.783</ele>
    <time>2026-03-07T13:22:01Z</time>
   </trkpt>
   <trkpt lat="47.948474" lon="11.855974">
    <ele>587.800</ele>
    <time>2026-03-07T13:22:03Z</time>
   </trkpt>
   <trkpt lat="47.948444" lon="11.855865">
    <ele>592.855</ele>
    <time>2026-03-07T13:22:10Z</time>
   </trkpt>
   <trkpt lat="47.948400" lon="11.855754">
    <ele>595.803</ele>
    <time>2026-03-07T13:22:16Z</time>
   </trkpt>
   <trkpt lat="47.948338" lon="11.855616">
    <ele>594.498</ele>
    <time>2026-03-07T13:22:23Z</time>
   </trkpt>
   <trkpt lat="47.948116" lon="11.855245">
    <ele>589.832</ele>
    <time>2026-03-07T13:22:37Z</time>
   </trkpt>
   <trkpt lat="47.947901" lon="11.854778">
    <ele>584.358</ele>
    <time>2026-03-07T13:22:47Z</time>
   </trkpt>
   <trkpt lat="47.947764" lon="11.854147">
    <ele>576.008</ele>
    <time>2026-03-07T13:22:55Z</time>
   </trkpt>
   <trkpt lat="47.947681" lon="11.853795">
    <ele>575.338</ele>
    <time>2026-03-07T13:23:01Z</time>
   </trkpt>
   <trkpt lat="47.947664" lon="11.853527">
    <ele>575.458</ele>
    <time>2026-03-07T13:23:05Z</time>
   </trkpt>
   <trkpt lat="47.947614" lon="11.853041">
    <ele>576.292</ele>
    <time>2026-03-07T13:23:11Z</time>
   </trkpt>
   <trkpt lat="47.947578" lon="11.852405">
    <ele>577.547</ele>
    <time>2026-03-07T13:23:22Z</time>
   </trkpt>
   <trkpt lat="47.947538" lon="11.851925">
    <ele>575.271</ele>
    <time>2026-03-07T13:23:36Z</time>
   </trkpt>
   <trkpt lat="47.947541" lon="11.851885">
    <ele>574.832</ele>
    <time>2026-03-07T13:23:38Z</time>
   </trkpt>
   <trkpt lat="47.947535" lon="11.851613">
    <ele>572.634</ele>
    <time>2026-03-07T13:23:51Z</time>
   </trkpt>
   <trkpt lat="47.947534" lon="11.851252">
    <ele>576.100</ele>
    <time>2026-03-07T13:24:06Z</time>
   </trkpt>
   <trkpt lat="47.947538" lon="11.851228">
    <ele>576.260</ele>
    <time>2026-03-07T13:24:08Z</time>
   </trkpt>
   <trkpt lat="47.947554" lon="11.851192">
    <ele>576.973</ele>
    <time>2026-03-07T13:24:10Z</time>
   </trkpt>
   <trkpt lat="47.947637" lon="11.850937">
    <ele>582.335</ele>
    <time>2026-03-07T13:24:23Z</time>
   </trkpt>
   <trkpt lat="47.947845" lon="11.850856">
    <ele>583.192</ele>
    <time>2026-03-07T13:24:34Z</time>
   </trkpt>
   <trkpt lat="47.948095" lon="11.850926">
    <ele>584.629</ele>
    <time>2026-03-07T13:24:47Z</time>
   </trkpt>
   <trkpt lat="47.948132" lon="11.850905">
    <ele>586.430</ele>
    <time>2026-03-07T13:25:02Z</time>
   </trkpt>
   <trkpt lat="47.948127" lon="11.850839">
    <ele>586.923</ele>
    <time>2026-03-07T13:25:04Z</time>
   </trkpt>
   <trkpt lat="47.948331" lon="11.850676">
    <ele>586.660</ele>
    <time>2026-03-07T13:25:14Z</time>
   </trkpt>
   <trkpt lat="47.948454" lon="11.850551">
    <ele>585.818</ele>
    <time>2026-03-07T13:25:20Z</time>
   </trkpt>
   <trkpt lat="47.948664" lon="11.850606">
    <ele>579.794</ele>
    <time>2026-03-07T13:25:28Z</time>
   </trkpt>
   <trkpt lat="47.948845" lon="11.850651">
    <ele>576.610</ele>
    <time>2026-03-07T13:25:34Z</time>
   </trkpt>
   <trkpt lat="47.949042" lon="11.850832">
    <ele>572.090</ele>
    <time>2026-03-07T13:25:40Z</time>
   </trkpt>
   <trkpt lat="47.949512" lon="11.850993">
    <ele>565.015</ele>
    <time>2026-03-07T13:25:50Z</time>
   </trkpt>
   <trkpt lat="47.949878" lon="11.851110">
    <ele>559.757</ele>
    <time>2026-03-07T13:25:58Z</time>
   </trkpt>
   <trkpt lat="47.949963" lon="11.851139">
    <ele>561.118</ele>
    <time>2026-03-07T13:26:00Z</time>
   </trkpt>
   <trkpt lat="47.950418" lon="11.851442">
    <ele>567.728</ele>
    <time>2026-03-07T13:26:12Z</time>
   </trkpt>
   <trkpt lat="47.950701" lon="11.851642">
    <ele>564.281</ele>
    <time>2026-03-07T13:26:21Z</time>
   </trkpt>
   <trkpt lat="47.951001" lon="11.851782">
    <ele>566.043</ele>
    <time>2026-03-07T13:26:30Z</time>
   </trkpt>
   <trkpt lat="47.951413" lon="11.852119">
    <ele>560.296</ele>
    <time>2026-03-07T13:26:42Z</time>
   </trkpt>
   <trkpt lat="47.951541" lon="11.852254">
    <ele>558.809</ele>
    <time>2026-03-07T13:26:45Z</time>
   </trkpt>
   <trkpt lat="47.952015" lon="11.852548">
    <ele>554.218</ele>
    <time>2026-03-07T13:26:54Z</time>
   </trkpt>
   <trkpt lat="47.952142" lon="11.852648">
    <ele>552.881</ele>
    <time>2026-03-07T13:26:59Z</time>
   </trkpt>
   <trkpt lat="47.952289" lon="11.852753">
    <ele>551.881</ele>
    <time>2026-03-07T13:27:04Z</time>
   </trkpt>
   <trkpt lat="47.952669" lon="11.852818">
    <ele>554.070</ele>
    <time>2026-03-07T13:27:16Z</time>
   </trkpt>
   <trkpt lat="47.953012" lon="11.852901">
    <ele>553.359</ele>
    <time>2026-03-07T13:27:25Z</time>
   </trkpt>
   <trkpt lat="47.953254" lon="11.852964">
    <ele>555.750</ele>
    <time>2026-03-07T13:27:31Z</time>
   </trkpt>
   <trkpt lat="47.953453" lon="11.853096">
    <ele>556.097</ele>
    <time>2026-03-07T13:27:45Z</time>
   </trkpt>
   <trkpt lat="47.953467" lon="11.853097">
    <ele>556.114</ele>
    <time>2026-03-07T13:28:12Z</time>
   </trkpt>
   <trkpt lat="47.953470" lon="11.853096">
    <ele>556.385</ele>
    <time>2026-03-07T13:28:40Z</time>
   </trkpt>
   <trkpt lat="47.953470" lon="11.853097">
    <ele>556.670</ele>
    <time>2026-03-07T13:29:34Z</time>
   </trkpt>
   <trkpt lat="47.953473" lon="11.853084">
    <ele>556.218</ele>
    <time>2026-03-07T13:30:22Z</time>
   </trkpt>
   <trkpt lat="47.953595" lon="11.853169">
    <ele>556.617</ele>
    <time>2026-03-07T13:35:20Z</time>
   </trkpt>
   <trkpt lat="47.953590" lon="11.853195">
    <ele>556.914</ele>
    <time>2026-03-07T13:35:41Z</time>
   </trkpt>
   <trkpt lat="47.953623" lon="11.853296">
    <ele>558.813</ele>
    <time>2026-03-07T13:35:56Z</time>
   </trkpt>
   <trkpt lat="47.953798" lon="11.853389">
    <ele>566.664</ele>
    <time>2026-03-07T13:36:14Z</time>
   </trkpt>
   <trkpt lat="47.953829" lon="11.853394">
    <ele>568.463</ele>
    <time>2026-03-07T13:36:18Z</time>
   </trkpt>
   <trkpt lat="47.953900" lon="11.853375">
    <ele>568.875</ele>
    <time>2026-03-07T13:36:25Z</time>
   </trkpt>
   <trkpt lat="47.954035" lon="11.853372">
    <ele>570.257</ele>
    <time>2026-03-07T13:36:37Z</time>
   </trkpt>
   <trkpt lat="47.954191" lon="11.853356">
    <ele>573.233</ele>
    <time>2026-03-07T13:36:48Z</time>
   </trkpt>
   <trkpt lat="47.954370" lon="11.853229">
    <ele>578.357</ele>
    <time>2026-03-07T13:37:01Z</time>
   </trkpt>
   <trkpt lat="47.954510" lon="11.853141">
    <ele>582.478</ele>
    <time>2026-03-07T13:37:15Z</time>
   </trkpt>
   <trkpt lat="47.954630" lon="11.853051">
    <ele>584.337</ele>
    <time>2026-03-07T13:37:27Z</time>
   </trkpt>
   <trkpt lat="47.954782" lon="11.852943">
    <ele>584.249</ele>
    <time>2026-03-07T13:37:41Z</time>
   </trkpt>
   <trkpt lat="47.954827" lon="11.852881">
    <ele>584.051</ele>
    <time>2026-03-07T13:37:56Z</time>
   </trkpt>
   <trkpt lat="47.954924" lon="11.852804">
    <ele>585.239</ele>
    <time>2026-03-07T13:38:09Z</time>
   </trkpt>
   <trkpt lat="47.955063" lon="11.852820">
    <ele>582.803</ele>
    <time>2026-03-07T13:38:22Z</time>
   </trkpt>
   <trkpt lat="47.955171" lon="11.852829">
    <ele>583.428</ele>
    <time>2026-03-07T13:38:29Z</time>
   </trkpt>
   <trkpt lat="47.955275" lon="11.852809">
    <ele>586.564</ele>
    <time>2026-03-07T13:38:43Z</time>
   </trkpt>
   <trkpt lat="47.955294" lon="11.852789">
    <ele>586.573</ele>
    <time>2026-03-07T13:38:48Z</time>
   </trkpt>
   <trkpt lat="47.955312" lon="11.852769">
    <ele>585.966</ele>
    <time>2026-03-07T13:38:50Z</time>
   </trkpt>
   <trkpt lat="47.955443" lon="11.852619">
    <ele>582.988</ele>
    <time>2026-03-07T13:39:00Z</time>
   </trkpt>
   <trkpt lat="47.955506" lon="11.852314">
    <ele>587.972</ele>
    <time>2026-03-07T13:39:11Z</time>
   </trkpt>
   <trkpt lat="47.955503" lon="11.851975">
    <ele>586.254</ele>
    <time>2026-03-07T13:39:20Z</time>
   </trkpt>
   <trkpt lat="47.955567" lon="11.851684">
    <ele>582.960</ele>
    <time>2026-03-07T13:39:24Z</time>
   </trkpt>
   <trkpt lat="47.955492" lon="11.851367">
    <ele>582.036</ele>
    <time>2026-03-07T13:39:28Z</time>
   </trkpt>
   <trkpt lat="47.955442" lon="11.851234">
    <ele>580.773</ele>
    <time>2026-03-07T13:39:30Z</time>
   </trkpt>
   <trkpt lat="47.955386" lon="11.850895">
    <ele>576.816</ele>
    <time>2026-03-07T13:39:34Z</time>
   </trkpt>
   <trkpt lat="47.955393" lon="11.850571">
    <ele>573.858</ele>
    <time>2026-03-07T13:39:37Z</time>
   </trkpt>
   <trkpt lat="47.955425" lon="11.850299">
    <ele>571.850</ele>
    <time>2026-03-07T13:39:40Z</time>
   </trkpt>
   <trkpt lat="47.955483" lon="11.850104">
    <ele>569.773</ele>
    <time>2026-03-07T13:39:47Z</time>
   </trkpt>
   <trkpt lat="47.955525" lon="11.850012">
    <ele>569.052</ele>
    <time>2026-03-07T13:40:20Z</time>
   </trkpt>
   <trkpt lat="47.955567" lon="11.849941">
    <ele>569.129</ele>
    <time>2026-03-07T13:40:34Z</time>
   </trkpt>
   <trkpt lat="47.955587" lon="11.849921">
    <ele>569.799</ele>
    <time>2026-03-07T13:40:48Z</time>
   </trkpt>
   <trkpt lat="47.955609" lon="11.849905">
    <ele>571.086</ele>
    <time>2026-03-07T13:41:06Z</time>
   </trkpt>
   <trkpt lat="47.955715" lon="11.849795">
    <ele>568.719</ele>
    <time>2026-03-07T13:41:21Z</time>
   </trkpt>
   <trkpt lat="47.956005" lon="11.849566">
    <ele>566.695</ele>
    <time>2026-03-07T13:41:29Z</time>
   </trkpt>
   <trkpt lat="47.956120" lon="11.849450">
    <ele>565.564</ele>
    <time>2026-03-07T13:41:32Z</time>
   </trkpt>
   <trkpt lat="47.956381" lon="11.849355">
    <ele>565.316</ele>
    <time>2026-03-07T13:41:36Z</time>
   </trkpt>
   <trkpt lat="47.956544" lon="11.849346">
    <ele>565.198</ele>
    <time>2026-03-07T13:41:39Z</time>
   </trkpt>
   <trkpt lat="47.956740" lon="11.849266">
    <ele>563.787</ele>
    <time>2026-03-07T13:41:43Z</time>
   </trkpt>
   <trkpt lat="47.956913" lon="11.849100">
    <ele>562.319</ele>
    <time>2026-03-07T13:41:48Z</time>
   </trkpt>
   <trkpt lat="47.956970" lon="11.849020">
    <ele>561.462</ele>
    <time>2026-03-07T13:41:50Z</time>
   </trkpt>
   <trkpt lat="47.957107" lon="11.848722">
    <ele>561.957</ele>
    <time>2026-03-07T13:41:55Z</time>
   </trkpt>
   <trkpt lat="47.957069" lon="11.848193">
    <ele>561.502</ele>
    <time>2026-03-07T13:42:05Z</time>
   </trkpt>
   <trkpt lat="47.956985" lon="11.847971">
    <ele>561.080</ele>
    <time>2026-03-07T13:42:17Z</time>
   </trkpt>
   <trkpt lat="47.956996" lon="11.847973">
    <ele>560.860</ele>
    <time>2026-03-07T13:42:18Z</time>
   </trkpt>
   <trkpt lat="47.957030" lon="11.847972">
    <ele>560.642</ele>
    <time>2026-03-07T13:42:21Z</time>
   </trkpt>
   <trkpt lat="47.957139" lon="11.847880">
    <ele>559.246</ele>
    <time>2026-03-07T13:42:25Z</time>
   </trkpt>
   <trkpt lat="47.957540" lon="11.847205">
    <ele>558.138</ele>
    <time>2026-03-07T13:42:37Z</time>
   </trkpt>
   <trkpt lat="47.957624" lon="11.846904">
    <ele>558.298</ele>
    <time>2026-03-07T13:42:41Z</time>
   </trkpt>
   <trkpt lat="47.957631" lon="11.846733">
    <ele>558.312</ele>
    <time>2026-03-07T13:42:43Z</time>
   </trkpt>
   <trkpt lat="47.957812" lon="11.846409">
    <ele>557.483</ele>
    <time>2026-03-07T13:42:49Z</time>
   </trkpt>
   <trkpt lat="47.958016" lon="11.846280">
    <ele>556.926</ele>
    <time>2026-03-07T13:42:54Z</time>
   </trkpt>
   <trkpt lat="47.958075" lon="11.846260">
    <ele>556.435</ele>
    <time>2026-03-07T13:42:56Z</time>
   </trkpt>
   <trkpt lat="47.958292" lon="11.846215">
    <ele>555.962</ele>
    <time>2026-03-07T13:43:00Z</time>
   </trkpt>
   <trkpt lat="47.958538" lon="11.846028">
    <ele>556.788</ele>
    <time>2026-03-07T13:43:05Z</time>
   </trkpt>
   <trkpt lat="47.958840" lon="11.846054">
    <ele>557.934</ele>
    <time>2026-03-07T13:43:10Z</time>
   </trkpt>
   <trkpt lat="47.959032" lon="11.846137">
    <ele>558.872</ele>
    <time>2026-03-07T13:43:13Z</time>
   </trkpt>
   <trkpt lat="47.959551" lon="11.846343">
    <ele>559.414</ele>
    <time>2026-03-07T13:43:20Z</time>
   </trkpt>
   <trkpt lat="47.959708" lon="11.846408">
    <ele>560.516</ele>
    <time>2026-03-07T13:43:22Z</time>
   </trkpt>
   <trkpt lat="47.960253" lon="11.846578">
    <ele>558.992</ele>
    <time>2026-03-07T13:43:29Z</time>
   </trkpt>
   <trkpt lat="47.960969" lon="11.847354">
    <ele>556.023</ele>
    <time>2026-03-07T13:43:41Z</time>
   </trkpt>
   <trkpt lat="47.961394" lon="11.847812">
    <ele>553.123</ele>
    <time>2026-03-07T13:43:49Z</time>
   </trkpt>
   <trkpt lat="47.962000" lon="11.848729">
    <ele>552.289</ele>
    <time>2026-03-07T13:44:03Z</time>
   </trkpt>
   <trkpt lat="47.962181" lon="11.848978">
    <ele>551.492</ele>
    <time>2026-03-07T13:44:07Z</time>
   </trkpt>
   <trkpt lat="47.962395" lon="11.849146">
    <ele>550.990</ele>
    <time>2026-03-07T13:44:11Z</time>
   </trkpt>
   <trkpt lat="47.963031" lon="11.849336">
    <ele>548.602</ele>
    <time>2026-03-07T13:44:22Z</time>
   </trkpt>
   <trkpt lat="47.963293" lon="11.849592">
    <ele>547.626</ele>
    <time>2026-03-07T13:44:28Z</time>
   </trkpt>
   <trkpt lat="47.963544" lon="11.850164">
    <ele>547.286</ele>
    <time>2026-03-07T13:44:37Z</time>
   </trkpt>
   <trkpt lat="47.964406" lon="11.850849">
    <ele>546.718</ele>
    <time>2026-03-07T13:44:56Z</time>
   </trkpt>
   <trkpt lat="47.964497" lon="11.850924">
    <ele>546.932</ele>
    <time>2026-03-07T13:44:58Z</time>
   </trkpt>
   <trkpt lat="47.964645" lon="11.851117">
    <ele>547.158</ele>
    <time>2026-03-07T13:45:02Z</time>
   </trkpt>
   <trkpt lat="47.964728" lon="11.851276">
    <ele>547.712</ele>
    <time>2026-03-07T13:45:05Z</time>
   </trkpt>
   <trkpt lat="47.964951" lon="11.851063">
    <ele>548.453</ele>
    <time>2026-03-07T13:45:12Z</time>
   </trkpt>
   <trkpt lat="47.965330" lon="11.849791">
    <ele>549.898</ele>
    <time>2026-03-07T13:45:30Z</time>
   </trkpt>
   <trkpt lat="47.965402" lon="11.849590">
    <ele>550.162</ele>
    <time>2026-03-07T13:45:33Z</time>
   </trkpt>
   <trkpt lat="47.965695" lon="11.849466">
    <ele>550.885</ele>
    <time>2026-03-07T13:45:40Z</time>
   </trkpt>
   <trkpt lat="47.966085" lon="11.849365">
    <ele>554.505</ele>
    <time>2026-03-07T13:45:54Z</time>
   </trkpt>
   <trkpt lat="47.966217" lon="11.849064">
    <ele>557.321</ele>
    <time>2026-03-07T13:46:05Z</time>
   </trkpt>
   <trkpt lat="47.966372" lon="11.848842">
    <ele>559.663</ele>
    <time>2026-03-07T13:46:19Z</time>
   </trkpt>
   <trkpt lat="47.966561" lon="11.848707">
    <ele>561.733</ele>
    <time>2026-03-07T13:46:31Z</time>
   </trkpt>
   <trkpt lat="47.966686" lon="11.848540">
    <ele>564.163</ele>
    <time>2026-03-07T13:46:41Z</time>
   </trkpt>
   <trkpt lat="47.966777" lon="11.848428">
    <ele>565.551</ele>
    <time>2026-03-07T13:46:49Z</time>
   </trkpt>
   <trkpt lat="47.966802" lon="11.848370">
    <ele>564.753</ele>
    <time>2026-03-07T13:46:51Z</time>
   </trkpt>
   <trkpt lat="47.966848" lon="11.848257">
    <ele>565.323</ele>
    <time>2026-03-07T13:46:57Z</time>
   </trkpt>
   <trkpt lat="47.966914" lon="11.847931">
    <ele>573.708</ele>
    <time>2026-03-07T13:47:10Z</time>
   </trkpt>
   <trkpt lat="47.966972" lon="11.847719">
    <ele>573.907</ele>
    <time>2026-03-07T13:47:19Z</time>
   </trkpt>
   <trkpt lat="47.967037" lon="11.847608">
    <ele>575.590</ele>
    <time>2026-03-07T13:47:26Z</time>
   </trkpt>
   <trkpt lat="47.967069" lon="11.847541">
    <ele>576.667</ele>
    <time>2026-03-07T13:47:29Z</time>
   </trkpt>
   <trkpt lat="47.967108" lon="11.847473">
    <ele>578.861</ele>
    <time>2026-03-07T13:47:33Z</time>
   </trkpt>
   <trkpt lat="47.967228" lon="11.847563">
    <ele>579.217</ele>
    <time>2026-03-07T13:47:42Z</time>
   </trkpt>
   <trkpt lat="47.967248" lon="11.847613">
    <ele>579.438</ele>
    <time>2026-03-07T13:47:44Z</time>
   </trkpt>
   <trkpt lat="47.967257" lon="11.847726">
    <ele>580.477</ele>
    <time>2026-03-07T13:47:48Z</time>
   </trkpt>
   <trkpt lat="47.967475" lon="11.848116">
    <ele>577.722</ele>
    <time>2026-03-07T13:48:05Z</time>
   </trkpt>
   <trkpt lat="47.967905" lon="11.848249">
    <ele>577.842</ele>
    <time>2026-03-07T13:48:19Z</time>
   </trkpt>
   <trkpt lat="47.968266" lon="11.848355">
    <ele>580.547</ele>
    <time>2026-03-07T13:48:36Z</time>
   </trkpt>
   <trkpt lat="47.968704" lon="11.848454">
    <ele>582.429</ele>
    <time>2026-03-07T13:48:51Z</time>
   </trkpt>
   <trkpt lat="47.969225" lon="11.848386">
    <ele>584.674</ele>
    <time>2026-03-07T13:49:08Z</time>
   </trkpt>
   <trkpt lat="47.969231" lon="11.848382">
    <ele>584.535</ele>
    <time>2026-03-07T13:49:09Z</time>
   </trkpt>
   <trkpt lat="47.969298" lon="11.848401">
    <ele>584.346</ele>
    <time>2026-03-07T13:49:14Z</time>
   </trkpt>
   <trkpt lat="47.969345" lon="11.848368">
    <ele>585.610</ele>
    <time>2026-03-07T13:49:25Z</time>
   </trkpt>
   <trkpt lat="47.969377" lon="11.848353">
    <ele>585.626</ele>
    <time>2026-03-07T13:49:30Z</time>
   </trkpt>
   <trkpt lat="47.969644" lon="11.848408">
    <ele>588.838</ele>
    <time>2026-03-07T13:49:41Z</time>
   </trkpt>
   <trkpt lat="47.970061" lon="11.848454">
    <ele>593.830</ele>
    <time>2026-03-07T13:49:56Z</time>
   </trkpt>
   <trkpt lat="47.970388" lon="11.848624">
    <ele>600.034</ele>
    <time>2026-03-07T13:50:10Z</time>
   </trkpt>
   <trkpt lat="47.970644" lon="11.848908">
    <ele>599.301</ele>
    <time>2026-03-07T13:50:24Z</time>
   </trkpt>
   <trkpt lat="47.970757" lon="11.849037">
    <ele>594.770</ele>
    <time>2026-03-07T13:50:38Z</time>
   </trkpt>
   <trkpt lat="47.970921" lon="11.849411">
    <ele>592.280</ele>
    <time>2026-03-07T13:50:51Z</time>
   </trkpt>
   <trkpt lat="47.971060" lon="11.849677">
    <ele>591.182</ele>
    <time>2026-03-07T13:50:57Z</time>
   </trkpt>
   <trkpt lat="47.971641" lon="11.849956">
    <ele>592.763</ele>
    <time>2026-03-07T13:51:10Z</time>
   </trkpt>
   <trkpt lat="47.971903" lon="11.850113">
    <ele>593.696</ele>
    <time>2026-03-07T13:51:16Z</time>
   </trkpt>
   <trkpt lat="47.972400" lon="11.850650">
    <ele>592.486</ele>
    <time>2026-03-07T13:51:27Z</time>
   </trkpt>
   <trkpt lat="47.972341" lon="11.850992">
    <ele>586.592</ele>
    <time>2026-03-07T13:51:33Z</time>
   </trkpt>
   <trkpt lat="47.972284" lon="11.851010">
    <ele>585.682</ele>
    <time>2026-03-07T13:51:34Z</time>
   </trkpt>
   <trkpt lat="47.971347" lon="11.851418">
    <ele>579.791</ele>
    <time>2026-03-07T13:51:46Z</time>
   </trkpt>
   <trkpt lat="47.970372" lon="11.852005">
    <ele>580.240</ele>
    <time>2026-03-07T13:51:59Z</time>
   </trkpt>
   <trkpt lat="47.970179" lon="11.852150">
    <ele>581.320</ele>
    <time>2026-03-07T13:52:03Z</time>
   </trkpt>
   <trkpt lat="47.970000" lon="11.852845">
    <ele>584.229</ele>
    <time>2026-03-07T13:52:11Z</time>
   </trkpt>
   <trkpt lat="47.970309" lon="11.853419">
    <ele>586.506</ele>
    <time>2026-03-07T13:52:18Z</time>
   </trkpt>
   <trkpt lat="47.970667" lon="11.853510">
    <ele>585.165</ele>
    <time>2026-03-07T13:52:23Z</time>
   </trkpt>
   <trkpt lat="47.971175" lon="11.853621">
    <ele>583.042</ele>
    <time>2026-03-07T13:52:29Z</time>
   </trkpt>
   <trkpt lat="47.972015" lon="11.853870">
    <ele>574.372</ele>
    <time>2026-03-07T13:52:39Z</time>
   </trkpt>
   <trkpt lat="47.972221" lon="11.853890">
    <ele>573.577</ele>
    <time>2026-03-07T13:52:42Z</time>
   </trkpt>
   <trkpt lat="47.972468" lon="11.854241">
    <ele>575.884</ele>
    <time>2026-03-07T13:52:48Z</time>
   </trkpt>
   <trkpt lat="47.972593" lon="11.854699">
    <ele>577.162</ele>
    <time>2026-03-07T13:52:54Z</time>
   </trkpt>
   <trkpt lat="47.972617" lon="11.855055">
    <ele>577.484</ele>
    <time>2026-03-07T13:52:59Z</time>
   </trkpt>
   <trkpt lat="47.972725" lon="11.855240">
    <ele>574.402</ele>
    <time>2026-03-07T13:53:03Z</time>
   </trkpt>
   <trkpt lat="47.973046" lon="11.855353">
    <ele>569.039</ele>
    <time>2026-03-07T13:53:13Z</time>
   </trkpt>
   <trkpt lat="47.973270" lon="11.855426">
    <ele>568.742</ele>
    <time>2026-03-07T13:53:19Z</time>
   </trkpt>
   <trkpt lat="47.973744" lon="11.855620">
    <ele>575.286</ele>
    <time>2026-03-07T13:53:30Z</time>
   </trkpt>
   <trkpt lat="47.974231" lon="11.855910">
    <ele>580.511</ele>
    <time>2026-03-07T13:53:47Z</time>
   </trkpt>
   <trkpt lat="47.974822" lon="11.856067">
    <ele>580.875</ele>
    <time>2026-03-07T13:54:03Z</time>
   </trkpt>
   <trkpt lat="47.975245" lon="11.856238">
    <ele>576.925</ele>
    <time>2026-03-07T13:54:16Z</time>
   </trkpt>
   <trkpt lat="47.975604" lon="11.856294">
    <ele>582.051</ele>
    <time>2026-03-07T13:54:26Z</time>
   </trkpt>
   <trkpt lat="47.975788" lon="11.856307">
    <ele>583.252</ele>
    <time>2026-03-07T13:54:30Z</time>
   </trkpt>
   <trkpt lat="47.976263" lon="11.856405">
    <ele>578.005</ele>
    <time>2026-03-07T13:54:40Z</time>
   </trkpt>
   <trkpt lat="47.976662" lon="11.856774">
    <ele>576.538</ele>
    <time>2026-03-07T13:54:48Z</time>
   </trkpt>
   <trkpt lat="47.976939" lon="11.857144">
    <ele>578.250</ele>
    <time>2026-03-07T13:54:54Z</time>
   </trkpt>
   <trkpt lat="47.977452" lon="11.857545">
    <ele>578.061</ele>
    <time>2026-03-07T13:55:02Z</time>
   </trkpt>
   <trkpt lat="47.977675" lon="11.857659">
    <ele>577.228</ele>
    <time>2026-03-07T13:55:07Z</time>
   </trkpt>
   <trkpt lat="47.977763" lon="11.857714">
    <ele>575.716</ele>
    <time>2026-03-07T13:55:09Z</time>
   </trkpt>
   <trkpt lat="47.977967" lon="11.857761">
    <ele>573.491</ele>
    <time>2026-03-07T13:55:12Z</time>
   </trkpt>
   <trkpt lat="47.979097" lon="11.858032">
    <ele>569.404</ele>
    <time>2026-03-07T13:55:32Z</time>
   </trkpt>
   <trkpt lat="47.979510" lon="11.857734">
    <ele>569.483</ele>
    <time>2026-03-07T13:55:44Z</time>
   </trkpt>
   <trkpt lat="47.979961" lon="11.856860">
    <ele>570.502</ele>
    <time>2026-03-07T13:56:02Z</time>
   </trkpt>
   <trkpt lat="47.980092" lon="11.856623">
    <ele>569.820</ele>
    <time>2026-03-07T13:56:07Z</time>
   </trkpt>
   <trkpt lat="47.980183" lon="11.856373">
    <ele>568.237</ele>
    <time>2026-03-07T13:56:11Z</time>
   </trkpt>
   <trkpt lat="47.980294" lon="11.855893">
    <ele>565.978</ele>
    <time>2026-03-07T13:56:16Z</time>
   </trkpt>
   <trkpt lat="47.980563" lon="11.855584">
    <ele>566.235</ele>
    <time>2026-03-07T13:56:22Z</time>
   </trkpt>
   <trkpt lat="47.980706" lon="11.855701">
    <ele>566.713</ele>
    <time>2026-03-07T13:56:25Z</time>
   </trkpt>
   <trkpt lat="47.981874" lon="11.856383">
    <ele>566.661</ele>
    <time>2026-03-07T13:56:50Z</time>
   </trkpt>
   <trkpt lat="47.982430" lon="11.856644">
    <ele>566.866</ele>
    <time>2026-03-07T13:57:02Z</time>
   </trkpt>
   <trkpt lat="47.982861" lon="11.856759">
    <ele>566.796</ele>
    <time>2026-03-07T13:57:12Z</time>
   </trkpt>
   <trkpt lat="47.983363" lon="11.856810">
    <ele>565.482</ele>
    <time>2026-03-07T13:57:21Z</time>
   </trkpt>
   <trkpt lat="47.984183" lon="11.856741">
    <ele>568.176</ele>
    <time>2026-03-07T13:57:36Z</time>
   </trkpt>
   <trkpt lat="47.984514" lon="11.856852">
    <ele>567.278</ele>
    <time>2026-03-07T13:57:42Z</time>
   </trkpt>
   <trkpt lat="47.984947" lon="11.856842">
    <ele>566.200</ele>
    <time>2026-03-07T13:57:50Z</time>
   </trkpt>
   <trkpt lat="47.985066" lon="11.856876">
    <ele>566.709</ele>
    <time>2026-03-07T13:57:58Z</time>
   </trkpt>
   <trkpt lat="47.985067" lon="11.856887">
    <ele>566.698</ele>
    <time>2026-03-07T13:58:09Z</time>
   </trkpt>
   <trkpt lat="47.985066" lon="11.857607">
    <ele>564.170</ele>
    <time>2026-03-07T13:58:20Z</time>
   </trkpt>
   <trkpt lat="47.985035" lon="11.859120">
    <ele>555.916</ele>
    <time>2026-03-07T13:58:32Z</time>
   </trkpt>
   <trkpt lat="47.985367" lon="11.860149">
    <ele>547.933</ele>
    <time>2026-03-07T13:58:39Z</time>
   </trkpt>
   <trkpt lat="47.985461" lon="11.860265">
    <ele>546.807</ele>
    <time>2026-03-07T13:58:40Z</time>
   </trkpt>
   <trkpt lat="47.986577" lon="11.861833">
    <ele>534.027</ele>
    <time>2026-03-07T13:58:52Z</time>
   </trkpt>
   <trkpt lat="47.987553" lon="11.863155">
    <ele>530.415</ele>
    <time>2026-03-07T13:59:04Z</time>
   </trkpt>
   <trkpt lat="47.987701" lon="11.863314">
    <ele>530.730</ele>
    <time>2026-03-07T13:59:06Z</time>
   </trkpt>
   <trkpt lat="47.988358" lon="11.863766">
    <ele>531.706</ele>
    <time>2026-03-07T13:59:15Z</time>
   </trkpt>
   <trkpt lat="47.988547" lon="11.864053">
    <ele>531.526</ele>
    <time>2026-03-07T13:59:20Z</time>
   </trkpt>
   <trkpt lat="47.988580" lon="11.864144">
    <ele>531.935</ele>
    <time>2026-03-07T13:59:22Z</time>
   </trkpt>
   <trkpt lat="47.988847" lon="11.864499">
    <ele>531.552</ele>
    <time>2026-03-07T13:59:33Z</time>
   </trkpt>
   <trkpt lat="47.989138" lon="11.864761">
    <ele>531.695</ele>
    <time>2026-03-07T13:59:40Z</time>
   </trkpt>
   <trkpt lat="47.989256" lon="11.864873">
    <ele>532.656</ele>
    <time>2026-03-07T13:59:49Z</time>
   </trkpt>
   <trkpt lat="47.989577" lon="11.865147">
    <ele>533.143</ele>
    <time>2026-03-07T13:59:57Z</time>
   </trkpt>
   <trkpt lat="47.990264" lon="11.865748">
    <ele>534.226</ele>
    <time>2026-03-07T14:00:09Z</time>
   </trkpt>
   <trkpt lat="47.990705" lon="11.866070">
    <ele>534.595</ele>
    <time>2026-03-07T14:00:19Z</time>
   </trkpt>
   <trkpt lat="47.990709" lon="11.866261">
    <ele>533.449</ele>
    <time>2026-03-07T14:00:24Z</time>
   </trkpt>
   <trkpt lat="47.990609" lon="11.866535">
    <ele>533.220</ele>
    <time>2026-03-07T14:00:29Z</time>
   </trkpt>
   <trkpt lat="47.990525" lon="11.867020">
    <ele>532.384</ele>
    <time>2026-03-07T14:00:37Z</time>
   </trkpt>
   <trkpt lat="47.990534" lon="11.867246">
    <ele>531.863</ele>
    <time>2026-03-07T14:00:41Z</time>
   </trkpt>
   <trkpt lat="47.990579" lon="11.867399">
    <ele>532.065</ele>
    <time>2026-03-07T14:00:44Z</time>
   </trkpt>
   <trkpt lat="47.990535" lon="11.867775">
    <ele>532.480</ele>
    <time>2026-03-07T14:00:53Z</time>
   </trkpt>
   <trkpt lat="47.990488" lon="11.868060">
    <ele>530.338</ele>
    <time>2026-03-07T14:00:57Z</time>
   </trkpt>
   <trkpt lat="47.990734" lon="11.868298">
    <ele>529.698</ele>
    <time>2026-03-07T14:01:03Z</time>
   </trkpt>
   <trkpt lat="47.991303" lon="11.868320">
    <ele>529.446</ele>
    <time>2026-03-07T14:01:12Z</time>
   </trkpt>
   <trkpt lat="47.992136" lon="11.867785">
    <ele>530.095</ele>
    <time>2026-03-07T14:01:28Z</time>
   </trkpt>
   <trkpt lat="47.992871" lon="11.867220">
    <ele>532.334</ele>
    <time>2026-03-07T14:01:46Z</time>
   </trkpt>
   <trkpt lat="47.993018" lon="11.867171">
    <ele>531.922</ele>
    <time>2026-03-07T14:01:53Z</time>
   </trkpt>
   <trkpt lat="47.993366" lon="11.867078">
    <ele>540.405</ele>
    <time>2026-03-07T14:02:09Z</time>
   </trkpt>
   <trkpt lat="47.993806" lon="11.867047">
    <ele>544.381</ele>
    <time>2026-03-07T14:02:27Z</time>
   </trkpt>
   <trkpt lat="47.994341" lon="11.867114">
    <ele>543.863</ele>
    <time>2026-03-07T14:02:52Z</time>
   </trkpt>
   <trkpt lat="47.994343" lon="11.867108">
    <ele>543.489</ele>
    <time>2026-03-07T14:07:04Z</time>
   </trkpt>
   <trkpt lat="47.994359" lon="11.867082">
    <ele>543.101</ele>
    <time>2026-03-07T14:07:06Z</time>
   </trkpt>
   <trkpt lat="47.994455" lon="11.867079">
    <ele>543.487</ele>
    <time>2026-03-07T14:07:10Z</time>
   </trkpt>
   <trkpt lat="47.995304" lon="11.866943">
    <ele>543.211</ele>
    <time>2026-03-07T14:07:27Z</time>
   </trkpt>
   <trkpt lat="47.995647" lon="11.866520">
    <ele>545.984</ele>
    <time>2026-03-07T14:07:40Z</time>
   </trkpt>
   <trkpt lat="47.995819" lon="11.866000">
    <ele>549.871</ele>
    <time>2026-03-07T14:07:58Z</time>
   </trkpt>
   <trkpt lat="47.996102" lon="11.865644">
    <ele>552.857</ele>
    <time>2026-03-07T14:08:15Z</time>
   </trkpt>
   <trkpt lat="47.996543" lon="11.865537">
    <ele>553.853</ele>
    <time>2026-03-07T14:08:31Z</time>
   </trkpt>
   <trkpt lat="47.997367" lon="11.865460">
    <ele>553.157</ele>
    <time>2026-03-07T14:08:56Z</time>
   </trkpt>
   <trkpt lat="47.998081" lon="11.865526">
    <ele>555.958</ele>
    <time>2026-03-07T14:09:20Z</time>
   </trkpt>
   <trkpt lat="47.998813" lon="11.865959">
    <ele>556.962</ele>
    <time>2026-03-07T14:09:40Z</time>
   </trkpt>
   <trkpt lat="47.999834" lon="11.866420">
    <ele>555.640</ele>
    <time>2026-03-07T14:10:00Z</time>
   </trkpt>
   <trkpt lat="48.000247" lon="11.866529">
    <ele>555.310</ele>
    <time>2026-03-07T14:10:08Z</time>
   </trkpt>
   <trkpt lat="48.000406" lon="11.866623">
    <ele>554.792</ele>
    <time>2026-03-07T14:10:11Z</time>
   </trkpt>
   <trkpt lat="48.000816" lon="11.866678">
    <ele>553.191</ele>
    <time>2026-03-07T14:10:18Z</time>
   </trkpt>
   <trkpt lat="48.001209" lon="11.866758">
    <ele>553.274</ele>
    <time>2026-03-07T14:10:25Z</time>
   </trkpt>
   <trkpt lat="48.001840" lon="11.866971">
    <ele>553.468</ele>
    <time>2026-03-07T14:10:36Z</time>
   </trkpt>
   <trkpt lat="48.002765" lon="11.867496">
    <ele>553.464</ele>
    <time>2026-03-07T14:10:51Z</time>
   </trkpt>
   <trkpt lat="48.003834" lon="11.868039">
    <ele>551.789</ele>
    <time>2026-03-07T14:11:08Z</time>
   </trkpt>
   <trkpt lat="48.004583" lon="11.868679">
    <ele>551.875</ele>
    <time>2026-03-07T14:11:21Z</time>
   </trkpt>
   <trkpt lat="48.005154" lon="11.869257">
    <ele>550.078</ele>
    <time>2026-03-07T14:11:31Z</time>
   </trkpt>
   <trkpt lat="48.005418" lon="11.869443">
    <ele>548.028</ele>
    <time>2026-03-07T14:11:35Z</time>
   </trkpt>
   <trkpt lat="48.005781" lon="11.869900">
    <ele>541.490</ele>
    <time>2026-03-07T14:11:40Z</time>
   </trkpt>
   <trkpt lat="48.006330" lon="11.870378">
    <ele>531.994</ele>
    <time>2026-03-07T14:11:45Z</time>
   </trkpt>
   <trkpt lat="48.006746" lon="11.870930">
    <ele>527.028</ele>
    <time>2026-03-07T14:11:49Z</time>
   </trkpt>
   <trkpt lat="48.007414" lon="11.871445">
    <ele>529.697</ele>
    <time>2026-03-07T14:11:56Z</time>
   </trkpt>
   <trkpt lat="48.007802" lon="11.871684">
    <ele>534.242</ele>
    <time>2026-03-07T14:12:04Z</time>
   </trkpt>
   <trkpt lat="48.008278" lon="11.871878">
    <ele>536.981</ele>
    <time>2026-03-07T14:12:20Z</time>
   </trkpt>
   <trkpt lat="48.009087" lon="11.872273">
    <ele>540.798</ele>
    <time>2026-03-07T14:12:43Z</time>
   </trkpt>
   <trkpt lat="48.009440" lon="11.872435">
    <ele>543.901</ele>
    <time>2026-03-07T14:12:59Z</time>
   </trkpt>
   <trkpt lat="48.009891" lon="11.872529">
    <ele>547.379</ele>
    <time>2026-03-07T14:13:20Z</time>
   </trkpt>
   <trkpt lat="48.010262" lon="11.872717">
    <ele>550.101</ele>
    <time>2026-03-07T14:13:38Z</time>
   </trkpt>
   <trkpt lat="48.010637" lon="11.872931">
    <ele>552.511</ele>
    <time>2026-03-07T14:13:53Z</time>
   </trkpt>
   <trkpt lat="48.010891" lon="11.872894">
    <ele>554.681</ele>
    <time>2026-03-07T14:14:06Z</time>
   </trkpt>
   <trkpt lat="48.010938" lon="11.872757">
    <ele>556.534</ele>
    <time>2026-03-07T14:14:18Z</time>
   </trkpt>
   <trkpt lat="48.010933" lon="11.872751">
    <ele>556.342</ele>
    <time>2026-03-07T14:14:21Z</time>
   </trkpt>
   <trkpt lat="48.010914" lon="11.872789">
    <ele>556.468</ele>
    <time>2026-03-07T14:14:24Z</time>
   </trkpt>
   <trkpt lat="48.010840" lon="11.872959">
    <ele>555.973</ele>
    <time>2026-03-07T14:14:29Z</time>
   </trkpt>
   <trkpt lat="48.010915" lon="11.873451">
    <ele>560.427</ele>
    <time>2026-03-07T14:14:41Z</time>
   </trkpt>
   <trkpt lat="48.010934" lon="11.873525">
    <ele>560.814</ele>
    <time>2026-03-07T14:14:44Z</time>
   </trkpt>
   <trkpt lat="48.011017" lon="11.873588">
    <ele>562.130</ele>
    <time>2026-03-07T14:14:49Z</time>
   </trkpt>
   <trkpt lat="48.011164" lon="11.873515">
    <ele>563.983</ele>
    <time>2026-03-07T14:14:56Z</time>
   </trkpt>
   <trkpt lat="48.011338" lon="11.873135">
    <ele>567.429</ele>
    <time>2026-03-07T14:15:13Z</time>
   </trkpt>
   <trkpt lat="48.011563" lon="11.872704">
    <ele>571.937</ele>
    <time>2026-03-07T14:15:33Z</time>
   </trkpt>
   <trkpt lat="48.011782" lon="11.872375">
    <ele>574.633</ele>
    <time>2026-03-07T14:15:54Z</time>
   </trkpt>
   <trkpt lat="48.012067" lon="11.872163">
    <ele>577.489</ele>
    <time>2026-03-07T14:16:14Z</time>
   </trkpt>
   <trkpt lat="48.012367" lon="11.871937">
    <ele>572.959</ele>
    <time>2026-03-07T14:16:28Z</time>
   </trkpt>
   <trkpt lat="48.012764" lon="11.871637">
    <ele>572.314</ele>
    <time>2026-03-07T14:16:40Z</time>
   </trkpt>
   <trkpt lat="48.013295" lon="11.871306">
    <ele>572.247</ele>
    <time>2026-03-07T14:16:52Z</time>
   </trkpt>
   <trkpt lat="48.013485" lon="11.871179">
    <ele>573.302</ele>
    <time>2026-03-07T14:16:57Z</time>
   </trkpt>
   <trkpt lat="48.013807" lon="11.870930">
    <ele>573.006</ele>
    <time>2026-03-07T14:17:08Z</time>
   </trkpt>
   <trkpt lat="48.013887" lon="11.870868">
    <ele>572.904</ele>
    <time>2026-03-07T14:17:10Z</time>
   </trkpt>
   <trkpt lat="48.013995" lon="11.870814">
    <ele>571.973</ele>
    <time>2026-03-07T14:17:12Z</time>
   </trkpt>
   <trkpt lat="48.014410" lon="11.870784">
    <ele>571.783</ele>
    <time>2026-03-07T14:17:18Z</time>
   </trkpt>
   <trkpt lat="48.014944" lon="11.870621">
    <ele>571.538</ele>
    <time>2026-03-07T14:17:28Z</time>
   </trkpt>
   <trkpt lat="48.015041" lon="11.870608">
    <ele>572.159</ele>
    <time>2026-03-07T14:17:30Z</time>
   </trkpt>
   <trkpt lat="48.015205" lon="11.870626">
    <ele>573.915</ele>
    <time>2026-03-07T14:17:33Z</time>
   </trkpt>
   <trkpt lat="48.015426" lon="11.870752">
    <ele>575.627</ele>
    <time>2026-03-07T14:17:37Z</time>
   </trkpt>
   <trkpt lat="48.015614" lon="11.870901">
    <ele>575.981</ele>
    <time>2026-03-07T14:17:41Z</time>
   </trkpt>
   <trkpt lat="48.016045" lon="11.871325">
    <ele>583.789</ele>
    <time>2026-03-07T14:17:55Z</time>
   </trkpt>
   <trkpt lat="48.016297" lon="11.871477">
    <ele>585.562</ele>
    <time>2026-03-07T14:18:06Z</time>
   </trkpt>
   <trkpt lat="48.016555" lon="11.871434">
    <ele>585.519</ele>
    <time>2026-03-07T14:18:14Z</time>
   </trkpt>
   <trkpt lat="48.016835" lon="11.871586">
    <ele>584.060</ele>
    <time>2026-03-07T14:18:20Z</time>
   </trkpt>
   <trkpt lat="48.017222" lon="11.871724">
    <ele>589.450</ele>
    <time>2026-03-07T14:18:30Z</time>
   </trkpt>
   <trkpt lat="48.017457" lon="11.871564">
    <ele>598.871</ele>
    <time>2026-03-07T14:18:43Z</time>
   </trkpt>
   <trkpt lat="48.017738" lon="11.871414">
    <ele>601.264</ele>
    <time>2026-03-07T14:18:53Z</time>
   </trkpt>
   <trkpt lat="48.017800" lon="11.871403">
    <ele>601.848</ele>
    <time>2026-03-07T14:18:55Z</time>
   </trkpt>
   <trkpt lat="48.017985" lon="11.871445">
    <ele>600.949</ele>
    <time>2026-03-07T14:18:59Z</time>
   </trkpt>
   <trkpt lat="48.018342" lon="11.871558">
    <ele>598.868</ele>
    <time>2026-03-07T14:19:07Z</time>
   </trkpt>
   <trkpt lat="48.018532" lon="11.871644">
    <ele>598.116</ele>
    <time>2026-03-07T14:19:12Z</time>
   </trkpt>
   <trkpt lat="48.018706" lon="11.871374">
    <ele>599.407</ele>
    <time>2026-03-07T14:19:23Z</time>
   </trkpt>
   <trkpt lat="48.018861" lon="11.871138">
    <ele>599.048</ele>
    <time>2026-03-07T14:19:27Z</time>
   </trkpt>
   <trkpt lat="48.018986" lon="11.870920">
    <ele>599.496</ele>
    <time>2026-03-07T14:19:30Z</time>
   </trkpt>
   <trkpt lat="48.019163" lon="11.870453">
    <ele>598.828</ele>
    <time>2026-03-07T14:19:35Z</time>
   </trkpt>
   <trkpt lat="48.019341" lon="11.869989">
    <ele>596.836</ele>
    <time>2026-03-07T14:19:40Z</time>
   </trkpt>
   <trkpt lat="48.019474" lon="11.869299">
    <ele>597.723</ele>
    <time>2026-03-07T14:19:48Z</time>
   </trkpt>
   <trkpt lat="48.019641" lon="11.868670">
    <ele>597.385</ele>
    <time>2026-03-07T14:19:56Z</time>
   </trkpt>
   <trkpt lat="48.019796" lon="11.868404">
    <ele>601.758</ele>
    <time>2026-03-07T14:20:03Z</time>
   </trkpt>
   <trkpt lat="48.020001" lon="11.868156">
    <ele>603.149</ele>
    <time>2026-03-07T14:20:17Z</time>
   </trkpt>
   <trkpt lat="48.020350" lon="11.867823">
    <ele>604.941</ele>
    <time>2026-03-07T14:20:30Z</time>
   </trkpt>
   <trkpt lat="48.020520" lon="11.867708">
    <ele>603.314</ele>
    <time>2026-03-07T14:20:36Z</time>
   </trkpt>
   <trkpt lat="48.020762" lon="11.867413">
    <ele>603.108</ele>
    <time>2026-03-07T14:20:45Z</time>
   </trkpt>
   <trkpt lat="48.021138" lon="11.867324">
    <ele>603.933</ele>
    <time>2026-03-07T14:20:51Z</time>
   </trkpt>
   <trkpt lat="48.021618" lon="11.867067">
    <ele>603.988</ele>
    <time>2026-03-07T14:21:01Z</time>
   </trkpt>
   <trkpt lat="48.021842" lon="11.866659">
    <ele>604.472</ele>
    <time>2026-03-07T14:21:14Z</time>
   </trkpt>
   <trkpt lat="48.022087" lon="11.866201">
    <ele>601.556</ele>
    <time>2026-03-07T14:21:20Z</time>
   </trkpt>
   <trkpt lat="48.022257" lon="11.865813">
    <ele>599.418</ele>
    <time>2026-03-07T14:21:25Z</time>
   </trkpt>
   <trkpt lat="48.022453" lon="11.865598">
    <ele>599.356</ele>
    <time>2026-03-07T14:21:30Z</time>
   </trkpt>
   <trkpt lat="48.022543" lon="11.865481">
    <ele>599.904</ele>
    <time>2026-03-07T14:21:32Z</time>
   </trkpt>
   <trkpt lat="48.022797" lon="11.865126">
    <ele>599.198</ele>
    <time>2026-03-07T14:21:39Z</time>
   </trkpt>
   <trkpt lat="48.023104" lon="11.864939">
    <ele>603.533</ele>
    <time>2026-03-07T14:21:47Z</time>
   </trkpt>
   <trkpt lat="48.023217" lon="11.864856">
    <ele>604.048</ele>
    <time>2026-03-07T14:21:49Z</time>
   </trkpt>
   <trkpt lat="48.023856" lon="11.864069">
    <ele>601.407</ele>
    <time>2026-03-07T14:21:59Z</time>
   </trkpt>
   <trkpt lat="48.024224" lon="11.863536">
    <ele>589.242</ele>
    <time>2026-03-07T14:22:11Z</time>
   </trkpt>
   <trkpt lat="48.024385" lon="11.863207">
    <ele>589.346</ele>
    <time>2026-03-07T14:22:21Z</time>
   </trkpt>
   <trkpt lat="48.024419" lon="11.862694">
    <ele>587.622</ele>
    <time>2026-03-07T14:22:34Z</time>
   </trkpt>
   <trkpt lat="48.024480" lon="11.862106">
    <ele>584.644</ele>
    <time>2026-03-07T14:22:41Z</time>
   </trkpt>
   <trkpt lat="48.024449" lon="11.861429">
    <ele>587.935</ele>
    <time>2026-03-07T14:22:52Z</time>
   </trkpt>
   <trkpt lat="48.024352" lon="11.861038">
    <ele>589.315</ele>
    <time>2026-03-07T14:23:06Z</time>
   </trkpt>
   <trkpt lat="48.024367" lon="11.860727">
    <ele>591.669</ele>
    <time>2026-03-07T14:23:14Z</time>
   </trkpt>
   <trkpt lat="48.024343" lon="11.860033">
    <ele>593.807</ele>
    <time>2026-03-07T14:23:25Z</time>
   </trkpt>
   <trkpt lat="48.024370" lon="11.859913">
    <ele>590.236</ele>
    <time>2026-03-07T14:23:33Z</time>
   </trkpt>
   <trkpt lat="48.024368" lon="11.859908">
    <ele>590.152</ele>
    <time>2026-03-07T14:23:44Z</time>
   </trkpt>
   <trkpt lat="48.024396" lon="11.859745">
    <ele>587.807</ele>
    <time>2026-03-07T14:23:50Z</time>
   </trkpt>
   <trkpt lat="48.024259" lon="11.859017">
    <ele>585.789</ele>
    <time>2026-03-07T14:24:05Z</time>
   </trkpt>
   <trkpt lat="48.024247" lon="11.858702">
    <ele>583.413</ele>
    <time>2026-03-07T14:24:10Z</time>
   </trkpt>
   <trkpt lat="48.024259" lon="11.858402">
    <ele>579.978</ele>
    <time>2026-03-07T14:24:14Z</time>
   </trkpt>
   <trkpt lat="48.024279" lon="11.858196">
    <ele>578.048</ele>
    <time>2026-03-07T14:24:16Z</time>
   </trkpt>
   <trkpt lat="48.024321" lon="11.857874">
    <ele>576.952</ele>
    <time>2026-03-07T14:24:19Z</time>
   </trkpt>
   <trkpt lat="48.024353" lon="11.856840">
    <ele>574.541</ele>
    <time>2026-03-07T14:24:29Z</time>
   </trkpt>
   <trkpt lat="48.024429" lon="11.856484">
    <ele>574.751</ele>
    <time>2026-03-07T14:24:34Z</time>
   </trkpt>
   <trkpt lat="48.024368" lon="11.856071">
    <ele>574.248</ele>
    <time>2026-03-07T14:24:40Z</time>
   </trkpt>
   <trkpt lat="48.023919" lon="11.854898">
    <ele>569.850</ele>
    <time>2026-03-07T14:24:55Z</time>
   </trkpt>
   <trkpt lat="48.023868" lon="11.854657">
    <ele>568.889</ele>
    <time>2026-03-07T14:24:58Z</time>
   </trkpt>
   <trkpt lat="48.023800" lon="11.854225">
    <ele>569.301</ele>
    <time>2026-03-07T14:25:04Z</time>
   </trkpt>
   <trkpt lat="48.023833" lon="11.854080">
    <ele>568.600</ele>
    <time>2026-03-07T14:25:11Z</time>
   </trkpt>
   <trkpt lat="48.023834" lon="11.854079">
    <ele>568.587</ele>
    <time>2026-03-07T14:25:15Z</time>
   </trkpt>
   <trkpt lat="48.023935" lon="11.854057">
    <ele>568.054</ele>
    <time>2026-03-07T14:25:19Z</time>
   </trkpt>
   <trkpt lat="48.024754" lon="11.854269">
    <ele>566.302</ele>
    <time>2026-03-07T14:25:33Z</time>
   </trkpt>
   <trkpt lat="48.025798" lon="11.854338">
    <ele>566.136</ele>
    <time>2026-03-07T14:25:51Z</time>
   </trkpt>
   <trkpt lat="48.026408" lon="11.854179">
    <ele>567.443</ele>
    <time>2026-03-07T14:26:06Z</time>
   </trkpt>
   <trkpt lat="48.026663" lon="11.854082">
    <ele>570.339</ele>
    <time>2026-03-07T14:26:21Z</time>
   </trkpt>
   <trkpt lat="48.026976" lon="11.853898">
    <ele>573.297</ele>
    <time>2026-03-07T14:26:36Z</time>
   </trkpt>
   <trkpt lat="48.027560" lon="11.853659">
    <ele>571.922</ele>
    <time>2026-03-07T14:26:52Z</time>
   </trkpt>
   <trkpt lat="48.028386" lon="11.853035">
    <ele>566.889</ele>
    <time>2026-03-07T14:27:04Z</time>
   </trkpt>
   <trkpt lat="48.029273" lon="11.852418">
    <ele>564.685</ele>
    <time>2026-03-07T14:27:17Z</time>
   </trkpt>
   <trkpt lat="48.029728" lon="11.852007">
    <ele>564.608</ele>
    <time>2026-03-07T14:27:25Z</time>
   </trkpt>
   <trkpt lat="48.030188" lon="11.851724">
    <ele>567.734</ele>
    <time>2026-03-07T14:27:37Z</time>
   </trkpt>
   <trkpt lat="48.030563" lon="11.851383">
    <ele>573.047</ele>
    <time>2026-03-07T14:27:52Z</time>
   </trkpt>
   <trkpt lat="48.030770" lon="11.851351">
    <ele>577.690</ele>
    <time>2026-03-07T14:28:00Z</time>
   </trkpt>
   <trkpt lat="48.030892" lon="11.851377">
    <ele>581.705</ele>
    <time>2026-03-07T14:28:07Z</time>
   </trkpt>
   <trkpt lat="48.030880" lon="11.851335">
    <ele>579.954</ele>
    <time>2026-03-07T14:28:11Z</time>
   </trkpt>
   <trkpt lat="48.030705" lon="11.851330">
    <ele>578.607</ele>
    <time>2026-03-07T14:28:17Z</time>
   </trkpt>
   <trkpt lat="48.030520" lon="11.851399">
    <ele>576.904</ele>
    <time>2026-03-07T14:28:21Z</time>
   </trkpt>
   <trkpt lat="48.029735" lon="11.852022">
    <ele>570.641</ele>
    <time>2026-03-07T14:28:32Z</time>
   </trkpt>
   <trkpt lat="48.029671" lon="11.852066">
    <ele>570.695</ele>
    <time>2026-03-07T14:28:33Z</time>
   </trkpt>
   <trkpt lat="48.029530" lon="11.852002">
    <ele>569.416</ele>
    <time>2026-03-07T14:28:37Z</time>
   </trkpt>
   <trkpt lat="48.029276" lon="11.851335">
    <ele>569.913</ele>
    <time>2026-03-07T14:28:53Z</time>
   </trkpt>
   <trkpt lat="48.028995" lon="11.850643">
    <ele>572.737</ele>
    <time>2026-03-07T14:29:07Z</time>
   </trkpt>
   <trkpt lat="48.028717" lon="11.850118">
    <ele>576.353</ele>
    <time>2026-03-07T14:29:22Z</time>
   </trkpt>
   <trkpt lat="48.028483" lon="11.849728">
    <ele>580.799</ele>
    <time>2026-03-07T14:29:40Z</time>
   </trkpt>
   <trkpt lat="48.028406" lon="11.849378">
    <ele>580.742</ele>
    <time>2026-03-07T14:29:57Z</time>
   </trkpt>
   <trkpt lat="48.028360" lon="11.849030">
    <ele>583.512</ele>
    <time>2026-03-07T14:30:12Z</time>
   </trkpt>
   <trkpt lat="48.028284" lon="11.848693">
    <ele>582.691</ele>
    <time>2026-03-07T14:30:27Z</time>
   </trkpt>
   <trkpt lat="48.028184" lon="11.848422">
    <ele>583.677</ele>
    <time>2026-03-07T14:30:36Z</time>
   </trkpt>
   <trkpt lat="48.028057" lon="11.848089">
    <ele>579.630</ele>
    <time>2026-03-07T14:30:47Z</time>
   </trkpt>
   <trkpt lat="48.028029" lon="11.848065">
    <ele>578.985</ele>
    <time>2026-03-07T14:30:50Z</time>
   </trkpt>
   <trkpt lat="48.027882" lon="11.847834">
    <ele>576.783</ele>
    <time>2026-03-07T14:31:01Z</time>
   </trkpt>
   <trkpt lat="48.027866" lon="11.847811">
    <ele>576.605</ele>
    <time>2026-03-07T14:31:02Z</time>
   </trkpt>
   <trkpt lat="48.027643" lon="11.847359">
    <ele>576.550</ele>
    <time>2026-03-07T14:31:14Z</time>
   </trkpt>
   <trkpt lat="48.027379" lon="11.846697">
    <ele>575.356</ele>
    <time>2026-03-07T14:31:21Z</time>
   </trkpt>
   <trkpt lat="48.027110" lon="11.845854">
    <ele>580.115</ele>
    <time>2026-03-07T14:31:31Z</time>
   </trkpt>
   <trkpt lat="48.026927" lon="11.845093">
    <ele>585.054</ele>
    <time>2026-03-07T14:31:43Z</time>
   </trkpt>
   <trkpt lat="48.026876" lon="11.844637">
    <ele>587.693</ele>
    <time>2026-03-07T14:31:53Z</time>
   </trkpt>
   <trkpt lat="48.026860" lon="11.844442">
    <ele>589.608</ele>
    <time>2026-03-07T14:31:58Z</time>
   </trkpt>
   <trkpt lat="48.027024" lon="11.844097">
    <ele>589.787</ele>
    <time>2026-03-07T14:32:05Z</time>
   </trkpt>
   <trkpt lat="48.027427" lon="11.843650">
    <ele>584.763</ele>
    <time>2026-03-07T14:32:15Z</time>
   </trkpt>
   <trkpt lat="48.027597" lon="11.843434">
    <ele>584.826</ele>
    <time>2026-03-07T14:32:19Z</time>
   </trkpt>
   <trkpt lat="48.028104" lon="11.842921">
    <ele>586.664</ele>
    <time>2026-03-07T14:32:33Z</time>
   </trkpt>
   <trkpt lat="48.028282" lon="11.842828">
    <ele>588.524</ele>
    <time>2026-03-07T14:32:37Z</time>
   </trkpt>
   <trkpt lat="48.029168" lon="11.842704">
    <ele>585.556</ele>
    <time>2026-03-07T14:32:53Z</time>
   </trkpt>
   <trkpt lat="48.030069" lon="11.842483">
    <ele>585.106</ele>
    <time>2026-03-07T14:33:08Z</time>
   </trkpt>
   <trkpt lat="48.030190" lon="11.842461">
    <ele>584.816</ele>
    <time>2026-03-07T14:33:10Z</time>
   </trkpt>
   <trkpt lat="48.030701" lon="11.842486">
    <ele>583.145</ele>
    <time>2026-03-07T14:33:18Z</time>
   </trkpt>
   <trkpt lat="48.031006" lon="11.842568">
    <ele>583.206</ele>
    <time>2026-03-07T14:33:23Z</time>
   </trkpt>
   <trkpt lat="48.031496" lon="11.842464">
    <ele>582.942</ele>
    <time>2026-03-07T14:33:31Z</time>
   </trkpt>
   <trkpt lat="48.031909" lon="11.842298">
    <ele>583.500</ele>
    <time>2026-03-07T14:33:38Z</time>
   </trkpt>
   <trkpt lat="48.032431" lon="11.842074">
    <ele>579.751</ele>
    <time>2026-03-07T14:33:47Z</time>
   </trkpt>
   <trkpt lat="48.032960" lon="11.841487">
    <ele>579.843</ele>
    <time>2026-03-07T14:33:58Z</time>
   </trkpt>
   <trkpt lat="48.033601" lon="11.841029">
    <ele>580.750</ele>
    <time>2026-03-07T14:34:10Z</time>
   </trkpt>
   <trkpt lat="48.034035" lon="11.840828">
    <ele>581.548</ele>
    <time>2026-03-07T14:34:18Z</time>
   </trkpt>
   <trkpt lat="48.034570" lon="11.840640">
    <ele>585.146</ele>
    <time>2026-03-07T14:34:29Z</time>
   </trkpt>
   <trkpt lat="48.034907" lon="11.840509">
    <ele>587.163</ele>
    <time>2026-03-07T14:34:35Z</time>
   </trkpt>
   <trkpt lat="48.035264" lon="11.840605">
    <ele>585.923</ele>
    <time>2026-03-07T14:34:41Z</time>
   </trkpt>
   <trkpt lat="48.035999" lon="11.841072">
    <ele>587.354</ele>
    <time>2026-03-07T14:34:54Z</time>
   </trkpt>
   <trkpt lat="48.036493" lon="11.841134">
    <ele>586.711</ele>
    <time>2026-03-07T14:35:03Z</time>
   </trkpt>
   <trkpt lat="48.036666" lon="11.841148">
    <ele>584.841</ele>
    <time>2026-03-07T14:35:07Z</time>
   </trkpt>
   <trkpt lat="48.036921" lon="11.841100">
    <ele>581.884</ele>
    <time>2026-03-07T14:35:11Z</time>
   </trkpt>
   <trkpt lat="48.037165" lon="11.841016">
    <ele>583.151</ele>
    <time>2026-03-07T14:35:16Z</time>
   </trkpt>
   <trkpt lat="48.037439" lon="11.841027">
    <ele>588.650</ele>
    <time>2026-03-07T14:35:20Z</time>
   </trkpt>
   <trkpt lat="48.037700" lon="11.841058">
    <ele>593.564</ele>
    <time>2026-03-07T14:35:24Z</time>
   </trkpt>
   <trkpt lat="48.037951" lon="11.841056">
    <ele>596.786</ele>
    <time>2026-03-07T14:35:28Z</time>
   </trkpt>
   <trkpt lat="48.038056" lon="11.841025">
    <ele>597.659</ele>
    <time>2026-03-07T14:35:30Z</time>
   </trkpt>
   <trkpt lat="48.038535" lon="11.840836">
    <ele>603.612</ele>
    <time>2026-03-07T14:35:41Z</time>
   </trkpt>
   <trkpt lat="48.038607" lon="11.840835">
    <ele>604.131</ele>
    <time>2026-03-07T14:35:42Z</time>
   </trkpt>
   <trkpt lat="48.039152" lon="11.840925">
    <ele>593.560</ele>
    <time>2026-03-07T14:35:49Z</time>
   </trkpt>
   <trkpt lat="48.039921" lon="11.840956">
    <ele>593.045</ele>
    <time>2026-03-07T14:36:01Z</time>
   </trkpt>
   <trkpt lat="48.040281" lon="11.840941">
    <ele>592.059</ele>
    <time>2026-03-07T14:36:07Z</time>
   </trkpt>
   <trkpt lat="48.041061" lon="11.840802">
    <ele>591.311</ele>
    <time>2026-03-07T14:36:20Z</time>
   </trkpt>
   <trkpt lat="48.041531" lon="11.840679">
    <ele>595.025</ele>
    <time>2026-03-07T14:36:30Z</time>
   </trkpt>
   <trkpt lat="48.042000" lon="11.840667">
    <ele>595.686</ele>
    <time>2026-03-07T14:36:38Z</time>
   </trkpt>
   <trkpt lat="48.042110" lon="11.840675">
    <ele>593.926</ele>
    <time>2026-03-07T14:36:41Z</time>
   </trkpt>
   <trkpt lat="48.042199" lon="11.840550">
    <ele>592.919</ele>
    <time>2026-03-07T14:36:45Z</time>
   </trkpt>
   <trkpt lat="48.042239" lon="11.840438">
    <ele>592.828</ele>
    <time>2026-03-07T14:36:47Z</time>
   </trkpt>
   <trkpt lat="48.042283" lon="11.840325">
    <ele>591.391</ele>
    <time>2026-03-07T14:36:49Z</time>
   </trkpt>
   <trkpt lat="48.042427" lon="11.840028">
    <ele>587.889</ele>
    <time>2026-03-07T14:36:54Z</time>
   </trkpt>
   <trkpt lat="48.042510" lon="11.839823">
    <ele>588.166</ele>
    <time>2026-03-07T14:36:57Z</time>
   </trkpt>
   <trkpt lat="48.043095" lon="11.838502">
    <ele>582.425</ele>
    <time>2026-03-07T14:37:16Z</time>
   </trkpt>
   <trkpt lat="48.043129" lon="11.838444">
    <ele>582.137</ele>
    <time>2026-03-07T14:37:17Z</time>
   </trkpt>
   <trkpt lat="48.043367" lon="11.838046">
    <ele>580.751</ele>
    <time>2026-03-07T14:37:23Z</time>
   </trkpt>
   <trkpt lat="48.043488" lon="11.837826">
    <ele>580.137</ele>
    <time>2026-03-07T14:37:26Z</time>
   </trkpt>
   <trkpt lat="48.043593" lon="11.837586">
    <ele>579.757</ele>
    <time>2026-03-07T14:37:29Z</time>
   </trkpt>
   <trkpt lat="48.043887" lon="11.836935">
    <ele>581.181</ele>
    <time>2026-03-07T14:37:37Z</time>
   </trkpt>
   <trkpt lat="48.044055" lon="11.836426">
    <ele>580.709</ele>
    <time>2026-03-07T14:37:43Z</time>
   </trkpt>
   <trkpt lat="48.044125" lon="11.836177">
    <ele>582.116</ele>
    <time>2026-03-07T14:37:46Z</time>
   </trkpt>
   <trkpt lat="48.044202" lon="11.835957">
    <ele>581.734</ele>
    <time>2026-03-07T14:37:49Z</time>
   </trkpt>
   <trkpt lat="48.044334" lon="11.835309">
    <ele>580.606</ele>
    <time>2026-03-07T14:37:59Z</time>
   </trkpt>
   <trkpt lat="48.044532" lon="11.834542">
    <ele>584.881</ele>
    <time>2026-03-07T14:38:13Z</time>
   </trkpt>
   <trkpt lat="48.044710" lon="11.834178">
    <ele>588.541</ele>
    <time>2026-03-07T14:38:25Z</time>
   </trkpt>
   <trkpt lat="48.044885" lon="11.833835">
    <ele>589.204</ele>
    <time>2026-03-07T14:38:37Z</time>
   </trkpt>
   <trkpt lat="48.044925" lon="11.833731">
    <ele>589.663</ele>
    <time>2026-03-07T14:38:48Z</time>
   </trkpt>
  </trkseg>
 </trk>
 <trk>
  <name>ACTIVE LOG065358</name>
  <trkseg>
   <trkpt lat="48.044985" lon="11.833636">
    <ele>582.635</ele>
    <time>2026-03-07T14:53:57Z</time>
   </trkpt>
   <trkpt lat="48.044910" lon="11.833597">
    <ele>605.827</ele>
    <time>2026-03-07T14:54:15Z</time>
   </trkpt>
   <trkpt lat="48.044973" lon="11.833501">
    <ele>600.424</ele>
    <time>2026-03-07T14:54:19Z</time>
   </trkpt>
   <trkpt lat="48.045259" lon="11.832799">
    <ele>597.707</ele>
    <time>2026-03-07T14:54:31Z</time>
   </trkpt>
   <trkpt lat="48.045372" lon="11.832402">
    <ele>596.292</ele>
    <time>2026-03-07T14:54:36Z</time>
   </trkpt>
   <trkpt lat="48.045412" lon="11.832042">
    <ele>596.380</ele>
    <time>2026-03-07T14:54:40Z</time>
   </trkpt>
   <trkpt lat="48.045524" lon="11.831618">
    <ele>596.272</ele>
    <time>2026-03-07T14:54:45Z</time>
   </trkpt>
   <trkpt lat="48.045713" lon="11.831262">
    <ele>591.095</ele>
    <time>2026-03-07T14:54:50Z</time>
   </trkpt>
   <trkpt lat="48.045996" lon="11.829967">
    <ele>590.228</ele>
    <time>2026-03-07T14:55:04Z</time>
   </trkpt>
   <trkpt lat="48.046343" lon="11.828839">
    <ele>588.826</ele>
    <time>2026-03-07T14:55:15Z</time>
   </trkpt>
   <trkpt lat="48.046719" lon="11.827699">
    <ele>586.972</ele>
    <time>2026-03-07T14:55:26Z</time>
   </trkpt>
   <trkpt lat="48.046839" lon="11.827427">
    <ele>586.030</ele>
    <time>2026-03-07T14:55:29Z</time>
   </trkpt>
   <trkpt lat="48.046920" lon="11.827117">
    <ele>584.877</ele>
    <time>2026-03-07T14:55:32Z</time>
   </trkpt>
   <trkpt lat="48.047107" lon="11.825846">
    <ele>582.417</ele>
    <time>2026-03-07T14:55:44Z</time>
   </trkpt>
   <trkpt lat="48.047289" lon="11.825001">
    <ele>579.891</ele>
    <time>2026-03-07T14:55:52Z</time>
   </trkpt>
   <trkpt lat="48.047350" lon="11.824434">
    <ele>578.845</ele>
    <time>2026-03-07T14:55:57Z</time>
   </trkpt>
   <trkpt lat="48.047640" lon="11.822922">
    <ele>576.453</ele>
    <time>2026-03-07T14:56:11Z</time>
   </trkpt>
   <trkpt lat="48.047765" lon="11.822258">
    <ele>576.394</ele>
    <time>2026-03-07T14:56:18Z</time>
   </trkpt>
   <trkpt lat="48.047790" lon="11.821902">
    <ele>575.524</ele>
    <time>2026-03-07T14:56:21Z</time>
   </trkpt>
   <trkpt lat="48.047941" lon="11.821245">
    <ele>574.390</ele>
    <time>2026-03-07T14:56:27Z</time>
   </trkpt>
   <trkpt lat="48.047880" lon="11.819941">
    <ele>577.020</ele>
    <time>2026-03-07T14:56:39Z</time>
   </trkpt>
   <trkpt lat="48.047719" lon="11.817829">
    <ele>574.932</ele>
    <time>2026-03-07T14:56:59Z</time>
   </trkpt>
   <trkpt lat="48.047823" lon="11.816402">
    <ele>572.564</ele>
    <time>2026-03-07T14:57:12Z</time>
   </trkpt>
   <trkpt lat="48.047975" lon="11.815579">
    <ele>572.177</ele>
    <time>2026-03-07T14:57:22Z</time>
   </trkpt>
   <trkpt lat="48.048080" lon="11.814060">
    <ele>570.211</ele>
    <time>2026-03-07T14:57:37Z</time>
   </trkpt>
   <trkpt lat="48.048200" lon="11.813078">
    <ele>568.901</ele>
    <time>2026-03-07T14:57:46Z</time>
   </trkpt>
   <trkpt lat="48.048321" lon="11.812644">
    <ele>568.643</ele>
    <time>2026-03-07T14:57:50Z</time>
   </trkpt>
   <trkpt lat="48.049108" lon="11.810664">
    <ele>566.286</ele>
    <time>2026-03-07T14:58:08Z</time>
   </trkpt>
   <trkpt lat="48.049482" lon="11.809672">
    <ele>564.624</ele>
    <time>2026-03-07T14:58:17Z</time>
   </trkpt>
   <trkpt lat="48.050469" lon="11.808792">
    <ele>560.242</ele>
    <time>2026-03-07T14:58:30Z</time>
   </trkpt>
   <trkpt lat="48.051157" lon="11.807631">
    <ele>560.376</ele>
    <time>2026-03-07T14:58:43Z</time>
   </trkpt>
   <trkpt lat="48.051823" lon="11.806329">
    <ele>559.539</ele>
    <time>2026-03-07T14:58:58Z</time>
   </trkpt>
   <trkpt lat="48.051923" lon="11.806041">
    <ele>559.741</ele>
    <time>2026-03-07T14:59:01Z</time>
   </trkpt>
   <trkpt lat="48.052110" lon="11.804895">
    <ele>558.857</ele>
    <time>2026-03-07T14:59:12Z</time>
   </trkpt>
   <trkpt lat="48.052356" lon="11.803485">
    <ele>558.974</ele>
    <time>2026-03-07T14:59:26Z</time>
   </trkpt>
   <trkpt lat="48.052683" lon="11.801780">
    <ele>557.719</ele>
    <time>2026-03-07T14:59:44Z</time>
   </trkpt>
   <trkpt lat="48.052934" lon="11.800427">
    <ele>558.318</ele>
    <time>2026-03-07T14:59:58Z</time>
   </trkpt>
   <trkpt lat="48.052974" lon="11.800106">
    <ele>558.708</ele>
    <time>2026-03-07T15:00:01Z</time>
   </trkpt>
   <trkpt lat="48.053185" lon="11.798964">
    <ele>560.856</ele>
    <time>2026-03-07T15:00:13Z</time>
   </trkpt>
   <trkpt lat="48.053437" lon="11.797239">
    <ele>560.570</ele>
    <time>2026-03-07T15:00:31Z</time>
   </trkpt>
   <trkpt lat="48.053696" lon="11.795633">
    <ele>558.583</ele>
    <time>2026-03-07T15:00:48Z</time>
   </trkpt>
   <trkpt lat="48.054015" lon="11.793852">
    <ele>558.281</ele>
    <time>2026-03-07T15:01:06Z</time>
   </trkpt>
   <trkpt lat="48.054097" lon="11.793475">
    <ele>558.064</ele>
    <time>2026-03-07T15:01:10Z</time>
   </trkpt>
   <trkpt lat="48.054170" lon="11.793206">
    <ele>557.520</ele>
    <time>2026-03-07T15:01:13Z</time>
   </trkpt>
   <trkpt lat="48.054240" lon="11.792722">
    <ele>557.922</ele>
    <time>2026-03-07T15:01:18Z</time>
   </trkpt>
   <trkpt lat="48.054342" lon="11.792272">
    <ele>559.420</ele>
    <time>2026-03-07T15:01:23Z</time>
   </trkpt>
   <trkpt lat="48.054465" lon="11.791530">
    <ele>561.116</ele>
    <time>2026-03-07T15:01:31Z</time>
   </trkpt>
   <trkpt lat="48.054683" lon="11.790352">
    <ele>559.650</ele>
    <time>2026-03-07T15:01:43Z</time>
   </trkpt>
   <trkpt lat="48.054829" lon="11.789697">
    <ele>560.765</ele>
    <time>2026-03-07T15:01:50Z</time>
   </trkpt>
   <trkpt lat="48.055007" lon="11.788585">
    <ele>562.588</ele>
    <time>2026-03-07T15:02:02Z</time>
   </trkpt>
   <trkpt lat="48.055084" lon="11.788138">
    <ele>562.687</ele>
    <time>2026-03-07T15:02:07Z</time>
   </trkpt>
   <trkpt lat="48.055160" lon="11.787837">
    <ele>563.589</ele>
    <time>2026-03-07T15:02:11Z</time>
   </trkpt>
   <trkpt lat="48.055363" lon="11.787758">
    <ele>563.310</ele>
    <time>2026-03-07T15:02:16Z</time>
   </trkpt>
   <trkpt lat="48.055690" lon="11.787927">
    <ele>564.443</ele>
    <time>2026-03-07T15:02:23Z</time>
   </trkpt>
   <trkpt lat="48.056159" lon="11.788214">
    <ele>561.919</ele>
    <time>2026-03-07T15:02:31Z</time>
   </trkpt>
   <trkpt lat="48.056220" lon="11.788253">
    <ele>561.769</ele>
    <time>2026-03-07T15:02:32Z</time>
   </trkpt>
   <trkpt lat="48.056426" lon="11.788390">
    <ele>561.414</ele>
    <time>2026-03-07T15:02:36Z</time>
   </trkpt>
   <trkpt lat="48.056738" lon="11.788737">
    <ele>558.565</ele>
    <time>2026-03-07T15:02:44Z</time>
   </trkpt>
   <trkpt lat="48.056824" lon="11.788841">
    <ele>557.867</ele>
    <time>2026-03-07T15:02:46Z</time>
   </trkpt>
   <trkpt lat="48.057167" lon="11.789213">
    <ele>554.995</ele>
    <time>2026-03-07T15:02:51Z</time>
   </trkpt>
   <trkpt lat="48.057458" lon="11.789390">
    <ele>554.048</ele>
    <time>2026-03-07T15:02:56Z</time>
   </trkpt>
   <trkpt lat="48.057923" lon="11.789541">
    <ele>554.682</ele>
    <time>2026-03-07T15:03:04Z</time>
   </trkpt>
   <trkpt lat="48.058648" lon="11.789812">
    <ele>553.793</ele>
    <time>2026-03-07T15:03:14Z</time>
   </trkpt>
   <trkpt lat="48.059525" lon="11.789949">
    <ele>555.199</ele>
    <time>2026-03-07T15:03:28Z</time>
   </trkpt>
   <trkpt lat="48.059774" lon="11.789902">
    <ele>556.147</ele>
    <time>2026-03-07T15:03:32Z</time>
   </trkpt>
   <trkpt lat="48.060052" lon="11.789773">
    <ele>556.052</ele>
    <time>2026-03-07T15:03:37Z</time>
   </trkpt>
   <trkpt lat="48.060236" lon="11.789571">
    <ele>555.798</ele>
    <time>2026-03-07T15:03:41Z</time>
   </trkpt>
   <trkpt lat="48.060542" lon="11.789490">
    <ele>556.108</ele>
    <time>2026-03-07T15:03:47Z</time>
   </trkpt>
   <trkpt lat="48.061238" lon="11.789409">
    <ele>565.393</ele>
    <time>2026-03-07T15:04:00Z</time>
   </trkpt>
   <trkpt lat="48.061433" lon="11.789387">
    <ele>567.678</ele>
    <time>2026-03-07T15:04:04Z</time>
   </trkpt>
   <trkpt lat="48.061526" lon="11.789369">
    <ele>568.852</ele>
    <time>2026-03-07T15:04:06Z</time>
   </trkpt>
   <trkpt lat="48.062335" lon="11.789459">
    <ele>566.855</ele>
    <time>2026-03-07T15:04:18Z</time>
   </trkpt>
   <trkpt lat="48.062787" lon="11.789460">
    <ele>565.179</ele>
    <time>2026-03-07T15:04:25Z</time>
   </trkpt>
   <trkpt lat="48.063051" lon="11.789478">
    <ele>565.977</ele>
    <time>2026-03-07T15:04:29Z</time>
   </trkpt>
   <trkpt lat="48.063224" lon="11.789482">
    <ele>566.367</ele>
    <time>2026-03-07T15:04:32Z</time>
   </trkpt>
   <trkpt lat="48.063409" lon="11.789518">
    <ele>565.732</ele>
    <time>2026-03-07T15:04:36Z</time>
   </trkpt>
   <trkpt lat="48.063589" lon="11.789539">
    <ele>565.734</ele>
    <time>2026-03-07T15:04:39Z</time>
   </trkpt>
   <trkpt lat="48.063786" lon="11.789528">
    <ele>561.285</ele>
    <time>2026-03-07T15:04:42Z</time>
   </trkpt>
   <trkpt lat="48.064008" lon="11.789500">
    <ele>559.612</ele>
    <time>2026-03-07T15:04:45Z</time>
   </trkpt>
   <trkpt lat="48.064475" lon="11.789268">
    <ele>559.570</ele>
    <time>2026-03-07T15:04:53Z</time>
   </trkpt>
   <trkpt lat="48.065055" lon="11.788936">
    <ele>561.151</ele>
    <time>2026-03-07T15:05:03Z</time>
   </trkpt>
   <trkpt lat="48.065274" lon="11.788761">
    <ele>561.282</ele>
    <time>2026-03-07T15:05:07Z</time>
   </trkpt>
   <trkpt lat="48.066101" lon="11.788364">
    <ele>555.602</ele>
    <time>2026-03-07T15:05:20Z</time>
   </trkpt>
   <trkpt lat="48.066373" lon="11.788131">
    <ele>554.973</ele>
    <time>2026-03-07T15:05:25Z</time>
   </trkpt>
   <trkpt lat="48.067121" lon="11.787425">
    <ele>552.987</ele>
    <time>2026-03-07T15:05:39Z</time>
   </trkpt>
   <trkpt lat="48.067177" lon="11.787385">
    <ele>552.284</ele>
    <time>2026-03-07T15:05:40Z</time>
   </trkpt>
   <trkpt lat="48.067318" lon="11.787233">
    <ele>551.570</ele>
    <time>2026-03-07T15:05:43Z</time>
   </trkpt>
   <trkpt lat="48.067591" lon="11.787008">
    <ele>551.290</ele>
    <time>2026-03-07T15:05:48Z</time>
   </trkpt>
   <trkpt lat="48.068181" lon="11.786436">
    <ele>548.449</ele>
    <time>2026-03-07T15:06:00Z</time>
   </trkpt>
   <trkpt lat="48.068901" lon="11.785812">
    <ele>548.786</ele>
    <time>2026-03-07T15:06:14Z</time>
   </trkpt>
   <trkpt lat="48.069005" lon="11.785731">
    <ele>548.841</ele>
    <time>2026-03-07T15:06:16Z</time>
   </trkpt>
   <trkpt lat="48.069161" lon="11.785545">
    <ele>548.278</ele>
    <time>2026-03-07T15:06:20Z</time>
   </trkpt>
   <trkpt lat="48.069368" lon="11.785091">
    <ele>549.941</ele>
    <time>2026-03-07T15:06:28Z</time>
   </trkpt>
   <trkpt lat="48.069542" lon="11.784254">
    <ele>552.009</ele>
    <time>2026-03-07T15:06:42Z</time>
   </trkpt>
   <trkpt lat="48.069874" lon="11.782851">
    <ele>551.522</ele>
    <time>2026-03-07T15:07:00Z</time>
   </trkpt>
   <trkpt lat="48.069942" lon="11.782599">
    <ele>552.041</ele>
    <time>2026-03-07T15:07:03Z</time>
   </trkpt>
   <trkpt lat="48.070167" lon="11.781973">
    <ele>552.060</ele>
    <time>2026-03-07T15:07:11Z</time>
   </trkpt>
   <trkpt lat="48.070308" lon="11.781488">
    <ele>552.033</ele>
    <time>2026-03-07T15:07:17Z</time>
   </trkpt>
   <trkpt lat="48.070869" lon="11.779817">
    <ele>552.237</ele>
    <time>2026-03-07T15:07:39Z</time>
   </trkpt>
   <trkpt lat="48.071536" lon="11.777550">
    <ele>551.903</ele>
    <time>2026-03-07T15:08:08Z</time>
   </trkpt>
   <trkpt lat="48.072144" lon="11.775182">
    <ele>552.319</ele>
    <time>2026-03-07T15:08:37Z</time>
   </trkpt>
   <trkpt lat="48.072593" lon="11.773634">
    <ele>551.719</ele>
    <time>2026-03-07T15:08:56Z</time>
   </trkpt>
   <trkpt lat="48.072714" lon="11.773204">
    <ele>551.695</ele>
    <time>2026-03-07T15:09:02Z</time>
   </trkpt>
   <trkpt lat="48.072619" lon="11.772921">
    <ele>551.297</ele>
    <time>2026-03-07T15:09:07Z</time>
   </trkpt>
   <trkpt lat="48.072337" lon="11.772806">
    <ele>551.632</ele>
    <time>2026-03-07T15:09:12Z</time>
   </trkpt>
   <trkpt lat="48.072248" lon="11.772728">
    <ele>553.158</ele>
    <time>2026-03-07T15:09:15Z</time>
   </trkpt>
   <trkpt lat="48.072278" lon="11.772594">
    <ele>553.766</ele>
    <time>2026-03-07T15:09:20Z</time>
   </trkpt>
   <trkpt lat="48.072454" lon="11.772237">
    <ele>552.043</ele>
    <time>2026-03-07T15:09:27Z</time>
   </trkpt>
   <trkpt lat="48.072735" lon="11.771305">
    <ele>551.544</ele>
    <time>2026-03-07T15:09:39Z</time>
   </trkpt>
   <trkpt lat="48.072662" lon="11.771013">
    <ele>550.261</ele>
    <time>2026-03-07T15:09:44Z</time>
   </trkpt>
   <trkpt lat="48.072463" lon="11.770945">
    <ele>548.117</ele>
    <time>2026-03-07T15:09:48Z</time>
   </trkpt>
   <trkpt lat="48.071823" lon="11.770789">
    <ele>543.293</ele>
    <time>2026-03-07T15:10:02Z</time>
   </trkpt>
   <trkpt lat="48.071844" lon="11.770824">
    <ele>544.254</ele>
    <time>2026-03-07T15:10:08Z</time>
   </trkpt>
   <trkpt lat="48.071985" lon="11.770879">
    <ele>541.507</ele>
    <time>2026-03-07T15:10:13Z</time>
   </trkpt>
   <trkpt lat="48.072155" lon="11.770882">
    <ele>542.243</ele>
    <time>2026-03-07T15:10:19Z</time>
   </trkpt>
   <trkpt lat="48.072438" lon="11.770972">
    <ele>541.151</ele>
    <time>2026-03-07T15:10:26Z</time>
   </trkpt>
   <trkpt lat="48.072678" lon="11.771033">
    <ele>543.793</ele>
    <time>2026-03-07T15:10:32Z</time>
   </trkpt>
   <trkpt lat="48.072925" lon="11.770536">
    <ele>546.762</ele>
    <time>2026-03-07T15:10:41Z</time>
   </trkpt>
   <trkpt lat="48.072953" lon="11.770468">
    <ele>547.184</ele>
    <time>2026-03-07T15:10:42Z</time>
   </trkpt>
   <trkpt lat="48.073034" lon="11.770253">
    <ele>547.108</ele>
    <time>2026-03-07T15:10:45Z</time>
   </trkpt>
   <trkpt lat="48.073011" lon="11.769747">
    <ele>548.450</ele>
    <time>2026-03-07T15:10:52Z</time>
   </trkpt>
   <trkpt lat="48.072843" lon="11.768939">
    <ele>553.178</ele>
    <time>2026-03-07T15:11:03Z</time>
   </trkpt>
   <trkpt lat="48.072764" lon="11.768691">
    <ele>552.581</ele>
    <time>2026-03-07T15:11:07Z</time>
   </trkpt>
   <trkpt lat="48.072676" lon="11.768503">
    <ele>551.990</ele>
    <time>2026-03-07T15:11:10Z</time>
   </trkpt>
   <trkpt lat="48.072543" lon="11.768302">
    <ele>549.935</ele>
    <time>2026-03-07T15:11:13Z</time>
   </trkpt>
   <trkpt lat="48.072298" lon="11.767760">
    <ele>553.071</ele>
    <time>2026-03-07T15:11:23Z</time>
   </trkpt>
   <trkpt lat="48.072022" lon="11.767383">
    <ele>555.649</ele>
    <time>2026-03-07T15:11:32Z</time>
   </trkpt>
   <trkpt lat="48.071760" lon="11.767034">
    <ele>557.539</ele>
    <time>2026-03-07T15:11:40Z</time>
   </trkpt>
   <trkpt lat="48.071654" lon="11.766893">
    <ele>558.525</ele>
    <time>2026-03-07T15:11:44Z</time>
   </trkpt>
   <trkpt lat="48.071513" lon="11.766703">
    <ele>559.136</ele>
    <time>2026-03-07T15:11:50Z</time>
   </trkpt>
   <trkpt lat="48.071069" lon="11.766216">
    <ele>556.939</ele>
    <time>2026-03-07T15:12:01Z</time>
   </trkpt>
   <trkpt lat="48.071044" lon="11.766200">
    <ele>558.119</ele>
    <time>2026-03-07T15:12:47Z</time>
   </trkpt>
   <trkpt lat="48.070926" lon="11.766043">
    <ele>557.903</ele>
    <time>2026-03-07T15:13:05Z</time>
   </trkpt>
   <trkpt lat="48.070911" lon="11.766025">
    <ele>557.671</ele>
    <time>2026-03-07T15:13:52Z</time>
   </trkpt>
   <trkpt lat="48.070911" lon="11.766024">
    <ele>557.671</ele>
    <time>2026-03-07T15:13:53Z</time>
   </trkpt>
   <trkpt lat="48.070747" lon="11.765858">
    <ele>557.654</ele>
    <time>2026-03-07T15:14:01Z</time>
   </trkpt>
   <trkpt lat="48.070447" lon="11.765549">
    <ele>556.479</ele>
    <time>2026-03-07T15:14:08Z</time>
   </trkpt>
   <trkpt lat="48.069976" lon="11.764853">
    <ele>559.666</ele>
    <time>2026-03-07T15:14:24Z</time>
   </trkpt>
   <trkpt lat="48.069722" lon="11.764333">
    <ele>556.654</ele>
    <time>2026-03-07T15:14:33Z</time>
   </trkpt>
   <trkpt lat="48.069516" lon="11.764020">
    <ele>557.645</ele>
    <time>2026-03-07T15:14:39Z</time>
   </trkpt>
   <trkpt lat="48.069137" lon="11.763478">
    <ele>558.044</ele>
    <time>2026-03-07T15:14:50Z</time>
   </trkpt>
   <trkpt lat="48.068973" lon="11.763268">
    <ele>558.883</ele>
    <time>2026-03-07T15:14:55Z</time>
   </trkpt>
   <trkpt lat="48.068689" lon="11.762953">
    <ele>557.504</ele>
    <time>2026-03-07T15:15:04Z</time>
   </trkpt>
   <trkpt lat="48.068342" lon="11.762371">
    <ele>553.001</ele>
    <time>2026-03-07T15:15:14Z</time>
   </trkpt>
   <trkpt lat="48.068234" lon="11.762139">
    <ele>553.680</ele>
    <time>2026-03-07T15:15:18Z</time>
   </trkpt>
   <trkpt lat="48.068168" lon="11.761947">
    <ele>552.372</ele>
    <time>2026-03-07T15:15:22Z</time>
   </trkpt>
   <trkpt lat="48.067895" lon="11.761281">
    <ele>546.122</ele>
    <time>2026-03-07T15:15:33Z</time>
   </trkpt>
   <trkpt lat="48.067816" lon="11.761060">
    <ele>543.261</ele>
    <time>2026-03-07T15:15:37Z</time>
   </trkpt>
   <trkpt lat="48.067685" lon="11.760707">
    <ele>543.557</ele>
    <time>2026-03-07T15:15:42Z</time>
   </trkpt>
   <trkpt lat="48.067334" lon="11.760055">
    <ele>543.674</ele>
    <time>2026-03-07T15:15:52Z</time>
   </trkpt>
   <trkpt lat="48.067239" lon="11.759867">
    <ele>544.850</ele>
    <time>2026-03-07T15:15:55Z</time>
   </trkpt>
   <trkpt lat="48.067036" lon="11.759786">
    <ele>547.561</ele>
    <time>2026-03-07T15:16:00Z</time>
   </trkpt>
   <trkpt lat="48.066962" lon="11.759874">
    <ele>548.890</ele>
    <time>2026-03-07T15:16:02Z</time>
   </trkpt>
   <trkpt lat="48.066502" lon="11.760411">
    <ele>550.928</ele>
    <time>2026-03-07T15:16:13Z</time>
   </trkpt>
   <trkpt lat="48.065798" lon="11.761318">
    <ele>553.290</ele>
    <time>2026-03-07T15:16:31Z</time>
   </trkpt>
   <trkpt lat="48.065610" lon="11.761470">
    <ele>554.038</ele>
    <time>2026-03-07T15:16:35Z</time>
   </trkpt>
   <trkpt lat="48.065403" lon="11.761498">
    <ele>553.896</ele>
    <time>2026-03-07T15:16:39Z</time>
   </trkpt>
   <trkpt lat="48.064936" lon="11.761139">
    <ele>555.765</ele>
    <time>2026-03-07T15:16:50Z</time>
   </trkpt>
   <trkpt lat="48.064693" lon="11.760967">
    <ele>556.538</ele>
    <time>2026-03-07T15:16:56Z</time>
   </trkpt>
   <trkpt lat="48.064482" lon="11.760938">
    <ele>556.814</ele>
    <time>2026-03-07T15:17:00Z</time>
   </trkpt>
   <trkpt lat="48.064337" lon="11.760969">
    <ele>557.076</ele>
    <time>2026-03-07T15:17:03Z</time>
   </trkpt>
   <trkpt lat="48.063729" lon="11.760888">
    <ele>560.326</ele>
    <time>2026-03-07T15:17:13Z</time>
   </trkpt>
   <trkpt lat="48.063461" lon="11.761327">
    <ele>559.958</ele>
    <time>2026-03-07T15:17:21Z</time>
   </trkpt>
   <trkpt lat="48.063230" lon="11.761825">
    <ele>560.040</ele>
    <time>2026-03-07T15:17:29Z</time>
   </trkpt>
   <trkpt lat="48.062902" lon="11.762499">
    <ele>559.782</ele>
    <time>2026-03-07T15:17:42Z</time>
   </trkpt>
   <trkpt lat="48.062361" lon="11.763647">
    <ele>558.580</ele>
    <time>2026-03-07T15:17:59Z</time>
   </trkpt>
   <trkpt lat="48.061580" lon="11.765283">
    <ele>559.298</ele>
    <time>2026-03-07T15:18:23Z</time>
   </trkpt>
   <trkpt lat="48.060929" lon="11.766655">
    <ele>559.930</ele>
    <time>2026-03-07T15:18:43Z</time>
   </trkpt>
   <trkpt lat="48.060346" lon="11.767926">
    <ele>559.530</ele>
    <time>2026-03-07T15:19:02Z</time>
   </trkpt>
   <trkpt lat="48.059761" lon="11.769321">
    <ele>558.791</ele>
    <time>2026-03-07T15:19:23Z</time>
   </trkpt>
   <trkpt lat="48.059738" lon="11.769382">
    <ele>558.606</ele>
    <time>2026-03-07T15:19:24Z</time>
   </trkpt>
   <trkpt lat="48.059453" lon="11.770430">
    <ele>559.720</ele>
    <time>2026-03-07T15:19:38Z</time>
   </trkpt>
   <trkpt lat="48.059409" lon="11.770756">
    <ele>558.898</ele>
    <time>2026-03-07T15:19:42Z</time>
   </trkpt>
   <trkpt lat="48.059447" lon="11.771913">
    <ele>557.909</ele>
    <time>2026-03-07T15:19:56Z</time>
   </trkpt>
   <trkpt lat="48.059425" lon="11.772189">
    <ele>558.607</ele>
    <time>2026-03-07T15:20:04Z</time>
   </trkpt>
   <trkpt lat="48.059425" lon="11.772188">
    <ele>558.539</ele>
    <time>2026-03-07T15:20:11Z</time>
   </trkpt>
   <trkpt lat="48.059293" lon="11.772296">
    <ele>558.855</ele>
    <time>2026-03-07T15:20:17Z</time>
   </trkpt>
   <trkpt lat="48.058483" lon="11.772496">
    <ele>559.292</ele>
    <time>2026-03-07T15:20:31Z</time>
   </trkpt>
   <trkpt lat="48.058118" lon="11.772683">
    <ele>558.594</ele>
    <time>2026-03-07T15:20:37Z</time>
   </trkpt>
   <trkpt lat="48.057425" lon="11.772520">
    <ele>558.719</ele>
    <time>2026-03-07T15:20:49Z</time>
   </trkpt>
   <trkpt lat="48.057194" lon="11.772729">
    <ele>559.129</ele>
    <time>2026-03-07T15:20:55Z</time>
   </trkpt>
   <trkpt lat="48.057167" lon="11.772870">
    <ele>558.849</ele>
    <time>2026-03-07T15:20:57Z</time>
   </trkpt>
   <trkpt lat="48.056698" lon="11.773778">
    <ele>559.267</ele>
    <time>2026-03-07T15:21:12Z</time>
   </trkpt>
   <trkpt lat="48.055854" lon="11.774925">
    <ele>559.614</ele>
    <time>2026-03-07T15:21:32Z</time>
   </trkpt>
   <trkpt lat="48.055335" lon="11.775589">
    <ele>559.838</ele>
    <time>2026-03-07T15:21:44Z</time>
   </trkpt>
   <trkpt lat="48.054775" lon="11.776185">
    <ele>558.731</ele>
    <time>2026-03-07T15:21:57Z</time>
   </trkpt>
   <trkpt lat="48.054167" lon="11.776800">
    <ele>558.360</ele>
    <time>2026-03-07T15:22:10Z</time>
   </trkpt>
   <trkpt lat="48.053218" lon="11.777784">
    <ele>558.739</ele>
    <time>2026-03-07T15:22:31Z</time>
   </trkpt>
   <trkpt lat="48.052050" lon="11.778960">
    <ele>557.794</ele>
    <time>2026-03-07T15:22:55Z</time>
   </trkpt>
   <trkpt lat="48.051006" lon="11.779834">
    <ele>558.268</ele>
    <time>2026-03-07T15:23:16Z</time>
   </trkpt>
   <trkpt lat="48.050272" lon="11.780695">
    <ele>559.561</ele>
    <time>2026-03-07T15:23:33Z</time>
   </trkpt>
   <trkpt lat="48.049328" lon="11.781807">
    <ele>560.144</ele>
    <time>2026-03-07T15:23:54Z</time>
   </trkpt>
   <trkpt lat="48.049084" lon="11.782099">
    <ele>562.927</ele>
    <time>2026-03-07T15:24:00Z</time>
   </trkpt>
   <trkpt lat="48.048809" lon="11.782488">
    <ele>565.609</ele>
    <time>2026-03-07T15:24:07Z</time>
   </trkpt>
   <trkpt lat="48.048348" lon="11.782992">
    <ele>568.925</ele>
    <time>2026-03-07T15:24:18Z</time>
   </trkpt>
   <trkpt lat="48.048264" lon="11.783072">
    <ele>568.808</ele>
    <time>2026-03-07T15:24:20Z</time>
   </trkpt>
   <trkpt lat="48.048127" lon="11.783285">
    <ele>566.858</ele>
    <time>2026-03-07T15:24:24Z</time>
   </trkpt>
   <trkpt lat="48.047374" lon="11.784105">
    <ele>563.534</ele>
    <time>2026-03-07T15:24:42Z</time>
   </trkpt>
   <trkpt lat="48.046683" lon="11.784579">
    <ele>562.898</ele>
    <time>2026-03-07T15:24:58Z</time>
   </trkpt>
   <trkpt lat="48.046208" lon="11.784837">
    <ele>563.590</ele>
    <time>2026-03-07T15:25:13Z</time>
   </trkpt>
   <trkpt lat="48.045833" lon="11.785032">
    <ele>565.948</ele>
    <time>2026-03-07T15:25:23Z</time>
   </trkpt>
   <trkpt lat="48.045622" lon="11.785157">
    <ele>565.698</ele>
    <time>2026-03-07T15:25:28Z</time>
   </trkpt>
   <trkpt lat="48.045339" lon="11.785245">
    <ele>565.887</ele>
    <time>2026-03-07T15:25:34Z</time>
   </trkpt>
   <trkpt lat="48.044838" lon="11.785606">
    <ele>564.837</ele>
    <time>2026-03-07T15:25:46Z</time>
   </trkpt>
   <trkpt lat="48.044455" lon="11.785813">
    <ele>566.528</ele>
    <time>2026-03-07T15:25:56Z</time>
   </trkpt>
   <trkpt lat="48.044051" lon="11.786100">
    <ele>568.331</ele>
    <time>2026-03-07T15:26:07Z</time>
   </trkpt>
   <trkpt lat="48.043913" lon="11.786196">
    <ele>568.642</ele>
    <time>2026-03-07T15:26:10Z</time>
   </trkpt>
   <trkpt lat="48.043353" lon="11.786611">
    <ele>572.822</ele>
    <time>2026-03-07T15:26:23Z</time>
   </trkpt>
   <trkpt lat="48.043310" lon="11.786641">
    <ele>573.348</ele>
    <time>2026-03-07T15:26:24Z</time>
   </trkpt>
   <trkpt lat="48.042983" lon="11.786862">
    <ele>573.916</ele>
    <time>2026-03-07T15:26:30Z</time>
   </trkpt>
   <trkpt lat="48.042784" lon="11.786968">
    <ele>572.543</ele>
    <time>2026-03-07T15:26:33Z</time>
   </trkpt>
   <trkpt lat="48.042373" lon="11.787264">
    <ele>576.233</ele>
    <time>2026-03-07T15:26:43Z</time>
   </trkpt>
   <trkpt lat="48.042077" lon="11.787391">
    <ele>577.473</ele>
    <time>2026-03-07T15:26:49Z</time>
   </trkpt>
   <trkpt lat="48.041786" lon="11.787553">
    <ele>575.803</ele>
    <time>2026-03-07T15:26:54Z</time>
   </trkpt>
   <trkpt lat="48.040863" lon="11.787918">
    <ele>573.517</ele>
    <time>2026-03-07T15:27:13Z</time>
   </trkpt>
   <trkpt lat="48.040629" lon="11.788032">
    <ele>574.811</ele>
    <time>2026-03-07T15:27:18Z</time>
   </trkpt>
   <trkpt lat="48.040064" lon="11.788239">
    <ele>575.578</ele>
    <time>2026-03-07T15:27:29Z</time>
   </trkpt>
   <trkpt lat="48.039789" lon="11.788394">
    <ele>575.807</ele>
    <time>2026-03-07T15:27:35Z</time>
   </trkpt>
   <trkpt lat="48.039467" lon="11.788611">
    <ele>579.639</ele>
    <time>2026-03-07T15:27:42Z</time>
   </trkpt>
   <trkpt lat="48.038738" lon="11.789001">
    <ele>577.447</ele>
    <time>2026-03-07T15:27:57Z</time>
   </trkpt>
   <trkpt lat="48.038402" lon="11.789207">
    <ele>578.312</ele>
    <time>2026-03-07T15:28:04Z</time>
   </trkpt>
   <trkpt lat="48.037794" lon="11.789613">
    <ele>579.884</ele>
    <time>2026-03-07T15:28:17Z</time>
   </trkpt>
   <trkpt lat="48.036814" lon="11.790248">
    <ele>571.829</ele>
    <time>2026-03-07T15:28:35Z</time>
   </trkpt>
   <trkpt lat="48.035990" lon="11.790871">
    <ele>570.809</ele>
    <time>2026-03-07T15:28:52Z</time>
   </trkpt>
   <trkpt lat="48.035398" lon="11.791705">
    <ele>570.720</ele>
    <time>2026-03-07T15:29:07Z</time>
   </trkpt>
   <trkpt lat="48.035369" lon="11.791762">
    <ele>570.954</ele>
    <time>2026-03-07T15:29:08Z</time>
   </trkpt>
   <trkpt lat="48.035248" lon="11.791948">
    <ele>571.562</ele>
    <time>2026-03-07T15:29:12Z</time>
   </trkpt>
   <trkpt lat="48.035153" lon="11.792089">
    <ele>571.236</ele>
    <time>2026-03-07T15:29:15Z</time>
   </trkpt>
   <trkpt lat="48.034971" lon="11.792339">
    <ele>571.720</ele>
    <time>2026-03-07T15:29:20Z</time>
   </trkpt>
   <trkpt lat="48.034841" lon="11.792566">
    <ele>573.485</ele>
    <time>2026-03-07T15:29:24Z</time>
   </trkpt>
   <trkpt lat="48.034773" lon="11.792505">
    <ele>574.367</ele>
    <time>2026-03-07T15:29:28Z</time>
   </trkpt>
   <trkpt lat="48.034821" lon="11.791758">
    <ele>573.336</ele>
    <time>2026-03-07T15:29:38Z</time>
   </trkpt>
   <trkpt lat="48.034920" lon="11.789998">
    <ele>569.975</ele>
    <time>2026-03-07T15:29:59Z</time>
   </trkpt>
   <trkpt lat="48.034927" lon="11.789833">
    <ele>569.680</ele>
    <time>2026-03-07T15:30:01Z</time>
   </trkpt>
   <trkpt lat="48.035084" lon="11.788269">
    <ele>568.582</ele>
    <time>2026-03-07T15:30:20Z</time>
   </trkpt>
   <trkpt lat="48.035101" lon="11.788107">
    <ele>568.504</ele>
    <time>2026-03-07T15:30:22Z</time>
   </trkpt>
   <trkpt lat="48.035529" lon="11.786743">
    <ele>565.872</ele>
    <time>2026-03-07T15:30:40Z</time>
   </trkpt>
   <trkpt lat="48.035778" lon="11.785987">
    <ele>567.945</ele>
    <time>2026-03-07T15:30:50Z</time>
   </trkpt>
   <trkpt lat="48.036196" lon="11.784953">
    <ele>565.972</ele>
    <time>2026-03-07T15:31:06Z</time>
   </trkpt>
   <trkpt lat="48.036297" lon="11.783991">
    <ele>564.683</ele>
    <time>2026-03-07T15:31:20Z</time>
   </trkpt>
   <trkpt lat="48.036236" lon="11.783939">
    <ele>564.801</ele>
    <time>2026-03-07T15:31:23Z</time>
   </trkpt>
   <trkpt lat="48.036174" lon="11.783948">
    <ele>566.574</ele>
    <time>2026-03-07T15:31:26Z</time>
   </trkpt>
   <trkpt lat="48.035579" lon="11.783977">
    <ele>568.249</ele>
    <time>2026-03-07T15:31:40Z</time>
   </trkpt>
   <trkpt lat="48.034352" lon="11.784150">
    <ele>569.806</ele>
    <time>2026-03-07T15:32:06Z</time>
   </trkpt>
   <trkpt lat="48.033612" lon="11.784455">
    <ele>579.652</ele>
    <time>2026-03-07T15:32:25Z</time>
   </trkpt>
   <trkpt lat="48.033468" lon="11.784526">
    <ele>579.016</ele>
    <time>2026-03-07T15:32:28Z</time>
   </trkpt>
   <trkpt lat="48.032936" lon="11.784781">
    <ele>575.751</ele>
    <time>2026-03-07T15:32:42Z</time>
   </trkpt>
   <trkpt lat="48.032859" lon="11.784823">
    <ele>575.110</ele>
    <time>2026-03-07T15:32:44Z</time>
   </trkpt>
   <trkpt lat="48.032768" lon="11.784729">
    <ele>573.485</ele>
    <time>2026-03-07T15:32:48Z</time>
   </trkpt>
   <trkpt lat="48.032745" lon="11.784479">
    <ele>571.624</ele>
    <time>2026-03-07T15:32:51Z</time>
   </trkpt>
   <trkpt lat="48.032578" lon="11.783124">
    <ele>569.250</ele>
    <time>2026-03-07T15:33:06Z</time>
   </trkpt>
   <trkpt lat="48.032555" lon="11.782963">
    <ele>569.052</ele>
    <time>2026-03-07T15:33:08Z</time>
   </trkpt>
   <trkpt lat="48.032390" lon="11.781558">
    <ele>571.251</ele>
    <time>2026-03-07T15:33:25Z</time>
   </trkpt>
   <trkpt lat="48.032217" lon="11.779951">
    <ele>572.949</ele>
    <time>2026-03-07T15:33:44Z</time>
   </trkpt>
   <trkpt lat="48.032029" lon="11.778399">
    <ele>571.459</ele>
    <time>2026-03-07T15:34:03Z</time>
   </trkpt>
   <trkpt lat="48.031931" lon="11.777491">
    <ele>571.606</ele>
    <time>2026-03-07T15:34:14Z</time>
   </trkpt>
   <trkpt lat="48.031769" lon="11.776055">
    <ele>572.423</ele>
    <time>2026-03-07T15:34:32Z</time>
   </trkpt>
   <trkpt lat="48.031605" lon="11.774563">
    <ele>571.991</ele>
    <time>2026-03-07T15:34:51Z</time>
   </trkpt>
   <trkpt lat="48.031416" lon="11.772765">
    <ele>571.524</ele>
    <time>2026-03-07T15:35:14Z</time>
   </trkpt>
   <trkpt lat="48.031261" lon="11.771405">
    <ele>573.071</ele>
    <time>2026-03-07T15:35:32Z</time>
   </trkpt>
   <trkpt lat="48.031147" lon="11.770154">
    <ele>572.406</ele>
    <time>2026-03-07T15:35:48Z</time>
   </trkpt>
   <trkpt lat="48.030950" lon="11.768390">
    <ele>574.095</ele>
    <time>2026-03-07T15:36:11Z</time>
   </trkpt>
   <trkpt lat="48.030753" lon="11.766799">
    <ele>574.032</ele>
    <time>2026-03-07T15:36:32Z</time>
   </trkpt>
   <trkpt lat="48.030615" lon="11.765587">
    <ele>574.411</ele>
    <time>2026-03-07T15:36:50Z</time>
   </trkpt>
   <trkpt lat="48.030539" lon="11.764803">
    <ele>574.437</ele>
    <time>2026-03-07T15:37:01Z</time>
   </trkpt>
   <trkpt lat="48.030447" lon="11.764384">
    <ele>573.493</ele>
    <time>2026-03-07T15:37:07Z</time>
   </trkpt>
   <trkpt lat="48.030402" lon="11.763942">
    <ele>574.633</ele>
    <time>2026-03-07T15:37:13Z</time>
   </trkpt>
   <trkpt lat="48.030363" lon="11.763575">
    <ele>574.570</ele>
    <time>2026-03-07T15:37:18Z</time>
   </trkpt>
   <trkpt lat="48.030300" lon="11.762970">
    <ele>576.549</ele>
    <time>2026-03-07T15:37:26Z</time>
   </trkpt>
   <trkpt lat="48.030198" lon="11.761867">
    <ele>576.999</ele>
    <time>2026-03-07T15:37:42Z</time>
   </trkpt>
   <trkpt lat="48.030027" lon="11.760147">
    <ele>575.673</ele>
    <time>2026-03-07T15:38:04Z</time>
   </trkpt>
   <trkpt lat="48.029858" lon="11.758556">
    <ele>575.595</ele>
    <time>2026-03-07T15:38:25Z</time>
   </trkpt>
   <trkpt lat="48.029713" lon="11.757218">
    <ele>574.880</ele>
    <time>2026-03-07T15:38:43Z</time>
   </trkpt>
   <trkpt lat="48.029610" lon="11.756178">
    <ele>573.914</ele>
    <time>2026-03-07T15:38:57Z</time>
   </trkpt>
   <trkpt lat="48.029466" lon="11.755999">
    <ele>572.984</ele>
    <time>2026-03-07T15:39:02Z</time>
   </trkpt>
   <trkpt lat="48.028455" lon="11.756234">
    <ele>574.925</ele>
    <time>2026-03-07T15:39:22Z</time>
   </trkpt>
   <trkpt lat="48.027469" lon="11.756519">
    <ele>573.641</ele>
    <time>2026-03-07T15:39:42Z</time>
   </trkpt>
   <trkpt lat="48.027345" lon="11.756543">
    <ele>573.552</ele>
    <time>2026-03-07T15:39:45Z</time>
   </trkpt>
   <trkpt lat="48.027084" lon="11.756615">
    <ele>573.391</ele>
    <time>2026-03-07T15:39:51Z</time>
   </trkpt>
   <trkpt lat="48.026839" lon="11.756646">
    <ele>574.189</ele>
    <time>2026-03-07T15:39:57Z</time>
   </trkpt>
   <trkpt lat="48.026651" lon="11.756737">
    <ele>575.159</ele>
    <time>2026-03-07T15:40:01Z</time>
   </trkpt>
   <trkpt lat="48.025975" lon="11.756898">
    <ele>577.164</ele>
    <time>2026-03-07T15:40:15Z</time>
   </trkpt>
   <trkpt lat="48.024602" lon="11.757219">
    <ele>574.308</ele>
    <time>2026-03-07T15:40:41Z</time>
   </trkpt>
   <trkpt lat="48.023551" lon="11.757469">
    <ele>574.761</ele>
    <time>2026-03-07T15:41:01Z</time>
   </trkpt>
   <trkpt lat="48.022624" lon="11.757698">
    <ele>573.231</ele>
    <time>2026-03-07T15:41:18Z</time>
   </trkpt>
   <trkpt lat="48.021915" lon="11.757859">
    <ele>572.946</ele>
    <time>2026-03-07T15:41:30Z</time>
   </trkpt>
   <trkpt lat="48.020938" lon="11.758108">
    <ele>572.377</ele>
    <time>2026-03-07T15:41:48Z</time>
   </trkpt>
   <trkpt lat="48.019922" lon="11.758372">
    <ele>573.836</ele>
    <time>2026-03-07T15:42:08Z</time>
   </trkpt>
   <trkpt lat="48.019367" lon="11.758492">
    <ele>575.058</ele>
    <time>2026-03-07T15:42:19Z</time>
   </trkpt>
   <trkpt lat="48.018901" lon="11.758607">
    <ele>577.759</ele>
    <time>2026-03-07T15:42:30Z</time>
   </trkpt>
   <trkpt lat="48.018447" lon="11.758748">
    <ele>576.739</ele>
    <time>2026-03-07T15:42:42Z</time>
   </trkpt>
   <trkpt lat="48.018271" lon="11.758783">
    <ele>577.627</ele>
    <time>2026-03-07T15:42:46Z</time>
   </trkpt>
   <trkpt lat="48.017500" lon="11.758941">
    <ele>579.708</ele>
    <time>2026-03-07T15:43:03Z</time>
   </trkpt>
   <trkpt lat="48.016240" lon="11.759262">
    <ele>579.181</ele>
    <time>2026-03-07T15:43:29Z</time>
   </trkpt>
   <trkpt lat="48.015447" lon="11.759425">
    <ele>581.358</ele>
    <time>2026-03-07T15:43:44Z</time>
   </trkpt>
   <trkpt lat="48.014515" lon="11.759671">
    <ele>581.347</ele>
    <time>2026-03-07T15:44:03Z</time>
   </trkpt>
   <trkpt lat="48.014287" lon="11.759726">
    <ele>580.025</ele>
    <time>2026-03-07T15:44:08Z</time>
   </trkpt>
   <trkpt lat="48.014048" lon="11.759794">
    <ele>579.522</ele>
    <time>2026-03-07T15:44:13Z</time>
   </trkpt>
   <trkpt lat="48.013739" lon="11.759886">
    <ele>580.276</ele>
    <time>2026-03-07T15:44:22Z</time>
   </trkpt>
   <trkpt lat="48.013433" lon="11.759953">
    <ele>580.036</ele>
    <time>2026-03-07T15:44:29Z</time>
   </trkpt>
   <trkpt lat="48.013245" lon="11.760010">
    <ele>580.432</ele>
    <time>2026-03-07T15:44:33Z</time>
   </trkpt>
   <trkpt lat="48.012318" lon="11.760228">
    <ele>581.620</ele>
    <time>2026-03-07T15:44:52Z</time>
   </trkpt>
   <trkpt lat="48.011740" lon="11.760377">
    <ele>581.556</ele>
    <time>2026-03-07T15:45:04Z</time>
   </trkpt>
   <trkpt lat="48.011585" lon="11.760110">
    <ele>581.063</ele>
    <time>2026-03-07T15:45:10Z</time>
   </trkpt>
   <trkpt lat="48.011451" lon="11.758531">
    <ele>578.954</ele>
    <time>2026-03-07T15:45:30Z</time>
   </trkpt>
   <trkpt lat="48.011282" lon="11.757003">
    <ele>579.913</ele>
    <time>2026-03-07T15:45:49Z</time>
   </trkpt>
   <trkpt lat="48.011234" lon="11.756588">
    <ele>581.217</ele>
    <time>2026-03-07T15:45:54Z</time>
   </trkpt>
   <trkpt lat="48.011123" lon="11.755599">
    <ele>580.991</ele>
    <time>2026-03-07T15:46:07Z</time>
   </trkpt>
   <trkpt lat="48.011014" lon="11.754514">
    <ele>579.134</ele>
    <time>2026-03-07T15:46:22Z</time>
   </trkpt>
   <trkpt lat="48.010961" lon="11.753934">
    <ele>579.516</ele>
    <time>2026-03-07T15:46:30Z</time>
   </trkpt>
   <trkpt lat="48.010899" lon="11.753602">
    <ele>579.510</ele>
    <time>2026-03-07T15:46:35Z</time>
   </trkpt>
   <trkpt lat="48.010885" lon="11.753380">
    <ele>579.116</ele>
    <time>2026-03-07T15:46:38Z</time>
   </trkpt>
   <trkpt lat="48.010871" lon="11.753095">
    <ele>578.888</ele>
    <time>2026-03-07T15:46:42Z</time>
   </trkpt>
   <trkpt lat="48.010791" lon="11.752488">
    <ele>578.846</ele>
    <time>2026-03-07T15:46:51Z</time>
   </trkpt>
   <trkpt lat="48.010783" lon="11.752051">
    <ele>575.015</ele>
    <time>2026-03-07T15:46:58Z</time>
   </trkpt>
   <trkpt lat="48.010650" lon="11.750996">
    <ele>576.706</ele>
    <time>2026-03-07T15:47:14Z</time>
   </trkpt>
   <trkpt lat="48.010467" lon="11.750201">
    <ele>579.672</ele>
    <time>2026-03-07T15:47:29Z</time>
   </trkpt>
   <trkpt lat="48.010196" lon="11.749150">
    <ele>581.341</ele>
    <time>2026-03-07T15:47:50Z</time>
   </trkpt>
   <trkpt lat="48.010060" lon="11.748660">
    <ele>582.269</ele>
    <time>2026-03-07T15:47:58Z</time>
   </trkpt>
   <trkpt lat="48.009938" lon="11.748291">
    <ele>582.444</ele>
    <time>2026-03-07T15:48:04Z</time>
   </trkpt>
   <trkpt lat="48.009695" lon="11.747570">
    <ele>583.877</ele>
    <time>2026-03-07T15:48:17Z</time>
   </trkpt>
   <trkpt lat="48.009603" lon="11.747333">
    <ele>581.217</ele>
    <time>2026-03-07T15:48:21Z</time>
   </trkpt>
   <trkpt lat="48.009531" lon="11.746608">
    <ele>585.298</ele>
    <time>2026-03-07T15:48:35Z</time>
   </trkpt>
   <trkpt lat="48.009505" lon="11.745679">
    <ele>583.500</ele>
    <time>2026-03-07T15:48:51Z</time>
   </trkpt>
   <trkpt lat="48.009500" lon="11.745429">
    <ele>583.168</ele>
    <time>2026-03-07T15:48:55Z</time>
   </trkpt>
   <trkpt lat="48.009493" lon="11.745297">
    <ele>582.861</ele>
    <time>2026-03-07T15:48:57Z</time>
   </trkpt>
   <trkpt lat="48.009488" lon="11.744772">
    <ele>581.293</ele>
    <time>2026-03-07T15:49:06Z</time>
   </trkpt>
   <trkpt lat="48.009391" lon="11.744469">
    <ele>581.116</ele>
    <time>2026-03-07T15:49:10Z</time>
   </trkpt>
   <trkpt lat="48.009110" lon="11.743996">
    <ele>582.343</ele>
    <time>2026-03-07T15:49:18Z</time>
   </trkpt>
   <trkpt lat="48.008982" lon="11.743748">
    <ele>584.346</ele>
    <time>2026-03-07T15:49:22Z</time>
   </trkpt>
   <trkpt lat="48.008977" lon="11.743477">
    <ele>586.293</ele>
    <time>2026-03-07T15:49:26Z</time>
   </trkpt>
   <trkpt lat="48.008857" lon="11.742896">
    <ele>585.377</ele>
    <time>2026-03-07T15:49:34Z</time>
   </trkpt>
   <trkpt lat="48.008755" lon="11.742328">
    <ele>586.495</ele>
    <time>2026-03-07T15:49:41Z</time>
   </trkpt>
   <trkpt lat="48.008711" lon="11.742101">
    <ele>587.037</ele>
    <time>2026-03-07T15:49:44Z</time>
   </trkpt>
   <trkpt lat="48.008687" lon="11.741900">
    <ele>587.307</ele>
    <time>2026-03-07T15:49:47Z</time>
   </trkpt>
   <trkpt lat="48.008547" lon="11.741490">
    <ele>593.696</ele>
    <time>2026-03-07T15:49:53Z</time>
   </trkpt>
   <trkpt lat="48.008336" lon="11.741090">
    <ele>599.276</ele>
    <time>2026-03-07T15:49:59Z</time>
   </trkpt>
   <trkpt lat="48.007981" lon="11.739896">
    <ele>592.481</ele>
    <time>2026-03-07T15:50:15Z</time>
   </trkpt>
   <trkpt lat="48.007954" lon="11.739749">
    <ele>591.336</ele>
    <time>2026-03-07T15:50:17Z</time>
   </trkpt>
   <trkpt lat="48.007676" lon="11.738266">
    <ele>588.629</ele>
    <time>2026-03-07T15:50:37Z</time>
   </trkpt>
   <trkpt lat="48.007578" lon="11.737445">
    <ele>589.930</ele>
    <time>2026-03-07T15:50:50Z</time>
   </trkpt>
   <trkpt lat="48.007461" lon="11.736812">
    <ele>591.723</ele>
    <time>2026-03-07T15:50:58Z</time>
   </trkpt>
   <trkpt lat="48.007294" lon="11.735955">
    <ele>592.055</ele>
    <time>2026-03-07T15:51:10Z</time>
   </trkpt>
   <trkpt lat="48.007006" lon="11.734940">
    <ele>588.479</ele>
    <time>2026-03-07T15:51:26Z</time>
   </trkpt>
   <trkpt lat="48.006879" lon="11.734533">
    <ele>591.305</ele>
    <time>2026-03-07T15:51:32Z</time>
   </trkpt>
   <trkpt lat="48.006800" lon="11.734263">
    <ele>591.404</ele>
    <time>2026-03-07T15:51:36Z</time>
   </trkpt>
   <trkpt lat="48.006926" lon="11.733930">
    <ele>591.027</ele>
    <time>2026-03-07T15:51:43Z</time>
   </trkpt>
   <trkpt lat="48.007397" lon="11.733752">
    <ele>591.534</ele>
    <time>2026-03-07T15:51:54Z</time>
   </trkpt>
   <trkpt lat="48.007830" lon="11.733626">
    <ele>592.094</ele>
    <time>2026-03-07T15:52:03Z</time>
   </trkpt>
   <trkpt lat="48.007971" lon="11.733547">
    <ele>593.246</ele>
    <time>2026-03-07T15:52:07Z</time>
   </trkpt>
   <trkpt lat="48.008461" lon="11.733326">
    <ele>593.306</ele>
    <time>2026-03-07T15:52:16Z</time>
   </trkpt>
   <trkpt lat="48.008522" lon="11.733285">
    <ele>593.354</ele>
    <time>2026-03-07T15:52:17Z</time>
   </trkpt>
   <trkpt lat="48.008770" lon="11.733053">
    <ele>592.471</ele>
    <time>2026-03-07T15:52:22Z</time>
   </trkpt>
   <trkpt lat="48.008797" lon="11.732932">
    <ele>591.900</ele>
    <time>2026-03-07T15:52:26Z</time>
   </trkpt>
   <trkpt lat="48.008589" lon="11.732951">
    <ele>591.392</ele>
    <time>2026-03-07T15:52:35Z</time>
   </trkpt>
   <trkpt lat="48.008388" lon="11.732976">
    <ele>594.016</ele>
    <time>2026-03-07T15:52:49Z</time>
   </trkpt>
   <trkpt lat="48.008370" lon="11.732981">
    <ele>595.245</ele>
    <time>2026-03-07T15:53:00Z</time>
   </trkpt>
   <trkpt lat="48.008299" lon="11.732871">
    <ele>594.016</ele>
    <time>2026-03-07T15:53:05Z</time>
   </trkpt>
   <trkpt lat="48.008244" lon="11.732540">
    <ele>593.217</ele>
    <time>2026-03-07T15:53:15Z</time>
   </trkpt>
   <trkpt lat="48.008228" lon="11.732344">
    <ele>592.306</ele>
    <time>2026-03-07T15:53:20Z</time>
   </trkpt>
   <trkpt lat="48.008223" lon="11.732006">
    <ele>591.322</ele>
    <time>2026-03-07T15:53:28Z</time>
   </trkpt>
   <trkpt lat="48.008235" lon="11.731433">
    <ele>591.232</ele>
    <time>2026-03-07T15:53:38Z</time>
   </trkpt>
   <trkpt lat="48.008167" lon="11.730899">
    <ele>591.952</ele>
    <time>2026-03-07T15:53:47Z</time>
   </trkpt>
   <trkpt lat="48.008130" lon="11.730879">
    <ele>592.574</ele>
    <time>2026-03-07T15:53:49Z</time>
   </trkpt>
   <trkpt lat="48.008085" lon="11.730860">
    <ele>592.996</ele>
    <time>2026-03-07T15:53:51Z</time>
   </trkpt>
   <trkpt lat="48.008078" lon="11.730822">
    <ele>594.965</ele>
    <time>2026-03-07T15:54:02Z</time>
   </trkpt>
   <trkpt lat="48.008105" lon="11.730731">
    <ele>595.654</ele>
    <time>2026-03-07T15:54:07Z</time>
   </trkpt>
   <trkpt lat="48.008066" lon="11.730375">
    <ele>595.989</ele>
    <time>2026-03-07T15:54:16Z</time>
   </trkpt>
   <trkpt lat="48.008100" lon="11.730232">
    <ele>595.958</ele>
    <time>2026-03-07T15:54:19Z</time>
   </trkpt>
   <trkpt lat="48.008144" lon="11.729934">
    <ele>598.185</ele>
    <time>2026-03-07T15:54:27Z</time>
   </trkpt>
   <trkpt lat="48.008283" lon="11.729180">
    <ele>593.631</ele>
    <time>2026-03-07T15:54:40Z</time>
   </trkpt>
   <trkpt lat="48.008366" lon="11.728934">
    <ele>591.759</ele>
    <time>2026-03-07T15:54:45Z</time>
   </trkpt>
   <trkpt lat="48.008505" lon="11.728279">
    <ele>590.078</ele>
    <time>2026-03-07T15:54:57Z</time>
   </trkpt>
   <trkpt lat="48.008611" lon="11.728057">
    <ele>589.912</ele>
    <time>2026-03-07T15:55:02Z</time>
   </trkpt>
   <trkpt lat="48.008890" lon="11.727712">
    <ele>586.672</ele>
    <time>2026-03-07T15:55:12Z</time>
   </trkpt>
   <trkpt lat="48.009020" lon="11.727502">
    <ele>585.512</ele>
    <time>2026-03-07T15:55:17Z</time>
   </trkpt>
   <trkpt lat="48.008963" lon="11.727364">
    <ele>583.173</ele>
    <time>2026-03-07T15:55:21Z</time>
   </trkpt>
   <trkpt lat="48.008316" lon="11.727219">
    <ele>583.433</ele>
    <time>2026-03-07T15:55:37Z</time>
   </trkpt>
   <trkpt lat="48.008161" lon="11.727179">
    <ele>583.941</ele>
    <time>2026-03-07T15:55:41Z</time>
   </trkpt>
   <trkpt lat="48.007910" lon="11.726992">
    <ele>585.473</ele>
    <time>2026-03-07T15:55:48Z</time>
   </trkpt>
   <trkpt lat="48.007638" lon="11.726826">
    <ele>588.515</ele>
    <time>2026-03-07T15:55:57Z</time>
   </trkpt>
   <trkpt lat="48.007273" lon="11.726540">
    <ele>588.749</ele>
    <time>2026-03-07T15:56:07Z</time>
   </trkpt>
   <trkpt lat="48.007014" lon="11.726452">
    <ele>588.455</ele>
    <time>2026-03-07T15:56:12Z</time>
   </trkpt>
   <trkpt lat="48.006670" lon="11.726271">
    <ele>586.745</ele>
    <time>2026-03-07T15:56:20Z</time>
   </trkpt>
   <trkpt lat="48.006469" lon="11.726173">
    <ele>586.002</ele>
    <time>2026-03-07T15:56:26Z</time>
   </trkpt>
   <trkpt lat="48.005999" lon="11.725909">
    <ele>586.992</ele>
    <time>2026-03-07T15:56:39Z</time>
   </trkpt>
   <trkpt lat="48.005492" lon="11.725659">
    <ele>586.398</ele>
    <time>2026-03-07T15:56:48Z</time>
   </trkpt>
   <trkpt lat="48.005086" lon="11.725488">
    <ele>587.618</ele>
    <time>2026-03-07T15:57:00Z</time>
   </trkpt>
   <trkpt lat="48.004921" lon="11.725334">
    <ele>587.710</ele>
    <time>2026-03-07T15:57:13Z</time>
   </trkpt>
   <trkpt lat="48.004812" lon="11.725285">
    <ele>586.856</ele>
    <time>2026-03-07T15:57:17Z</time>
   </trkpt>
   <trkpt lat="48.004145" lon="11.724585">
    <ele>586.776</ele>
    <time>2026-03-07T15:57:35Z</time>
   </trkpt>
   <trkpt lat="48.003923" lon="11.724431">
    <ele>587.396</ele>
    <time>2026-03-07T15:58:19Z</time>
   </trkpt>
   <trkpt lat="48.002889" lon="11.723916">
    <ele>587.791</ele>
    <time>2026-03-07T15:58:40Z</time>
   </trkpt>
   <trkpt lat="48.002412" lon="11.723668">
    <ele>589.841</ele>
    <time>2026-03-07T15:58:50Z</time>
   </trkpt>
   <trkpt lat="48.002266" lon="11.723613">
    <ele>590.340</ele>
    <time>2026-03-07T15:58:53Z</time>
   </trkpt>
   <trkpt lat="48.001939" lon="11.723375">
    <ele>591.773</ele>
    <time>2026-03-07T15:59:01Z</time>
   </trkpt>
   <trkpt lat="48.001863" lon="11.723329">
    <ele>591.546</ele>
    <time>2026-03-07T15:59:03Z</time>
   </trkpt>
   <trkpt lat="48.001711" lon="11.723267">
    <ele>591.648</ele>
    <time>2026-03-07T15:59:06Z</time>
   </trkpt>
   <trkpt lat="48.000930" lon="11.723038">
    <ele>591.150</ele>
    <time>2026-03-07T15:59:21Z</time>
   </trkpt>
   <trkpt lat="48.000408" lon="11.722719">
    <ele>591.287</ele>
    <time>2026-03-07T15:59:32Z</time>
   </trkpt>
   <trkpt lat="48.000386" lon="11.722460">
    <ele>590.928</ele>
    <time>2026-03-07T15:59:37Z</time>
   </trkpt>
   <trkpt lat="48.000676" lon="11.721793">
    <ele>591.229</ele>
    <time>2026-03-07T15:59:48Z</time>
   </trkpt>
   <trkpt lat="48.000967" lon="11.721175">
    <ele>593.567</ele>
    <time>2026-03-07T15:59:58Z</time>
   </trkpt>
   <trkpt lat="48.001283" lon="11.720417">
    <ele>593.320</ele>
    <time>2026-03-07T16:00:10Z</time>
   </trkpt>
   <trkpt lat="48.002068" lon="11.719099">
    <ele>591.908</ele>
    <time>2026-03-07T16:00:32Z</time>
   </trkpt>
   <trkpt lat="48.002478" lon="11.718465">
    <ele>589.001</ele>
    <time>2026-03-07T16:00:43Z</time>
   </trkpt>
   <trkpt lat="48.003093" lon="11.717729">
    <ele>589.002</ele>
    <time>2026-03-07T16:00:58Z</time>
   </trkpt>
   <trkpt lat="48.003324" lon="11.717426">
    <ele>588.946</ele>
    <time>2026-03-07T16:01:04Z</time>
   </trkpt>
   <trkpt lat="48.003476" lon="11.717139">
    <ele>589.200</ele>
    <time>2026-03-07T16:01:09Z</time>
   </trkpt>
   <trkpt lat="48.003527" lon="11.716915">
    <ele>589.734</ele>
    <time>2026-03-07T16:01:12Z</time>
   </trkpt>
   <trkpt lat="48.003443" lon="11.716692">
    <ele>590.339</ele>
    <time>2026-03-07T16:01:17Z</time>
   </trkpt>
   <trkpt lat="48.003070" lon="11.716552">
    <ele>592.077</ele>
    <time>2026-03-07T16:01:27Z</time>
   </trkpt>
   <trkpt lat="48.002810" lon="11.716424">
    <ele>595.169</ele>
    <time>2026-03-07T16:01:36Z</time>
   </trkpt>
   <trkpt lat="48.002487" lon="11.716001">
    <ele>598.237</ele>
    <time>2026-03-07T16:01:46Z</time>
   </trkpt>
   <trkpt lat="48.001991" lon="11.715365">
    <ele>599.677</ele>
    <time>2026-03-07T16:01:55Z</time>
   </trkpt>
   <trkpt lat="48.001790" lon="11.715015">
    <ele>600.235</ele>
    <time>2026-03-07T16:01:59Z</time>
   </trkpt>
   <trkpt lat="48.001595" lon="11.714487">
    <ele>599.210</ele>
    <time>2026-03-07T16:02:07Z</time>
   </trkpt>
   <trkpt lat="48.001401" lon="11.713751">
    <ele>595.364</ele>
    <time>2026-03-07T16:02:17Z</time>
   </trkpt>
   <trkpt lat="48.001332" lon="11.713421">
    <ele>595.350</ele>
    <time>2026-03-07T16:02:22Z</time>
   </trkpt>
   <trkpt lat="48.001272" lon="11.712563">
    <ele>592.793</ele>
    <time>2026-03-07T16:02:33Z</time>
   </trkpt>
   <trkpt lat="48.001254" lon="11.711599">
    <ele>591.136</ele>
    <time>2026-03-07T16:02:45Z</time>
   </trkpt>
   <trkpt lat="48.001409" lon="11.710725">
    <ele>588.822</ele>
    <time>2026-03-07T16:02:57Z</time>
   </trkpt>
   <trkpt lat="48.001639" lon="11.710024">
    <ele>588.470</ele>
    <time>2026-03-07T16:03:08Z</time>
   </trkpt>
   <trkpt lat="48.001680" lon="11.709909">
    <ele>588.583</ele>
    <time>2026-03-07T16:03:10Z</time>
   </trkpt>
   <trkpt lat="48.001651" lon="11.709040">
    <ele>587.739</ele>
    <time>2026-03-07T16:03:22Z</time>
   </trkpt>
   <trkpt lat="48.001642" lon="11.708821">
    <ele>587.008</ele>
    <time>2026-03-07T16:03:25Z</time>
   </trkpt>
   <trkpt lat="48.001662" lon="11.708601">
    <ele>585.597</ele>
    <time>2026-03-07T16:03:28Z</time>
   </trkpt>
   <trkpt lat="48.001695" lon="11.708383">
    <ele>585.454</ele>
    <time>2026-03-07T16:03:31Z</time>
   </trkpt>
   <trkpt lat="48.001764" lon="11.707880">
    <ele>584.965</ele>
    <time>2026-03-07T16:03:39Z</time>
   </trkpt>
   <trkpt lat="48.002006" lon="11.707442">
    <ele>584.115</ele>
    <time>2026-03-07T16:03:47Z</time>
   </trkpt>
   <trkpt lat="48.002115" lon="11.707197">
    <ele>584.106</ele>
    <time>2026-03-07T16:03:51Z</time>
   </trkpt>
   <trkpt lat="48.002267" lon="11.706586">
    <ele>585.196</ele>
    <time>2026-03-07T16:04:04Z</time>
   </trkpt>
   <trkpt lat="48.002418" lon="11.706069">
    <ele>584.566</ele>
    <time>2026-03-07T16:04:14Z</time>
   </trkpt>
   <trkpt lat="48.002542" lon="11.705353">
    <ele>583.045</ele>
    <time>2026-03-07T16:04:24Z</time>
   </trkpt>
   <trkpt lat="48.002544" lon="11.705072">
    <ele>583.672</ele>
    <time>2026-03-07T16:04:29Z</time>
   </trkpt>
   <trkpt lat="48.002541" lon="11.704806">
    <ele>584.175</ele>
    <time>2026-03-07T16:04:33Z</time>
   </trkpt>
   <trkpt lat="48.002146" lon="11.703712">
    <ele>594.046</ele>
    <time>2026-03-07T16:04:46Z</time>
   </trkpt>
   <trkpt lat="48.001985" lon="11.703344">
    <ele>595.625</ele>
    <time>2026-03-07T16:04:51Z</time>
   </trkpt>
   <trkpt lat="48.001914" lon="11.703120">
    <ele>596.991</ele>
    <time>2026-03-07T16:04:54Z</time>
   </trkpt>
   <trkpt lat="48.001753" lon="11.702656">
    <ele>596.841</ele>
    <time>2026-03-07T16:05:01Z</time>
   </trkpt>
   <trkpt lat="48.001682" lon="11.702369">
    <ele>597.812</ele>
    <time>2026-03-07T16:05:05Z</time>
   </trkpt>
   <trkpt lat="48.001587" lon="11.702026">
    <ele>598.579</ele>
    <time>2026-03-07T16:05:10Z</time>
   </trkpt>
   <trkpt lat="48.001368" lon="11.700737">
    <ele>592.443</ele>
    <time>2026-03-07T16:05:27Z</time>
   </trkpt>
   <trkpt lat="48.001303" lon="11.700462">
    <ele>592.973</ele>
    <time>2026-03-07T16:05:31Z</time>
   </trkpt>
   <trkpt lat="48.001247" lon="11.700210">
    <ele>593.048</ele>
    <time>2026-03-07T16:05:35Z</time>
   </trkpt>
   <trkpt lat="48.001217" lon="11.699531">
    <ele>590.257</ele>
    <time>2026-03-07T16:05:46Z</time>
   </trkpt>
   <trkpt lat="48.001153" lon="11.698953">
    <ele>589.773</ele>
    <time>2026-03-07T16:05:55Z</time>
   </trkpt>
   <trkpt lat="48.001118" lon="11.698280">
    <ele>591.228</ele>
    <time>2026-03-07T16:06:06Z</time>
   </trkpt>
   <trkpt lat="48.000940" lon="11.697814">
    <ele>592.588</ele>
    <time>2026-03-07T16:06:12Z</time>
   </trkpt>
   <trkpt lat="48.000816" lon="11.697482">
    <ele>593.208</ele>
    <time>2026-03-07T16:06:16Z</time>
   </trkpt>
   <trkpt lat="48.000507" lon="11.696852">
    <ele>589.905</ele>
    <time>2026-03-07T16:06:28Z</time>
   </trkpt>
   <trkpt lat="48.000499" lon="11.696792">
    <ele>589.911</ele>
    <time>2026-03-07T16:06:29Z</time>
   </trkpt>
   <trkpt lat="48.000413" lon="11.695769">
    <ele>589.119</ele>
    <time>2026-03-07T16:06:45Z</time>
   </trkpt>
   <trkpt lat="48.000282" lon="11.695010">
    <ele>587.943</ele>
    <time>2026-03-07T16:06:56Z</time>
   </trkpt>
   <trkpt lat="48.000329" lon="11.694723">
    <ele>588.246</ele>
    <time>2026-03-07T16:07:00Z</time>
   </trkpt>
   <trkpt lat="48.000579" lon="11.694162">
    <ele>588.889</ele>
    <time>2026-03-07T16:07:09Z</time>
   </trkpt>
   <trkpt lat="48.000798" lon="11.693990">
    <ele>587.911</ele>
    <time>2026-03-07T16:07:14Z</time>
   </trkpt>
   <trkpt lat="48.000954" lon="11.693955">
    <ele>587.248</ele>
    <time>2026-03-07T16:07:17Z</time>
   </trkpt>
   <trkpt lat="48.001068" lon="11.693629">
    <ele>587.296</ele>
    <time>2026-03-07T16:07:22Z</time>
   </trkpt>
   <trkpt lat="48.000965" lon="11.691328">
    <ele>586.670</ele>
    <time>2026-03-07T16:07:50Z</time>
   </trkpt>
   <trkpt lat="48.000873" lon="11.689079">
    <ele>586.725</ele>
    <time>2026-03-07T16:08:18Z</time>
   </trkpt>
   <trkpt lat="48.000807" lon="11.687179">
    <ele>586.830</ele>
    <time>2026-03-07T16:08:42Z</time>
   </trkpt>
   <trkpt lat="48.000787" lon="11.686928">
    <ele>587.386</ele>
    <time>2026-03-07T16:08:50Z</time>
   </trkpt>
   <trkpt lat="48.000739" lon="11.686569">
    <ele>587.224</ele>
    <time>2026-03-07T16:09:00Z</time>
   </trkpt>
   <trkpt lat="48.000594" lon="11.685414">
    <ele>587.993</ele>
    <time>2026-03-07T16:09:18Z</time>
   </trkpt>
   <trkpt lat="48.000365" lon="11.683587">
    <ele>588.816</ele>
    <time>2026-03-07T16:09:43Z</time>
   </trkpt>
   <trkpt lat="48.000124" lon="11.681982">
    <ele>589.407</ele>
    <time>2026-03-07T16:10:04Z</time>
   </trkpt>
   <trkpt lat="47.999741" lon="11.679771">
    <ele>588.993</ele>
    <time>2026-03-07T16:10:33Z</time>
   </trkpt>
   <trkpt lat="47.999513" lon="11.678465">
    <ele>589.082</ele>
    <time>2026-03-07T16:10:49Z</time>
   </trkpt>
   <trkpt lat="47.999666" lon="11.678258">
    <ele>588.096</ele>
    <time>2026-03-07T16:10:54Z</time>
   </trkpt>
   <trkpt lat="47.999765" lon="11.678263">
    <ele>588.047</ele>
    <time>2026-03-07T16:10:56Z</time>
   </trkpt>
   <trkpt lat="48.000890" lon="11.678104">
    <ele>587.080</ele>
    <time>2026-03-07T16:11:19Z</time>
   </trkpt>
   <trkpt lat="48.001531" lon="11.677990">
    <ele>586.370</ele>
    <time>2026-03-07T16:11:32Z</time>
   </trkpt>
   <trkpt lat="48.001811" lon="11.677933">
    <ele>587.103</ele>
    <time>2026-03-07T16:11:38Z</time>
   </trkpt>
   <trkpt lat="48.001901" lon="11.677722">
    <ele>587.009</ele>
    <time>2026-03-07T16:11:44Z</time>
   </trkpt>
   <trkpt lat="48.001895" lon="11.677820">
    <ele>586.521</ele>
    <time>2026-03-07T16:11:48Z</time>
   </trkpt>
   <trkpt lat="48.001999" lon="11.677895">
    <ele>585.670</ele>
    <time>2026-03-07T16:11:53Z</time>
   </trkpt>
   <trkpt lat="48.002652" lon="11.677803">
    <ele>584.388</ele>
    <time>2026-03-07T16:12:07Z</time>
   </trkpt>
   <trkpt lat="48.002923" lon="11.677742">
    <ele>583.696</ele>
    <time>2026-03-07T16:12:12Z</time>
   </trkpt>
   <trkpt lat="48.003923" lon="11.677518">
    <ele>583.931</ele>
    <time>2026-03-07T16:12:32Z</time>
   </trkpt>
   <trkpt lat="48.003822" lon="11.676981">
    <ele>584.729</ele>
    <time>2026-03-07T16:12:41Z</time>
   </trkpt>
   <trkpt lat="48.003306" lon="11.675497">
    <ele>585.719</ele>
    <time>2026-03-07T16:13:01Z</time>
   </trkpt>
   <trkpt lat="48.002602" lon="11.673658">
    <ele>582.802</ele>
    <time>2026-03-07T16:13:23Z</time>
   </trkpt>
   <trkpt lat="48.002386" lon="11.673225">
    <ele>580.281</ele>
    <time>2026-03-07T16:13:28Z</time>
   </trkpt>
   <trkpt lat="48.002214" lon="11.672972">
    <ele>578.356</ele>
    <time>2026-03-07T16:13:31Z</time>
   </trkpt>
   <trkpt lat="48.002148" lon="11.672460">
    <ele>578.850</ele>
    <time>2026-03-07T16:13:36Z</time>
   </trkpt>
   <trkpt lat="48.001652" lon="11.671128">
    <ele>585.517</ele>
    <time>2026-03-07T16:13:57Z</time>
   </trkpt>
   <trkpt lat="48.001503" lon="11.670731">
    <ele>587.765</ele>
    <time>2026-03-07T16:14:05Z</time>
   </trkpt>
   <trkpt lat="48.001672" lon="11.669749">
    <ele>586.805</ele>
    <time>2026-03-07T16:14:20Z</time>
   </trkpt>
   <trkpt lat="48.001993" lon="11.667792">
    <ele>586.741</ele>
    <time>2026-03-07T16:14:46Z</time>
   </trkpt>
   <trkpt lat="48.001990" lon="11.666890">
    <ele>587.760</ele>
    <time>2026-03-07T16:14:57Z</time>
   </trkpt>
   <trkpt lat="48.001964" lon="11.665277">
    <ele>587.897</ele>
    <time>2026-03-07T16:15:16Z</time>
   </trkpt>
   <trkpt lat="48.001968" lon="11.664776">
    <ele>589.705</ele>
    <time>2026-03-07T16:15:23Z</time>
   </trkpt>
   <trkpt lat="48.002257" lon="11.664819">
    <ele>589.017</ele>
    <time>2026-03-07T16:15:31Z</time>
   </trkpt>
   <trkpt lat="48.003542" lon="11.664931">
    <ele>585.766</ele>
    <time>2026-03-07T16:15:55Z</time>
   </trkpt>
   <trkpt lat="48.003597" lon="11.664924">
    <ele>585.721</ele>
    <time>2026-03-07T16:15:56Z</time>
   </trkpt>
   <trkpt lat="48.003747" lon="11.664809">
    <ele>585.151</ele>
    <time>2026-03-07T16:16:04Z</time>
   </trkpt>
   <trkpt lat="48.003749" lon="11.664810">
    <ele>585.239</ele>
    <time>2026-03-07T16:16:40Z</time>
   </trkpt>
   <trkpt lat="48.003748" lon="11.664808">
    <ele>585.342</ele>
    <time>2026-03-07T16:17:56Z</time>
   </trkpt>
   <trkpt lat="48.003949" lon="11.664434">
    <ele>585.959</ele>
    <time>2026-03-07T16:18:07Z</time>
   </trkpt>
   <trkpt lat="48.004092" lon="11.664132">
    <ele>585.922</ele>
    <time>2026-03-07T16:18:13Z</time>
   </trkpt>
   <trkpt lat="48.004216" lon="11.663771">
    <ele>583.160</ele>
    <time>2026-03-07T16:18:19Z</time>
   </trkpt>
   <trkpt lat="48.004640" lon="11.662637">
    <ele>581.203</ele>
    <time>2026-03-07T16:18:36Z</time>
   </trkpt>
   <trkpt lat="48.004823" lon="11.662240">
    <ele>583.793</ele>
    <time>2026-03-07T16:18:42Z</time>
   </trkpt>
   <trkpt lat="48.005304" lon="11.661572">
    <ele>586.394</ele>
    <time>2026-03-07T16:18:55Z</time>
   </trkpt>
   <trkpt lat="48.005990" lon="11.660726">
    <ele>588.782</ele>
    <time>2026-03-07T16:19:12Z</time>
   </trkpt>
   <trkpt lat="48.006215" lon="11.660488">
    <ele>591.037</ele>
    <time>2026-03-07T16:19:18Z</time>
   </trkpt>
   <trkpt lat="48.006762" lon="11.659994">
    <ele>593.278</ele>
    <time>2026-03-07T16:19:30Z</time>
   </trkpt>
   <trkpt lat="48.007301" lon="11.659359">
    <ele>592.691</ele>
    <time>2026-03-07T16:19:42Z</time>
   </trkpt>
   <trkpt lat="48.007945" lon="11.658528">
    <ele>592.609</ele>
    <time>2026-03-07T16:19:56Z</time>
   </trkpt>
   <trkpt lat="48.008378" lon="11.658075">
    <ele>590.970</ele>
    <time>2026-03-07T16:20:05Z</time>
   </trkpt>
   <trkpt lat="48.008520" lon="11.657907">
    <ele>590.171</ele>
    <time>2026-03-07T16:20:08Z</time>
   </trkpt>
   <trkpt lat="48.009193" lon="11.657085">
    <ele>588.901</ele>
    <time>2026-03-07T16:20:23Z</time>
   </trkpt>
   <trkpt lat="48.009277" lon="11.656963">
    <ele>589.021</ele>
    <time>2026-03-07T16:20:25Z</time>
   </trkpt>
   <trkpt lat="48.009529" lon="11.656711">
    <ele>588.710</ele>
    <time>2026-03-07T16:20:30Z</time>
   </trkpt>
   <trkpt lat="48.009880" lon="11.656230">
    <ele>587.157</ele>
    <time>2026-03-07T16:20:38Z</time>
   </trkpt>
   <trkpt lat="48.010121" lon="11.655893">
    <ele>587.224</ele>
    <time>2026-03-07T16:20:44Z</time>
   </trkpt>
   <trkpt lat="48.010513" lon="11.655459">
    <ele>589.417</ele>
    <time>2026-03-07T16:20:53Z</time>
   </trkpt>
   <trkpt lat="48.010587" lon="11.654898">
    <ele>589.021</ele>
    <time>2026-03-07T16:21:01Z</time>
   </trkpt>
   <trkpt lat="48.010571" lon="11.654815">
    <ele>588.788</ele>
    <time>2026-03-07T16:21:02Z</time>
   </trkpt>
   <trkpt lat="48.010537" lon="11.654118">
    <ele>588.201</ele>
    <time>2026-03-07T16:21:11Z</time>
   </trkpt>
   <trkpt lat="48.010514" lon="11.653233">
    <ele>587.230</ele>
    <time>2026-03-07T16:21:23Z</time>
   </trkpt>
   <trkpt lat="48.010472" lon="11.652448">
    <ele>584.848</ele>
    <time>2026-03-07T16:21:34Z</time>
   </trkpt>
   <trkpt lat="48.010415" lon="11.651557">
    <ele>584.844</ele>
    <time>2026-03-07T16:21:47Z</time>
   </trkpt>
   <trkpt lat="48.010386" lon="11.651170">
    <ele>577.315</ele>
    <time>2026-03-07T16:21:51Z</time>
   </trkpt>
   <trkpt lat="48.010411" lon="11.650264">
    <ele>580.420</ele>
    <time>2026-03-07T16:22:03Z</time>
   </trkpt>
   <trkpt lat="48.010380" lon="11.650085">
    <ele>578.338</ele>
    <time>2026-03-07T16:22:05Z</time>
   </trkpt>
   <trkpt lat="48.010334" lon="11.649831">
    <ele>576.264</ele>
    <time>2026-03-07T16:22:08Z</time>
   </trkpt>
   <trkpt lat="48.010283" lon="11.648882">
    <ele>582.549</ele>
    <time>2026-03-07T16:22:20Z</time>
   </trkpt>
   <trkpt lat="48.010055" lon="11.648746">
    <ele>583.603</ele>
    <time>2026-03-07T16:22:27Z</time>
   </trkpt>
   <trkpt lat="48.009897" lon="11.648911">
    <ele>584.300</ele>
    <time>2026-03-07T16:22:31Z</time>
   </trkpt>
   <trkpt lat="48.009709" lon="11.648785">
    <ele>586.737</ele>
    <time>2026-03-07T16:22:37Z</time>
   </trkpt>
   <trkpt lat="48.009694" lon="11.648042">
    <ele>588.019</ele>
    <time>2026-03-07T16:22:48Z</time>
   </trkpt>
   <trkpt lat="48.009696" lon="11.646604">
    <ele>587.294</ele>
    <time>2026-03-07T16:23:07Z</time>
   </trkpt>
   <trkpt lat="48.009701" lon="11.645773">
    <ele>585.544</ele>
    <time>2026-03-07T16:23:18Z</time>
   </trkpt>
   <trkpt lat="48.009730" lon="11.645157">
    <ele>584.345</ele>
    <time>2026-03-07T16:23:26Z</time>
   </trkpt>
   <trkpt lat="48.009674" lon="11.644016">
    <ele>585.749</ele>
    <time>2026-03-07T16:23:40Z</time>
   </trkpt>
   <trkpt lat="48.009674" lon="11.642571">
    <ele>584.192</ele>
    <time>2026-03-07T16:23:59Z</time>
   </trkpt>
   <trkpt lat="48.009681" lon="11.642351">
    <ele>584.050</ele>
    <time>2026-03-07T16:24:02Z</time>
   </trkpt>
   <trkpt lat="48.009664" lon="11.642133">
    <ele>583.563</ele>
    <time>2026-03-07T16:24:05Z</time>
   </trkpt>
   <trkpt lat="48.009664" lon="11.641993">
    <ele>583.352</ele>
    <time>2026-03-07T16:24:07Z</time>
   </trkpt>
   <trkpt lat="48.009671" lon="11.641648">
    <ele>582.310</ele>
    <time>2026-03-07T16:24:12Z</time>
   </trkpt>
   <trkpt lat="48.009651" lon="11.641309">
    <ele>582.659</ele>
    <time>2026-03-07T16:24:17Z</time>
   </trkpt>
   <trkpt lat="48.009649" lon="11.641032">
    <ele>582.558</ele>
    <time>2026-03-07T16:24:21Z</time>
   </trkpt>
   <trkpt lat="48.009668" lon="11.640370">
    <ele>585.735</ele>
    <time>2026-03-07T16:24:29Z</time>
   </trkpt>
   <trkpt lat="48.009662" lon="11.639348">
    <ele>585.173</ele>
    <time>2026-03-07T16:24:42Z</time>
   </trkpt>
   <trkpt lat="48.009670" lon="11.637785">
    <ele>585.988</ele>
    <time>2026-03-07T16:25:03Z</time>
   </trkpt>
   <trkpt lat="48.009670" lon="11.637558">
    <ele>585.415</ele>
    <time>2026-03-07T16:25:07Z</time>
   </trkpt>
   <trkpt lat="48.009762" lon="11.637456">
    <ele>586.401</ele>
    <time>2026-03-07T16:25:14Z</time>
   </trkpt>
   <trkpt lat="48.009929" lon="11.637400">
    <ele>585.106</ele>
    <time>2026-03-07T16:25:18Z</time>
   </trkpt>
   <trkpt lat="48.010078" lon="11.637118">
    <ele>584.905</ele>
    <time>2026-03-07T16:25:23Z</time>
   </trkpt>
   <trkpt lat="48.010386" lon="11.635778">
    <ele>583.589</ele>
    <time>2026-03-07T16:25:43Z</time>
   </trkpt>
   <trkpt lat="48.010531" lon="11.635305">
    <ele>585.256</ele>
    <time>2026-03-07T16:25:50Z</time>
   </trkpt>
   <trkpt lat="48.010720" lon="11.634453">
    <ele>586.811</ele>
    <time>2026-03-07T16:26:02Z</time>
   </trkpt>
   <trkpt lat="48.010932" lon="11.633606">
    <ele>587.917</ele>
    <time>2026-03-07T16:26:14Z</time>
   </trkpt>
   <trkpt lat="48.011017" lon="11.633372">
    <ele>589.130</ele>
    <time>2026-03-07T16:26:18Z</time>
   </trkpt>
   <trkpt lat="48.011063" lon="11.632997">
    <ele>589.575</ele>
    <time>2026-03-07T16:26:23Z</time>
   </trkpt>
   <trkpt lat="48.011231" lon="11.632438">
    <ele>592.170</ele>
    <time>2026-03-07T16:26:31Z</time>
   </trkpt>
   <trkpt lat="48.011333" lon="11.631937">
    <ele>591.457</ele>
    <time>2026-03-07T16:26:37Z</time>
   </trkpt>
   <trkpt lat="48.011405" lon="11.631725">
    <ele>591.849</ele>
    <time>2026-03-07T16:26:40Z</time>
   </trkpt>
   <trkpt lat="48.011518" lon="11.631386">
    <ele>593.038</ele>
    <time>2026-03-07T16:26:45Z</time>
   </trkpt>
   <trkpt lat="48.011591" lon="11.631182">
    <ele>594.349</ele>
    <time>2026-03-07T16:26:48Z</time>
   </trkpt>
   <trkpt lat="48.011755" lon="11.630633">
    <ele>596.506</ele>
    <time>2026-03-07T16:26:56Z</time>
   </trkpt>
   <trkpt lat="48.011820" lon="11.630467">
    <ele>598.219</ele>
    <time>2026-03-07T16:26:59Z</time>
   </trkpt>
   <trkpt lat="48.011895" lon="11.630306">
    <ele>599.647</ele>
    <time>2026-03-07T16:27:02Z</time>
   </trkpt>
   <trkpt lat="48.011986" lon="11.629890">
    <ele>601.208</ele>
    <time>2026-03-07T16:27:08Z</time>
   </trkpt>
   <trkpt lat="48.012064" lon="11.629330">
    <ele>602.790</ele>
    <time>2026-03-07T16:27:15Z</time>
   </trkpt>
   <trkpt lat="48.012133" lon="11.628950">
    <ele>603.680</ele>
    <time>2026-03-07T16:27:20Z</time>
   </trkpt>
   <trkpt lat="48.012220" lon="11.628710">
    <ele>604.666</ele>
    <time>2026-03-07T16:27:24Z</time>
   </trkpt>
   <trkpt lat="48.012243" lon="11.628347">
    <ele>605.323</ele>
    <time>2026-03-07T16:27:28Z</time>
   </trkpt>
   <trkpt lat="48.012397" lon="11.628039">
    <ele>605.393</ele>
    <time>2026-03-07T16:27:34Z</time>
   </trkpt>
   <trkpt lat="48.012769" lon="11.627916">
    <ele>605.602</ele>
    <time>2026-03-07T16:27:44Z</time>
   </trkpt>
   <trkpt lat="48.013086" lon="11.627742">
    <ele>606.613</ele>
    <time>2026-03-07T16:27:53Z</time>
   </trkpt>
   <trkpt lat="48.013111" lon="11.627727">
    <ele>606.660</ele>
    <time>2026-03-07T16:27:54Z</time>
   </trkpt>
   <trkpt lat="48.013315" lon="11.627750">
    <ele>605.355</ele>
    <time>2026-03-07T16:27:58Z</time>
   </trkpt>
   <trkpt lat="48.014053" lon="11.627570">
    <ele>598.514</ele>
    <time>2026-03-07T16:28:12Z</time>
   </trkpt>
   <trkpt lat="48.014227" lon="11.627480">
    <ele>597.332</ele>
    <time>2026-03-07T16:28:15Z</time>
   </trkpt>
   <trkpt lat="48.014372" lon="11.627358">
    <ele>595.228</ele>
    <time>2026-03-07T16:28:18Z</time>
   </trkpt>
   <trkpt lat="48.015464" lon="11.626643">
    <ele>591.915</ele>
    <time>2026-03-07T16:28:38Z</time>
   </trkpt>
   <trkpt lat="48.016113" lon="11.626171">
    <ele>592.353</ele>
    <time>2026-03-07T16:28:51Z</time>
   </trkpt>
   <trkpt lat="48.016533" lon="11.626025">
    <ele>587.878</ele>
    <time>2026-03-07T16:28:59Z</time>
   </trkpt>
   <trkpt lat="48.017290" lon="11.625622">
    <ele>585.191</ele>
    <time>2026-03-07T16:29:12Z</time>
   </trkpt>
   <trkpt lat="48.017886" lon="11.625263">
    <ele>583.350</ele>
    <time>2026-03-07T16:29:22Z</time>
   </trkpt>
   <trkpt lat="48.018053" lon="11.625146">
    <ele>578.672</ele>
    <time>2026-03-07T16:29:25Z</time>
   </trkpt>
   <trkpt lat="48.018256" lon="11.625021">
    <ele>577.270</ele>
    <time>2026-03-07T16:29:29Z</time>
   </trkpt>
   <trkpt lat="48.018598" lon="11.624773">
    <ele>575.166</ele>
    <time>2026-03-07T16:29:36Z</time>
   </trkpt>
   <trkpt lat="48.019277" lon="11.624208">
    <ele>570.984</ele>
    <time>2026-03-07T16:29:49Z</time>
   </trkpt>
   <trkpt lat="48.019499" lon="11.624042">
    <ele>571.544</ele>
    <time>2026-03-07T16:29:53Z</time>
   </trkpt>
   <trkpt lat="48.019673" lon="11.623929">
    <ele>570.087</ele>
    <time>2026-03-07T16:29:57Z</time>
   </trkpt>
   <trkpt lat="48.020080" lon="11.623618">
    <ele>568.020</ele>
    <time>2026-03-07T16:30:05Z</time>
   </trkpt>
   <trkpt lat="48.020292" lon="11.623383">
    <ele>568.443</ele>
    <time>2026-03-07T16:30:09Z</time>
   </trkpt>
   <trkpt lat="48.020623" lon="11.623172">
    <ele>568.726</ele>
    <time>2026-03-07T16:30:15Z</time>
   </trkpt>
   <trkpt lat="48.021109" lon="11.622924">
    <ele>569.516</ele>
    <time>2026-03-07T16:30:24Z</time>
   </trkpt>
   <trkpt lat="48.021975" lon="11.622459">
    <ele>571.411</ele>
    <time>2026-03-07T16:30:40Z</time>
   </trkpt>
   <trkpt lat="48.023009" lon="11.621816">
    <ele>570.557</ele>
    <time>2026-03-07T16:31:03Z</time>
   </trkpt>
   <trkpt lat="48.023913" lon="11.621266">
    <ele>570.900</ele>
    <time>2026-03-07T16:31:22Z</time>
   </trkpt>
   <trkpt lat="48.025218" lon="11.620621">
    <ele>570.303</ele>
    <time>2026-03-07T16:31:47Z</time>
   </trkpt>
   <trkpt lat="48.026491" lon="11.619873">
    <ele>569.409</ele>
    <time>2026-03-07T16:32:11Z</time>
   </trkpt>
   <trkpt lat="48.027411" lon="11.618995">
    <ele>569.961</ele>
    <time>2026-03-07T16:32:32Z</time>
   </trkpt>
   <trkpt lat="48.028516" lon="11.617812">
    <ele>570.727</ele>
    <time>2026-03-07T16:32:57Z</time>
   </trkpt>
   <trkpt lat="48.029168" lon="11.617231">
    <ele>570.875</ele>
    <time>2026-03-07T16:33:12Z</time>
   </trkpt>
   <trkpt lat="48.029257" lon="11.616920">
    <ele>570.187</ele>
    <time>2026-03-07T16:33:17Z</time>
   </trkpt>
   <trkpt lat="48.029226" lon="11.616698">
    <ele>570.376</ele>
    <time>2026-03-07T16:33:20Z</time>
   </trkpt>
   <trkpt lat="48.029287" lon="11.615576">
    <ele>571.214</ele>
    <time>2026-03-07T16:33:34Z</time>
   </trkpt>
   <trkpt lat="48.029512" lon="11.614081">
    <ele>572.364</ele>
    <time>2026-03-07T16:33:53Z</time>
   </trkpt>
   <trkpt lat="48.029978" lon="11.612220">
    <ele>573.448</ele>
    <time>2026-03-07T16:34:17Z</time>
   </trkpt>
   <trkpt lat="48.030741" lon="11.610456">
    <ele>572.756</ele>
    <time>2026-03-07T16:34:41Z</time>
   </trkpt>
   <trkpt lat="48.031613" lon="11.608558">
    <ele>567.368</ele>
    <time>2026-03-07T16:35:03Z</time>
   </trkpt>
   <trkpt lat="48.032358" lon="11.607326">
    <ele>564.114</ele>
    <time>2026-03-07T16:35:19Z</time>
   </trkpt>
   <trkpt lat="48.032633" lon="11.607062">
    <ele>563.108</ele>
    <time>2026-03-07T16:35:25Z</time>
   </trkpt>
   <trkpt lat="48.032771" lon="11.607021">
    <ele>561.874</ele>
    <time>2026-03-07T16:35:29Z</time>
   </trkpt>
   <trkpt lat="48.032805" lon="11.607042">
    <ele>561.059</ele>
    <time>2026-03-07T16:35:42Z</time>
   </trkpt>
   <trkpt lat="48.032800" lon="11.607035">
    <ele>561.019</ele>
    <time>2026-03-07T16:36:02Z</time>
   </trkpt>
   <trkpt lat="48.032661" lon="11.606747">
    <ele>562.125</ele>
    <time>2026-03-07T16:36:13Z</time>
   </trkpt>
   <trkpt lat="48.032660" lon="11.606736">
    <ele>562.157</ele>
    <time>2026-03-07T16:36:43Z</time>
   </trkpt>
   <trkpt lat="48.032829" lon="11.606555">
    <ele>563.625</ele>
    <time>2026-03-07T16:36:51Z</time>
   </trkpt>
   <trkpt lat="48.033250" lon="11.606310">
    <ele>562.653</ele>
    <time>2026-03-07T16:37:01Z</time>
   </trkpt>
   <trkpt lat="48.033515" lon="11.606067">
    <ele>563.643</ele>
    <time>2026-03-07T16:37:08Z</time>
   </trkpt>
   <trkpt lat="48.033634" lon="11.605661">
    <ele>563.578</ele>
    <time>2026-03-07T16:37:16Z</time>
   </trkpt>
   <trkpt lat="48.033494" lon="11.605035">
    <ele>562.990</ele>
    <time>2026-03-07T16:37:30Z</time>
   </trkpt>
   <trkpt lat="48.033508" lon="11.604996">
    <ele>562.128</ele>
    <time>2026-03-07T16:37:53Z</time>
   </trkpt>
   <trkpt lat="48.033582" lon="11.604920">
    <ele>562.927</ele>
    <time>2026-03-07T16:37:59Z</time>
   </trkpt>
   <trkpt lat="48.033650" lon="11.604841">
    <ele>563.303</ele>
    <time>2026-03-07T16:38:02Z</time>
   </trkpt>
   <trkpt lat="48.033749" lon="11.604856">
    <ele>563.974</ele>
    <time>2026-03-07T16:38:06Z</time>
   </trkpt>
   <trkpt lat="48.034183" lon="11.605169">
    <ele>564.979</ele>
    <time>2026-03-07T16:38:18Z</time>
   </trkpt>
   <trkpt lat="48.034267" lon="11.605221">
    <ele>564.869</ele>
    <time>2026-03-07T16:38:20Z</time>
   </trkpt>
   <trkpt lat="48.034524" lon="11.605233">
    <ele>565.197</ele>
    <time>2026-03-07T16:38:25Z</time>
   </trkpt>
   <trkpt lat="48.035431" lon="11.604850">
    <ele>564.242</ele>
    <time>2026-03-07T16:38:42Z</time>
   </trkpt>
   <trkpt lat="48.035697" lon="11.604730">
    <ele>563.759</ele>
    <time>2026-03-07T16:38:47Z</time>
   </trkpt>
   <trkpt lat="48.036509" lon="11.603957">
    <ele>566.298</ele>
    <time>2026-03-07T16:39:05Z</time>
   </trkpt>
   <trkpt lat="48.036618" lon="11.603804">
    <ele>566.431</ele>
    <time>2026-03-07T16:39:08Z</time>
   </trkpt>
   <trkpt lat="48.036889" lon="11.603440">
    <ele>565.748</ele>
    <time>2026-03-07T16:39:15Z</time>
   </trkpt>
   <trkpt lat="48.037020" lon="11.603285">
    <ele>565.884</ele>
    <time>2026-03-07T16:39:18Z</time>
   </trkpt>
   <trkpt lat="48.037906" lon="11.602122">
    <ele>567.007</ele>
    <time>2026-03-07T16:39:40Z</time>
   </trkpt>
   <trkpt lat="48.037948" lon="11.602072">
    <ele>567.123</ele>
    <time>2026-03-07T16:39:41Z</time>
   </trkpt>
   <trkpt lat="48.038912" lon="11.601085">
    <ele>570.042</ele>
    <time>2026-03-07T16:40:04Z</time>
   </trkpt>
   <trkpt lat="48.039059" lon="11.600936">
    <ele>570.845</ele>
    <time>2026-03-07T16:40:08Z</time>
   </trkpt>
   <trkpt lat="48.039748" lon="11.600214">
    <ele>570.459</ele>
    <time>2026-03-07T16:40:27Z</time>
   </trkpt>
   <trkpt lat="48.040346" lon="11.599700">
    <ele>569.889</ele>
    <time>2026-03-07T16:40:41Z</time>
   </trkpt>
   <trkpt lat="48.040906" lon="11.599238">
    <ele>567.241</ele>
    <time>2026-03-07T16:40:53Z</time>
   </trkpt>
   <trkpt lat="48.041116" lon="11.598977">
    <ele>571.573</ele>
    <time>2026-03-07T16:41:03Z</time>
   </trkpt>
   <trkpt lat="48.041284" lon="11.598540">
    <ele>576.196</ele>
    <time>2026-03-07T16:41:20Z</time>
   </trkpt>
   <trkpt lat="48.041300" lon="11.598090">
    <ele>575.624</ele>
    <time>2026-03-07T16:41:32Z</time>
   </trkpt>
   <trkpt lat="48.041287" lon="11.597313">
    <ele>575.379</ele>
    <time>2026-03-07T16:41:46Z</time>
   </trkpt>
   <trkpt lat="48.041387" lon="11.596862">
    <ele>575.271</ele>
    <time>2026-03-07T16:41:54Z</time>
   </trkpt>
   <trkpt lat="48.041606" lon="11.596024">
    <ele>573.875</ele>
    <time>2026-03-07T16:42:09Z</time>
   </trkpt>
   <trkpt lat="48.041691" lon="11.595708">
    <ele>573.635</ele>
    <time>2026-03-07T16:43:33Z</time>
   </trkpt>
   <trkpt lat="48.041713" lon="11.595655">
    <ele>573.864</ele>
    <time>2026-03-07T16:43:34Z</time>
   </trkpt>
   <trkpt lat="48.041988" lon="11.595088">
    <ele>576.718</ele>
    <time>2026-03-07T16:43:43Z</time>
   </trkpt>
   <trkpt lat="48.042434" lon="11.594480">
    <ele>577.039</ele>
    <time>2026-03-07T16:43:54Z</time>
   </trkpt>
   <trkpt lat="48.042589" lon="11.594377">
    <ele>577.874</ele>
    <time>2026-03-07T16:43:57Z</time>
   </trkpt>
   <trkpt lat="48.043122" lon="11.594052">
    <ele>580.852</ele>
    <time>2026-03-07T16:44:07Z</time>
   </trkpt>
   <trkpt lat="48.043184" lon="11.593644">
    <ele>579.555</ele>
    <time>2026-03-07T16:44:12Z</time>
   </trkpt>
   <trkpt lat="48.043159" lon="11.593182">
    <ele>578.120</ele>
    <time>2026-03-07T16:44:17Z</time>
   </trkpt>
   <trkpt lat="48.043188" lon="11.593014">
    <ele>578.079</ele>
    <time>2026-03-07T16:44:19Z</time>
   </trkpt>
   <trkpt lat="48.043069" lon="11.592024">
    <ele>575.387</ele>
    <time>2026-03-07T16:44:31Z</time>
   </trkpt>
   <trkpt lat="48.043156" lon="11.591532">
    <ele>574.833</ele>
    <time>2026-03-07T16:44:37Z</time>
   </trkpt>
   <trkpt lat="48.043270" lon="11.591337">
    <ele>575.914</ele>
    <time>2026-03-07T16:44:40Z</time>
   </trkpt>
   <trkpt lat="48.043409" lon="11.591181">
    <ele>577.099</ele>
    <time>2026-03-07T16:44:43Z</time>
   </trkpt>
   <trkpt lat="48.043495" lon="11.590949">
    <ele>577.679</ele>
    <time>2026-03-07T16:44:47Z</time>
   </trkpt>
   <trkpt lat="48.043491" lon="11.590842">
    <ele>576.956</ele>
    <time>2026-03-07T16:44:50Z</time>
   </trkpt>
   <trkpt lat="48.043483" lon="11.590808">
    <ele>577.233</ele>
    <time>2026-03-07T16:44:54Z</time>
   </trkpt>
   <trkpt lat="48.043475" lon="11.591058">
    <ele>578.064</ele>
    <time>2026-03-07T16:45:01Z</time>
   </trkpt>
   <trkpt lat="48.043459" lon="11.591155">
    <ele>578.888</ele>
    <time>2026-03-07T16:45:03Z</time>
   </trkpt>
   <trkpt lat="48.043535" lon="11.591227">
    <ele>578.653</ele>
    <time>2026-03-07T16:45:07Z</time>
   </trkpt>
   <trkpt lat="48.043655" lon="11.591176">
    <ele>578.348</ele>
    <time>2026-03-07T16:45:10Z</time>
   </trkpt>
   <trkpt lat="48.044039" lon="11.591085">
    <ele>575.878</ele>
    <time>2026-03-07T16:45:20Z</time>
   </trkpt>
   <trkpt lat="48.044032" lon="11.590535">
    <ele>578.178</ele>
    <time>2026-03-07T16:45:29Z</time>
   </trkpt>
   <trkpt lat="48.043978" lon="11.590354">
    <ele>580.409</ele>
    <time>2026-03-07T16:45:37Z</time>
   </trkpt>
   <trkpt lat="48.043978" lon="11.590357">
    <ele>580.886</ele>
    <time>2026-03-07T16:45:43Z</time>
   </trkpt>
   <trkpt lat="48.044040" lon="11.590370">
    <ele>581.276</ele>
    <time>2026-03-07T16:45:47Z</time>
   </trkpt>
   <trkpt lat="48.044109" lon="11.590347">
    <ele>581.436</ele>
    <time>2026-03-07T16:45:49Z</time>
   </trkpt>
   <trkpt lat="48.044405" lon="11.590234">
    <ele>584.792</ele>
    <time>2026-03-07T16:45:57Z</time>
   </trkpt>
   <trkpt lat="48.044430" lon="11.590184">
    <ele>584.922</ele>
    <time>2026-03-07T16:45:58Z</time>
   </trkpt>
   <trkpt lat="48.044703" lon="11.590078">
    <ele>587.811</ele>
    <time>2026-03-07T16:46:06Z</time>
   </trkpt>
   <trkpt lat="48.044786" lon="11.590074">
    <ele>589.532</ele>
    <time>2026-03-07T16:46:09Z</time>
   </trkpt>
   <trkpt lat="48.044884" lon="11.590087">
    <ele>587.377</ele>
    <time>2026-03-07T16:46:14Z</time>
   </trkpt>
   <trkpt lat="48.044946" lon="11.590088">
    <ele>587.494</ele>
    <time>2026-03-07T16:46:17Z</time>
   </trkpt>
   <trkpt lat="48.045001" lon="11.590105">
    <ele>588.354</ele>
    <time>2026-03-07T16:46:19Z</time>
   </trkpt>
   <trkpt lat="48.045277" lon="11.590049">
    <ele>591.558</ele>
    <time>2026-03-07T16:46:25Z</time>
   </trkpt>
   <trkpt lat="48.045389" lon="11.590064">
    <ele>593.030</ele>
    <time>2026-03-07T16:46:27Z</time>
   </trkpt>
   <trkpt lat="48.045755" lon="11.590121">
    <ele>591.153</ele>
    <time>2026-03-07T16:46:35Z</time>
   </trkpt>
   <trkpt lat="48.045874" lon="11.590115">
    <ele>591.454</ele>
    <time>2026-03-07T16:46:38Z</time>
   </trkpt>
   <trkpt lat="48.045943" lon="11.590064">
    <ele>590.879</ele>
    <time>2026-03-07T16:46:40Z</time>
   </trkpt>
   <trkpt lat="48.045944" lon="11.589525">
    <ele>586.705</ele>
    <time>2026-03-07T16:46:49Z</time>
   </trkpt>
   <trkpt lat="48.045915" lon="11.589149">
    <ele>586.031</ele>
    <time>2026-03-07T16:46:54Z</time>
   </trkpt>
   <trkpt lat="48.045935" lon="11.588888">
    <ele>586.116</ele>
    <time>2026-03-07T16:46:58Z</time>
   </trkpt>
   <trkpt lat="48.046137" lon="11.588498">
    <ele>583.920</ele>
    <time>2026-03-07T16:47:05Z</time>
   </trkpt>
   <trkpt lat="48.046424" lon="11.588258">
    <ele>586.005</ele>
    <time>2026-03-07T16:47:12Z</time>
   </trkpt>
   <trkpt lat="48.046660" lon="11.588151">
    <ele>590.929</ele>
    <time>2026-03-07T16:47:17Z</time>
   </trkpt>
   <trkpt lat="48.046756" lon="11.587746">
    <ele>590.203</ele>
    <time>2026-03-07T16:47:22Z</time>
   </trkpt>
   <trkpt lat="48.046882" lon="11.586629">
    <ele>582.221</ele>
    <time>2026-03-07T16:47:36Z</time>
   </trkpt>
   <trkpt lat="48.047146" lon="11.586357">
    <ele>581.504</ele>
    <time>2026-03-07T16:47:44Z</time>
   </trkpt>
   <trkpt lat="48.047408" lon="11.586745">
    <ele>582.000</ele>
    <time>2026-03-07T16:47:51Z</time>
   </trkpt>
   <trkpt lat="48.047597" lon="11.586904">
    <ele>581.765</ele>
    <time>2026-03-07T16:47:55Z</time>
   </trkpt>
   <trkpt lat="48.047757" lon="11.586972">
    <ele>582.154</ele>
    <time>2026-03-07T16:47:58Z</time>
   </trkpt>
   <trkpt lat="48.047982" lon="11.587044">
    <ele>582.423</ele>
    <time>2026-03-07T16:48:02Z</time>
   </trkpt>
   <trkpt lat="48.048976" lon="11.587300">
    <ele>582.026</ele>
    <time>2026-03-07T16:48:18Z</time>
   </trkpt>
   <trkpt lat="48.050424" lon="11.587687">
    <ele>578.156</ele>
    <time>2026-03-07T16:48:40Z</time>
   </trkpt>
   <trkpt lat="48.051884" lon="11.588087">
    <ele>570.759</ele>
    <time>2026-03-07T16:49:03Z</time>
   </trkpt>
   <trkpt lat="48.053314" lon="11.588460">
    <ele>567.401</ele>
    <time>2026-03-07T16:49:26Z</time>
   </trkpt>
   <trkpt lat="48.054692" lon="11.588824">
    <ele>565.906</ele>
    <time>2026-03-07T16:49:48Z</time>
   </trkpt>
   <trkpt lat="48.054819" lon="11.588854">
    <ele>565.878</ele>
    <time>2026-03-07T16:49:50Z</time>
   </trkpt>
   <trkpt lat="48.055706" lon="11.589087">
    <ele>566.216</ele>
    <time>2026-03-07T16:50:04Z</time>
   </trkpt>
   <trkpt lat="48.056602" lon="11.589311">
    <ele>565.127</ele>
    <time>2026-03-07T16:50:19Z</time>
   </trkpt>
   <trkpt lat="48.056633" lon="11.589317">
    <ele>565.521</ele>
    <time>2026-03-07T16:50:20Z</time>
   </trkpt>
   <trkpt lat="48.056641" lon="11.589305">
    <ele>565.471</ele>
    <time>2026-03-07T16:50:22Z</time>
   </trkpt>
   <trkpt lat="48.056271" lon="11.589202">
    <ele>562.642</ele>
    <time>2026-03-07T16:50:33Z</time>
   </trkpt>
   <trkpt lat="48.055971" lon="11.589126">
    <ele>559.892</ele>
    <time>2026-03-07T16:50:39Z</time>
   </trkpt>
   <trkpt lat="48.055257" lon="11.588933">
    <ele>559.944</ele>
    <time>2026-03-07T16:50:52Z</time>
   </trkpt>
   <trkpt lat="48.054846" lon="11.588837">
    <ele>562.670</ele>
    <time>2026-03-07T16:51:00Z</time>
   </trkpt>
   <trkpt lat="48.054806" lon="11.588631">
    <ele>562.249</ele>
    <time>2026-03-07T16:51:05Z</time>
   </trkpt>
   <trkpt lat="48.054983" lon="11.588368">
    <ele>564.014</ele>
    <time>2026-03-07T16:51:10Z</time>
   </trkpt>
   <trkpt lat="48.055127" lon="11.588162">
    <ele>567.505</ele>
    <time>2026-03-07T16:51:14Z</time>
   </trkpt>
   <trkpt lat="48.055249" lon="11.587941">
    <ele>569.216</ele>
    <time>2026-03-07T16:51:18Z</time>
   </trkpt>
   <trkpt lat="48.055903" lon="11.586846">
    <ele>566.389</ele>
    <time>2026-03-07T16:51:37Z</time>
   </trkpt>
   <trkpt lat="48.056252" lon="11.586323">
    <ele>567.144</ele>
    <time>2026-03-07T16:51:48Z</time>
   </trkpt>
   <trkpt lat="48.056138" lon="11.586475">
    <ele>565.801</ele>
    <time>2026-03-07T16:51:56Z</time>
   </trkpt>
   <trkpt lat="48.056306" lon="11.586626">
    <ele>564.778</ele>
    <time>2026-03-07T16:52:03Z</time>
   </trkpt>
   <trkpt lat="48.056398" lon="11.586645">
    <ele>565.018</ele>
    <time>2026-03-07T16:52:05Z</time>
   </trkpt>
   <trkpt lat="48.056591" lon="11.586677">
    <ele>565.698</ele>
    <time>2026-03-07T16:52:09Z</time>
   </trkpt>
   <trkpt lat="48.057501" lon="11.586723">
    <ele>565.856</ele>
    <time>2026-03-07T16:52:26Z</time>
   </trkpt>
   <trkpt lat="48.058851" lon="11.586825">
    <ele>566.947</ele>
    <time>2026-03-07T16:52:49Z</time>
   </trkpt>
   <trkpt lat="48.059917" lon="11.586927">
    <ele>567.267</ele>
    <time>2026-03-07T16:53:06Z</time>
   </trkpt>
   <trkpt lat="48.061048" lon="11.587042">
    <ele>566.529</ele>
    <time>2026-03-07T16:53:23Z</time>
   </trkpt>
   <trkpt lat="48.061900" lon="11.587136">
    <ele>564.968</ele>
    <time>2026-03-07T16:53:36Z</time>
   </trkpt>
   <trkpt lat="48.062882" lon="11.587152">
    <ele>568.392</ele>
    <time>2026-03-07T16:53:51Z</time>
   </trkpt>
   <trkpt lat="48.063906" lon="11.587213">
    <ele>567.475</ele>
    <time>2026-03-07T16:54:08Z</time>
   </trkpt>
   <trkpt lat="48.064009" lon="11.587221">
    <ele>565.336</ele>
    <time>2026-03-07T16:54:10Z</time>
   </trkpt>
   <trkpt lat="48.064638" lon="11.587254">
    <ele>568.819</ele>
    <time>2026-03-07T16:54:21Z</time>
   </trkpt>
   <trkpt lat="48.065476" lon="11.587468">
    <ele>568.553</ele>
    <time>2026-03-07T16:54:35Z</time>
   </trkpt>
   <trkpt lat="48.066247" lon="11.587807">
    <ele>566.823</ele>
    <time>2026-03-07T16:54:48Z</time>
   </trkpt>
   <trkpt lat="48.066662" lon="11.587987">
    <ele>566.321</ele>
    <time>2026-03-07T16:54:55Z</time>
   </trkpt>
   <trkpt lat="48.067304" lon="11.588298">
    <ele>566.539</ele>
    <time>2026-03-07T16:55:07Z</time>
   </trkpt>
   <trkpt lat="48.067811" lon="11.588569">
    <ele>563.746</ele>
    <time>2026-03-07T16:55:15Z</time>
   </trkpt>
   <trkpt lat="48.068404" lon="11.588954">
    <ele>565.567</ele>
    <time>2026-03-07T16:55:26Z</time>
   </trkpt>
   <trkpt lat="48.068660" lon="11.589157">
    <ele>565.337</ele>
    <time>2026-03-07T16:55:31Z</time>
   </trkpt>
   <trkpt lat="48.069006" lon="11.589496">
    <ele>565.419</ele>
    <time>2026-03-07T16:55:38Z</time>
   </trkpt>
   <trkpt lat="48.069147" lon="11.589639">
    <ele>566.200</ele>
    <time>2026-03-07T16:55:41Z</time>
   </trkpt>
   <trkpt lat="48.069696" lon="11.590231">
    <ele>561.414</ele>
    <time>2026-03-07T16:55:53Z</time>
   </trkpt>
   <trkpt lat="48.070439" lon="11.590773">
    <ele>561.559</ele>
    <time>2026-03-07T16:56:08Z</time>
   </trkpt>
   <trkpt lat="48.070996" lon="11.591123">
    <ele>561.867</ele>
    <time>2026-03-07T16:56:18Z</time>
   </trkpt>
   <trkpt lat="48.071161" lon="11.591258">
    <ele>562.040</ele>
    <time>2026-03-07T16:56:21Z</time>
   </trkpt>
   <trkpt lat="48.072011" lon="11.591835">
    <ele>563.018</ele>
    <time>2026-03-07T16:56:36Z</time>
   </trkpt>
   <trkpt lat="48.072718" lon="11.592291">
    <ele>560.903</ele>
    <time>2026-03-07T16:56:48Z</time>
   </trkpt>
   <trkpt lat="48.073113" lon="11.592530">
    <ele>562.469</ele>
    <time>2026-03-07T16:56:55Z</time>
   </trkpt>
   <trkpt lat="48.073214" lon="11.592591">
    <ele>562.782</ele>
    <time>2026-03-07T16:56:57Z</time>
   </trkpt>
   <trkpt lat="48.073485" lon="11.592451">
    <ele>560.923</ele>
    <time>2026-03-07T16:57:02Z</time>
   </trkpt>
   <trkpt lat="48.073783" lon="11.592024">
    <ele>559.963</ele>
    <time>2026-03-07T16:57:09Z</time>
   </trkpt>
   <trkpt lat="48.073907" lon="11.591836">
    <ele>559.266</ele>
    <time>2026-03-07T16:57:12Z</time>
   </trkpt>
   <trkpt lat="48.073979" lon="11.591690">
    <ele>561.412</ele>
    <time>2026-03-07T16:57:14Z</time>
   </trkpt>
   <trkpt lat="48.074137" lon="11.591453">
    <ele>562.645</ele>
    <time>2026-03-07T16:57:18Z</time>
   </trkpt>
   <trkpt lat="48.074692" lon="11.590537">
    <ele>561.419</ele>
    <time>2026-03-07T16:57:32Z</time>
   </trkpt>
   <trkpt lat="48.075084" lon="11.589902">
    <ele>560.450</ele>
    <time>2026-03-07T16:57:42Z</time>
   </trkpt>
   <trkpt lat="48.075198" lon="11.589718">
    <ele>561.442</ele>
    <time>2026-03-07T16:57:45Z</time>
   </trkpt>
   <trkpt lat="48.075624" lon="11.589090">
    <ele>564.967</ele>
    <time>2026-03-07T16:57:56Z</time>
   </trkpt>
   <trkpt lat="48.075699" lon="11.588972">
    <ele>564.609</ele>
    <time>2026-03-07T16:57:58Z</time>
   </trkpt>
   <trkpt lat="48.076233" lon="11.588183">
    <ele>561.940</ele>
    <time>2026-03-07T16:58:11Z</time>
   </trkpt>
   <trkpt lat="48.077005" lon="11.586923">
    <ele>559.906</ele>
    <time>2026-03-07T16:58:31Z</time>
   </trkpt>
   <trkpt lat="48.077327" lon="11.586404">
    <ele>561.704</ele>
    <time>2026-03-07T16:58:40Z</time>
   </trkpt>
   <trkpt lat="48.077750" lon="11.585708">
    <ele>562.161</ele>
    <time>2026-03-07T16:58:51Z</time>
   </trkpt>
   <trkpt lat="48.078410" lon="11.584696">
    <ele>562.000</ele>
    <time>2026-03-07T16:59:08Z</time>
   </trkpt>
   <trkpt lat="48.078606" lon="11.584356">
    <ele>563.290</ele>
    <time>2026-03-07T16:59:14Z</time>
   </trkpt>
   <trkpt lat="48.078787" lon="11.584380">
    <ele>561.831</ele>
    <time>2026-03-07T16:59:19Z</time>
   </trkpt>
   <trkpt lat="48.079526" lon="11.585500">
    <ele>560.611</ele>
    <time>2026-03-07T16:59:37Z</time>
   </trkpt>
   <trkpt lat="48.080347" lon="11.586707">
    <ele>559.536</ele>
    <time>2026-03-07T16:59:55Z</time>
   </trkpt>
   <trkpt lat="48.081254" lon="11.587958">
    <ele>558.955</ele>
    <time>2026-03-07T17:00:15Z</time>
   </trkpt>
   <trkpt lat="48.081378" lon="11.588124">
    <ele>559.117</ele>
    <time>2026-03-07T17:00:19Z</time>
   </trkpt>
   <trkpt lat="48.081537" lon="11.587916">
    <ele>557.563</ele>
    <time>2026-03-07T17:00:26Z</time>
   </trkpt>
   <trkpt lat="48.081701" lon="11.587653">
    <ele>556.595</ele>
    <time>2026-03-07T17:00:31Z</time>
   </trkpt>
   <trkpt lat="48.081803" lon="11.587492">
    <ele>556.977</ele>
    <time>2026-03-07T17:00:34Z</time>
   </trkpt>
   <trkpt lat="48.082145" lon="11.586921">
    <ele>557.518</ele>
    <time>2026-03-07T17:00:44Z</time>
   </trkpt>
   <trkpt lat="48.082296" lon="11.586664">
    <ele>558.951</ele>
    <time>2026-03-07T17:00:49Z</time>
   </trkpt>
   <trkpt lat="48.082460" lon="11.586405">
    <ele>561.270</ele>
    <time>2026-03-07T17:00:54Z</time>
   </trkpt>
   <trkpt lat="48.082539" lon="11.586334">
    <ele>562.284</ele>
    <time>2026-03-07T17:00:56Z</time>
   </trkpt>
   <trkpt lat="48.082827" lon="11.585869">
    <ele>561.545</ele>
    <time>2026-03-07T17:01:05Z</time>
   </trkpt>
   <trkpt lat="48.082974" lon="11.585672">
    <ele>560.371</ele>
    <time>2026-03-07T17:01:09Z</time>
   </trkpt>
   <trkpt lat="48.083130" lon="11.585380">
    <ele>557.673</ele>
    <time>2026-03-07T17:01:14Z</time>
   </trkpt>
   <trkpt lat="48.083531" lon="11.584818">
    <ele>557.659</ele>
    <time>2026-03-07T17:01:25Z</time>
   </trkpt>
   <trkpt lat="48.083760" lon="11.584404">
    <ele>561.908</ele>
    <time>2026-03-07T17:01:33Z</time>
   </trkpt>
   <trkpt lat="48.083858" lon="11.584239">
    <ele>563.920</ele>
    <time>2026-03-07T17:01:36Z</time>
   </trkpt>
   <trkpt lat="48.083955" lon="11.584055">
    <ele>562.852</ele>
    <time>2026-03-07T17:01:39Z</time>
   </trkpt>
   <trkpt lat="48.084488" lon="11.583226">
    <ele>560.411</ele>
    <time>2026-03-07T17:01:54Z</time>
   </trkpt>
   <trkpt lat="48.084630" lon="11.583031">
    <ele>559.987</ele>
    <time>2026-03-07T17:01:58Z</time>
   </trkpt>
   <trkpt lat="48.085085" lon="11.582297">
    <ele>558.015</ele>
    <time>2026-03-07T17:02:12Z</time>
   </trkpt>
   <trkpt lat="48.085661" lon="11.581407">
    <ele>556.508</ele>
    <time>2026-03-07T17:02:30Z</time>
   </trkpt>
   <trkpt lat="48.085831" lon="11.581094">
    <ele>558.375</ele>
    <time>2026-03-07T17:02:36Z</time>
   </trkpt>
   <trkpt lat="48.086014" lon="11.580820">
    <ele>558.965</ele>
    <time>2026-03-07T17:02:41Z</time>
   </trkpt>
   <trkpt lat="48.086121" lon="11.580654">
    <ele>558.968</ele>
    <time>2026-03-07T17:02:44Z</time>
   </trkpt>
   <trkpt lat="48.086517" lon="11.580022">
    <ele>562.679</ele>
    <time>2026-03-07T17:02:56Z</time>
   </trkpt>
   <trkpt lat="48.086947" lon="11.579449">
    <ele>562.870</ele>
    <time>2026-03-07T17:03:08Z</time>
   </trkpt>
   <trkpt lat="48.087078" lon="11.579145">
    <ele>565.500</ele>
    <time>2026-03-07T17:03:15Z</time>
   </trkpt>
   <trkpt lat="48.087318" lon="11.578782">
    <ele>564.259</ele>
    <time>2026-03-07T17:03:23Z</time>
   </trkpt>
   <trkpt lat="48.087548" lon="11.578379">
    <ele>562.958</ele>
    <time>2026-03-07T17:03:30Z</time>
   </trkpt>
   <trkpt lat="48.087714" lon="11.578108">
    <ele>562.546</ele>
    <time>2026-03-07T17:03:35Z</time>
   </trkpt>
   <trkpt lat="48.088224" lon="11.577376">
    <ele>558.034</ele>
    <time>2026-03-07T17:03:49Z</time>
   </trkpt>
   <trkpt lat="48.088342" lon="11.577236">
    <ele>556.772</ele>
    <time>2026-03-07T17:03:52Z</time>
   </trkpt>
   <trkpt lat="48.088449" lon="11.577062">
    <ele>555.840</ele>
    <time>2026-03-07T17:03:55Z</time>
   </trkpt>
   <trkpt lat="48.088774" lon="11.576474">
    <ele>556.317</ele>
    <time>2026-03-07T17:04:07Z</time>
   </trkpt>
   <trkpt lat="48.088870" lon="11.576390">
    <ele>559.025</ele>
    <time>2026-03-07T17:04:09Z</time>
   </trkpt>
   <trkpt lat="48.088924" lon="11.576462">
    <ele>558.683</ele>
    <time>2026-03-07T17:04:13Z</time>
   </trkpt>
   <trkpt lat="48.088920" lon="11.576552">
    <ele>560.055</ele>
    <time>2026-03-07T17:04:24Z</time>
   </trkpt>
   <trkpt lat="48.088918" lon="11.576555">
    <ele>560.080</ele>
    <time>2026-03-07T17:04:27Z</time>
   </trkpt>
   <trkpt lat="48.088947" lon="11.576465">
    <ele>559.340</ele>
    <time>2026-03-07T17:04:34Z</time>
   </trkpt>
   <trkpt lat="48.089118" lon="11.575517">
    <ele>562.577</ele>
    <time>2026-03-07T17:04:50Z</time>
   </trkpt>
   <trkpt lat="48.089262" lon="11.574744">
    <ele>565.071</ele>
    <time>2026-03-07T17:05:01Z</time>
   </trkpt>
   <trkpt lat="48.089296" lon="11.574484">
    <ele>569.509</ele>
    <time>2026-03-07T17:05:05Z</time>
   </trkpt>
   <trkpt lat="48.089372" lon="11.574400">
    <ele>569.432</ele>
    <time>2026-03-07T17:05:08Z</time>
   </trkpt>
   <trkpt lat="48.089439" lon="11.574440">
    <ele>563.835</ele>
    <time>2026-03-07T17:05:16Z</time>
   </trkpt>
   <trkpt lat="48.089448" lon="11.574463">
    <ele>563.450</ele>
    <time>2026-03-07T17:05:18Z</time>
   </trkpt>
   <trkpt lat="48.089617" lon="11.574925">
    <ele>560.503</ele>
    <time>2026-03-07T17:05:29Z</time>
   </trkpt>
   <trkpt lat="48.089896" lon="11.575725">
    <ele>558.505</ele>
    <time>2026-03-07T17:05:41Z</time>
   </trkpt>
   <trkpt lat="48.089962" lon="11.575927">
    <ele>557.361</ele>
    <time>2026-03-07T17:05:44Z</time>
   </trkpt>
   <trkpt lat="48.090264" lon="11.576651">
    <ele>555.800</ele>
    <time>2026-03-07T17:05:55Z</time>
   </trkpt>
   <trkpt lat="48.090303" lon="11.576561">
    <ele>555.768</ele>
    <time>2026-03-07T17:05:59Z</time>
   </trkpt>
   <trkpt lat="48.090426" lon="11.575979">
    <ele>556.773</ele>
    <time>2026-03-07T17:06:13Z</time>
   </trkpt>
   <trkpt lat="48.090513" lon="11.575715">
    <ele>555.417</ele>
    <time>2026-03-07T17:06:19Z</time>
   </trkpt>
   <trkpt lat="48.090605" lon="11.575722">
    <ele>554.005</ele>
    <time>2026-03-07T17:06:23Z</time>
   </trkpt>
   <trkpt lat="48.090780" lon="11.575626">
    <ele>554.417</ele>
    <time>2026-03-07T17:06:30Z</time>
   </trkpt>
   <trkpt lat="48.090876" lon="11.575639">
    <ele>554.478</ele>
    <time>2026-03-07T17:06:33Z</time>
   </trkpt>
   <trkpt lat="48.091056" lon="11.575609">
    <ele>553.637</ele>
    <time>2026-03-07T17:06:37Z</time>
   </trkpt>
   <trkpt lat="48.091394" lon="11.575419">
    <ele>553.175</ele>
    <time>2026-03-07T17:06:44Z</time>
   </trkpt>
   <trkpt lat="48.092316" lon="11.574891">
    <ele>552.283</ele>
    <time>2026-03-07T17:07:02Z</time>
   </trkpt>
   <trkpt lat="48.092994" lon="11.574461">
    <ele>550.376</ele>
    <time>2026-03-07T17:07:15Z</time>
   </trkpt>
   <trkpt lat="48.093086" lon="11.574388">
    <ele>550.244</ele>
    <time>2026-03-07T17:07:17Z</time>
   </trkpt>
   <trkpt lat="48.093892" lon="11.573931">
    <ele>550.467</ele>
    <time>2026-03-07T17:07:32Z</time>
   </trkpt>
   <trkpt lat="48.094543" lon="11.573569">
    <ele>550.913</ele>
    <time>2026-03-07T17:07:47Z</time>
   </trkpt>
   <trkpt lat="48.094766" lon="11.573465">
    <ele>551.322</ele>
    <time>2026-03-07T17:08:44Z</time>
   </trkpt>
   <trkpt lat="48.095623" lon="11.572832">
    <ele>550.459</ele>
    <time>2026-03-07T17:09:01Z</time>
   </trkpt>
   <trkpt lat="48.096737" lon="11.571940">
    <ele>549.556</ele>
    <time>2026-03-07T17:09:21Z</time>
   </trkpt>
   <trkpt lat="48.097610" lon="11.571377">
    <ele>546.200</ele>
    <time>2026-03-07T17:09:35Z</time>
   </trkpt>
   <trkpt lat="48.098185" lon="11.571104">
    <ele>544.974</ele>
    <time>2026-03-07T17:09:43Z</time>
   </trkpt>
   <trkpt lat="48.098491" lon="11.571084">
    <ele>543.570</ele>
    <time>2026-03-07T17:09:47Z</time>
   </trkpt>
   <trkpt lat="48.099356" lon="11.571390">
    <ele>542.863</ele>
    <time>2026-03-07T17:09:59Z</time>
   </trkpt>
   <trkpt lat="48.100069" lon="11.571674">
    <ele>543.977</ele>
    <time>2026-03-07T17:10:10Z</time>
   </trkpt>
   <trkpt lat="48.100655" lon="11.571908">
    <ele>543.731</ele>
    <time>2026-03-07T17:10:19Z</time>
   </trkpt>
   <trkpt lat="48.101443" lon="11.572200">
    <ele>543.534</ele>
    <time>2026-03-07T17:10:31Z</time>
   </trkpt>
   <trkpt lat="48.102065" lon="11.572441">
    <ele>545.671</ele>
    <time>2026-03-07T17:10:42Z</time>
   </trkpt>
   <trkpt lat="48.102963" lon="11.572776">
    <ele>545.750</ele>
    <time>2026-03-07T17:10:57Z</time>
   </trkpt>
   <trkpt lat="48.103196" lon="11.572857">
    <ele>546.437</ele>
    <time>2026-03-07T17:11:01Z</time>
   </trkpt>
   <trkpt lat="48.104219" lon="11.573515">
    <ele>546.093</ele>
    <time>2026-03-07T17:11:20Z</time>
   </trkpt>
   <trkpt lat="48.105179" lon="11.574104">
    <ele>546.527</ele>
    <time>2026-03-07T17:11:38Z</time>
   </trkpt>
   <trkpt lat="48.105252" lon="11.574148">
    <ele>547.206</ele>
    <time>2026-03-07T17:11:40Z</time>
   </trkpt>
   <trkpt lat="48.106007" lon="11.574365">
    <ele>545.623</ele>
    <time>2026-03-07T17:11:51Z</time>
   </trkpt>
   <trkpt lat="48.106655" lon="11.574477">
    <ele>548.650</ele>
    <time>2026-03-07T17:12:02Z</time>
   </trkpt>
   <trkpt lat="48.107197" lon="11.574557">
    <ele>545.539</ele>
    <time>2026-03-07T17:12:10Z</time>
   </trkpt>
   <trkpt lat="48.107525" lon="11.574652">
    <ele>546.931</ele>
    <time>2026-03-07T17:12:16Z</time>
   </trkpt>
   <trkpt lat="48.107949" lon="11.574817">
    <ele>548.174</ele>
    <time>2026-03-07T17:12:25Z</time>
   </trkpt>
   <trkpt lat="48.108119" lon="11.574936">
    <ele>547.539</ele>
    <time>2026-03-07T17:12:28Z</time>
   </trkpt>
   <trkpt lat="48.108509" lon="11.575278">
    <ele>545.360</ele>
    <time>2026-03-07T17:12:36Z</time>
   </trkpt>
   <trkpt lat="48.108600" lon="11.575172">
    <ele>544.486</ele>
    <time>2026-03-07T17:12:40Z</time>
   </trkpt>
   <trkpt lat="48.108832" lon="11.574604">
    <ele>543.288</ele>
    <time>2026-03-07T17:12:55Z</time>
   </trkpt>
   <trkpt lat="48.108838" lon="11.574603">
    <ele>543.934</ele>
    <time>2026-03-07T17:13:07Z</time>
   </trkpt>
   <trkpt lat="48.108894" lon="11.574639">
    <ele>543.343</ele>
    <time>2026-03-07T17:13:11Z</time>
   </trkpt>
   <trkpt lat="48.109195" lon="11.574951">
    <ele>541.892</ele>
    <time>2026-03-07T17:13:21Z</time>
   </trkpt>
   <trkpt lat="48.109453" lon="11.575172">
    <ele>541.584</ele>
    <time>2026-03-07T17:13:27Z</time>
   </trkpt>
   <trkpt lat="48.109683" lon="11.575292">
    <ele>542.662</ele>
    <time>2026-03-07T17:13:33Z</time>
   </trkpt>
   <trkpt lat="48.110216" lon="11.575626">
    <ele>543.426</ele>
    <time>2026-03-07T17:13:44Z</time>
   </trkpt>
   <trkpt lat="48.111033" lon="11.576118">
    <ele>538.976</ele>
    <time>2026-03-07T17:14:00Z</time>
   </trkpt>
   <trkpt lat="48.111307" lon="11.576239">
    <ele>539.603</ele>
    <time>2026-03-07T17:14:11Z</time>
   </trkpt>
   <trkpt lat="48.111564" lon="11.576370">
    <ele>539.955</ele>
    <time>2026-03-07T17:14:36Z</time>
   </trkpt>
   <trkpt lat="48.112301" lon="11.576610">
    <ele>540.746</ele>
    <time>2026-03-07T17:14:49Z</time>
   </trkpt>
   <trkpt lat="48.112640" lon="11.576721">
    <ele>541.650</ele>
    <time>2026-03-07T17:14:55Z</time>
   </trkpt>
   <trkpt lat="48.112774" lon="11.576823">
    <ele>545.036</ele>
    <time>2026-03-07T17:15:02Z</time>
   </trkpt>
   <trkpt lat="48.112772" lon="11.576822">
    <ele>545.202</ele>
    <time>2026-03-07T17:15:15Z</time>
   </trkpt>
   <trkpt lat="48.113054" lon="11.576685">
    <ele>545.376</ele>
    <time>2026-03-07T17:15:26Z</time>
   </trkpt>
   <trkpt lat="48.114050" lon="11.576637">
    <ele>543.760</ele>
    <time>2026-03-07T17:15:47Z</time>
   </trkpt>
   <trkpt lat="48.114775" lon="11.576660">
    <ele>542.344</ele>
    <time>2026-03-07T17:16:00Z</time>
   </trkpt>
   <trkpt lat="48.115518" lon="11.576949">
    <ele>539.547</ele>
    <time>2026-03-07T17:16:12Z</time>
   </trkpt>
   <trkpt lat="48.115728" lon="11.577045">
    <ele>538.750</ele>
    <time>2026-03-07T17:16:15Z</time>
   </trkpt>
   <trkpt lat="48.116110" lon="11.577025">
    <ele>536.484</ele>
    <time>2026-03-07T17:16:20Z</time>
   </trkpt>
   <trkpt lat="48.116265" lon="11.576963">
    <ele>535.510</ele>
    <time>2026-03-07T17:16:22Z</time>
   </trkpt>
   <trkpt lat="48.117180" lon="11.577090">
    <ele>527.462</ele>
    <time>2026-03-07T17:16:34Z</time>
   </trkpt>
   <trkpt lat="48.117992" lon="11.577247">
    <ele>518.341</ele>
    <time>2026-03-07T17:16:44Z</time>
   </trkpt>
   <trkpt lat="48.118285" lon="11.577281">
    <ele>517.819</ele>
    <time>2026-03-07T17:16:47Z</time>
   </trkpt>
   <trkpt lat="48.118642" lon="11.577189">
    <ele>518.200</ele>
    <time>2026-03-07T17:16:51Z</time>
   </trkpt>
   <trkpt lat="48.119053" lon="11.576718">
    <ele>518.442</ele>
    <time>2026-03-07T17:16:58Z</time>
   </trkpt>
   <trkpt lat="48.119237" lon="11.576320">
    <ele>518.322</ele>
    <time>2026-03-07T17:17:03Z</time>
   </trkpt>
   <trkpt lat="48.119365" lon="11.576019">
    <ele>519.491</ele>
    <time>2026-03-07T17:17:07Z</time>
   </trkpt>
   <trkpt lat="48.119544" lon="11.575556">
    <ele>519.930</ele>
    <time>2026-03-07T17:17:16Z</time>
   </trkpt>
   <trkpt lat="48.119561" lon="11.575482">
    <ele>519.718</ele>
    <time>2026-03-07T17:17:28Z</time>
   </trkpt>
   <trkpt lat="48.119888" lon="11.575680">
    <ele>520.895</ele>
    <time>2026-03-07T17:17:38Z</time>
   </trkpt>
   <trkpt lat="48.120225" lon="11.575872">
    <ele>524.146</ele>
    <time>2026-03-07T17:17:47Z</time>
   </trkpt>
   <trkpt lat="48.120418" lon="11.576006">
    <ele>523.232</ele>
    <time>2026-03-07T17:17:50Z</time>
   </trkpt>
   <trkpt lat="48.120611" lon="11.576360">
    <ele>523.514</ele>
    <time>2026-03-07T17:17:59Z</time>
   </trkpt>
   <trkpt lat="48.120939" lon="11.576273">
    <ele>524.638</ele>
    <time>2026-03-07T17:18:09Z</time>
   </trkpt>
   <trkpt lat="48.121492" lon="11.576129">
    <ele>532.109</ele>
    <time>2026-03-07T17:18:20Z</time>
   </trkpt>
   <trkpt lat="48.122224" lon="11.575927">
    <ele>543.612</ele>
    <time>2026-03-07T17:18:34Z</time>
   </trkpt>
   <trkpt lat="48.122446" lon="11.575859">
    <ele>543.123</ele>
    <time>2026-03-07T17:18:38Z</time>
   </trkpt>
   <trkpt lat="48.122758" lon="11.575781">
    <ele>543.157</ele>
    <time>2026-03-07T17:18:44Z</time>
   </trkpt>
   <trkpt lat="48.122956" lon="11.576041">
    <ele>526.046</ele>
    <time>2026-03-07T17:18:52Z</time>
   </trkpt>
   <trkpt lat="48.122956" lon="11.576041">
    <ele>526.273</ele>
    <time>2026-03-07T17:18:53Z</time>
   </trkpt>
   <trkpt lat="48.122980" lon="11.576083">
    <ele>528.250</ele>
    <time>2026-03-07T17:18:57Z</time>
   </trkpt>
   <trkpt lat="48.123381" lon="11.576207">
    <ele>523.052</ele>
    <time>2026-03-07T17:19:03Z</time>
   </trkpt>
   <trkpt lat="48.123585" lon="11.576458">
    <ele>520.656</ele>
    <time>2026-03-07T17:19:08Z</time>
   </trkpt>
   <trkpt lat="48.124169" lon="11.577177">
    <ele>514.065</ele>
    <time>2026-03-07T17:19:23Z</time>
   </trkpt>
   <trkpt lat="48.124207" lon="11.577224">
    <ele>513.927</ele>
    <time>2026-03-07T17:19:32Z</time>
   </trkpt>
   <trkpt lat="48.124252" lon="11.577282">
    <ele>513.348</ele>
    <time>2026-03-07T17:19:34Z</time>
   </trkpt>
   <trkpt lat="48.124643" lon="11.577778">
    <ele>512.993</ele>
    <time>2026-03-07T17:19:45Z</time>
   </trkpt>
   <trkpt lat="48.124826" lon="11.578012">
    <ele>511.988</ele>
    <time>2026-03-07T17:19:50Z</time>
   </trkpt>
   <trkpt lat="48.124934" lon="11.578147">
    <ele>512.425</ele>
    <time>2026-03-07T17:19:53Z</time>
   </trkpt>
   <trkpt lat="48.125042" lon="11.578277">
    <ele>513.731</ele>
    <time>2026-03-07T17:19:57Z</time>
   </trkpt>
   <trkpt lat="48.125326" lon="11.578617">
    <ele>514.511</ele>
    <time>2026-03-07T17:20:05Z</time>
   </trkpt>
   <trkpt lat="48.125413" lon="11.578722">
    <ele>514.060</ele>
    <time>2026-03-07T17:20:07Z</time>
   </trkpt>
   <trkpt lat="48.125607" lon="11.578955">
    <ele>512.962</ele>
    <time>2026-03-07T17:20:13Z</time>
   </trkpt>
   <trkpt lat="48.125718" lon="11.578989">
    <ele>514.083</ele>
    <time>2026-03-07T17:20:28Z</time>
   </trkpt>
   <trkpt lat="48.125718" lon="11.578989">
    <ele>514.128</ele>
    <time>2026-03-07T17:20:29Z</time>
   </trkpt>
   <trkpt lat="48.125782" lon="11.579059">
    <ele>515.063</ele>
    <time>2026-03-07T17:20:33Z</time>
   </trkpt>
   <trkpt lat="48.126101" lon="11.578471">
    <ele>517.734</ele>
    <time>2026-03-07T17:20:51Z</time>
   </trkpt>
   <trkpt lat="48.126721" lon="11.577945">
    <ele>520.123</ele>
    <time>2026-03-07T17:21:03Z</time>
   </trkpt>
   <trkpt lat="48.126760" lon="11.577998">
    <ele>520.183</ele>
    <time>2026-03-07T17:21:07Z</time>
   </trkpt>
   <trkpt lat="48.126874" lon="11.578200">
    <ele>519.258</ele>
    <time>2026-03-07T17:21:17Z</time>
   </trkpt>
   <trkpt lat="48.126874" lon="11.578200">
    <ele>518.808</ele>
    <time>2026-03-07T17:21:18Z</time>
   </trkpt>
   <trkpt lat="48.126993" lon="11.578311">
    <ele>518.097</ele>
    <time>2026-03-07T17:21:21Z</time>
   </trkpt>
   <trkpt lat="48.127065" lon="11.578508">
    <ele>518.696</ele>
    <time>2026-03-07T17:21:26Z</time>
   </trkpt>
   <trkpt lat="48.127143" lon="11.578663">
    <ele>519.856</ele>
    <time>2026-03-07T17:21:29Z</time>
   </trkpt>
   <trkpt lat="48.127258" lon="11.578895">
    <ele>519.699</ele>
    <time>2026-03-07T17:21:33Z</time>
   </trkpt>
   <trkpt lat="48.127301" lon="11.579026">
    <ele>519.152</ele>
    <time>2026-03-07T17:21:35Z</time>
   </trkpt>
   <trkpt lat="48.127462" lon="11.579722">
    <ele>516.558</ele>
    <time>2026-03-07T17:21:44Z</time>
   </trkpt>
   <trkpt lat="48.127507" lon="11.580004">
    <ele>515.295</ele>
    <time>2026-03-07T17:21:48Z</time>
   </trkpt>
   <trkpt lat="48.127818" lon="11.580509">
    <ele>512.589</ele>
    <time>2026-03-07T17:21:56Z</time>
   </trkpt>
   <trkpt lat="48.128022" lon="11.580906">
    <ele>509.484</ele>
    <time>2026-03-07T17:22:01Z</time>
   </trkpt>
   <trkpt lat="48.128083" lon="11.581378">
    <ele>507.622</ele>
    <time>2026-03-07T17:22:07Z</time>
   </trkpt>
   <trkpt lat="48.128058" lon="11.581677">
    <ele>509.639</ele>
    <time>2026-03-07T17:22:14Z</time>
   </trkpt>
   <trkpt lat="48.128014" lon="11.581757">
    <ele>511.694</ele>
    <time>2026-03-07T17:22:18Z</time>
   </trkpt>
   <trkpt lat="48.127975" lon="11.582496">
    <ele>512.815</ele>
    <time>2026-03-07T17:22:28Z</time>
   </trkpt>
   <trkpt lat="48.127981" lon="11.582812">
    <ele>510.627</ele>
    <time>2026-03-07T17:22:32Z</time>
   </trkpt>
   <trkpt lat="48.127997" lon="11.582984">
    <ele>509.886</ele>
    <time>2026-03-07T17:22:34Z</time>
   </trkpt>
   <trkpt lat="48.128044" lon="11.583219">
    <ele>509.102</ele>
    <time>2026-03-07T17:22:37Z</time>
   </trkpt>
   <trkpt lat="48.128102" lon="11.583390">
    <ele>509.111</ele>
    <time>2026-03-07T17:22:39Z</time>
   </trkpt>
   <trkpt lat="48.128421" lon="11.583989">
    <ele>509.206</ele>
    <time>2026-03-07T17:22:48Z</time>
   </trkpt>
   <trkpt lat="48.128889" lon="11.584528">
    <ele>516.852</ele>
    <time>2026-03-07T17:22:57Z</time>
   </trkpt>
   <trkpt lat="48.129302" lon="11.585003">
    <ele>514.336</ele>
    <time>2026-03-07T17:23:06Z</time>
   </trkpt>
   <trkpt lat="48.129473" lon="11.585169">
    <ele>513.117</ele>
    <time>2026-03-07T17:23:11Z</time>
   </trkpt>
   <trkpt lat="48.130198" lon="11.586235">
    <ele>517.675</ele>
    <time>2026-03-07T17:23:27Z</time>
   </trkpt>
   <trkpt lat="48.130616" lon="11.586758">
    <ele>518.844</ele>
    <time>2026-03-07T17:23:36Z</time>
   </trkpt>
   <trkpt lat="48.131113" lon="11.587397">
    <ele>517.687</ele>
    <time>2026-03-07T17:23:49Z</time>
   </trkpt>
   <trkpt lat="48.131340" lon="11.587551">
    <ele>518.901</ele>
    <time>2026-03-07T17:23:55Z</time>
   </trkpt>
   <trkpt lat="48.131432" lon="11.587683">
    <ele>519.008</ele>
    <time>2026-03-07T17:23:58Z</time>
   </trkpt>
   <trkpt lat="48.131481" lon="11.587926">
    <ele>518.491</ele>
    <time>2026-03-07T17:24:03Z</time>
   </trkpt>
   <trkpt lat="48.131597" lon="11.588945">
    <ele>521.205</ele>
    <time>2026-03-07T17:24:22Z</time>
   </trkpt>
   <trkpt lat="48.131747" lon="11.589675">
    <ele>524.187</ele>
    <time>2026-03-07T17:24:40Z</time>
   </trkpt>
   <trkpt lat="48.132105" lon="11.590322">
    <ele>526.917</ele>
    <time>2026-03-07T17:24:55Z</time>
   </trkpt>
   <trkpt lat="48.132305" lon="11.590430">
    <ele>527.217</ele>
    <time>2026-03-07T17:25:02Z</time>
   </trkpt>
   <trkpt lat="48.132241" lon="11.590951">
    <ele>529.599</ele>
    <time>2026-03-07T17:25:15Z</time>
   </trkpt>
   <trkpt lat="48.132241" lon="11.591129">
    <ele>530.402</ele>
    <time>2026-03-07T17:25:19Z</time>
   </trkpt>
   <trkpt lat="48.132245" lon="11.591479">
    <ele>531.761</ele>
    <time>2026-03-07T17:25:27Z</time>
   </trkpt>
   <trkpt lat="48.132257" lon="11.592025">
    <ele>529.619</ele>
    <time>2026-03-07T17:25:37Z</time>
   </trkpt>
   <trkpt lat="48.132262" lon="11.592288">
    <ele>530.743</ele>
    <time>2026-03-07T17:25:41Z</time>
   </trkpt>
   <trkpt lat="48.132268" lon="11.592566">
    <ele>531.628</ele>
    <time>2026-03-07T17:25:45Z</time>
   </trkpt>
   <trkpt lat="48.132284" lon="11.593314">
    <ele>532.299</ele>
    <time>2026-03-07T17:25:57Z</time>
   </trkpt>
   <trkpt lat="48.132284" lon="11.594338">
    <ele>531.115</ele>
    <time>2026-03-07T17:26:12Z</time>
   </trkpt>
   <trkpt lat="48.132284" lon="11.595294">
    <ele>534.677</ele>
    <time>2026-03-07T17:26:26Z</time>
   </trkpt>
   <trkpt lat="48.132284" lon="11.595519">
    <ele>534.310</ele>
    <time>2026-03-07T17:26:29Z</time>
   </trkpt>
   <trkpt lat="48.132284" lon="11.596026">
    <ele>536.954</ele>
    <time>2026-03-07T17:26:38Z</time>
   </trkpt>
   <trkpt lat="48.132300" lon="11.596634">
    <ele>535.471</ele>
    <time>2026-03-07T17:26:45Z</time>
   </trkpt>
   <trkpt lat="48.132305" lon="11.596713">
    <ele>535.401</ele>
    <time>2026-03-07T17:26:47Z</time>
   </trkpt>
   <trkpt lat="48.132305" lon="11.597164">
    <ele>535.492</ele>
    <time>2026-03-07T17:26:57Z</time>
   </trkpt>
   <trkpt lat="48.132305" lon="11.597573">
    <ele>535.766</ele>
    <time>2026-03-07T17:27:01Z</time>
   </trkpt>
   <trkpt lat="48.132318" lon="11.597963">
    <ele>535.211</ele>
    <time>2026-03-07T17:27:07Z</time>
   </trkpt>
   <trkpt lat="48.132327" lon="11.598086">
    <ele>535.022</ele>
    <time>2026-03-07T17:27:09Z</time>
   </trkpt>
   <trkpt lat="48.132339" lon="11.598773">
    <ele>535.779</ele>
    <time>2026-03-07T17:27:18Z</time>
   </trkpt>
   <trkpt lat="48.132344" lon="11.598932">
    <ele>535.590</ele>
    <time>2026-03-07T17:27:20Z</time>
   </trkpt>
   <trkpt lat="48.132374" lon="11.599463">
    <ele>535.429</ele>
    <time>2026-03-07T17:27:27Z</time>
   </trkpt>
   <trkpt lat="48.132415" lon="11.599639">
    <ele>535.235</ele>
    <time>2026-03-07T17:27:29Z</time>
   </trkpt>
   <trkpt lat="48.132976" lon="11.600894">
    <ele>535.216</ele>
    <time>2026-03-07T17:27:48Z</time>
   </trkpt>
   <trkpt lat="48.133281" lon="11.601573">
    <ele>533.367</ele>
    <time>2026-03-07T17:27:58Z</time>
   </trkpt>
   <trkpt lat="48.133413" lon="11.601645">
    <ele>533.331</ele>
    <time>2026-03-07T17:28:01Z</time>
   </trkpt>
   <trkpt lat="48.133571" lon="11.601723">
    <ele>533.622</ele>
    <time>2026-03-07T17:28:05Z</time>
   </trkpt>
   <trkpt lat="48.133721" lon="11.601884">
    <ele>533.122</ele>
    <time>2026-03-07T17:28:09Z</time>
   </trkpt>
   <trkpt lat="48.133993" lon="11.602038">
    <ele>533.807</ele>
    <time>2026-03-07T17:28:14Z</time>
   </trkpt>
   <trkpt lat="48.134625" lon="11.602243">
    <ele>534.464</ele>
    <time>2026-03-07T17:28:26Z</time>
   </trkpt>
   <trkpt lat="48.134730" lon="11.602271">
    <ele>535.434</ele>
    <time>2026-03-07T17:28:28Z</time>
   </trkpt>
   <trkpt lat="48.134953" lon="11.602334">
    <ele>537.971</ele>
    <time>2026-03-07T17:28:33Z</time>
   </trkpt>
   <trkpt lat="48.135352" lon="11.602464">
    <ele>537.986</ele>
    <time>2026-03-07T17:28:42Z</time>
   </trkpt>
   <trkpt lat="48.135674" lon="11.602802">
    <ele>534.464</ele>
    <time>2026-03-07T17:28:47Z</time>
   </trkpt>
   <trkpt lat="48.135559" lon="11.604587">
    <ele>533.389</ele>
    <time>2026-03-07T17:29:10Z</time>
   </trkpt>
   <trkpt lat="48.135545" lon="11.605083">
    <ele>535.978</ele>
    <time>2026-03-07T17:29:22Z</time>
   </trkpt>
   <trkpt lat="48.135588" lon="11.605339">
    <ele>536.741</ele>
    <time>2026-03-07T17:30:06Z</time>
   </trkpt>
   <trkpt lat="48.135662" lon="11.606026">
    <ele>537.046</ele>
    <time>2026-03-07T17:30:13Z</time>
   </trkpt>
   <trkpt lat="48.135692" lon="11.606353">
    <ele>537.841</ele>
    <time>2026-03-07T17:30:17Z</time>
   </trkpt>
   <trkpt lat="48.135781" lon="11.607191">
    <ele>537.349</ele>
    <time>2026-03-07T17:30:28Z</time>
   </trkpt>
   <trkpt lat="48.135963" lon="11.608029">
    <ele>538.508</ele>
    <time>2026-03-07T17:30:39Z</time>
   </trkpt>
   <trkpt lat="48.136275" lon="11.608858">
    <ele>536.579</ele>
    <time>2026-03-07T17:30:53Z</time>
   </trkpt>
   <trkpt lat="48.136275" lon="11.609309">
    <ele>535.004</ele>
    <time>2026-03-07T17:30:59Z</time>
   </trkpt>
   <trkpt lat="48.136395" lon="11.609851">
    <ele>537.182</ele>
    <time>2026-03-07T17:31:05Z</time>
   </trkpt>
   <trkpt lat="48.136445" lon="11.610200">
    <ele>537.858</ele>
    <time>2026-03-07T17:31:09Z</time>
   </trkpt>
   <trkpt lat="48.136600" lon="11.611497">
    <ele>537.479</ele>
    <time>2026-03-07T17:31:26Z</time>
   </trkpt>
   <trkpt lat="48.136607" lon="11.611577">
    <ele>536.727</ele>
    <time>2026-03-07T17:31:34Z</time>
   </trkpt>
   <trkpt lat="48.136629" lon="11.611846">
    <ele>537.423</ele>
    <time>2026-03-07T17:31:52Z</time>
   </trkpt>
   <trkpt lat="48.136651" lon="11.612114">
    <ele>536.687</ele>
    <time>2026-03-07T17:31:56Z</time>
   </trkpt>
   <trkpt lat="48.136671" lon="11.612361">
    <ele>536.522</ele>
    <time>2026-03-07T17:31:59Z</time>
   </trkpt>
   <trkpt lat="48.136743" lon="11.613236">
    <ele>536.888</ele>
    <time>2026-03-07T17:32:10Z</time>
   </trkpt>
   <trkpt lat="48.136774" lon="11.613612">
    <ele>537.005</ele>
    <time>2026-03-07T17:32:15Z</time>
   </trkpt>
   <trkpt lat="48.136821" lon="11.614186">
    <ele>539.310</ele>
    <time>2026-03-07T17:32:24Z</time>
   </trkpt>
   <trkpt lat="48.136833" lon="11.614330">
    <ele>540.242</ele>
    <time>2026-03-07T17:32:30Z</time>
   </trkpt>
  </trkseg>
 </trk>
 <trk>
  <name>ACTIVE LOG094627</name>
  <trkseg>
   <trkpt lat="48.137213" lon="11.614142">
    <ele>631.878</ele>
    <time>2026-03-07T17:46:26Z</time>
   </trkpt>
   <trkpt lat="48.137148" lon="11.614304">
    <ele>595.662</ele>
    <time>2026-03-07T17:47:12Z</time>
   </trkpt>
   <trkpt lat="48.137134" lon="11.614319">
    <ele>591.784</ele>
    <time>2026-03-07T17:47:30Z</time>
   </trkpt>
   <trkpt lat="48.137103" lon="11.614823">
    <ele>583.835</ele>
    <time>2026-03-07T17:47:42Z</time>
   </trkpt>
   <trkpt lat="48.137055" lon="11.615138">
    <ele>575.863</ele>
    <time>2026-03-07T17:47:54Z</time>
   </trkpt>
   <trkpt lat="48.137054" lon="11.615139">
    <ele>575.467</ele>
    <time>2026-03-07T17:48:15Z</time>
   </trkpt>
   <trkpt lat="48.137295" lon="11.614992">
    <ele>571.192</ele>
    <time>2026-03-07T17:48:25Z</time>
   </trkpt>
   <trkpt lat="48.137720" lon="11.614870">
    <ele>568.713</ele>
    <time>2026-03-07T17:48:36Z</time>
   </trkpt>
   <trkpt lat="48.137970" lon="11.614759">
    <ele>570.934</ele>
    <time>2026-03-07T17:48:43Z</time>
   </trkpt>
   <trkpt lat="48.138154" lon="11.615077">
    <ele>570.150</ele>
    <time>2026-03-07T17:48:50Z</time>
   </trkpt>
   <trkpt lat="48.138237" lon="11.615660">
    <ele>569.316</ele>
    <time>2026-03-07T17:48:58Z</time>
   </trkpt>
   <trkpt lat="48.138399" lon="11.616562">
    <ele>567.489</ele>
    <time>2026-03-07T17:49:09Z</time>
   </trkpt>
   <trkpt lat="48.138207" lon="11.617025">
    <ele>563.064</ele>
    <time>2026-03-07T17:49:14Z</time>
   </trkpt>
   <trkpt lat="48.138185" lon="11.617239">
    <ele>563.088</ele>
    <time>2026-03-07T17:49:17Z</time>
   </trkpt>
   <trkpt lat="48.138185" lon="11.617387">
    <ele>563.102</ele>
    <time>2026-03-07T17:49:19Z</time>
   </trkpt>
   <trkpt lat="48.138185" lon="11.617670">
    <ele>562.193</ele>
    <time>2026-03-07T17:49:22Z</time>
   </trkpt>
   <trkpt lat="48.138185" lon="11.618359">
    <ele>560.421</ele>
    <time>2026-03-07T17:49:32Z</time>
   </trkpt>
   <trkpt lat="48.138185" lon="11.618359">
    <ele>559.372</ele>
    <time>2026-03-07T17:50:00Z</time>
   </trkpt>
   <trkpt lat="48.138374" lon="11.618459">
    <ele>559.037</ele>
    <time>2026-03-07T17:50:04Z</time>
   </trkpt>
   <trkpt lat="48.138419" lon="11.618463">
    <ele>558.318</ele>
    <time>2026-03-07T17:50:06Z</time>
   </trkpt>
   <trkpt lat="48.138856" lon="11.618471">
    <ele>560.036</ele>
    <time>2026-03-07T17:50:18Z</time>
   </trkpt>
   <trkpt lat="48.138953" lon="11.618471">
    <ele>558.958</ele>
    <time>2026-03-07T17:50:20Z</time>
   </trkpt>
   <trkpt lat="48.139396" lon="11.618493">
    <ele>562.531</ele>
    <time>2026-03-07T17:50:31Z</time>
   </trkpt>
   <trkpt lat="48.139423" lon="11.618494">
    <ele>564.076</ele>
    <time>2026-03-07T17:50:33Z</time>
   </trkpt>
   <trkpt lat="48.139444" lon="11.618495">
    <ele>565.392</ele>
    <time>2026-03-07T17:50:35Z</time>
   </trkpt>
   <trkpt lat="48.139408" lon="11.618379">
    <ele>565.304</ele>
    <time>2026-03-07T17:50:39Z</time>
   </trkpt>
   <trkpt lat="48.139215" lon="11.618407">
    <ele>566.173</ele>
    <time>2026-03-07T17:50:41Z</time>
   </trkpt>
   <trkpt lat="48.139414" lon="11.618493">
    <ele>563.217</ele>
    <time>2026-03-07T17:50:51Z</time>
   </trkpt>
   <trkpt lat="48.139386" lon="11.618814">
    <ele>556.310</ele>
    <time>2026-03-07T17:50:58Z</time>
   </trkpt>
   <trkpt lat="48.139343" lon="11.618954">
    <ele>550.830</ele>
    <time>2026-03-07T17:51:12Z</time>
   </trkpt>
   <trkpt lat="48.139343" lon="11.618954">
    <ele>550.993</ele>
    <time>2026-03-07T17:51:27Z</time>
   </trkpt>
  </trkseg>
 </trk>
</gpx>
