<?xml version="1.0" encoding="UTF-8" standalone="no" ?>
<gpx xmlns="http://www.topografix.com/GPX/1/1" creator="" version="1.1" xmlns:xsi="http://www.w3.org/2001/XMLSchema-instance" xsi:schemaLocation="http://www.topografix.com/GPX/1/1 http://www.topografix.com/GPX/1/1/gpx.xsd">
 <trk>
  <name>ACTIVE LOG000005</name>
  <trkseg>
   <trkpt lat="47.404801" lon="10.908625">
    <ele>957.525</ele>
    <time>2026-07-11T07:00:05Z</time>
   </trkpt>
   <trkpt lat="47.404864" lon="10.908674">
    <ele>957.609</ele>
    <time>2026-07-11T07:00:07Z</time>
   </trkpt>
   <trkpt lat="47.404852" lon="10.908863">
    <ele>958.259</ele>
    <time>2026-07-11T07:00:14Z</time>
   </trkpt>
  </trkseg>
 </trk>
 <trk>
  <name>ACTIVE LOG000247</name>
  <trkseg>
   <trkpt lat="47.404798" lon="10.909275">
    <ele>954.794</ele>
    <time>2026-07-11T07:02:46Z</time>
   </trkpt>
  </trkseg>
 </trk>
 <trk>
  <name>ACTIVE LOG000414</name>
  <trkseg>
   <trkpt lat="47.404384" lon="10.910852">
    <ele>962.784</ele>
    <time>2026-07-11T07:04:13Z</time>
   </trkpt>
   <trkpt lat="47.404311" lon="10.910880">
    <ele>961.723</ele>
    <time>2026-07-11T07:04:17Z</time>
   </trkpt>
   <trkpt lat="47.403788" lon="10.910813">
    <ele>953.968</ele>
    <time>2026-07-11T07:04:29Z</time>
   </trkpt>
   <trkpt lat="47.403518" lon="10.910771">
    <ele>954.643</ele>
    <time>2026-07-11T07:04:34Z</time>
   </trkpt>
   <trkpt lat="47.403321" lon="10.910943">
    <ele>956.090</ele>
    <time>2026-07-11T07:04:39Z</time>
   </trkpt>
   <trkpt lat="47.403237" lon="10.911212">
    <ele>956.402</ele>
    <time>2026-07-11T07:04:43Z</time>
   </trkpt>
   <trkpt lat="47.402942" lon="10.912656">
    <ele>958.389</ele>
    <time>2026-07-11T07:05:03Z</time>
   </trkpt>
   <trkpt lat="47.402539" lon="10.914325">
    <ele>960.792</ele>
    <time>2026-07-11T07:05:27Z</time>
   </trkpt>
   <trkpt lat="47.402437" lon="10.914750">
    <ele>961.255</ele>
    <time>2026-07-11T07:05:33Z</time>
   </trkpt>
   <trkpt lat="47.402300" lon="10.915318">
    <ele>961.677</ele>
    <time>2026-07-11T07:05:41Z</time>
   </trkpt>
   <trkpt lat="47.402043" lon="10.915588">
    <ele>961.102</ele>
    <time>2026-07-11T07:05:48Z</time>
   </trkpt>
   <trkpt lat="47.401313" lon="10.915387">
    <ele>959.926</ele>
    <time>2026-07-11T07:06:00Z</time>
   </trkpt>
   <trkpt lat="47.401084" lon="10.915461">
    <ele>959.782</ele>
    <time>2026-07-11T07:06:04Z</time>
   </trkpt>
   <trkpt lat="47.400550" lon="10.916202">
    <ele>964.086</ele>
    <time>2026-07-11T07:06:19Z</time>
   </trkpt>
   <trkpt lat="47.400360" lon="10.916642">
    <ele>968.638</ele>
    <time>2026-07-11T07:06:35Z</time>
   </trkpt>
   <trkpt lat="47.400105" lon="10.917234">
    <ele>972.236</ele>
    <time>2026-07-11T07:07:01Z</time>
   </trkpt>
   <trkpt lat="47.400046" lon="10.917768">
    <ele>975.209</ele>
    <time>2026-07-11T07:07:16Z</time>
   </trkpt>
   <trkpt lat="47.399996" lon="10.918155">
    <ele>980.346</ele>
    <time>2026-07-11T07:07:33Z</time>
   </trkpt>
   <trkpt lat="47.399988" lon="10.918212">
    <ele>981.721</ele>
    <time>2026-07-11T07:07:37Z</time>
   </trkpt>
   <trkpt lat="47.399988" lon="10.918212">
    <ele>982.686</ele>
    <time>2026-07-11T07:07:55Z</time>
   </trkpt>
   <trkpt lat="47.399758" lon="10.918123">
    <ele>984.529</ele>
    <time>2026-07-11T07:08:04Z</time>
   </trkpt>
   <trkpt lat="47.399373" lon="10.918181">
    <ele>987.560</ele>
    <time>2026-07-11T07:08:13Z</time>
   </trkpt>
   <trkpt lat="47.398788" lon="10.918549">
    <ele>989.714</ele>
    <time>2026-07-11T07:08:29Z</time>
   </trkpt>
   <trkpt lat="47.398592" lon="10.918547">
    <ele>990.623</ele>
    <time>2026-07-11T07:08:34Z</time>
   </trkpt>
   <trkpt lat="47.398418" lon="10.918604">
    <ele>991.276</ele>
    <time>2026-07-11T07:08:39Z</time>
   </trkpt>
   <trkpt lat="47.398421" lon="10.918719">
    <ele>991.332</ele>
    <time>2026-07-11T07:08:41Z</time>
   </trkpt>
   <trkpt lat="47.398294" lon="10.919867">
    <ele>993.535</ele>
    <time>2026-07-11T07:08:59Z</time>
   </trkpt>
   <trkpt lat="47.398260" lon="10.920002">
    <ele>993.614</ele>
    <time>2026-07-11T07:09:04Z</time>
   </trkpt>
   <trkpt lat="47.398064" lon="10.920603">
    <ele>996.090</ele>
    <time>2026-07-11T07:09:14Z</time>
   </trkpt>
   <trkpt lat="47.397510" lon="10.921430">
    <ele>999.565</ele>
    <time>2026-07-11T07:09:35Z</time>
   </trkpt>
   <trkpt lat="47.397033" lon="10.922052">
    <ele>1003.431</ele>
    <time>2026-07-11T07:09:52Z</time>
   </trkpt>
   <trkpt lat="47.396306" lon="10.922925">
    <ele>1005.663</ele>
    <time>2026-07-11T07:10:14Z</time>
   </trkpt>
   <trkpt lat="47.395940" lon="10.923331">
    <ele>1007.900</ele>
    <time>2026-07-11T07:10:25Z</time>
   </trkpt>
   <trkpt lat="47.395545" lon="10.923610">
    <ele>1009.946</ele>
    <time>2026-07-11T07:10:36Z</time>
   </trkpt>
   <trkpt lat="47.395242" lon="10.924721">
    <ele>1012.494</ele>
    <time>2026-07-11T07:10:55Z</time>
   </trkpt>
   <trkpt lat="47.395209" lon="10.925039">
    <ele>1013.425</ele>
    <time>2026-07-11T07:11:00Z</time>
   </trkpt>
   <trkpt lat="47.395041" lon="10.926461">
    <ele>1018.704</ele>
    <time>2026-07-11T07:11:25Z</time>
   </trkpt>
   <trkpt lat="47.394727" lon="10.927356">
    <ele>1021.127</ele>
    <time>2026-07-11T07:11:41Z</time>
   </trkpt>
   <trkpt lat="47.394288" lon="10.927856">
    <ele>1022.898</ele>
    <time>2026-07-11T07:11:57Z</time>
   </trkpt>
   <trkpt lat="47.394011" lon="10.927877">
    <ele>1024.029</ele>
    <time>2026-07-11T07:12:11Z</time>
   </trkpt>
   <trkpt lat="47.393686" lon="10.927966">
    <ele>1024.631</ele>
    <time>2026-07-11T07:12:15Z</time>
   </trkpt>
   <trkpt lat="47.393623" lon="10.928059">
    <ele>1024.624</ele>
    <time>2026-07-11T07:12:17Z</time>
   </trkpt>
   <trkpt lat="47.393313" lon="10.929005">
    <ele>1026.278</ele>
    <time>2026-07-11T07:12:35Z</time>
   </trkpt>
   <trkpt lat="47.393007" lon="10.929528">
    <ele>1027.926</ele>
    <time>2026-07-11T07:12:52Z</time>
   </trkpt>
   <trkpt lat="47.392909" lon="10.929638">
    <ele>1028.995</ele>
    <time>2026-07-11T07:12:57Z</time>
   </trkpt>
   <trkpt lat="47.392748" lon="10.930303">
    <ele>1032.253</ele>
    <time>2026-07-11T07:13:12Z</time>
   </trkpt>
   <trkpt lat="47.392497" lon="10.931457">
    <ele>1032.988</ele>
    <time>2026-07-11T07:13:33Z</time>
   </trkpt>
   <trkpt lat="47.392251" lon="10.932092">
    <ele>1035.623</ele>
    <time>2026-07-11T07:13:49Z</time>
   </trkpt>
   <trkpt lat="47.392003" lon="10.932444">
    <ele>1038.383</ele>
    <time>2026-07-11T07:14:06Z</time>
   </trkpt>
   <trkpt lat="47.391865" lon="10.932547">
    <ele>1039.874</ele>
    <time>2026-07-11T07:14:14Z</time>
   </trkpt>
   <trkpt lat="47.391768" lon="10.932508">
    <ele>1039.865</ele>
    <time>2026-07-11T07:14:19Z</time>
   </trkpt>
   <trkpt lat="47.391665" lon="10.932441">
    <ele>1039.616</ele>
    <time>2026-07-11T07:14:24Z</time>
   </trkpt>
   <trkpt lat="47.391188" lon="10.931983">
    <ele>1042.554</ele>
    <time>2026-07-11T07:14:43Z</time>
   </trkpt>
   <trkpt lat="47.390905" lon="10.932395">
    <ele>1046.651</ele>
    <time>2026-07-11T07:14:59Z</time>
   </trkpt>
   <trkpt lat="47.390714" lon="10.932838">
    <ele>1050.095</ele>
    <time>2026-07-11T07:15:15Z</time>
   </trkpt>
   <trkpt lat="47.390510" lon="10.933384">
    <ele>1054.047</ele>
    <time>2026-07-11T07:15:35Z</time>
   </trkpt>
   <trkpt lat="47.390214" lon="10.934012">
    <ele>1059.332</ele>
    <time>2026-07-11T07:15:59Z</time>
   </trkpt>
   <trkpt lat="47.389918" lon="10.934557">
    <ele>1065.147</ele>
    <time>2026-07-11T07:16:24Z</time>
   </trkpt>
   <trkpt lat="47.389677" lon="10.934921">
    <ele>1069.265</ele>
    <time>2026-07-11T07:16:45Z</time>
   </trkpt>
   <trkpt lat="47.389351" lon="10.935380">
    <ele>1076.116</ele>
    <time>2026-07-11T07:17:10Z</time>
   </trkpt>
   <trkpt lat="47.388988" lon="10.935846">
    <ele>1081.272</ele>
    <time>2026-07-11T07:17:38Z</time>
   </trkpt>
   <trkpt lat="47.388701" lon="10.936287">
    <ele>1085.782</ele>
    <time>2026-07-11T07:18:02Z</time>
   </trkpt>
   <trkpt lat="47.388468" lon="10.936703">
    <ele>1090.349</ele>
    <time>2026-07-11T07:18:22Z</time>
   </trkpt>
   <trkpt lat="47.388285" lon="10.937156">
    <ele>1093.224</ele>
    <time>2026-07-11T07:18:40Z</time>
   </trkpt>
   <trkpt lat="47.388060" lon="10.937768">
    <ele>1098.767</ele>
    <time>2026-07-11T07:19:04Z</time>
   </trkpt>
   <trkpt lat="47.387907" lon="10.938175">
    <ele>1103.406</ele>
    <time>2026-07-11T07:19:23Z</time>
   </trkpt>
   <trkpt lat="47.387756" lon="10.938662">
    <ele>1106.937</ele>
    <time>2026-07-11T07:19:45Z</time>
   </trkpt>
   <trkpt lat="47.387717" lon="10.939152">
    <ele>1111.673</ele>
    <time>2026-07-11T07:20:08Z</time>
   </trkpt>
   <trkpt lat="47.387647" lon="10.939591">
    <ele>1116.109</ele>
    <time>2026-07-11T07:20:30Z</time>
   </trkpt>
   <trkpt lat="47.387574" lon="10.939851">
    <ele>1119.479</ele>
    <time>2026-07-11T07:20:45Z</time>
   </trkpt>
   <trkpt lat="47.387574" lon="10.939851">
    <ele>1120.216</ele>
    <time>2026-07-11T07:20:47Z</time>
   </trkpt>
   <trkpt lat="47.387515" lon="10.940180">
    <ele>1122.876</ele>
    <time>2026-07-11T07:20:59Z</time>
   </trkpt>
   <trkpt lat="47.387509" lon="10.940230">
    <ele>1123.361</ele>
    <time>2026-07-11T07:21:01Z</time>
   </trkpt>
   <trkpt lat="47.387509" lon="10.940330">
    <ele>1124.935</ele>
    <time>2026-07-11T07:21:06Z</time>
   </trkpt>
   <trkpt lat="47.387512" lon="10.940422">
    <ele>1125.825</ele>
    <time>2026-07-11T07:21:10Z</time>
   </trkpt>
   <trkpt lat="47.387528" lon="10.940634">
    <ele>1128.527</ele>
    <time>2026-07-11T07:21:21Z</time>
   </trkpt>
   <trkpt lat="47.387422" lon="10.941015">
    <ele>1132.747</ele>
    <time>2026-07-11T07:21:44Z</time>
   </trkpt>
   <trkpt lat="47.387411" lon="10.941061">
    <ele>1134.102</ele>
    <time>2026-07-11T07:22:12Z</time>
   </trkpt>
   <trkpt lat="47.387406" lon="10.941079">
    <ele>1134.153</ele>
    <time>2026-07-11T07:22:13Z</time>
   </trkpt>
   <trkpt lat="47.387340" lon="10.941460">
    <ele>1138.260</ele>
    <time>2026-07-11T07:22:33Z</time>
   </trkpt>
   <trkpt lat="47.387319" lon="10.941604">
    <ele>1139.692</ele>
    <time>2026-07-11T07:22:41Z</time>
   </trkpt>
   <trkpt lat="47.387307" lon="10.941690">
    <ele>1140.398</ele>
    <time>2026-07-11T07:22:46Z</time>
   </trkpt>
   <trkpt lat="47.387289" lon="10.941813">
    <ele>1141.727</ele>
    <time>2026-07-11T07:22:52Z</time>
   </trkpt>
   <trkpt lat="47.387284" lon="10.941846">
    <ele>1142.689</ele>
    <time>2026-07-11T07:22:54Z</time>
   </trkpt>
   <trkpt lat="47.387272" lon="10.941929">
    <ele>1143.359</ele>
    <time>2026-07-11T07:22:58Z</time>
   </trkpt>
   <trkpt lat="47.387248" lon="10.942095">
    <ele>1145.261</ele>
    <time>2026-07-11T07:23:07Z</time>
   </trkpt>
   <trkpt lat="47.387241" lon="10.942139">
    <ele>1145.573</ele>
    <time>2026-07-11T07:23:09Z</time>
   </trkpt>
   <trkpt lat="47.387209" lon="10.942391">
    <ele>1147.531</ele>
    <time>2026-07-11T07:23:20Z</time>
   </trkpt>
   <trkpt lat="47.387232" lon="10.942678">
    <ele>1150.022</ele>
    <time>2026-07-11T07:23:33Z</time>
   </trkpt>
   <trkpt lat="47.387354" lon="10.943204">
    <ele>1156.048</ele>
    <time>2026-07-11T07:23:59Z</time>
   </trkpt>
   <trkpt lat="47.387382" lon="10.943266">
    <ele>1156.357</ele>
    <time>2026-07-11T07:24:02Z</time>
   </trkpt>
   <trkpt lat="47.387574" lon="10.943649">
    <ele>1161.552</ele>
    <time>2026-07-11T07:24:26Z</time>
   </trkpt>
   <trkpt lat="47.387619" lon="10.943741">
    <ele>1163.000</ele>
    <time>2026-07-11T07:24:32Z</time>
   </trkpt>
   <trkpt lat="47.387755" lon="10.944106">
    <ele>1168.183</ele>
    <time>2026-07-11T07:24:54Z</time>
   </trkpt>
   <trkpt lat="47.387797" lon="10.944259">
    <ele>1170.488</ele>
    <time>2026-07-11T07:25:03Z</time>
   </trkpt>
   <trkpt lat="47.387813" lon="10.944320">
    <ele>1170.368</ele>
    <time>2026-07-11T07:25:08Z</time>
   </trkpt>
   <trkpt lat="47.387813" lon="10.944320">
    <ele>1170.756</ele>
    <time>2026-07-11T07:25:10Z</time>
   </trkpt>
   <trkpt lat="47.387840" lon="10.944416">
    <ele>1170.573</ele>
    <time>2026-07-11T07:25:12Z</time>
   </trkpt>
   <trkpt lat="47.387864" lon="10.944505">
    <ele>1171.736</ele>
    <time>2026-07-11T07:25:18Z</time>
   </trkpt>
   <trkpt lat="47.387935" lon="10.944844">
    <ele>1173.061</ele>
    <time>2026-07-11T07:25:38Z</time>
   </trkpt>
   <trkpt lat="47.387940" lon="10.944902">
    <ele>1173.781</ele>
    <time>2026-07-11T07:25:42Z</time>
   </trkpt>
   <trkpt lat="47.387940" lon="10.944902">
    <ele>1175.551</ele>
    <time>2026-07-11T07:25:55Z</time>
   </trkpt>
   <trkpt lat="47.387955" lon="10.945210">
    <ele>1178.070</ele>
    <time>2026-07-11T07:26:05Z</time>
   </trkpt>
   <trkpt lat="47.387955" lon="10.945210">
    <ele>1178.528</ele>
    <time>2026-07-11T07:26:07Z</time>
   </trkpt>
   <trkpt lat="47.387960" lon="10.945356">
    <ele>1178.311</ele>
    <time>2026-07-11T07:26:10Z</time>
   </trkpt>
   <trkpt lat="47.387960" lon="10.945483">
    <ele>1179.159</ele>
    <time>2026-07-11T07:26:18Z</time>
   </trkpt>
   <trkpt lat="47.387960" lon="10.945708">
    <ele>1182.643</ele>
    <time>2026-07-11T07:26:34Z</time>
   </trkpt>
   <trkpt lat="47.388022" lon="10.945851">
    <ele>1184.682</ele>
    <time>2026-07-11T07:26:39Z</time>
   </trkpt>
   <trkpt lat="47.388063" lon="10.946243">
    <ele>1189.375</ele>
    <time>2026-07-11T07:26:59Z</time>
   </trkpt>
   <trkpt lat="47.388065" lon="10.946711">
    <ele>1196.565</ele>
    <time>2026-07-11T07:27:23Z</time>
   </trkpt>
   <trkpt lat="47.388064" lon="10.947032">
    <ele>1198.058</ele>
    <time>2026-07-11T07:27:40Z</time>
   </trkpt>
   <trkpt lat="47.388053" lon="10.947185">
    <ele>1200.003</ele>
    <time>2026-07-11T07:27:48Z</time>
   </trkpt>
   <trkpt lat="47.388060" lon="10.947240">
    <ele>1200.211</ele>
    <time>2026-07-11T07:27:51Z</time>
   </trkpt>
   <trkpt lat="47.388068" lon="10.947316">
    <ele>1201.181</ele>
    <time>2026-07-11T07:27:55Z</time>
   </trkpt>
   <trkpt lat="47.388064" lon="10.947420">
    <ele>1201.919</ele>
    <time>2026-07-11T07:28:01Z</time>
   </trkpt>
   <trkpt lat="47.388102" lon="10.947617">
    <ele>1198.459</ele>
    <time>2026-07-11T07:28:12Z</time>
   </trkpt>
   <trkpt lat="47.388119" lon="10.947706">
    <ele>1197.621</ele>
    <time>2026-07-11T07:28:18Z</time>
   </trkpt>
   <trkpt lat="47.388119" lon="10.947761">
    <ele>1196.148</ele>
    <time>2026-07-11T07:28:22Z</time>
   </trkpt>
   <trkpt lat="47.388160" lon="10.947925">
    <ele>1194.071</ele>
    <time>2026-07-11T07:28:33Z</time>
   </trkpt>
   <trkpt lat="47.388244" lon="10.948137">
    <ele>1192.485</ele>
    <time>2026-07-11T07:28:49Z</time>
   </trkpt>
   <trkpt lat="47.388261" lon="10.948168">
    <ele>1191.521</ele>
    <time>2026-07-11T07:28:52Z</time>
   </trkpt>
   <trkpt lat="47.388296" lon="10.948241">
    <ele>1191.202</ele>
    <time>2026-07-11T07:28:58Z</time>
   </trkpt>
   <trkpt lat="47.388343" lon="10.948440">
    <ele>1189.524</ele>
    <time>2026-07-11T07:29:12Z</time>
   </trkpt>
   <trkpt lat="47.388383" lon="10.948602">
    <ele>1192.235</ele>
    <time>2026-07-11T07:29:23Z</time>
   </trkpt>
   <trkpt lat="47.388449" lon="10.948760">
    <ele>1193.052</ele>
    <time>2026-07-11T07:29:34Z</time>
   </trkpt>
   <trkpt lat="47.388462" lon="10.948810">
    <ele>1195.606</ele>
    <time>2026-07-11T07:29:37Z</time>
   </trkpt>
   <trkpt lat="47.388415" lon="10.949144">
    <ele>1202.535</ele>
    <time>2026-07-11T07:29:58Z</time>
   </trkpt>
   <trkpt lat="47.388403" lon="10.949202">
    <ele>1202.674</ele>
    <time>2026-07-11T07:30:02Z</time>
   </trkpt>
   <trkpt lat="47.388298" lon="10.949291">
    <ele>1207.044</ele>
    <time>2026-07-11T07:30:12Z</time>
   </trkpt>
   <trkpt lat="47.388263" lon="10.949349">
    <ele>1209.372</ele>
    <time>2026-07-11T07:30:16Z</time>
   </trkpt>
   <trkpt lat="47.388249" lon="10.949368">
    <ele>1210.157</ele>
    <time>2026-07-11T07:30:18Z</time>
   </trkpt>
   <trkpt lat="47.388194" lon="10.949418">
    <ele>1211.617</ele>
    <time>2026-07-11T07:30:23Z</time>
   </trkpt>
   <trkpt lat="47.388195" lon="10.949533">
    <ele>1214.607</ele>
    <time>2026-07-11T07:30:32Z</time>
   </trkpt>
   <trkpt lat="47.388326" lon="10.949808">
    <ele>1217.274</ele>
    <time>2026-07-11T07:30:49Z</time>
   </trkpt>
   <trkpt lat="47.388349" lon="10.949864">
    <ele>1217.389</ele>
    <time>2026-07-11T07:30:53Z</time>
   </trkpt>
   <trkpt lat="47.388424" lon="10.950094">
    <ele>1214.534</ele>
    <time>2026-07-11T07:31:08Z</time>
   </trkpt>
   <trkpt lat="47.388489" lon="10.950368">
    <ele>1209.727</ele>
    <time>2026-07-11T07:31:28Z</time>
   </trkpt>
   <trkpt lat="47.388452" lon="10.950420">
    <ele>1209.630</ele>
    <time>2026-07-11T07:31:33Z</time>
   </trkpt>
   <trkpt lat="47.388414" lon="10.950456">
    <ele>1211.000</ele>
    <time>2026-07-11T07:31:37Z</time>
   </trkpt>
   <trkpt lat="47.388320" lon="10.950536">
    <ele>1213.151</ele>
    <time>2026-07-11T07:31:46Z</time>
   </trkpt>
   <trkpt lat="47.388297" lon="10.950569">
    <ele>1213.144</ele>
    <time>2026-07-11T07:31:49Z</time>
   </trkpt>
   <trkpt lat="47.388312" lon="10.950844">
    <ele>1216.815</ele>
    <time>2026-07-11T07:32:05Z</time>
   </trkpt>
   <trkpt lat="47.388340" lon="10.950899">
    <ele>1215.983</ele>
    <time>2026-07-11T07:32:09Z</time>
   </trkpt>
   <trkpt lat="47.388527" lon="10.951178">
    <ele>1217.709</ele>
    <time>2026-07-11T07:32:33Z</time>
   </trkpt>
   <trkpt lat="47.388559" lon="10.951262">
    <ele>1216.789</ele>
    <time>2026-07-11T07:32:38Z</time>
   </trkpt>
   <trkpt lat="47.388646" lon="10.951536">
    <ele>1217.696</ele>
    <time>2026-07-11T07:32:56Z</time>
   </trkpt>
   <trkpt lat="47.388736" lon="10.951749">
    <ele>1221.261</ele>
    <time>2026-07-11T07:33:14Z</time>
   </trkpt>
   <trkpt lat="47.388718" lon="10.951762">
    <ele>1223.332</ele>
    <time>2026-07-11T07:33:18Z</time>
   </trkpt>
   <trkpt lat="47.388681" lon="10.951809">
    <ele>1222.896</ele>
    <time>2026-07-11T07:33:23Z</time>
   </trkpt>
   <trkpt lat="47.388679" lon="10.951870">
    <ele>1223.042</ele>
    <time>2026-07-11T07:33:26Z</time>
   </trkpt>
   <trkpt lat="47.388604" lon="10.952106">
    <ele>1225.189</ele>
    <time>2026-07-11T07:33:41Z</time>
   </trkpt>
   <trkpt lat="47.388595" lon="10.952107">
    <ele>1225.398</ele>
    <time>2026-07-11T07:33:42Z</time>
   </trkpt>
   <trkpt lat="47.388570" lon="10.952119">
    <ele>1224.745</ele>
    <time>2026-07-11T07:33:44Z</time>
   </trkpt>
   <trkpt lat="47.388557" lon="10.952165">
    <ele>1224.806</ele>
    <time>2026-07-11T07:33:47Z</time>
   </trkpt>
   <trkpt lat="47.388537" lon="10.952186">
    <ele>1225.087</ele>
    <time>2026-07-11T07:33:49Z</time>
   </trkpt>
   <trkpt lat="47.388458" lon="10.952297">
    <ele>1225.565</ele>
    <time>2026-07-11T07:33:59Z</time>
   </trkpt>
   <trkpt lat="47.388393" lon="10.952414">
    <ele>1225.809</ele>
    <time>2026-07-11T07:34:08Z</time>
   </trkpt>
   <trkpt lat="47.388389" lon="10.952461">
    <ele>1225.508</ele>
    <time>2026-07-11T07:34:10Z</time>
   </trkpt>
   <trkpt lat="47.388371" lon="10.952523">
    <ele>1229.100</ele>
    <time>2026-07-11T07:34:15Z</time>
   </trkpt>
   <trkpt lat="47.388403" lon="10.952669">
    <ele>1230.700</ele>
    <time>2026-07-11T07:34:23Z</time>
   </trkpt>
   <trkpt lat="47.388518" lon="10.952801">
    <ele>1234.328</ele>
    <time>2026-07-11T07:34:38Z</time>
   </trkpt>
   <trkpt lat="47.388547" lon="10.952931">
    <ele>1241.246</ele>
    <time>2026-07-11T07:34:51Z</time>
   </trkpt>
   <trkpt lat="47.388495" lon="10.953041">
    <ele>1245.733</ele>
    <time>2026-07-11T07:35:01Z</time>
   </trkpt>
   <trkpt lat="47.388422" lon="10.953127">
    <ele>1250.385</ele>
    <time>2026-07-11T07:35:09Z</time>
   </trkpt>
   <trkpt lat="47.388387" lon="10.953182">
    <ele>1250.652</ele>
    <time>2026-07-11T07:35:14Z</time>
   </trkpt>
   <trkpt lat="47.388382" lon="10.953247">
    <ele>1250.968</ele>
    <time>2026-07-11T07:35:18Z</time>
   </trkpt>
   <trkpt lat="47.388488" lon="10.953458">
    <ele>1262.502</ele>
    <time>2026-07-11T07:35:33Z</time>
   </trkpt>
   <trkpt lat="47.388588" lon="10.953605">
    <ele>1270.411</ele>
    <time>2026-07-11T07:35:45Z</time>
   </trkpt>
   <trkpt lat="47.388601" lon="10.953718">
    <ele>1271.469</ele>
    <time>2026-07-11T07:35:53Z</time>
   </trkpt>
   <trkpt lat="47.388605" lon="10.953780">
    <ele>1272.049</ele>
    <time>2026-07-11T07:35:57Z</time>
   </trkpt>
   <trkpt lat="47.388607" lon="10.953869">
    <ele>1271.925</ele>
    <time>2026-07-11T07:36:02Z</time>
   </trkpt>
   <trkpt lat="47.388615" lon="10.953902">
    <ele>1272.892</ele>
    <time>2026-07-11T07:36:04Z</time>
   </trkpt>
   <trkpt lat="47.388571" lon="10.954142">
    <ele>1279.433</ele>
    <time>2026-07-11T07:36:19Z</time>
   </trkpt>
   <trkpt lat="47.388550" lon="10.954237">
    <ele>1278.724</ele>
    <time>2026-07-11T07:36:25Z</time>
   </trkpt>
   <trkpt lat="47.388529" lon="10.954264">
    <ele>1279.029</ele>
    <time>2026-07-11T07:36:28Z</time>
   </trkpt>
   <trkpt lat="47.388526" lon="10.954287">
    <ele>1279.061</ele>
    <time>2026-07-11T07:36:30Z</time>
   </trkpt>
   <trkpt lat="47.388509" lon="10.954311">
    <ele>1279.427</ele>
    <time>2026-07-11T07:36:32Z</time>
   </trkpt>
   <trkpt lat="47.388538" lon="10.954391">
    <ele>1281.697</ele>
    <time>2026-07-11T07:36:36Z</time>
   </trkpt>
   <trkpt lat="47.388517" lon="10.954424">
    <ele>1282.008</ele>
    <time>2026-07-11T07:36:39Z</time>
   </trkpt>
   <trkpt lat="47.388506" lon="10.954713">
    <ele>1288.309</ele>
    <time>2026-07-11T07:36:58Z</time>
   </trkpt>
   <trkpt lat="47.388706" lon="10.954833">
    <ele>1297.160</ele>
    <time>2026-07-11T07:37:15Z</time>
   </trkpt>
   <trkpt lat="47.388717" lon="10.954822">
    <ele>1297.024</ele>
    <time>2026-07-11T07:37:16Z</time>
   </trkpt>
   <trkpt lat="47.388928" lon="10.954732">
    <ele>1301.667</ele>
    <time>2026-07-11T07:37:33Z</time>
   </trkpt>
   <trkpt lat="47.388999" lon="10.954687">
    <ele>1302.996</ele>
    <time>2026-07-11T07:37:40Z</time>
   </trkpt>
   <trkpt lat="47.389040" lon="10.954727">
    <ele>1302.692</ele>
    <time>2026-07-11T07:37:45Z</time>
   </trkpt>
   <trkpt lat="47.389085" lon="10.954827">
    <ele>1301.607</ele>
    <time>2026-07-11T07:37:52Z</time>
   </trkpt>
   <trkpt lat="47.389141" lon="10.955150">
    <ele>1305.983</ele>
    <time>2026-07-11T07:38:14Z</time>
   </trkpt>
   <trkpt lat="47.389217" lon="10.955465">
    <ele>1310.744</ele>
    <time>2026-07-11T07:38:33Z</time>
   </trkpt>
   <trkpt lat="47.389266" lon="10.955734">
    <ele>1316.736</ele>
    <time>2026-07-11T07:38:49Z</time>
   </trkpt>
   <trkpt lat="47.389268" lon="10.955770">
    <ele>1316.678</ele>
    <time>2026-07-11T07:38:51Z</time>
   </trkpt>
   <trkpt lat="47.389258" lon="10.955806">
    <ele>1316.668</ele>
    <time>2026-07-11T07:38:53Z</time>
   </trkpt>
   <trkpt lat="47.389235" lon="10.955948">
    <ele>1317.655</ele>
    <time>2026-07-11T07:39:00Z</time>
   </trkpt>
   <trkpt lat="47.389206" lon="10.956011">
    <ele>1318.534</ele>
    <time>2026-07-11T07:39:03Z</time>
   </trkpt>
   <trkpt lat="47.388895" lon="10.956225">
    <ele>1322.315</ele>
    <time>2026-07-11T07:39:23Z</time>
   </trkpt>
   <trkpt lat="47.388724" lon="10.956114">
    <ele>1324.263</ele>
    <time>2026-07-11T07:39:37Z</time>
   </trkpt>
   <trkpt lat="47.388572" lon="10.956076">
    <ele>1326.792</ele>
    <time>2026-07-11T07:39:51Z</time>
   </trkpt>
   <trkpt lat="47.388534" lon="10.956104">
    <ele>1325.880</ele>
    <time>2026-07-11T07:39:55Z</time>
   </trkpt>
   <trkpt lat="47.388500" lon="10.956194">
    <ele>1328.078</ele>
    <time>2026-07-11T07:40:02Z</time>
   </trkpt>
   <trkpt lat="47.388450" lon="10.956260">
    <ele>1327.872</ele>
    <time>2026-07-11T07:40:08Z</time>
   </trkpt>
   <trkpt lat="47.388384" lon="10.956412">
    <ele>1329.863</ele>
    <time>2026-07-11T07:40:20Z</time>
   </trkpt>
   <trkpt lat="47.388375" lon="10.956426">
    <ele>1329.628</ele>
    <time>2026-07-11T07:40:21Z</time>
   </trkpt>
   <trkpt lat="47.388369" lon="10.956453">
    <ele>1329.449</ele>
    <time>2026-07-11T07:40:23Z</time>
   </trkpt>
   <trkpt lat="47.388352" lon="10.956465">
    <ele>1328.866</ele>
    <time>2026-07-11T07:40:25Z</time>
   </trkpt>
   <trkpt lat="47.388285" lon="10.956522">
    <ele>1329.317</ele>
    <time>2026-07-11T07:40:31Z</time>
   </trkpt>
   <trkpt lat="47.388265" lon="10.956606">
    <ele>1330.896</ele>
    <time>2026-07-11T07:40:35Z</time>
   </trkpt>
   <trkpt lat="47.388179" lon="10.956893">
    <ele>1335.490</ele>
    <time>2026-07-11T07:40:54Z</time>
   </trkpt>
   <trkpt lat="47.388145" lon="10.956993">
    <ele>1336.647</ele>
    <time>2026-07-11T07:41:02Z</time>
   </trkpt>
   <trkpt lat="47.388147" lon="10.957060">
    <ele>1336.638</ele>
    <time>2026-07-11T07:41:06Z</time>
   </trkpt>
   <trkpt lat="47.388149" lon="10.957119">
    <ele>1336.831</ele>
    <time>2026-07-11T07:41:10Z</time>
   </trkpt>
   <trkpt lat="47.388195" lon="10.957137">
    <ele>1337.500</ele>
    <time>2026-07-11T07:41:14Z</time>
   </trkpt>
   <trkpt lat="47.388222" lon="10.957141">
    <ele>1338.388</ele>
    <time>2026-07-11T07:41:16Z</time>
   </trkpt>
   <trkpt lat="47.388293" lon="10.957067">
    <ele>1340.298</ele>
    <time>2026-07-11T07:41:24Z</time>
   </trkpt>
   <trkpt lat="47.388392" lon="10.956969">
    <ele>1342.005</ele>
    <time>2026-07-11T07:41:37Z</time>
   </trkpt>
   <trkpt lat="47.388464" lon="10.956987">
    <ele>1343.828</ele>
    <time>2026-07-11T07:41:43Z</time>
   </trkpt>
   <trkpt lat="47.388498" lon="10.956986">
    <ele>1344.352</ele>
    <time>2026-07-11T07:41:46Z</time>
   </trkpt>
   <trkpt lat="47.388664" lon="10.957046">
    <ele>1350.777</ele>
    <time>2026-07-11T07:42:05Z</time>
   </trkpt>
   <trkpt lat="47.388670" lon="10.957086">
    <ele>1352.108</ele>
    <time>2026-07-11T07:42:08Z</time>
   </trkpt>
   <trkpt lat="47.388689" lon="10.957155">
    <ele>1352.766</ele>
    <time>2026-07-11T07:42:13Z</time>
   </trkpt>
   <trkpt lat="47.388713" lon="10.957299">
    <ele>1355.093</ele>
    <time>2026-07-11T07:42:22Z</time>
   </trkpt>
   <trkpt lat="47.388739" lon="10.957595">
    <ele>1359.712</ele>
    <time>2026-07-11T07:42:41Z</time>
   </trkpt>
   <trkpt lat="47.388747" lon="10.957620">
    <ele>1360.890</ele>
    <time>2026-07-11T07:42:43Z</time>
   </trkpt>
   <trkpt lat="47.388751" lon="10.957698">
    <ele>1363.268</ele>
    <time>2026-07-11T07:42:49Z</time>
   </trkpt>
   <trkpt lat="47.388735" lon="10.957945">
    <ele>1364.241</ele>
    <time>2026-07-11T07:43:03Z</time>
   </trkpt>
   <trkpt lat="47.388768" lon="10.958172">
    <ele>1367.900</ele>
    <time>2026-07-11T07:43:19Z</time>
   </trkpt>
   <trkpt lat="47.388810" lon="10.958396">
    <ele>1371.853</ele>
    <time>2026-07-11T07:43:36Z</time>
   </trkpt>
   <trkpt lat="47.388808" lon="10.958434">
    <ele>1372.507</ele>
    <time>2026-07-11T07:43:39Z</time>
   </trkpt>
   <trkpt lat="47.388834" lon="10.958590">
    <ele>1373.357</ele>
    <time>2026-07-11T07:43:50Z</time>
   </trkpt>
   <trkpt lat="47.388901" lon="10.958808">
    <ele>1376.038</ele>
    <time>2026-07-11T07:44:05Z</time>
   </trkpt>
   <trkpt lat="47.388934" lon="10.958874">
    <ele>1377.499</ele>
    <time>2026-07-11T07:44:10Z</time>
   </trkpt>
   <trkpt lat="47.388964" lon="10.958978">
    <ele>1378.102</ele>
    <time>2026-07-11T07:44:16Z</time>
   </trkpt>
   <trkpt lat="47.388968" lon="10.959046">
    <ele>1378.777</ele>
    <time>2026-07-11T07:44:20Z</time>
   </trkpt>
   <trkpt lat="47.388988" lon="10.959160">
    <ele>1381.637</ele>
    <time>2026-07-11T07:44:28Z</time>
   </trkpt>
   <trkpt lat="47.389013" lon="10.959262">
    <ele>1382.630</ele>
    <time>2026-07-11T07:44:35Z</time>
   </trkpt>
   <trkpt lat="47.389020" lon="10.959298">
    <ele>1382.785</ele>
    <time>2026-07-11T07:44:37Z</time>
   </trkpt>
   <trkpt lat="47.389035" lon="10.959324">
    <ele>1383.174</ele>
    <time>2026-07-11T07:44:39Z</time>
   </trkpt>
   <trkpt lat="47.389074" lon="10.959410">
    <ele>1384.752</ele>
    <time>2026-07-11T07:44:46Z</time>
   </trkpt>
   <trkpt lat="47.389125" lon="10.959513">
    <ele>1385.222</ele>
    <time>2026-07-11T07:44:54Z</time>
   </trkpt>
   <trkpt lat="47.389201" lon="10.959663">
    <ele>1385.259</ele>
    <time>2026-07-11T07:45:04Z</time>
   </trkpt>
   <trkpt lat="47.389258" lon="10.959893">
    <ele>1389.222</ele>
    <time>2026-07-11T07:45:22Z</time>
   </trkpt>
   <trkpt lat="47.389270" lon="10.959919">
    <ele>1389.521</ele>
    <time>2026-07-11T07:45:24Z</time>
   </trkpt>
   <trkpt lat="47.389285" lon="10.959934">
    <ele>1390.370</ele>
    <time>2026-07-11T07:45:26Z</time>
   </trkpt>
   <trkpt lat="47.389437" lon="10.960034">
    <ele>1394.661</ele>
    <time>2026-07-11T07:45:43Z</time>
   </trkpt>
   <trkpt lat="47.389444" lon="10.960083">
    <ele>1393.220</ele>
    <time>2026-07-11T07:45:46Z</time>
   </trkpt>
   <trkpt lat="47.389444" lon="10.960193">
    <ele>1394.643</ele>
    <time>2026-07-11T07:45:53Z</time>
   </trkpt>
   <trkpt lat="47.389343" lon="10.960263">
    <ele>1396.878</ele>
    <time>2026-07-11T07:46:05Z</time>
   </trkpt>
   <trkpt lat="47.389337" lon="10.960266">
    <ele>1397.216</ele>
    <time>2026-07-11T07:46:06Z</time>
   </trkpt>
   <trkpt lat="47.389194" lon="10.960366">
    <ele>1400.248</ele>
    <time>2026-07-11T07:46:22Z</time>
   </trkpt>
   <trkpt lat="47.389190" lon="10.960379">
    <ele>1400.418</ele>
    <time>2026-07-11T07:46:23Z</time>
   </trkpt>
   <trkpt lat="47.389167" lon="10.960408">
    <ele>1401.691</ele>
    <time>2026-07-11T07:46:26Z</time>
   </trkpt>
   <trkpt lat="47.389046" lon="10.960553">
    <ele>1404.241</ele>
    <time>2026-07-11T07:46:44Z</time>
   </trkpt>
   <trkpt lat="47.389012" lon="10.960598">
    <ele>1406.066</ele>
    <time>2026-07-11T07:46:49Z</time>
   </trkpt>
   <trkpt lat="47.388970" lon="10.960670">
    <ele>1404.378</ele>
    <time>2026-07-11T07:46:55Z</time>
   </trkpt>
   <trkpt lat="47.388908" lon="10.960802">
    <ele>1405.448</ele>
    <time>2026-07-11T07:47:06Z</time>
   </trkpt>
   <trkpt lat="47.388890" lon="10.960863">
    <ele>1406.411</ele>
    <time>2026-07-11T07:47:10Z</time>
   </trkpt>
   <trkpt lat="47.388888" lon="10.960894">
    <ele>1406.682</ele>
    <time>2026-07-11T07:47:12Z</time>
   </trkpt>
   <trkpt lat="47.388779" lon="10.961100">
    <ele>1409.470</ele>
    <time>2026-07-11T07:47:32Z</time>
   </trkpt>
   <trkpt lat="47.388746" lon="10.961254">
    <ele>1410.377</ele>
    <time>2026-07-11T07:47:44Z</time>
   </trkpt>
   <trkpt lat="47.388683" lon="10.961382">
    <ele>1412.358</ele>
    <time>2026-07-11T07:47:57Z</time>
   </trkpt>
   <trkpt lat="47.388578" lon="10.961460">
    <ele>1413.805</ele>
    <time>2026-07-11T07:48:08Z</time>
   </trkpt>
   <trkpt lat="47.388550" lon="10.961502">
    <ele>1414.968</ele>
    <time>2026-07-11T07:48:11Z</time>
   </trkpt>
   <trkpt lat="47.388521" lon="10.961574">
    <ele>1414.981</ele>
    <time>2026-07-11T07:48:18Z</time>
   </trkpt>
   <trkpt lat="47.388481" lon="10.961629">
    <ele>1416.345</ele>
    <time>2026-07-11T07:48:23Z</time>
   </trkpt>
   <trkpt lat="47.388428" lon="10.961669">
    <ele>1416.642</ele>
    <time>2026-07-11T07:48:28Z</time>
   </trkpt>
   <trkpt lat="47.388410" lon="10.961915">
    <ele>1419.834</ele>
    <time>2026-07-11T07:48:44Z</time>
   </trkpt>
   <trkpt lat="47.388401" lon="10.962018">
    <ele>1421.431</ele>
    <time>2026-07-11T07:48:50Z</time>
   </trkpt>
   <trkpt lat="47.388385" lon="10.962113">
    <ele>1422.406</ele>
    <time>2026-07-11T07:48:58Z</time>
   </trkpt>
   <trkpt lat="47.388361" lon="10.962221">
    <ele>1424.137</ele>
    <time>2026-07-11T07:49:05Z</time>
   </trkpt>
   <trkpt lat="47.388166" lon="10.962394">
    <ele>1424.853</ele>
    <time>2026-07-11T07:49:27Z</time>
   </trkpt>
   <trkpt lat="47.388153" lon="10.962420">
    <ele>1424.773</ele>
    <time>2026-07-11T07:49:29Z</time>
   </trkpt>
   <trkpt lat="47.388166" lon="10.962566">
    <ele>1424.521</ele>
    <time>2026-07-11T07:49:36Z</time>
   </trkpt>
   <trkpt lat="47.388228" lon="10.962637">
    <ele>1426.570</ele>
    <time>2026-07-11T07:49:41Z</time>
   </trkpt>
   <trkpt lat="47.388387" lon="10.962734">
    <ele>1431.155</ele>
    <time>2026-07-11T07:49:58Z</time>
   </trkpt>
   <trkpt lat="47.388434" lon="10.962737">
    <ele>1433.918</ele>
    <time>2026-07-11T07:50:59Z</time>
   </trkpt>
   <trkpt lat="47.388601" lon="10.962818">
    <ele>1438.409</ele>
    <time>2026-07-11T07:51:17Z</time>
   </trkpt>
   <trkpt lat="47.388639" lon="10.962822">
    <ele>1438.592</ele>
    <time>2026-07-11T07:51:21Z</time>
   </trkpt>
   <trkpt lat="47.388693" lon="10.962823">
    <ele>1439.775</ele>
    <time>2026-07-11T07:51:26Z</time>
   </trkpt>
   <trkpt lat="47.388719" lon="10.962807">
    <ele>1439.732</ele>
    <time>2026-07-11T07:51:29Z</time>
   </trkpt>
   <trkpt lat="47.388875" lon="10.962710">
    <ele>1441.778</ele>
    <time>2026-07-11T07:51:43Z</time>
   </trkpt>
   <trkpt lat="47.388883" lon="10.962702">
    <ele>1441.527</ele>
    <time>2026-07-11T07:51:44Z</time>
   </trkpt>
   <trkpt lat="47.388961" lon="10.962756">
    <ele>1443.375</ele>
    <time>2026-07-11T07:51:51Z</time>
   </trkpt>
   <trkpt lat="47.388966" lon="10.962812">
    <ele>1443.916</ele>
    <time>2026-07-11T07:51:54Z</time>
   </trkpt>
   <trkpt lat="47.388938" lon="10.962899">
    <ele>1444.873</ele>
    <time>2026-07-11T07:51:59Z</time>
   </trkpt>
   <trkpt lat="47.388890" lon="10.962962">
    <ele>1445.864</ele>
    <time>2026-07-11T07:52:04Z</time>
   </trkpt>
   <trkpt lat="47.388850" lon="10.963009">
    <ele>1446.170</ele>
    <time>2026-07-11T07:52:08Z</time>
   </trkpt>
   <trkpt lat="47.388769" lon="10.963368">
    <ele>1448.493</ele>
    <time>2026-07-11T07:52:28Z</time>
   </trkpt>
   <trkpt lat="47.388769" lon="10.963440">
    <ele>1450.478</ele>
    <time>2026-07-11T07:52:32Z</time>
   </trkpt>
   <trkpt lat="47.388749" lon="10.963529">
    <ele>1451.670</ele>
    <time>2026-07-11T07:52:37Z</time>
   </trkpt>
   <trkpt lat="47.388676" lon="10.963749">
    <ele>1454.476</ele>
    <time>2026-07-11T07:52:51Z</time>
   </trkpt>
   <trkpt lat="47.388443" lon="10.963738">
    <ele>1459.304</ele>
    <time>2026-07-11T07:53:10Z</time>
   </trkpt>
   <trkpt lat="47.388406" lon="10.963729">
    <ele>1459.077</ele>
    <time>2026-07-11T07:53:13Z</time>
   </trkpt>
   <trkpt lat="47.388214" lon="10.963628">
    <ele>1461.470</ele>
    <time>2026-07-11T07:53:29Z</time>
   </trkpt>
   <trkpt lat="47.387991" lon="10.963318">
    <ele>1466.413</ele>
    <time>2026-07-11T07:53:53Z</time>
   </trkpt>
   <trkpt lat="47.387753" lon="10.963115">
    <ele>1472.926</ele>
    <time>2026-07-11T07:54:14Z</time>
   </trkpt>
   <trkpt lat="47.387643" lon="10.963213">
    <ele>1473.671</ele>
    <time>2026-07-11T07:54:24Z</time>
   </trkpt>
   <trkpt lat="47.387611" lon="10.963280">
    <ele>1474.062</ele>
    <time>2026-07-11T07:54:28Z</time>
   </trkpt>
   <trkpt lat="47.387505" lon="10.963547">
    <ele>1474.442</ele>
    <time>2026-07-11T07:54:42Z</time>
   </trkpt>
   <trkpt lat="47.387500" lon="10.963597">
    <ele>1474.558</ele>
    <time>2026-07-11T07:54:44Z</time>
   </trkpt>
   <trkpt lat="47.387261" lon="10.963975">
    <ele>1476.048</ele>
    <time>2026-07-11T07:55:02Z</time>
   </trkpt>
   <trkpt lat="47.387002" lon="10.964009">
    <ele>1479.189</ele>
    <time>2026-07-11T07:55:17Z</time>
   </trkpt>
   <trkpt lat="47.386709" lon="10.964046">
    <ele>1480.860</ele>
    <time>2026-07-11T07:55:34Z</time>
   </trkpt>
   <trkpt lat="47.386677" lon="10.964219">
    <ele>1481.564</ele>
    <time>2026-07-11T07:55:41Z</time>
   </trkpt>
   <trkpt lat="47.386664" lon="10.964255">
    <ele>1482.303</ele>
    <time>2026-07-11T07:55:57Z</time>
   </trkpt>
   <trkpt lat="47.386663" lon="10.964253">
    <ele>1482.211</ele>
    <time>2026-07-11T07:56:59Z</time>
   </trkpt>
   <trkpt lat="47.386638" lon="10.964656">
    <ele>1482.021</ele>
    <time>2026-07-11T07:57:12Z</time>
   </trkpt>
   <trkpt lat="47.386606" lon="10.964765">
    <ele>1481.561</ele>
    <time>2026-07-11T07:57:14Z</time>
   </trkpt>
   <trkpt lat="47.386481" lon="10.964948">
    <ele>1481.465</ele>
    <time>2026-07-11T07:57:18Z</time>
   </trkpt>
   <trkpt lat="47.386408" lon="10.965015">
    <ele>1480.956</ele>
    <time>2026-07-11T07:57:20Z</time>
   </trkpt>
   <trkpt lat="47.385946" lon="10.965778">
    <ele>1479.906</ele>
    <time>2026-07-11T07:57:35Z</time>
   </trkpt>
   <trkpt lat="47.385659" lon="10.966208">
    <ele>1478.747</ele>
    <time>2026-07-11T07:57:44Z</time>
   </trkpt>
   <trkpt lat="47.385059" lon="10.967068">
    <ele>1479.512</ele>
    <time>2026-07-11T07:58:05Z</time>
   </trkpt>
   <trkpt lat="47.384831" lon="10.967394">
    <ele>1482.276</ele>
    <time>2026-07-11T07:58:19Z</time>
   </trkpt>
   <trkpt lat="47.384758" lon="10.967774">
    <ele>1485.228</ele>
    <time>2026-07-11T07:58:32Z</time>
   </trkpt>
   <trkpt lat="47.384755" lon="10.968321">
    <ele>1491.156</ele>
    <time>2026-07-11T07:58:53Z</time>
   </trkpt>
   <trkpt lat="47.384785" lon="10.968762">
    <ele>1495.657</ele>
    <time>2026-07-11T07:59:12Z</time>
   </trkpt>
   <trkpt lat="47.384813" lon="10.969044">
    <ele>1499.607</ele>
    <time>2026-07-11T07:59:27Z</time>
   </trkpt>
   <trkpt lat="47.384844" lon="10.969528">
    <ele>1504.661</ele>
    <time>2026-07-11T07:59:50Z</time>
   </trkpt>
   <trkpt lat="47.384862" lon="10.969687">
    <ele>1505.126</ele>
    <time>2026-07-11T07:59:57Z</time>
   </trkpt>
   <trkpt lat="47.384870" lon="10.969763">
    <ele>1507.986</ele>
    <time>2026-07-11T08:00:16Z</time>
   </trkpt>
   <trkpt lat="47.384870" lon="10.970126">
    <ele>1509.726</ele>
    <time>2026-07-11T08:00:29Z</time>
   </trkpt>
   <trkpt lat="47.384736" lon="10.970561">
    <ele>1512.654</ele>
    <time>2026-07-11T08:00:47Z</time>
   </trkpt>
   <trkpt lat="47.384518" lon="10.971149">
    <ele>1515.780</ele>
    <time>2026-07-11T08:01:11Z</time>
   </trkpt>
   <trkpt lat="47.384319" lon="10.971688">
    <ele>1518.800</ele>
    <time>2026-07-11T08:01:31Z</time>
   </trkpt>
   <trkpt lat="47.384162" lon="10.972189">
    <ele>1520.948</ele>
    <time>2026-07-11T08:01:48Z</time>
   </trkpt>
   <trkpt lat="47.384140" lon="10.972466">
    <ele>1520.818</ele>
    <time>2026-07-11T08:01:59Z</time>
   </trkpt>
   <trkpt lat="47.383856" lon="10.972892">
    <ele>1523.243</ele>
    <time>2026-07-11T08:02:11Z</time>
   </trkpt>
   <trkpt lat="47.383539" lon="10.973422">
    <ele>1526.096</ele>
    <time>2026-07-11T08:02:28Z</time>
   </trkpt>
   <trkpt lat="47.383183" lon="10.974069">
    <ele>1526.398</ele>
    <time>2026-07-11T08:02:48Z</time>
   </trkpt>
   <trkpt lat="47.382840" lon="10.974596">
    <ele>1528.188</ele>
    <time>2026-07-11T08:03:04Z</time>
   </trkpt>
   <trkpt lat="47.382449" lon="10.975145">
    <ele>1528.515</ele>
    <time>2026-07-11T08:03:19Z</time>
   </trkpt>
   <trkpt lat="47.381973" lon="10.975590">
    <ele>1529.142</ele>
    <time>2026-07-11T08:03:34Z</time>
   </trkpt>
   <trkpt lat="47.381673" lon="10.975728">
    <ele>1527.642</ele>
    <time>2026-07-11T08:03:45Z</time>
   </trkpt>
   <trkpt lat="47.381609" lon="10.976023">
    <ele>1531.629</ele>
    <time>2026-07-11T08:03:57Z</time>
   </trkpt>
   <trkpt lat="47.381463" lon="10.976473">
    <ele>1536.889</ele>
    <time>2026-07-11T08:04:17Z</time>
   </trkpt>
   <trkpt lat="47.381453" lon="10.976486">
    <ele>1537.323</ele>
    <time>2026-07-11T08:04:18Z</time>
   </trkpt>
   <trkpt lat="47.381293" lon="10.976766">
    <ele>1540.656</ele>
    <time>2026-07-11T08:04:34Z</time>
   </trkpt>
   <trkpt lat="47.381243" lon="10.976897">
    <ele>1543.050</ele>
    <time>2026-07-11T08:04:41Z</time>
   </trkpt>
   <trkpt lat="47.381199" lon="10.976987">
    <ele>1543.952</ele>
    <time>2026-07-11T08:04:46Z</time>
   </trkpt>
   <trkpt lat="47.381068" lon="10.976990">
    <ele>1545.124</ele>
    <time>2026-07-11T08:04:52Z</time>
   </trkpt>
   <trkpt lat="47.380933" lon="10.976554">
    <ele>1551.133</ele>
    <time>2026-07-11T08:05:11Z</time>
   </trkpt>
   <trkpt lat="47.380839" lon="10.976291">
    <ele>1556.984</ele>
    <time>2026-07-11T08:05:27Z</time>
   </trkpt>
   <trkpt lat="47.380662" lon="10.975957">
    <ele>1560.044</ele>
    <time>2026-07-11T08:05:46Z</time>
   </trkpt>
   <trkpt lat="47.380399" lon="10.975653">
    <ele>1562.042</ele>
    <time>2026-07-11T08:06:04Z</time>
   </trkpt>
   <trkpt lat="47.380170" lon="10.975245">
    <ele>1567.152</ele>
    <time>2026-07-11T08:06:26Z</time>
   </trkpt>
   <trkpt lat="47.380062" lon="10.975051">
    <ele>1570.418</ele>
    <time>2026-07-11T08:06:36Z</time>
   </trkpt>
   <trkpt lat="47.379855" lon="10.974777">
    <ele>1572.140</ele>
    <time>2026-07-11T08:06:50Z</time>
   </trkpt>
   <trkpt lat="47.379797" lon="10.974712">
    <ele>1572.583</ele>
    <time>2026-07-11T08:06:54Z</time>
   </trkpt>
   <trkpt lat="47.379749" lon="10.974609">
    <ele>1572.986</ele>
    <time>2026-07-11T08:06:58Z</time>
   </trkpt>
   <trkpt lat="47.379620" lon="10.974037">
    <ele>1575.547</ele>
    <time>2026-07-11T08:07:19Z</time>
   </trkpt>
   <trkpt lat="47.379583" lon="10.973410">
    <ele>1580.453</ele>
    <time>2026-07-11T08:07:41Z</time>
   </trkpt>
   <trkpt lat="47.379556" lon="10.972962">
    <ele>1582.035</ele>
    <time>2026-07-11T08:07:57Z</time>
   </trkpt>
   <trkpt lat="47.379626" lon="10.972397">
    <ele>1587.573</ele>
    <time>2026-07-11T08:08:20Z</time>
   </trkpt>
   <trkpt lat="47.379670" lon="10.972051">
    <ele>1588.126</ele>
    <time>2026-07-11T08:08:36Z</time>
   </trkpt>
   <trkpt lat="47.379632" lon="10.971664">
    <ele>1591.705</ele>
    <time>2026-07-11T08:08:54Z</time>
   </trkpt>
   <trkpt lat="47.379589" lon="10.971389">
    <ele>1594.105</ele>
    <time>2026-07-11T08:09:07Z</time>
   </trkpt>
   <trkpt lat="47.379513" lon="10.971490">
    <ele>1594.424</ele>
    <time>2026-07-11T08:09:16Z</time>
   </trkpt>
   <trkpt lat="47.379519" lon="10.971925">
    <ele>1597.550</ele>
    <time>2026-07-11T08:09:35Z</time>
   </trkpt>
   <trkpt lat="47.379400" lon="10.972286">
    <ele>1600.417</ele>
    <time>2026-07-11T08:09:54Z</time>
   </trkpt>
   <trkpt lat="47.379279" lon="10.972617">
    <ele>1602.004</ele>
    <time>2026-07-11T08:10:13Z</time>
   </trkpt>
   <trkpt lat="47.379177" lon="10.972898">
    <ele>1604.634</ele>
    <time>2026-07-11T08:10:28Z</time>
   </trkpt>
   <trkpt lat="47.379140" lon="10.972953">
    <ele>1604.189</ele>
    <time>2026-07-11T08:10:31Z</time>
   </trkpt>
   <trkpt lat="47.378948" lon="10.972896">
    <ele>1607.644</ele>
    <time>2026-07-11T08:10:44Z</time>
   </trkpt>
   <trkpt lat="47.378875" lon="10.972343">
    <ele>1610.729</ele>
    <time>2026-07-11T08:11:01Z</time>
   </trkpt>
   <trkpt lat="47.378860" lon="10.971649">
    <ele>1607.080</ele>
    <time>2026-07-11T08:11:14Z</time>
   </trkpt>
   <trkpt lat="47.378862" lon="10.971458">
    <ele>1606.619</ele>
    <time>2026-07-11T08:11:17Z</time>
   </trkpt>
   <trkpt lat="47.378809" lon="10.971241">
    <ele>1605.656</ele>
    <time>2026-07-11T08:11:21Z</time>
   </trkpt>
   <trkpt lat="47.378796" lon="10.970869">
    <ele>1603.881</ele>
    <time>2026-07-11T08:11:25Z</time>
   </trkpt>
   <trkpt lat="47.378778" lon="10.970728">
    <ele>1603.045</ele>
    <time>2026-07-11T08:11:27Z</time>
   </trkpt>
   <trkpt lat="47.378715" lon="10.970098">
    <ele>1601.409</ele>
    <time>2026-07-11T08:11:33Z</time>
   </trkpt>
   <trkpt lat="47.378755" lon="10.969741">
    <ele>1598.374</ele>
    <time>2026-07-11T08:11:38Z</time>
   </trkpt>
   <trkpt lat="47.378730" lon="10.969576">
    <ele>1597.256</ele>
    <time>2026-07-11T08:11:41Z</time>
   </trkpt>
   <trkpt lat="47.378690" lon="10.969360">
    <ele>1596.063</ele>
    <time>2026-07-11T08:11:44Z</time>
   </trkpt>
   <trkpt lat="47.378618" lon="10.968976">
    <ele>1593.617</ele>
    <time>2026-07-11T08:11:49Z</time>
   </trkpt>
   <trkpt lat="47.378555" lon="10.968640">
    <ele>1591.082</ele>
    <time>2026-07-11T08:11:54Z</time>
   </trkpt>
   <trkpt lat="47.378479" lon="10.968076">
    <ele>1586.838</ele>
    <time>2026-07-11T08:12:02Z</time>
   </trkpt>
   <trkpt lat="47.378414" lon="10.967806">
    <ele>1585.533</ele>
    <time>2026-07-11T08:12:12Z</time>
   </trkpt>
   <trkpt lat="47.378414" lon="10.967806">
    <ele>1585.417</ele>
    <time>2026-07-11T08:12:15Z</time>
   </trkpt>
   <trkpt lat="47.378344" lon="10.967680">
    <ele>1584.132</ele>
    <time>2026-07-11T08:12:20Z</time>
   </trkpt>
   <trkpt lat="47.377879" lon="10.967685">
    <ele>1579.644</ele>
    <time>2026-07-11T08:12:33Z</time>
   </trkpt>
   <trkpt lat="47.377709" lon="10.967764">
    <ele>1578.425</ele>
    <time>2026-07-11T08:12:37Z</time>
   </trkpt>
   <trkpt lat="47.377625" lon="10.967793">
    <ele>1577.645</ele>
    <time>2026-07-11T08:12:39Z</time>
   </trkpt>
   <trkpt lat="47.377460" lon="10.967829">
    <ele>1575.792</ele>
    <time>2026-07-11T08:12:43Z</time>
   </trkpt>
   <trkpt lat="47.376843" lon="10.967597">
    <ele>1576.074</ele>
    <time>2026-07-11T08:12:57Z</time>
   </trkpt>
   <trkpt lat="47.376655" lon="10.967444">
    <ele>1576.676</ele>
    <time>2026-07-11T08:13:03Z</time>
   </trkpt>
   <trkpt lat="47.376420" lon="10.967398">
    <ele>1574.071</ele>
    <time>2026-07-11T08:13:11Z</time>
   </trkpt>
   <trkpt lat="47.376206" lon="10.967266">
    <ele>1572.262</ele>
    <time>2026-07-11T08:13:17Z</time>
   </trkpt>
   <trkpt lat="47.376012" lon="10.967112">
    <ele>1573.696</ele>
    <time>2026-07-11T08:13:21Z</time>
   </trkpt>
   <trkpt lat="47.375646" lon="10.966717">
    <ele>1574.398</ele>
    <time>2026-07-11T08:13:30Z</time>
   </trkpt>
   <trkpt lat="47.375538" lon="10.966547">
    <ele>1573.319</ele>
    <time>2026-07-11T08:13:34Z</time>
   </trkpt>
   <trkpt lat="47.375394" lon="10.966036">
    <ele>1573.615</ele>
    <time>2026-07-11T08:13:39Z</time>
   </trkpt>
   <trkpt lat="47.375220" lon="10.965643">
    <ele>1573.967</ele>
    <time>2026-07-11T08:13:49Z</time>
   </trkpt>
   <trkpt lat="47.375018" lon="10.965273">
    <ele>1577.290</ele>
    <time>2026-07-11T08:13:59Z</time>
   </trkpt>
   <trkpt lat="47.375064" lon="10.964671">
    <ele>1576.771</ele>
    <time>2026-07-11T08:14:08Z</time>
   </trkpt>
   <trkpt lat="47.375166" lon="10.964495">
    <ele>1575.334</ele>
    <time>2026-07-11T08:14:11Z</time>
   </trkpt>
   <trkpt lat="47.375380" lon="10.963880">
    <ele>1572.127</ele>
    <time>2026-07-11T08:14:20Z</time>
   </trkpt>
   <trkpt lat="47.375601" lon="10.963485">
    <ele>1570.265</ele>
    <time>2026-07-11T08:14:26Z</time>
   </trkpt>
   <trkpt lat="47.375755" lon="10.963144">
    <ele>1569.382</ele>
    <time>2026-07-11T08:14:30Z</time>
   </trkpt>
   <trkpt lat="47.376011" lon="10.962713">
    <ele>1566.099</ele>
    <time>2026-07-11T08:14:39Z</time>
   </trkpt>
   <trkpt lat="47.376077" lon="10.962583">
    <ele>1565.370</ele>
    <time>2026-07-11T08:14:41Z</time>
   </trkpt>
   <trkpt lat="47.376117" lon="10.962454">
    <ele>1564.412</ele>
    <time>2026-07-11T08:14:43Z</time>
   </trkpt>
   <trkpt lat="47.376150" lon="10.962157">
    <ele>1562.832</ele>
    <time>2026-07-11T08:14:47Z</time>
   </trkpt>
   <trkpt lat="47.376326" lon="10.961037">
    <ele>1559.919</ele>
    <time>2026-07-11T08:15:02Z</time>
   </trkpt>
   <trkpt lat="47.376686" lon="10.959583">
    <ele>1554.852</ele>
    <time>2026-07-11T08:15:19Z</time>
   </trkpt>
   <trkpt lat="47.376700" lon="10.959519">
    <ele>1554.509</ele>
    <time>2026-07-11T08:15:20Z</time>
   </trkpt>
   <trkpt lat="47.376695" lon="10.959276">
    <ele>1554.819</ele>
    <time>2026-07-11T08:15:24Z</time>
   </trkpt>
   <trkpt lat="47.376657" lon="10.959066">
    <ele>1553.967</ele>
    <time>2026-07-11T08:15:28Z</time>
   </trkpt>
   <trkpt lat="47.376466" lon="10.958763">
    <ele>1553.450</ele>
    <time>2026-07-11T08:15:34Z</time>
   </trkpt>
   <trkpt lat="47.376326" lon="10.958579">
    <ele>1555.697</ele>
    <time>2026-07-11T08:15:38Z</time>
   </trkpt>
   <trkpt lat="47.376068" lon="10.957804">
    <ele>1556.278</ele>
    <time>2026-07-11T08:15:49Z</time>
   </trkpt>
   <trkpt lat="47.376041" lon="10.957502">
    <ele>1556.250</ele>
    <time>2026-07-11T08:15:53Z</time>
   </trkpt>
   <trkpt lat="47.376009" lon="10.957007">
    <ele>1554.996</ele>
    <time>2026-07-11T08:16:00Z</time>
   </trkpt>
   <trkpt lat="47.376063" lon="10.956130">
    <ele>1554.990</ele>
    <time>2026-07-11T08:16:14Z</time>
   </trkpt>
   <trkpt lat="47.376115" lon="10.955880">
    <ele>1555.225</ele>
    <time>2026-07-11T08:16:22Z</time>
   </trkpt>
   <trkpt lat="47.376160" lon="10.955427">
    <ele>1555.515</ele>
    <time>2026-07-11T08:16:37Z</time>
   </trkpt>
   <trkpt lat="47.376162" lon="10.955084">
    <ele>1561.178</ele>
    <time>2026-07-11T08:16:55Z</time>
   </trkpt>
   <trkpt lat="47.376158" lon="10.955020">
    <ele>1561.565</ele>
    <time>2026-07-11T08:16:56Z</time>
   </trkpt>
   <trkpt lat="47.376194" lon="10.954830">
    <ele>1564.260</ele>
    <time>2026-07-11T08:17:02Z</time>
   </trkpt>
   <trkpt lat="47.376271" lon="10.954651">
    <ele>1567.839</ele>
    <time>2026-07-11T08:17:11Z</time>
   </trkpt>
   <trkpt lat="47.376289" lon="10.954618">
    <ele>1567.227</ele>
    <time>2026-07-11T08:17:29Z</time>
   </trkpt>
   <trkpt lat="47.376298" lon="10.954602">
    <ele>1567.078</ele>
    <time>2026-07-11T08:18:38Z</time>
   </trkpt>
   <trkpt lat="47.376488" lon="10.954202">
    <ele>1565.197</ele>
    <time>2026-07-11T08:18:49Z</time>
   </trkpt>
   <trkpt lat="47.376638" lon="10.953794">
    <ele>1565.634</ele>
    <time>2026-07-11T08:18:57Z</time>
   </trkpt>
   <trkpt lat="47.376805" lon="10.953559">
    <ele>1565.683</ele>
    <time>2026-07-11T08:19:01Z</time>
   </trkpt>
   <trkpt lat="47.376910" lon="10.953501">
    <ele>1565.561</ele>
    <time>2026-07-11T08:19:03Z</time>
   </trkpt>
   <trkpt lat="47.377218" lon="10.953245">
    <ele>1566.797</ele>
    <time>2026-07-11T08:19:12Z</time>
   </trkpt>
   <trkpt lat="47.377231" lon="10.953217">
    <ele>1566.123</ele>
    <time>2026-07-11T08:19:14Z</time>
   </trkpt>
   <trkpt lat="47.377213" lon="10.953056">
    <ele>1568.216</ele>
    <time>2026-07-11T08:19:21Z</time>
   </trkpt>
   <trkpt lat="47.377045" lon="10.952904">
    <ele>1572.416</ele>
    <time>2026-07-11T08:19:37Z</time>
   </trkpt>
   <trkpt lat="47.376788" lon="10.952687">
    <ele>1575.877</ele>
    <time>2026-07-11T08:19:53Z</time>
   </trkpt>
   <trkpt lat="47.376563" lon="10.952781">
    <ele>1574.741</ele>
    <time>2026-07-11T08:20:06Z</time>
   </trkpt>
   <trkpt lat="47.376652" lon="10.952592">
    <ele>1578.955</ele>
    <time>2026-07-11T08:20:16Z</time>
   </trkpt>
   <trkpt lat="47.376687" lon="10.952426">
    <ele>1583.096</ele>
    <time>2026-07-11T08:20:31Z</time>
   </trkpt>
   <trkpt lat="47.376921" lon="10.952063">
    <ele>1585.932</ele>
    <time>2026-07-11T08:20:56Z</time>
   </trkpt>
   <trkpt lat="47.376931" lon="10.951959">
    <ele>1585.987</ele>
    <time>2026-07-11T08:21:02Z</time>
   </trkpt>
   <trkpt lat="47.377032" lon="10.951651">
    <ele>1588.220</ele>
    <time>2026-07-11T08:21:17Z</time>
   </trkpt>
   <trkpt lat="47.377148" lon="10.951472">
    <ele>1589.771</ele>
    <time>2026-07-11T08:21:27Z</time>
   </trkpt>
   <trkpt lat="47.377223" lon="10.951413">
    <ele>1596.474</ele>
    <time>2026-07-11T08:21:42Z</time>
   </trkpt>
   <trkpt lat="47.377333" lon="10.951014">
    <ele>1594.703</ele>
    <time>2026-07-11T08:22:01Z</time>
   </trkpt>
   <trkpt lat="47.377403" lon="10.950665">
    <ele>1597.501</ele>
    <time>2026-07-11T08:22:17Z</time>
   </trkpt>
   <trkpt lat="47.377395" lon="10.950567">
    <ele>1598.444</ele>
    <time>2026-07-11T08:22:26Z</time>
   </trkpt>
   <trkpt lat="47.377342" lon="10.950335">
    <ele>1599.916</ele>
    <time>2026-07-11T08:22:40Z</time>
   </trkpt>
   <trkpt lat="47.377126" lon="10.950313">
    <ele>1602.115</ele>
    <time>2026-07-11T08:22:59Z</time>
   </trkpt>
   <trkpt lat="47.377115" lon="10.950317">
    <ele>1602.391</ele>
    <time>2026-07-11T08:23:00Z</time>
   </trkpt>
   <trkpt lat="47.376868" lon="10.950112">
    <ele>1604.761</ele>
    <time>2026-07-11T08:23:16Z</time>
   </trkpt>
   <trkpt lat="47.376734" lon="10.949857">
    <ele>1606.405</ele>
    <time>2026-07-11T08:23:29Z</time>
   </trkpt>
   <trkpt lat="47.376578" lon="10.949479">
    <ele>1611.468</ele>
    <time>2026-07-11T08:23:46Z</time>
   </trkpt>
   <trkpt lat="47.376502" lon="10.948927">
    <ele>1613.115</ele>
    <time>2026-07-11T08:24:05Z</time>
   </trkpt>
   <trkpt lat="47.376393" lon="10.948770">
    <ele>1611.276</ele>
    <time>2026-07-11T08:24:10Z</time>
   </trkpt>
   <trkpt lat="47.376304" lon="10.948644">
    <ele>1610.367</ele>
    <time>2026-07-11T08:24:13Z</time>
   </trkpt>
   <trkpt lat="47.376119" lon="10.948521">
    <ele>1607.970</ele>
    <time>2026-07-11T08:24:17Z</time>
   </trkpt>
   <trkpt lat="47.375720" lon="10.948080">
    <ele>1606.212</ele>
    <time>2026-07-11T08:24:24Z</time>
   </trkpt>
   <trkpt lat="47.375626" lon="10.947707">
    <ele>1605.463</ele>
    <time>2026-07-11T08:24:28Z</time>
   </trkpt>
   <trkpt lat="47.375457" lon="10.947456">
    <ele>1604.599</ele>
    <time>2026-07-11T08:24:35Z</time>
   </trkpt>
   <trkpt lat="47.375316" lon="10.947451">
    <ele>1603.570</ele>
    <time>2026-07-11T08:24:40Z</time>
   </trkpt>
   <trkpt lat="47.375120" lon="10.947479">
    <ele>1601.071</ele>
    <time>2026-07-11T08:24:45Z</time>
   </trkpt>
   <trkpt lat="47.374885" lon="10.947490">
    <ele>1599.036</ele>
    <time>2026-07-11T08:24:51Z</time>
   </trkpt>
   <trkpt lat="47.374750" lon="10.947475">
    <ele>1597.866</ele>
    <time>2026-07-11T08:24:53Z</time>
   </trkpt>
   <trkpt lat="47.374506" lon="10.947189">
    <ele>1595.638</ele>
    <time>2026-07-11T08:24:57Z</time>
   </trkpt>
   <trkpt lat="47.374459" lon="10.946995">
    <ele>1592.939</ele>
    <time>2026-07-11T08:24:59Z</time>
   </trkpt>
   <trkpt lat="47.374280" lon="10.946575">
    <ele>1589.811</ele>
    <time>2026-07-11T08:25:04Z</time>
   </trkpt>
   <trkpt lat="47.374183" lon="10.945584">
    <ele>1589.291</ele>
    <time>2026-07-11T08:25:13Z</time>
   </trkpt>
   <trkpt lat="47.374175" lon="10.945498">
    <ele>1589.315</ele>
    <time>2026-07-11T08:25:14Z</time>
   </trkpt>
   <trkpt lat="47.374106" lon="10.945049">
    <ele>1588.412</ele>
    <time>2026-07-11T08:25:22Z</time>
   </trkpt>
   <trkpt lat="47.373848" lon="10.944088">
    <ele>1584.211</ele>
    <time>2026-07-11T08:25:38Z</time>
   </trkpt>
   <trkpt lat="47.373805" lon="10.943965">
    <ele>1582.367</ele>
    <time>2026-07-11T08:25:50Z</time>
   </trkpt>
   <trkpt lat="47.373805" lon="10.943965">
    <ele>1582.366</ele>
    <time>2026-07-11T08:25:51Z</time>
   </trkpt>
   <trkpt lat="47.373776" lon="10.943885">
    <ele>1582.581</ele>
    <time>2026-07-11T08:26:02Z</time>
   </trkpt>
   <trkpt lat="47.373615" lon="10.943937">
    <ele>1582.346</ele>
    <time>2026-07-11T08:26:14Z</time>
   </trkpt>
   <trkpt lat="47.373321" lon="10.943791">
    <ele>1585.413</ele>
    <time>2026-07-11T08:26:34Z</time>
   </trkpt>
   <trkpt lat="47.373246" lon="10.943652">
    <ele>1586.873</ele>
    <time>2026-07-11T08:26:43Z</time>
   </trkpt>
   <trkpt lat="47.373154" lon="10.943232">
    <ele>1590.758</ele>
    <time>2026-07-11T08:27:03Z</time>
   </trkpt>
   <trkpt lat="47.373126" lon="10.942752">
    <ele>1595.307</ele>
    <time>2026-07-11T08:27:27Z</time>
   </trkpt>
   <trkpt lat="47.373099" lon="10.942684">
    <ele>1597.554</ele>
    <time>2026-07-11T08:27:36Z</time>
   </trkpt>
   <trkpt lat="47.373099" lon="10.942684">
    <ele>1600.369</ele>
    <time>2026-07-11T08:27:51Z</time>
   </trkpt>
   <trkpt lat="47.372987" lon="10.942359">
    <ele>1601.920</ele>
    <time>2026-07-11T08:27:59Z</time>
   </trkpt>
   <trkpt lat="47.372893" lon="10.942034">
    <ele>1606.680</ele>
    <time>2026-07-11T08:28:22Z</time>
   </trkpt>
   <trkpt lat="47.372893" lon="10.942034">
    <ele>1607.234</ele>
    <time>2026-07-11T08:28:23Z</time>
   </trkpt>
   <trkpt lat="47.372784" lon="10.941587">
    <ele>1612.728</ele>
    <time>2026-07-11T08:28:51Z</time>
   </trkpt>
   <trkpt lat="47.372689" lon="10.941047">
    <ele>1617.566</ele>
    <time>2026-07-11T08:29:16Z</time>
   </trkpt>
   <trkpt lat="47.372689" lon="10.941047">
    <ele>1623.145</ele>
    <time>2026-07-11T08:29:43Z</time>
   </trkpt>
   <trkpt lat="47.372689" lon="10.941047">
    <ele>1626.494</ele>
    <time>2026-07-11T08:29:58Z</time>
   </trkpt>
   <trkpt lat="47.372689" lon="10.941047">
    <ele>1627.392</ele>
    <time>2026-07-11T08:30:01Z</time>
   </trkpt>
   <trkpt lat="47.372689" lon="10.941047">
    <ele>1627.864</ele>
    <time>2026-07-11T08:30:04Z</time>
   </trkpt>
   <trkpt lat="47.372689" lon="10.941047">
    <ele>1631.875</ele>
    <time>2026-07-11T08:30:19Z</time>
   </trkpt>
   <trkpt lat="47.372293" lon="10.940049">
    <ele>1634.136</ele>
    <time>2026-07-11T08:30:33Z</time>
   </trkpt>
   <trkpt lat="47.372333" lon="10.939697">
    <ele>1636.484</ele>
    <time>2026-07-11T08:30:49Z</time>
   </trkpt>
   <trkpt lat="47.372322" lon="10.939406">
    <ele>1638.919</ele>
    <time>2026-07-11T08:31:04Z</time>
   </trkpt>
   <trkpt lat="47.372321" lon="10.939386">
    <ele>1638.915</ele>
    <time>2026-07-11T08:31:07Z</time>
   </trkpt>
   <trkpt lat="47.372318" lon="10.939286">
    <ele>1639.723</ele>
    <time>2026-07-11T08:31:10Z</time>
   </trkpt>
   <trkpt lat="47.372339" lon="10.939228">
    <ele>1640.980</ele>
    <time>2026-07-11T08:31:16Z</time>
   </trkpt>
   <trkpt lat="47.372271" lon="10.939305">
    <ele>1641.854</ele>
    <time>2026-07-11T08:31:23Z</time>
   </trkpt>
   <trkpt lat="47.372217" lon="10.939384">
    <ele>1643.181</ele>
    <time>2026-07-11T08:31:29Z</time>
   </trkpt>
   <trkpt lat="47.372184" lon="10.939428">
    <ele>1643.982</ele>
    <time>2026-07-11T08:31:33Z</time>
   </trkpt>
   <trkpt lat="47.372081" lon="10.939457">
    <ele>1646.070</ele>
    <time>2026-07-11T08:31:42Z</time>
   </trkpt>
   <trkpt lat="47.371881" lon="10.939288">
    <ele>1647.243</ele>
    <time>2026-07-11T08:32:01Z</time>
   </trkpt>
   <trkpt lat="47.371679" lon="10.939199">
    <ele>1649.832</ele>
    <time>2026-07-11T08:32:17Z</time>
   </trkpt>
   <trkpt lat="47.371631" lon="10.939152">
    <ele>1650.882</ele>
    <time>2026-07-11T08:32:21Z</time>
   </trkpt>
   <trkpt lat="47.371421" lon="10.938751">
    <ele>1648.831</ele>
    <time>2026-07-11T08:32:40Z</time>
   </trkpt>
   <trkpt lat="47.371407" lon="10.938593">
    <ele>1649.237</ele>
    <time>2026-07-11T08:32:52Z</time>
   </trkpt>
   <trkpt lat="47.371407" lon="10.938601">
    <ele>1649.497</ele>
    <time>2026-07-11T08:33:01Z</time>
   </trkpt>
   <trkpt lat="47.371432" lon="10.938572">
    <ele>1649.580</ele>
    <time>2026-07-11T08:33:15Z</time>
   </trkpt>
   <trkpt lat="47.371438" lon="10.938599">
    <ele>1649.028</ele>
    <time>2026-07-11T08:33:42Z</time>
   </trkpt>
   <trkpt lat="47.371439" lon="10.938624">
    <ele>1651.016</ele>
    <time>2026-07-11T08:39:28Z</time>
   </trkpt>
   <trkpt lat="47.371440" lon="10.938623">
    <ele>1650.647</ele>
    <time>2026-07-11T08:42:09Z</time>
   </trkpt>
   <trkpt lat="47.371387" lon="10.938666">
    <ele>1651.102</ele>
    <time>2026-07-11T08:46:59Z</time>
   </trkpt>
   <trkpt lat="47.371323" lon="10.938673">
    <ele>1652.351</ele>
    <time>2026-07-11T08:47:11Z</time>
   </trkpt>
   <trkpt lat="47.371195" lon="10.938544">
    <ele>1653.264</ele>
    <time>2026-07-11T08:47:30Z</time>
   </trkpt>
   <trkpt lat="47.371164" lon="10.938496">
    <ele>1653.548</ele>
    <time>2026-07-11T08:47:34Z</time>
   </trkpt>
   <trkpt lat="47.371002" lon="10.938315">
    <ele>1654.997</ele>
    <time>2026-07-11T08:47:53Z</time>
   </trkpt>
   <trkpt lat="47.370905" lon="10.938265">
    <ele>1656.502</ele>
    <time>2026-07-11T08:48:11Z</time>
   </trkpt>
   <trkpt lat="47.370747" lon="10.938164">
    <ele>1661.464</ele>
    <time>2026-07-11T08:48:30Z</time>
   </trkpt>
   <trkpt lat="47.370646" lon="10.938053">
    <ele>1661.938</ele>
    <time>2026-07-11T08:48:41Z</time>
   </trkpt>
   <trkpt lat="47.370566" lon="10.937965">
    <ele>1664.775</ele>
    <time>2026-07-11T08:48:54Z</time>
   </trkpt>
   <trkpt lat="47.370499" lon="10.937947">
    <ele>1666.793</ele>
    <time>2026-07-11T08:49:04Z</time>
   </trkpt>
   <trkpt lat="47.370411" lon="10.937908">
    <ele>1667.894</ele>
    <time>2026-07-11T08:49:17Z</time>
   </trkpt>
   <trkpt lat="47.370298" lon="10.937905">
    <ele>1670.896</ele>
    <time>2026-07-11T08:49:31Z</time>
   </trkpt>
   <trkpt lat="47.370280" lon="10.937905">
    <ele>1671.495</ele>
    <time>2026-07-11T08:49:33Z</time>
   </trkpt>
   <trkpt lat="47.370250" lon="10.937912">
    <ele>1671.925</ele>
    <time>2026-07-11T08:49:36Z</time>
   </trkpt>
   <trkpt lat="47.370208" lon="10.937894">
    <ele>1671.785</ele>
    <time>2026-07-11T08:49:40Z</time>
   </trkpt>
   <trkpt lat="47.370188" lon="10.937898">
    <ele>1672.200</ele>
    <time>2026-07-11T08:49:42Z</time>
   </trkpt>
   <trkpt lat="47.370121" lon="10.937911">
    <ele>1672.552</ele>
    <time>2026-07-11T08:49:49Z</time>
   </trkpt>
   <trkpt lat="47.370077" lon="10.937841">
    <ele>1671.980</ele>
    <time>2026-07-11T08:50:02Z</time>
   </trkpt>
   <trkpt lat="47.370055" lon="10.937834">
    <ele>1672.286</ele>
    <time>2026-07-11T08:50:13Z</time>
   </trkpt>
   <trkpt lat="47.369958" lon="10.937829">
    <ele>1674.312</ele>
    <time>2026-07-11T08:50:21Z</time>
   </trkpt>
   <trkpt lat="47.369897" lon="10.937806">
    <ele>1675.173</ele>
    <time>2026-07-11T08:50:26Z</time>
   </trkpt>
   <trkpt lat="47.369838" lon="10.937806">
    <ele>1675.544</ele>
    <time>2026-07-11T08:50:31Z</time>
   </trkpt>
   <trkpt lat="47.369773" lon="10.937755">
    <ele>1674.883</ele>
    <time>2026-07-11T08:50:38Z</time>
   </trkpt>
   <trkpt lat="47.369760" lon="10.937730">
    <ele>1674.571</ele>
    <time>2026-07-11T08:50:40Z</time>
   </trkpt>
   <trkpt lat="47.369604" lon="10.937567">
    <ele>1671.048</ele>
    <time>2026-07-11T08:50:57Z</time>
   </trkpt>
   <trkpt lat="47.369528" lon="10.937485">
    <ele>1668.542</ele>
    <time>2026-07-11T08:51:04Z</time>
   </trkpt>
   <trkpt lat="47.369219" lon="10.937485">
    <ele>1668.807</ele>
    <time>2026-07-11T08:51:25Z</time>
   </trkpt>
   <trkpt lat="47.368909" lon="10.937176">
    <ele>1669.023</ele>
    <time>2026-07-11T08:51:51Z</time>
   </trkpt>
   <trkpt lat="47.368730" lon="10.936665">
    <ele>1667.292</ele>
    <time>2026-07-11T08:52:17Z</time>
   </trkpt>
   <trkpt lat="47.368467" lon="10.936217">
    <ele>1665.831</ele>
    <time>2026-07-11T08:52:44Z</time>
   </trkpt>
   <trkpt lat="47.368228" lon="10.935971">
    <ele>1666.301</ele>
    <time>2026-07-11T08:53:04Z</time>
   </trkpt>
   <trkpt lat="47.368158" lon="10.935887">
    <ele>1666.384</ele>
    <time>2026-07-11T08:53:10Z</time>
   </trkpt>
   <trkpt lat="47.368109" lon="10.935852">
    <ele>1666.836</ele>
    <time>2026-07-11T08:53:15Z</time>
   </trkpt>
   <trkpt lat="47.368072" lon="10.935823">
    <ele>1667.391</ele>
    <time>2026-07-11T08:53:19Z</time>
   </trkpt>
   <trkpt lat="47.367789" lon="10.935665">
    <ele>1666.392</ele>
    <time>2026-07-11T08:53:40Z</time>
   </trkpt>
   <trkpt lat="47.367456" lon="10.935494">
    <ele>1665.565</ele>
    <time>2026-07-11T08:54:05Z</time>
   </trkpt>
   <trkpt lat="47.367180" lon="10.935349">
    <ele>1666.424</ele>
    <time>2026-07-11T08:54:28Z</time>
   </trkpt>
   <trkpt lat="47.366827" lon="10.935074">
    <ele>1669.776</ele>
    <time>2026-07-11T08:54:57Z</time>
   </trkpt>
   <trkpt lat="47.366742" lon="10.935017">
    <ele>1670.326</ele>
    <time>2026-07-11T08:55:05Z</time>
   </trkpt>
   <trkpt lat="47.366531" lon="10.934944">
    <ele>1672.501</ele>
    <time>2026-07-11T08:55:24Z</time>
   </trkpt>
   <trkpt lat="47.366355" lon="10.934856">
    <ele>1675.843</ele>
    <time>2026-07-11T08:55:42Z</time>
   </trkpt>
   <trkpt lat="47.366308" lon="10.934821">
    <ele>1676.203</ele>
    <time>2026-07-11T08:55:47Z</time>
   </trkpt>
   <trkpt lat="47.366255" lon="10.934758">
    <ele>1676.339</ele>
    <time>2026-07-11T08:55:52Z</time>
   </trkpt>
   <trkpt lat="47.366152" lon="10.934601">
    <ele>1677.009</ele>
    <time>2026-07-11T08:56:03Z</time>
   </trkpt>
   <trkpt lat="47.365993" lon="10.934463">
    <ele>1678.428</ele>
    <time>2026-07-11T08:56:17Z</time>
   </trkpt>
   <trkpt lat="47.365726" lon="10.934324">
    <ele>1680.602</ele>
    <time>2026-07-11T08:56:39Z</time>
   </trkpt>
   <trkpt lat="47.365504" lon="10.934182">
    <ele>1682.994</ele>
    <time>2026-07-11T08:56:58Z</time>
   </trkpt>
   <trkpt lat="47.365381" lon="10.934193">
    <ele>1684.381</ele>
    <time>2026-07-11T08:57:12Z</time>
   </trkpt>
   <trkpt lat="47.365116" lon="10.934088">
    <ele>1685.945</ele>
    <time>2026-07-11T08:57:34Z</time>
   </trkpt>
   <trkpt lat="47.364884" lon="10.934045">
    <ele>1688.560</ele>
    <time>2026-07-11T08:57:53Z</time>
   </trkpt>
   <trkpt lat="47.364850" lon="10.934009">
    <ele>1688.751</ele>
    <time>2026-07-11T08:57:56Z</time>
   </trkpt>
   <trkpt lat="47.364776" lon="10.934003">
    <ele>1689.761</ele>
    <time>2026-07-11T08:58:03Z</time>
   </trkpt>
   <trkpt lat="47.364510" lon="10.933953">
    <ele>1692.698</ele>
    <time>2026-07-11T08:58:26Z</time>
   </trkpt>
   <trkpt lat="47.364284" lon="10.933913">
    <ele>1695.735</ele>
    <time>2026-07-11T08:58:46Z</time>
   </trkpt>
   <trkpt lat="47.364153" lon="10.933993">
    <ele>1699.705</ele>
    <time>2026-07-11T08:59:02Z</time>
   </trkpt>
   <trkpt lat="47.364037" lon="10.933937">
    <ele>1704.573</ele>
    <time>2026-07-11T08:59:20Z</time>
   </trkpt>
   <trkpt lat="47.363958" lon="10.934027">
    <ele>1707.487</ele>
    <time>2026-07-11T08:59:39Z</time>
   </trkpt>
   <trkpt lat="47.363857" lon="10.934039">
    <ele>1711.467</ele>
    <time>2026-07-11T08:59:57Z</time>
   </trkpt>
   <trkpt lat="47.363815" lon="10.933940">
    <ele>1713.926</ele>
    <time>2026-07-11T09:00:16Z</time>
   </trkpt>
   <trkpt lat="47.363771" lon="10.933868">
    <ele>1717.551</ele>
    <time>2026-07-11T09:00:34Z</time>
   </trkpt>
   <trkpt lat="47.363757" lon="10.933818">
    <ele>1720.823</ele>
    <time>2026-07-11T09:00:49Z</time>
   </trkpt>
   <trkpt lat="47.363706" lon="10.933884">
    <ele>1724.738</ele>
    <time>2026-07-11T09:01:02Z</time>
   </trkpt>
   <trkpt lat="47.363637" lon="10.933920">
    <ele>1728.142</ele>
    <time>2026-07-11T09:01:15Z</time>
   </trkpt>
   <trkpt lat="47.363554" lon="10.934032">
    <ele>1730.889</ele>
    <time>2026-07-11T09:01:31Z</time>
   </trkpt>
   <trkpt lat="47.363524" lon="10.933982">
    <ele>1732.200</ele>
    <time>2026-07-11T09:01:46Z</time>
   </trkpt>
   <trkpt lat="47.363514" lon="10.933886">
    <ele>1734.151</ele>
    <time>2026-07-11T09:01:57Z</time>
   </trkpt>
   <trkpt lat="47.363548" lon="10.933744">
    <ele>1733.725</ele>
    <time>2026-07-11T09:02:10Z</time>
   </trkpt>
   <trkpt lat="47.363557" lon="10.933662">
    <ele>1736.553</ele>
    <time>2026-07-11T09:02:23Z</time>
   </trkpt>
   <trkpt lat="47.363532" lon="10.933641">
    <ele>1739.894</ele>
    <time>2026-07-11T09:02:40Z</time>
   </trkpt>
   <trkpt lat="47.363519" lon="10.933661">
    <ele>1740.458</ele>
    <time>2026-07-11T09:02:42Z</time>
   </trkpt>
   <trkpt lat="47.363445" lon="10.933778">
    <ele>1746.527</ele>
    <time>2026-07-11T09:03:00Z</time>
   </trkpt>
   <trkpt lat="47.363400" lon="10.933823">
    <ele>1749.415</ele>
    <time>2026-07-11T09:03:12Z</time>
   </trkpt>
   <trkpt lat="47.363364" lon="10.933729">
    <ele>1750.972</ele>
    <time>2026-07-11T09:03:24Z</time>
   </trkpt>
   <trkpt lat="47.363294" lon="10.933756">
    <ele>1752.924</ele>
    <time>2026-07-11T09:03:36Z</time>
   </trkpt>
   <trkpt lat="47.363261" lon="10.933839">
    <ele>1755.365</ele>
    <time>2026-07-11T09:03:46Z</time>
   </trkpt>
   <trkpt lat="47.363192" lon="10.933804">
    <ele>1757.355</ele>
    <time>2026-07-11T09:03:59Z</time>
   </trkpt>
   <trkpt lat="47.363132" lon="10.933685">
    <ele>1759.723</ele>
    <time>2026-07-11T09:04:17Z</time>
   </trkpt>
   <trkpt lat="47.363079" lon="10.933700">
    <ele>1764.180</ele>
    <time>2026-07-11T09:04:31Z</time>
   </trkpt>
   <trkpt lat="47.363103" lon="10.933642">
    <ele>1764.904</ele>
    <time>2026-07-11T09:04:36Z</time>
   </trkpt>
   <trkpt lat="47.363134" lon="10.933590">
    <ele>1764.389</ele>
    <time>2026-07-11T09:04:40Z</time>
   </trkpt>
   <trkpt lat="47.363185" lon="10.933388">
    <ele>1765.738</ele>
    <time>2026-07-11T09:04:56Z</time>
   </trkpt>
   <trkpt lat="47.363209" lon="10.933357">
    <ele>1765.832</ele>
    <time>2026-07-11T09:04:59Z</time>
   </trkpt>
   <trkpt lat="47.363224" lon="10.933336">
    <ele>1765.212</ele>
    <time>2026-07-11T09:05:01Z</time>
   </trkpt>
   <trkpt lat="47.363210" lon="10.933243">
    <ele>1765.340</ele>
    <time>2026-07-11T09:05:13Z</time>
   </trkpt>
   <trkpt lat="47.363216" lon="10.933174">
    <ele>1766.767</ele>
    <time>2026-07-11T09:05:30Z</time>
   </trkpt>
   <trkpt lat="47.363132" lon="10.933349">
    <ele>1770.811</ele>
    <time>2026-07-11T09:05:45Z</time>
   </trkpt>
   <trkpt lat="47.363043" lon="10.933471">
    <ele>1775.429</ele>
    <time>2026-07-11T09:06:02Z</time>
   </trkpt>
   <trkpt lat="47.362923" lon="10.933549">
    <ele>1779.700</ele>
    <time>2026-07-11T09:06:22Z</time>
   </trkpt>
   <trkpt lat="47.362777" lon="10.933714">
    <ele>1781.809</ele>
    <time>2026-07-11T09:06:40Z</time>
   </trkpt>
   <trkpt lat="47.362714" lon="10.933655">
    <ele>1782.997</ele>
    <time>2026-07-11T09:06:51Z</time>
   </trkpt>
   <trkpt lat="47.362701" lon="10.933583">
    <ele>1782.528</ele>
    <time>2026-07-11T09:06:58Z</time>
   </trkpt>
   <trkpt lat="47.362671" lon="10.933489">
    <ele>1784.657</ele>
    <time>2026-07-11T09:07:10Z</time>
   </trkpt>
   <trkpt lat="47.362672" lon="10.933380">
    <ele>1790.136</ele>
    <time>2026-07-11T09:07:26Z</time>
   </trkpt>
   <trkpt lat="47.362587" lon="10.933443">
    <ele>1793.530</ele>
    <time>2026-07-11T09:07:43Z</time>
   </trkpt>
   <trkpt lat="47.362527" lon="10.933438">
    <ele>1795.492</ele>
    <time>2026-07-11T09:07:55Z</time>
   </trkpt>
   <trkpt lat="47.362419" lon="10.933446">
    <ele>1798.108</ele>
    <time>2026-07-11T09:08:11Z</time>
   </trkpt>
   <trkpt lat="47.362387" lon="10.933574">
    <ele>1802.324</ele>
    <time>2026-07-11T09:08:25Z</time>
   </trkpt>
   <trkpt lat="47.362376" lon="10.933594">
    <ele>1803.099</ele>
    <time>2026-07-11T09:08:28Z</time>
   </trkpt>
   <trkpt lat="47.362341" lon="10.933630">
    <ele>1805.460</ele>
    <time>2026-07-11T09:08:34Z</time>
   </trkpt>
   <trkpt lat="47.362283" lon="10.933658">
    <ele>1808.897</ele>
    <time>2026-07-11T09:08:47Z</time>
   </trkpt>
   <trkpt lat="47.362208" lon="10.933773">
    <ele>1812.812</ele>
    <time>2026-07-11T09:09:00Z</time>
   </trkpt>
   <trkpt lat="47.362133" lon="10.933777">
    <ele>1815.735</ele>
    <time>2026-07-11T09:09:14Z</time>
   </trkpt>
   <trkpt lat="47.362052" lon="10.933679">
    <ele>1820.441</ele>
    <time>2026-07-11T09:09:32Z</time>
   </trkpt>
   <trkpt lat="47.362021" lon="10.933570">
    <ele>1821.890</ele>
    <time>2026-07-11T09:09:45Z</time>
   </trkpt>
   <trkpt lat="47.361939" lon="10.933642">
    <ele>1824.973</ele>
    <time>2026-07-11T09:10:02Z</time>
   </trkpt>
   <trkpt lat="47.361901" lon="10.933854">
    <ele>1828.446</ele>
    <time>2026-07-11T09:10:23Z</time>
   </trkpt>
   <trkpt lat="47.361814" lon="10.933981">
    <ele>1830.371</ele>
    <time>2026-07-11T09:10:40Z</time>
   </trkpt>
   <trkpt lat="47.361717" lon="10.934099">
    <ele>1833.236</ele>
    <time>2026-07-11T09:10:57Z</time>
   </trkpt>
   <trkpt lat="47.361699" lon="10.933964">
    <ele>1835.936</ele>
    <time>2026-07-11T09:11:13Z</time>
   </trkpt>
   <trkpt lat="47.361651" lon="10.933775">
    <ele>1840.326</ele>
    <time>2026-07-11T09:11:30Z</time>
   </trkpt>
   <trkpt lat="47.361630" lon="10.933736">
    <ele>1841.640</ele>
    <time>2026-07-11T09:11:35Z</time>
   </trkpt>
   <trkpt lat="47.361579" lon="10.933559">
    <ele>1844.985</ele>
    <time>2026-07-11T09:11:51Z</time>
   </trkpt>
   <trkpt lat="47.361593" lon="10.933389">
    <ele>1847.701</ele>
    <time>2026-07-11T09:12:07Z</time>
   </trkpt>
   <trkpt lat="47.361640" lon="10.933210">
    <ele>1850.453</ele>
    <time>2026-07-11T09:12:23Z</time>
   </trkpt>
   <trkpt lat="47.361667" lon="10.933030">
    <ele>1855.718</ele>
    <time>2026-07-11T09:12:41Z</time>
   </trkpt>
   <trkpt lat="47.361641" lon="10.933048">
    <ele>1855.656</ele>
    <time>2026-07-11T09:12:44Z</time>
   </trkpt>
   <trkpt lat="47.361620" lon="10.933060">
    <ele>1856.288</ele>
    <time>2026-07-11T09:12:47Z</time>
   </trkpt>
   <trkpt lat="47.361534" lon="10.933134">
    <ele>1856.803</ele>
    <time>2026-07-11T09:13:00Z</time>
   </trkpt>
   <trkpt lat="47.361515" lon="10.933157">
    <ele>1857.442</ele>
    <time>2026-07-11T09:13:03Z</time>
   </trkpt>
   <trkpt lat="47.361491" lon="10.933177">
    <ele>1857.389</ele>
    <time>2026-07-11T09:13:07Z</time>
   </trkpt>
   <trkpt lat="47.361462" lon="10.933216">
    <ele>1858.260</ele>
    <time>2026-07-11T09:13:17Z</time>
   </trkpt>
   <trkpt lat="47.361416" lon="10.933284">
    <ele>1859.961</ele>
    <time>2026-07-11T09:13:29Z</time>
   </trkpt>
   <trkpt lat="47.361370" lon="10.933279">
    <ele>1862.879</ele>
    <time>2026-07-11T09:13:48Z</time>
   </trkpt>
   <trkpt lat="47.361408" lon="10.933115">
    <ele>1867.187</ele>
    <time>2026-07-11T09:14:06Z</time>
   </trkpt>
   <trkpt lat="47.361429" lon="10.933013">
    <ele>1869.356</ele>
    <time>2026-07-11T09:14:15Z</time>
   </trkpt>
   <trkpt lat="47.361478" lon="10.932848">
    <ele>1874.704</ele>
    <time>2026-07-11T09:14:34Z</time>
   </trkpt>
   <trkpt lat="47.361463" lon="10.932860">
    <ele>1877.922</ele>
    <time>2026-07-11T09:14:49Z</time>
   </trkpt>
   <trkpt lat="47.361374" lon="10.932922">
    <ele>1877.215</ele>
    <time>2026-07-11T09:15:07Z</time>
   </trkpt>
   <trkpt lat="47.361256" lon="10.933050">
    <ele>1879.758</ele>
    <time>2026-07-11T09:15:26Z</time>
   </trkpt>
   <trkpt lat="47.361222" lon="10.932957">
    <ele>1882.514</ele>
    <time>2026-07-11T09:15:41Z</time>
   </trkpt>
   <trkpt lat="47.361253" lon="10.932804">
    <ele>1886.346</ele>
    <time>2026-07-11T09:15:58Z</time>
   </trkpt>
   <trkpt lat="47.361189" lon="10.932842">
    <ele>1887.676</ele>
    <time>2026-07-11T09:16:13Z</time>
   </trkpt>
   <trkpt lat="47.361093" lon="10.932928">
    <ele>1889.676</ele>
    <time>2026-07-11T09:16:30Z</time>
   </trkpt>
   <trkpt lat="47.361035" lon="10.933040">
    <ele>1892.712</ele>
    <time>2026-07-11T09:16:46Z</time>
   </trkpt>
   <trkpt lat="47.361011" lon="10.933058">
    <ele>1894.905</ele>
    <time>2026-07-11T09:17:02Z</time>
   </trkpt>
   <trkpt lat="47.360973" lon="10.933004">
    <ele>1896.864</ele>
    <time>2026-07-11T09:17:18Z</time>
   </trkpt>
   <trkpt lat="47.360937" lon="10.933100">
    <ele>1899.842</ele>
    <time>2026-07-11T09:17:31Z</time>
   </trkpt>
   <trkpt lat="47.360937" lon="10.933159">
    <ele>1901.348</ele>
    <time>2026-07-11T09:17:36Z</time>
   </trkpt>
   <trkpt lat="47.360905" lon="10.933362">
    <ele>1904.276</ele>
    <time>2026-07-11T09:17:54Z</time>
   </trkpt>
   <trkpt lat="47.360859" lon="10.933367">
    <ele>1905.590</ele>
    <time>2026-07-11T09:18:05Z</time>
   </trkpt>
   <trkpt lat="47.360761" lon="10.933354">
    <ele>1908.379</ele>
    <time>2026-07-11T09:18:16Z</time>
   </trkpt>
   <trkpt lat="47.360631" lon="10.933361">
    <ele>1910.329</ele>
    <time>2026-07-11T09:18:30Z</time>
   </trkpt>
   <trkpt lat="47.360553" lon="10.933450">
    <ele>1912.628</ele>
    <time>2026-07-11T09:18:47Z</time>
   </trkpt>
   <trkpt lat="47.360445" lon="10.933509">
    <ele>1916.027</ele>
    <time>2026-07-11T09:19:10Z</time>
   </trkpt>
   <trkpt lat="47.360382" lon="10.933511">
    <ele>1919.242</ele>
    <time>2026-07-11T09:19:25Z</time>
   </trkpt>
   <trkpt lat="47.360340" lon="10.933563">
    <ele>1921.317</ele>
    <time>2026-07-11T09:19:38Z</time>
   </trkpt>
   <trkpt lat="47.360294" lon="10.933525">
    <ele>1924.189</ele>
    <time>2026-07-11T09:19:52Z</time>
   </trkpt>
   <trkpt lat="47.360249" lon="10.933511">
    <ele>1926.937</ele>
    <time>2026-07-11T09:20:09Z</time>
   </trkpt>
   <trkpt lat="47.360211" lon="10.933613">
    <ele>1928.945</ele>
    <time>2026-07-11T09:20:27Z</time>
   </trkpt>
   <trkpt lat="47.360199" lon="10.933588">
    <ele>1928.970</ele>
    <time>2026-07-11T09:20:29Z</time>
   </trkpt>
   <trkpt lat="47.360197" lon="10.933420">
    <ele>1929.047</ele>
    <time>2026-07-11T09:20:40Z</time>
   </trkpt>
   <trkpt lat="47.360260" lon="10.933293">
    <ele>1925.849</ele>
    <time>2026-07-11T09:20:53Z</time>
   </trkpt>
   <trkpt lat="47.360367" lon="10.933130">
    <ele>1925.298</ele>
    <time>2026-07-11T09:21:05Z</time>
   </trkpt>
   <trkpt lat="47.360393" lon="10.933109">
    <ele>1924.250</ele>
    <time>2026-07-11T09:21:08Z</time>
   </trkpt>
   <trkpt lat="47.360455" lon="10.932988">
    <ele>1925.330</ele>
    <time>2026-07-11T09:21:23Z</time>
   </trkpt>
   <trkpt lat="47.360482" lon="10.932966">
    <ele>1924.767</ele>
    <time>2026-07-11T09:21:26Z</time>
   </trkpt>
   <trkpt lat="47.360503" lon="10.932851">
    <ele>1926.327</ele>
    <time>2026-07-11T09:21:37Z</time>
   </trkpt>
   <trkpt lat="47.360506" lon="10.932776">
    <ele>1925.548</ele>
    <time>2026-07-11T09:21:41Z</time>
   </trkpt>
   <trkpt lat="47.360635" lon="10.932603">
    <ele>1924.538</ele>
    <time>2026-07-11T09:21:56Z</time>
   </trkpt>
   <trkpt lat="47.360680" lon="10.932523">
    <ele>1922.729</ele>
    <time>2026-07-11T09:22:15Z</time>
   </trkpt>
   <trkpt lat="47.360694" lon="10.932471">
    <ele>1922.011</ele>
    <time>2026-07-11T09:22:27Z</time>
   </trkpt>
   <trkpt lat="47.360706" lon="10.932398">
    <ele>1919.584</ele>
    <time>2026-07-11T09:22:33Z</time>
   </trkpt>
   <trkpt lat="47.360644" lon="10.932256">
    <ele>1916.787</ele>
    <time>2026-07-11T09:22:48Z</time>
   </trkpt>
   <trkpt lat="47.360580" lon="10.932022">
    <ele>1913.595</ele>
    <time>2026-07-11T09:23:01Z</time>
   </trkpt>
   <trkpt lat="47.360554" lon="10.931825">
    <ele>1913.493</ele>
    <time>2026-07-11T09:23:13Z</time>
   </trkpt>
   <trkpt lat="47.360584" lon="10.931786">
    <ele>1913.163</ele>
    <time>2026-07-11T09:23:16Z</time>
   </trkpt>
   <trkpt lat="47.360585" lon="10.931740">
    <ele>1913.344</ele>
    <time>2026-07-11T09:23:19Z</time>
   </trkpt>
   <trkpt lat="47.360549" lon="10.931688">
    <ele>1913.760</ele>
    <time>2026-07-11T09:23:24Z</time>
   </trkpt>
   <trkpt lat="47.360548" lon="10.931548">
    <ele>1911.989</ele>
    <time>2026-07-11T09:23:37Z</time>
   </trkpt>
   <trkpt lat="47.360556" lon="10.931512">
    <ele>1911.839</ele>
    <time>2026-07-11T09:23:39Z</time>
   </trkpt>
   <trkpt lat="47.360553" lon="10.931485">
    <ele>1911.380</ele>
    <time>2026-07-11T09:23:41Z</time>
   </trkpt>
   <trkpt lat="47.360614" lon="10.931246">
    <ele>1913.469</ele>
    <time>2026-07-11T09:23:55Z</time>
   </trkpt>
   <trkpt lat="47.360636" lon="10.931060">
    <ele>1911.630</ele>
    <time>2026-07-11T09:24:09Z</time>
   </trkpt>
   <trkpt lat="47.360667" lon="10.930931">
    <ele>1908.817</ele>
    <time>2026-07-11T09:24:18Z</time>
   </trkpt>
   <trkpt lat="47.360752" lon="10.930766">
    <ele>1905.621</ele>
    <time>2026-07-11T09:24:29Z</time>
   </trkpt>
   <trkpt lat="47.360756" lon="10.930736">
    <ele>1905.661</ele>
    <time>2026-07-11T09:24:31Z</time>
   </trkpt>
   <trkpt lat="47.360802" lon="10.930592">
    <ele>1905.318</ele>
    <time>2026-07-11T09:24:38Z</time>
   </trkpt>
   <trkpt lat="47.360820" lon="10.930525">
    <ele>1905.741</ele>
    <time>2026-07-11T09:24:42Z</time>
   </trkpt>
   <trkpt lat="47.360851" lon="10.930412">
    <ele>1906.931</ele>
    <time>2026-07-11T09:24:49Z</time>
   </trkpt>
   <trkpt lat="47.360946" lon="10.930223">
    <ele>1903.641</ele>
    <time>2026-07-11T09:25:03Z</time>
   </trkpt>
   <trkpt lat="47.361018" lon="10.929957">
    <ele>1899.451</ele>
    <time>2026-07-11T09:25:19Z</time>
   </trkpt>
   <trkpt lat="47.361031" lon="10.929909">
    <ele>1898.573</ele>
    <time>2026-07-11T09:25:22Z</time>
   </trkpt>
   <trkpt lat="47.361031" lon="10.929768">
    <ele>1897.559</ele>
    <time>2026-07-11T09:25:32Z</time>
   </trkpt>
   <trkpt lat="47.361057" lon="10.929729">
    <ele>1896.292</ele>
    <time>2026-07-11T09:25:47Z</time>
   </trkpt>
   <trkpt lat="47.361068" lon="10.929729">
    <ele>1896.153</ele>
    <time>2026-07-11T09:25:50Z</time>
   </trkpt>
   <trkpt lat="47.361083" lon="10.929720">
    <ele>1896.703</ele>
    <time>2026-07-11T09:25:52Z</time>
   </trkpt>
   <trkpt lat="47.361055" lon="10.929624">
    <ele>1899.133</ele>
    <time>2026-07-11T09:25:57Z</time>
   </trkpt>
   <trkpt lat="47.361057" lon="10.929539">
    <ele>1899.432</ele>
    <time>2026-07-11T09:26:06Z</time>
   </trkpt>
   <trkpt lat="47.361109" lon="10.929378">
    <ele>1900.414</ele>
    <time>2026-07-11T09:26:18Z</time>
   </trkpt>
   <trkpt lat="47.361210" lon="10.929244">
    <ele>1898.920</ele>
    <time>2026-07-11T09:26:28Z</time>
   </trkpt>
   <trkpt lat="47.361259" lon="10.929058">
    <ele>1897.352</ele>
    <time>2026-07-11T09:26:41Z</time>
   </trkpt>
   <trkpt lat="47.361270" lon="10.929020">
    <ele>1897.120</ele>
    <time>2026-07-11T09:26:43Z</time>
   </trkpt>
   <trkpt lat="47.361290" lon="10.928967">
    <ele>1896.886</ele>
    <time>2026-07-11T09:26:47Z</time>
   </trkpt>
   <trkpt lat="47.361321" lon="10.928874">
    <ele>1896.093</ele>
    <time>2026-07-11T09:26:55Z</time>
   </trkpt>
   <trkpt lat="47.361352" lon="10.928684">
    <ele>1895.725</ele>
    <time>2026-07-11T09:27:12Z</time>
   </trkpt>
   <trkpt lat="47.361482" lon="10.928395">
    <ele>1898.186</ele>
    <time>2026-07-11T09:27:32Z</time>
   </trkpt>
   <trkpt lat="47.361483" lon="10.928360">
    <ele>1898.491</ele>
    <time>2026-07-11T09:27:35Z</time>
   </trkpt>
   <trkpt lat="47.361545" lon="10.928223">
    <ele>1900.819</ele>
    <time>2026-07-11T09:27:45Z</time>
   </trkpt>
   <trkpt lat="47.361620" lon="10.927997">
    <ele>1900.805</ele>
    <time>2026-07-11T09:28:00Z</time>
   </trkpt>
   <trkpt lat="47.361616" lon="10.927952">
    <ele>1900.589</ele>
    <time>2026-07-11T09:28:04Z</time>
   </trkpt>
   <trkpt lat="47.361700" lon="10.927891">
    <ele>1902.786</ele>
    <time>2026-07-11T09:28:07Z</time>
   </trkpt>
   <trkpt lat="47.361841" lon="10.927696">
    <ele>1908.270</ele>
    <time>2026-07-11T09:28:20Z</time>
   </trkpt>
   <trkpt lat="47.361939" lon="10.927497">
    <ele>1911.604</ele>
    <time>2026-07-11T09:28:34Z</time>
   </trkpt>
   <trkpt lat="47.361914" lon="10.927318">
    <ele>1911.908</ele>
    <time>2026-07-11T09:28:46Z</time>
   </trkpt>
   <trkpt lat="47.361928" lon="10.927208">
    <ele>1911.944</ele>
    <time>2026-07-11T09:28:51Z</time>
   </trkpt>
   <trkpt lat="47.361935" lon="10.927090">
    <ele>1911.938</ele>
    <time>2026-07-11T09:29:01Z</time>
   </trkpt>
   <trkpt lat="47.361887" lon="10.927071">
    <ele>1911.296</ele>
    <time>2026-07-11T09:29:05Z</time>
   </trkpt>
   <trkpt lat="47.361909" lon="10.927015">
    <ele>1911.072</ele>
    <time>2026-07-11T09:29:08Z</time>
   </trkpt>
   <trkpt lat="47.361891" lon="10.926928">
    <ele>1910.636</ele>
    <time>2026-07-11T09:29:14Z</time>
   </trkpt>
   <trkpt lat="47.361919" lon="10.926825">
    <ele>1909.720</ele>
    <time>2026-07-11T09:29:19Z</time>
   </trkpt>
   <trkpt lat="47.362034" lon="10.926570">
    <ele>1907.604</ele>
    <time>2026-07-11T09:29:33Z</time>
   </trkpt>
   <trkpt lat="47.362033" lon="10.926570">
    <ele>1907.417</ele>
    <time>2026-07-11T09:29:34Z</time>
   </trkpt>
   <trkpt lat="47.362050" lon="10.926396">
    <ele>1907.010</ele>
    <time>2026-07-11T09:29:46Z</time>
   </trkpt>
   <trkpt lat="47.362088" lon="10.926268">
    <ele>1904.726</ele>
    <time>2026-07-11T09:29:59Z</time>
   </trkpt>
   <trkpt lat="47.362078" lon="10.926251">
    <ele>1904.432</ele>
    <time>2026-07-11T09:30:01Z</time>
   </trkpt>
   <trkpt lat="47.362072" lon="10.926195">
    <ele>1903.819</ele>
    <time>2026-07-11T09:30:09Z</time>
   </trkpt>
   <trkpt lat="47.362115" lon="10.926023">
    <ele>1904.074</ele>
    <time>2026-07-11T09:30:22Z</time>
   </trkpt>
   <trkpt lat="47.362035" lon="10.926031">
    <ele>1906.808</ele>
    <time>2026-07-11T09:30:30Z</time>
   </trkpt>
   <trkpt lat="47.362020" lon="10.925970">
    <ele>1911.069</ele>
    <time>2026-07-11T09:30:41Z</time>
   </trkpt>
   <trkpt lat="47.362037" lon="10.925735">
    <ele>1913.388</ele>
    <time>2026-07-11T09:30:58Z</time>
   </trkpt>
   <trkpt lat="47.362054" lon="10.925703">
    <ele>1913.251</ele>
    <time>2026-07-11T09:31:00Z</time>
   </trkpt>
   <trkpt lat="47.362080" lon="10.925663">
    <ele>1914.110</ele>
    <time>2026-07-11T09:31:09Z</time>
   </trkpt>
   <trkpt lat="47.362140" lon="10.925573">
    <ele>1913.346</ele>
    <time>2026-07-11T09:31:23Z</time>
   </trkpt>
   <trkpt lat="47.362149" lon="10.925462">
    <ele>1913.131</ele>
    <time>2026-07-11T09:31:37Z</time>
   </trkpt>
   <trkpt lat="47.362115" lon="10.925493">
    <ele>1913.290</ele>
    <time>2026-07-11T09:31:43Z</time>
   </trkpt>
   <trkpt lat="47.361942" lon="10.925655">
    <ele>1915.677</ele>
    <time>2026-07-11T09:31:52Z</time>
   </trkpt>
   <trkpt lat="47.361923" lon="10.925684">
    <ele>1915.810</ele>
    <time>2026-07-11T09:31:55Z</time>
   </trkpt>
   <trkpt lat="47.361879" lon="10.925664">
    <ele>1915.973</ele>
    <time>2026-07-11T09:32:09Z</time>
   </trkpt>
   <trkpt lat="47.362037" lon="10.925610">
    <ele>1917.918</ele>
    <time>2026-07-11T09:32:27Z</time>
   </trkpt>
   <trkpt lat="47.362148" lon="10.925510">
    <ele>1919.650</ele>
    <time>2026-07-11T09:32:52Z</time>
   </trkpt>
   <trkpt lat="47.362317" lon="10.925475">
    <ele>1926.394</ele>
    <time>2026-07-11T09:33:11Z</time>
   </trkpt>
   <trkpt lat="47.362397" lon="10.925349">
    <ele>1928.131</ele>
    <time>2026-07-11T09:33:21Z</time>
   </trkpt>
   <trkpt lat="47.362474" lon="10.925196">
    <ele>1927.349</ele>
    <time>2026-07-11T09:33:30Z</time>
   </trkpt>
   <trkpt lat="47.362499" lon="10.925106">
    <ele>1926.850</ele>
    <time>2026-07-11T09:33:37Z</time>
   </trkpt>
   <trkpt lat="47.362587" lon="10.924943">
    <ele>1924.852</ele>
    <time>2026-07-11T09:33:47Z</time>
   </trkpt>
   <trkpt lat="47.362603" lon="10.924884">
    <ele>1925.623</ele>
    <time>2026-07-11T09:33:54Z</time>
   </trkpt>
   <trkpt lat="47.362598" lon="10.924825">
    <ele>1923.928</ele>
    <time>2026-07-11T09:33:57Z</time>
   </trkpt>
   <trkpt lat="47.362607" lon="10.924720">
    <ele>1920.541</ele>
    <time>2026-07-11T09:34:04Z</time>
   </trkpt>
   <trkpt lat="47.362590" lon="10.924679">
    <ele>1920.608</ele>
    <time>2026-07-11T09:34:06Z</time>
   </trkpt>
   <trkpt lat="47.362642" lon="10.924520">
    <ele>1914.697</ele>
    <time>2026-07-11T09:34:21Z</time>
   </trkpt>
   <trkpt lat="47.362677" lon="10.924423">
    <ele>1909.851</ele>
    <time>2026-07-11T09:34:30Z</time>
   </trkpt>
   <trkpt lat="47.362662" lon="10.924398">
    <ele>1909.208</ele>
    <time>2026-07-11T09:34:34Z</time>
   </trkpt>
   <trkpt lat="47.362680" lon="10.924165">
    <ele>1905.613</ele>
    <time>2026-07-11T09:34:45Z</time>
   </trkpt>
   <trkpt lat="47.362693" lon="10.924141">
    <ele>1905.561</ele>
    <time>2026-07-11T09:34:46Z</time>
   </trkpt>
   <trkpt lat="47.362711" lon="10.924044">
    <ele>1900.015</ele>
    <time>2026-07-11T09:35:00Z</time>
   </trkpt>
   <trkpt lat="47.362653" lon="10.923986">
    <ele>1907.629</ele>
    <time>2026-07-11T09:35:13Z</time>
   </trkpt>
   <trkpt lat="47.362647" lon="10.923992">
    <ele>1918.484</ele>
    <time>2026-07-11T09:35:33Z</time>
   </trkpt>
   <trkpt lat="47.362639" lon="10.924032">
    <ele>1925.118</ele>
    <time>2026-07-11T09:36:44Z</time>
   </trkpt>
   <trkpt lat="47.362640" lon="10.924032">
    <ele>1925.126</ele>
    <time>2026-07-11T09:36:45Z</time>
   </trkpt>
   <trkpt lat="47.362711" lon="10.923992">
    <ele>1933.188</ele>
    <time>2026-07-11T09:37:02Z</time>
   </trkpt>
   <trkpt lat="47.362776" lon="10.923952">
    <ele>1941.178</ele>
    <time>2026-07-11T09:37:18Z</time>
   </trkpt>
   <trkpt lat="47.362802" lon="10.923900">
    <ele>1942.175</ele>
    <time>2026-07-11T09:37:22Z</time>
   </trkpt>
   <trkpt lat="47.362808" lon="10.923871">
    <ele>1942.771</ele>
    <time>2026-07-11T09:37:24Z</time>
   </trkpt>
   <trkpt lat="47.362911" lon="10.923769">
    <ele>1949.802</ele>
    <time>2026-07-11T09:37:42Z</time>
   </trkpt>
   <trkpt lat="47.362965" lon="10.923808">
    <ele>1956.204</ele>
    <time>2026-07-11T09:37:57Z</time>
   </trkpt>
   <trkpt lat="47.363022" lon="10.923781">
    <ele>1962.163</ele>
    <time>2026-07-11T09:38:12Z</time>
   </trkpt>
   <trkpt lat="47.363055" lon="10.923676">
    <ele>1968.922</ele>
    <time>2026-07-11T09:38:30Z</time>
   </trkpt>
   <trkpt lat="47.363076" lon="10.923630">
    <ele>1974.039</ele>
    <time>2026-07-11T09:38:47Z</time>
   </trkpt>
   <trkpt lat="47.363112" lon="10.923567">
    <ele>1980.353</ele>
    <time>2026-07-11T09:39:09Z</time>
   </trkpt>
   <trkpt lat="47.363134" lon="10.923551">
    <ele>1984.670</ele>
    <time>2026-07-11T09:39:29Z</time>
   </trkpt>
   <trkpt lat="47.363160" lon="10.923527">
    <ele>1987.054</ele>
    <time>2026-07-11T09:39:47Z</time>
   </trkpt>
   <trkpt lat="47.363196" lon="10.923529">
    <ele>1989.921</ele>
    <time>2026-07-11T09:40:06Z</time>
   </trkpt>
   <trkpt lat="47.363218" lon="10.923531">
    <ele>1991.856</ele>
    <time>2026-07-11T09:40:19Z</time>
   </trkpt>
   <trkpt lat="47.363278" lon="10.923523">
    <ele>1995.167</ele>
    <time>2026-07-11T09:40:40Z</time>
   </trkpt>
   <trkpt lat="47.363352" lon="10.923571">
    <ele>2000.349</ele>
    <time>2026-07-11T09:41:04Z</time>
   </trkpt>
   <trkpt lat="47.363393" lon="10.923626">
    <ele>2003.360</ele>
    <time>2026-07-11T09:41:18Z</time>
   </trkpt>
   <trkpt lat="47.363429" lon="10.923657">
    <ele>2006.394</ele>
    <time>2026-07-11T09:41:37Z</time>
   </trkpt>
   <trkpt lat="47.363476" lon="10.923667">
    <ele>2010.889</ele>
    <time>2026-07-11T09:41:57Z</time>
   </trkpt>
   <trkpt lat="47.363565" lon="10.923600">
    <ele>2012.921</ele>
    <time>2026-07-11T09:42:14Z</time>
   </trkpt>
   <trkpt lat="47.363595" lon="10.923534">
    <ele>2013.005</ele>
    <time>2026-07-11T09:42:29Z</time>
   </trkpt>
   <trkpt lat="47.363615" lon="10.923430">
    <ele>2013.990</ele>
    <time>2026-07-11T09:42:48Z</time>
   </trkpt>
   <trkpt lat="47.363674" lon="10.923390">
    <ele>2017.443</ele>
    <time>2026-07-11T09:43:06Z</time>
   </trkpt>
   <trkpt lat="47.363761" lon="10.923422">
    <ele>2021.347</ele>
    <time>2026-07-11T09:43:29Z</time>
   </trkpt>
   <trkpt lat="47.363754" lon="10.923285">
    <ele>2025.829</ele>
    <time>2026-07-11T09:43:52Z</time>
   </trkpt>
   <trkpt lat="47.363720" lon="10.923152">
    <ele>2029.338</ele>
    <time>2026-07-11T09:44:20Z</time>
   </trkpt>
   <trkpt lat="47.363722" lon="10.923041">
    <ele>2031.721</ele>
    <time>2026-07-11T09:44:40Z</time>
   </trkpt>
   <trkpt lat="47.363724" lon="10.922991">
    <ele>2033.754</ele>
    <time>2026-07-11T09:44:59Z</time>
   </trkpt>
   <trkpt lat="47.363735" lon="10.922880">
    <ele>2037.427</ele>
    <time>2026-07-11T09:45:23Z</time>
   </trkpt>
   <trkpt lat="47.363777" lon="10.922825">
    <ele>2040.543</ele>
    <time>2026-07-11T09:45:40Z</time>
   </trkpt>
   <trkpt lat="47.363729" lon="10.922753">
    <ele>2043.325</ele>
    <time>2026-07-11T09:46:00Z</time>
   </trkpt>
   <trkpt lat="47.363710" lon="10.922640">
    <ele>2046.532</ele>
    <time>2026-07-11T09:46:20Z</time>
   </trkpt>
   <trkpt lat="47.363727" lon="10.922584">
    <ele>2050.720</ele>
    <time>2026-07-11T09:46:39Z</time>
   </trkpt>
   <trkpt lat="47.363779" lon="10.922550">
    <ele>2053.495</ele>
    <time>2026-07-11T09:46:53Z</time>
   </trkpt>
   <trkpt lat="47.363813" lon="10.922530">
    <ele>2056.466</ele>
    <time>2026-07-11T09:47:12Z</time>
   </trkpt>
   <trkpt lat="47.363764" lon="10.922423">
    <ele>2058.593</ele>
    <time>2026-07-11T09:47:28Z</time>
   </trkpt>
   <trkpt lat="47.363685" lon="10.922297">
    <ele>2061.257</ele>
    <time>2026-07-11T09:47:44Z</time>
   </trkpt>
   <trkpt lat="47.363549" lon="10.922109">
    <ele>2066.020</ele>
    <time>2026-07-11T09:48:09Z</time>
   </trkpt>
   <trkpt lat="47.363646" lon="10.922080">
    <ele>2068.958</ele>
    <time>2026-07-11T09:48:27Z</time>
   </trkpt>
   <trkpt lat="47.363719" lon="10.922055">
    <ele>2073.294</ele>
    <time>2026-07-11T09:48:45Z</time>
   </trkpt>
   <trkpt lat="47.363758" lon="10.922066">
    <ele>2075.482</ele>
    <time>2026-07-11T09:49:07Z</time>
   </trkpt>
   <trkpt lat="47.363795" lon="10.922059">
    <ele>2077.750</ele>
    <time>2026-07-11T09:49:22Z</time>
   </trkpt>
   <trkpt lat="47.363826" lon="10.922066">
    <ele>2080.257</ele>
    <time>2026-07-11T09:49:37Z</time>
   </trkpt>
   <trkpt lat="47.363847" lon="10.922066">
    <ele>2082.734</ele>
    <time>2026-07-11T09:49:55Z</time>
   </trkpt>
   <trkpt lat="47.363879" lon="10.922089">
    <ele>2085.039</ele>
    <time>2026-07-11T09:50:11Z</time>
   </trkpt>
   <trkpt lat="47.363908" lon="10.922072">
    <ele>2090.247</ele>
    <time>2026-07-11T09:50:31Z</time>
   </trkpt>
   <trkpt lat="47.363943" lon="10.922059">
    <ele>2093.937</ele>
    <time>2026-07-11T09:50:46Z</time>
   </trkpt>
   <trkpt lat="47.363984" lon="10.922102">
    <ele>2097.313</ele>
    <time>2026-07-11T09:51:03Z</time>
   </trkpt>
   <trkpt lat="47.364036" lon="10.922082">
    <ele>2098.341</ele>
    <time>2026-07-11T09:51:18Z</time>
   </trkpt>
   <trkpt lat="47.364071" lon="10.922103">
    <ele>2100.990</ele>
    <time>2026-07-11T09:51:36Z</time>
   </trkpt>
   <trkpt lat="47.364093" lon="10.922080">
    <ele>2103.558</ele>
    <time>2026-07-11T09:51:51Z</time>
   </trkpt>
   <trkpt lat="47.364107" lon="10.922063">
    <ele>2106.268</ele>
    <time>2026-07-11T09:52:06Z</time>
   </trkpt>
   <trkpt lat="47.364119" lon="10.922017">
    <ele>2108.233</ele>
    <time>2026-07-11T09:52:21Z</time>
   </trkpt>
   <trkpt lat="47.364147" lon="10.922006">
    <ele>2111.666</ele>
    <time>2026-07-11T09:52:38Z</time>
   </trkpt>
   <trkpt lat="47.364190" lon="10.921954">
    <ele>2114.206</ele>
    <time>2026-07-11T09:52:55Z</time>
   </trkpt>
   <trkpt lat="47.364190" lon="10.921915">
    <ele>2115.736</ele>
    <time>2026-07-11T09:53:08Z</time>
   </trkpt>
   <trkpt lat="47.364220" lon="10.921936">
    <ele>2118.137</ele>
    <time>2026-07-11T09:53:34Z</time>
   </trkpt>
   <trkpt lat="47.364288" lon="10.921942">
    <ele>2119.614</ele>
    <time>2026-07-11T09:53:49Z</time>
   </trkpt>
   <trkpt lat="47.364329" lon="10.921947">
    <ele>2121.272</ele>
    <time>2026-07-11T09:54:04Z</time>
   </trkpt>
   <trkpt lat="47.364351" lon="10.921953">
    <ele>2120.526</ele>
    <time>2026-07-11T09:54:19Z</time>
   </trkpt>
   <trkpt lat="47.364372" lon="10.921999">
    <ele>2119.560</ele>
    <time>2026-07-11T09:54:38Z</time>
   </trkpt>
   <trkpt lat="47.364384" lon="10.922010">
    <ele>2121.738</ele>
    <time>2026-07-11T09:54:57Z</time>
   </trkpt>
   <trkpt lat="47.364397" lon="10.922011">
    <ele>2125.736</ele>
    <time>2026-07-11T09:55:22Z</time>
   </trkpt>
   <trkpt lat="47.364398" lon="10.922023">
    <ele>2126.928</ele>
    <time>2026-07-11T09:55:46Z</time>
   </trkpt>
   <trkpt lat="47.364391" lon="10.922026">
    <ele>2134.091</ele>
    <time>2026-07-11T09:56:00Z</time>
   </trkpt>
   <trkpt lat="47.364411" lon="10.922054">
    <ele>2138.660</ele>
    <time>2026-07-11T09:56:21Z</time>
   </trkpt>
   <trkpt lat="47.364405" lon="10.922044">
    <ele>2138.719</ele>
    <time>2026-07-11T09:56:42Z</time>
   </trkpt>
   <trkpt lat="47.364429" lon="10.922036">
    <ele>2140.039</ele>
    <time>2026-07-11T09:57:03Z</time>
   </trkpt>
   <trkpt lat="47.364431" lon="10.922045">
    <ele>2141.441</ele>
    <time>2026-07-11T09:57:23Z</time>
   </trkpt>
   <trkpt lat="47.364448" lon="10.922030">
    <ele>2143.658</ele>
    <time>2026-07-11T09:57:39Z</time>
   </trkpt>
   <trkpt lat="47.364473" lon="10.922038">
    <ele>2146.625</ele>
    <time>2026-07-11T09:57:53Z</time>
   </trkpt>
   <trkpt lat="47.364500" lon="10.922033">
    <ele>2150.521</ele>
    <time>2026-07-11T09:58:07Z</time>
   </trkpt>
   <trkpt lat="47.364524" lon="10.922004">
    <ele>2153.629</ele>
    <time>2026-07-11T09:58:21Z</time>
   </trkpt>
   <trkpt lat="47.364573" lon="10.921985">
    <ele>2157.237</ele>
    <time>2026-07-11T09:58:38Z</time>
   </trkpt>
   <trkpt lat="47.364598" lon="10.921954">
    <ele>2158.362</ele>
    <time>2026-07-11T09:58:54Z</time>
   </trkpt>
   <trkpt lat="47.364619" lon="10.921929">
    <ele>2160.629</ele>
    <time>2026-07-11T09:59:15Z</time>
   </trkpt>
   <trkpt lat="47.364634" lon="10.921928">
    <ele>2163.158</ele>
    <time>2026-07-11T09:59:35Z</time>
   </trkpt>
   <trkpt lat="47.364663" lon="10.921916">
    <ele>2165.329</ele>
    <time>2026-07-11T09:59:54Z</time>
   </trkpt>
   <trkpt lat="47.364698" lon="10.921909">
    <ele>2168.983</ele>
    <time>2026-07-11T10:00:09Z</time>
   </trkpt>
   <trkpt lat="47.364732" lon="10.921949">
    <ele>2171.629</ele>
    <time>2026-07-11T10:00:25Z</time>
   </trkpt>
   <trkpt lat="47.364743" lon="10.921924">
    <ele>2172.997</ele>
    <time>2026-07-11T10:00:50Z</time>
   </trkpt>
   <trkpt lat="47.364748" lon="10.921862">
    <ele>2175.402</ele>
    <time>2026-07-11T10:01:02Z</time>
   </trkpt>
   <trkpt lat="47.364768" lon="10.921875">
    <ele>2177.474</ele>
    <time>2026-07-11T10:01:17Z</time>
   </trkpt>
   <trkpt lat="47.364828" lon="10.921879">
    <ele>2182.003</ele>
    <time>2026-07-11T10:01:36Z</time>
   </trkpt>
   <trkpt lat="47.364850" lon="10.921875">
    <ele>2184.171</ele>
    <time>2026-07-11T10:01:49Z</time>
   </trkpt>
   <trkpt lat="47.364886" lon="10.921886">
    <ele>2187.404</ele>
    <time>2026-07-11T10:02:15Z</time>
   </trkpt>
   <trkpt lat="47.364926" lon="10.921932">
    <ele>2191.425</ele>
    <time>2026-07-11T10:02:33Z</time>
   </trkpt>
   <trkpt lat="47.364935" lon="10.922031">
    <ele>2193.922</ele>
    <time>2026-07-11T10:02:49Z</time>
   </trkpt>
   <trkpt lat="47.364944" lon="10.922065">
    <ele>2194.405</ele>
    <time>2026-07-11T10:03:02Z</time>
   </trkpt>
   <trkpt lat="47.364922" lon="10.922106">
    <ele>2197.635</ele>
    <time>2026-07-11T10:03:21Z</time>
   </trkpt>
   <trkpt lat="47.364936" lon="10.922095">
    <ele>2199.150</ele>
    <time>2026-07-11T10:03:45Z</time>
   </trkpt>
   <trkpt lat="47.364961" lon="10.922096">
    <ele>2201.445</ele>
    <time>2026-07-11T10:04:16Z</time>
   </trkpt>
   <trkpt lat="47.364985" lon="10.922144">
    <ele>2203.497</ele>
    <time>2026-07-11T10:04:34Z</time>
   </trkpt>
   <trkpt lat="47.365002" lon="10.922135">
    <ele>2206.157</ele>
    <time>2026-07-11T10:04:56Z</time>
   </trkpt>
   <trkpt lat="47.365028" lon="10.922124">
    <ele>2208.906</ele>
    <time>2026-07-11T10:05:16Z</time>
   </trkpt>
   <trkpt lat="47.365095" lon="10.922136">
    <ele>2213.012</ele>
    <time>2026-07-11T10:05:32Z</time>
   </trkpt>
   <trkpt lat="47.365164" lon="10.922136">
    <ele>2216.341</ele>
    <time>2026-07-11T10:06:01Z</time>
   </trkpt>
   <trkpt lat="47.365213" lon="10.922166">
    <ele>2217.755</ele>
    <time>2026-07-11T10:06:17Z</time>
   </trkpt>
   <trkpt lat="47.365268" lon="10.922181">
    <ele>2219.091</ele>
    <time>2026-07-11T10:06:36Z</time>
   </trkpt>
   <trkpt lat="47.365335" lon="10.922155">
    <ele>2218.374</ele>
    <time>2026-07-11T10:07:23Z</time>
   </trkpt>
   <trkpt lat="47.365394" lon="10.922093">
    <ele>2218.805</ele>
    <time>2026-07-11T10:07:38Z</time>
   </trkpt>
   <trkpt lat="47.365526" lon="10.922023">
    <ele>2221.166</ele>
    <time>2026-07-11T10:07:56Z</time>
   </trkpt>
   <trkpt lat="47.365640" lon="10.922042">
    <ele>2224.858</ele>
    <time>2026-07-11T10:08:10Z</time>
   </trkpt>
   <trkpt lat="47.365680" lon="10.922026">
    <ele>2226.525</ele>
    <time>2026-07-11T10:08:29Z</time>
   </trkpt>
   <trkpt lat="47.365719" lon="10.922036">
    <ele>2226.262</ele>
    <time>2026-07-11T10:08:42Z</time>
   </trkpt>
   <trkpt lat="47.365745" lon="10.922111">
    <ele>2227.506</ele>
    <time>2026-07-11T10:08:57Z</time>
   </trkpt>
   <trkpt lat="47.365783" lon="10.922154">
    <ele>2231.635</ele>
    <time>2026-07-11T10:09:16Z</time>
   </trkpt>
   <trkpt lat="47.365808" lon="10.922203">
    <ele>2234.057</ele>
    <time>2026-07-11T10:09:37Z</time>
   </trkpt>
   <trkpt lat="47.365824" lon="10.922244">
    <ele>2234.706</ele>
    <time>2026-07-11T10:09:48Z</time>
   </trkpt>
   <trkpt lat="47.365862" lon="10.922248">
    <ele>2240.481</ele>
    <time>2026-07-11T10:10:06Z</time>
   </trkpt>
   <trkpt lat="47.365923" lon="10.922262">
    <ele>2241.903</ele>
    <time>2026-07-11T10:10:30Z</time>
   </trkpt>
   <trkpt lat="47.365949" lon="10.922278">
    <ele>2243.235</ele>
    <time>2026-07-11T10:10:46Z</time>
   </trkpt>
   <trkpt lat="47.365954" lon="10.922308">
    <ele>2243.550</ele>
    <time>2026-07-11T10:11:02Z</time>
   </trkpt>
   <trkpt lat="47.365987" lon="10.922320">
    <ele>2244.125</ele>
    <time>2026-07-11T10:11:16Z</time>
   </trkpt>
   <trkpt lat="47.366029" lon="10.922333">
    <ele>2245.659</ele>
    <time>2026-07-11T10:11:34Z</time>
   </trkpt>
   <trkpt lat="47.366056" lon="10.922312">
    <ele>2246.282</ele>
    <time>2026-07-11T10:11:48Z</time>
   </trkpt>
   <trkpt lat="47.366067" lon="10.922283">
    <ele>2251.313</ele>
    <time>2026-07-11T10:12:04Z</time>
   </trkpt>
   <trkpt lat="47.366069" lon="10.922296">
    <ele>2250.987</ele>
    <time>2026-07-11T10:12:21Z</time>
   </trkpt>
   <trkpt lat="47.366086" lon="10.922293">
    <ele>2250.542</ele>
    <time>2026-07-11T10:12:37Z</time>
   </trkpt>
   <trkpt lat="47.366097" lon="10.922292">
    <ele>2250.764</ele>
    <time>2026-07-11T10:13:03Z</time>
   </trkpt>
   <trkpt lat="47.366115" lon="10.922284">
    <ele>2250.729</ele>
    <time>2026-07-11T10:13:25Z</time>
   </trkpt>
   <trkpt lat="47.366131" lon="10.922263">
    <ele>2253.296</ele>
    <time>2026-07-11T10:13:52Z</time>
   </trkpt>
   <trkpt lat="47.366142" lon="10.922266">
    <ele>2252.967</ele>
    <time>2026-07-11T10:14:12Z</time>
   </trkpt>
   <trkpt lat="47.366151" lon="10.922266">
    <ele>2257.983</ele>
    <time>2026-07-11T10:14:30Z</time>
   </trkpt>
   <trkpt lat="47.366168" lon="10.922261">
    <ele>2259.160</ele>
    <time>2026-07-11T10:14:48Z</time>
   </trkpt>
   <trkpt lat="47.366193" lon="10.922270">
    <ele>2260.597</ele>
    <time>2026-07-11T10:15:26Z</time>
   </trkpt>
   <trkpt lat="47.366219" lon="10.922254">
    <ele>2260.916</ele>
    <time>2026-07-11T10:15:44Z</time>
   </trkpt>
   <trkpt lat="47.366257" lon="10.922250">
    <ele>2260.873</ele>
    <time>2026-07-11T10:16:03Z</time>
   </trkpt>
   <trkpt lat="47.366217" lon="10.922211">
    <ele>2266.144</ele>
    <time>2026-07-11T10:16:19Z</time>
   </trkpt>
   <trkpt lat="47.366171" lon="10.922164">
    <ele>2271.049</ele>
    <time>2026-07-11T10:16:34Z</time>
   </trkpt>
   <trkpt lat="47.366149" lon="10.922126">
    <ele>2270.774</ele>
    <time>2026-07-11T10:16:43Z</time>
   </trkpt>
   <trkpt lat="47.366108" lon="10.922055">
    <ele>2270.931</ele>
    <time>2026-07-11T10:16:55Z</time>
   </trkpt>
   <trkpt lat="47.366077" lon="10.921983">
    <ele>2272.866</ele>
    <time>2026-07-11T10:17:09Z</time>
   </trkpt>
   <trkpt lat="47.366092" lon="10.921960">
    <ele>2275.915</ele>
    <time>2026-07-11T10:17:29Z</time>
   </trkpt>
   <trkpt lat="47.366093" lon="10.921933">
    <ele>2275.429</ele>
    <time>2026-07-11T10:17:53Z</time>
   </trkpt>
   <trkpt lat="47.366113" lon="10.921909">
    <ele>2278.470</ele>
    <time>2026-07-11T10:18:09Z</time>
   </trkpt>
   <trkpt lat="47.366140" lon="10.921896">
    <ele>2281.113</ele>
    <time>2026-07-11T10:18:22Z</time>
   </trkpt>
   <trkpt lat="47.366137" lon="10.921927">
    <ele>2281.609</ele>
    <time>2026-07-11T10:18:37Z</time>
   </trkpt>
   <trkpt lat="47.366165" lon="10.921951">
    <ele>2284.661</ele>
    <time>2026-07-11T10:18:51Z</time>
   </trkpt>
   <trkpt lat="47.366182" lon="10.921954">
    <ele>2286.992</ele>
    <time>2026-07-11T10:19:08Z</time>
   </trkpt>
   <trkpt lat="47.366193" lon="10.921948">
    <ele>2289.218</ele>
    <time>2026-07-11T10:19:23Z</time>
   </trkpt>
   <trkpt lat="47.366194" lon="10.921980">
    <ele>2291.470</ele>
    <time>2026-07-11T10:19:54Z</time>
   </trkpt>
   <trkpt lat="47.366201" lon="10.921988">
    <ele>2292.756</ele>
    <time>2026-07-11T10:20:11Z</time>
   </trkpt>
   <trkpt lat="47.366207" lon="10.921975">
    <ele>2294.498</ele>
    <time>2026-07-11T10:20:25Z</time>
   </trkpt>
   <trkpt lat="47.366213" lon="10.921984">
    <ele>2297.071</ele>
    <time>2026-07-11T10:20:42Z</time>
   </trkpt>
   <trkpt lat="47.366215" lon="10.922004">
    <ele>2300.896</ele>
    <time>2026-07-11T10:20:58Z</time>
   </trkpt>
   <trkpt lat="47.366246" lon="10.922022">
    <ele>2305.832</ele>
    <time>2026-07-11T10:21:12Z</time>
   </trkpt>
   <trkpt lat="47.366286" lon="10.922002">
    <ele>2309.374</ele>
    <time>2026-07-11T10:21:35Z</time>
   </trkpt>
   <trkpt lat="47.366312" lon="10.921969">
    <ele>2312.038</ele>
    <time>2026-07-11T10:21:57Z</time>
   </trkpt>
   <trkpt lat="47.366348" lon="10.921906">
    <ele>2312.623</ele>
    <time>2026-07-11T10:22:20Z</time>
   </trkpt>
   <trkpt lat="47.366347" lon="10.921867">
    <ele>2315.287</ele>
    <time>2026-07-11T10:22:39Z</time>
   </trkpt>
   <trkpt lat="47.366362" lon="10.921799">
    <ele>2320.187</ele>
    <time>2026-07-11T10:22:59Z</time>
   </trkpt>
   <trkpt lat="47.366388" lon="10.921806">
    <ele>2321.304</ele>
    <time>2026-07-11T10:23:13Z</time>
   </trkpt>
   <trkpt lat="47.366402" lon="10.921819">
    <ele>2321.903</ele>
    <time>2026-07-11T10:23:27Z</time>
   </trkpt>
   <trkpt lat="47.366404" lon="10.921820">
    <ele>2321.874</ele>
    <time>2026-07-11T10:23:51Z</time>
   </trkpt>
   <trkpt lat="47.366415" lon="10.921849">
    <ele>2323.321</ele>
    <time>2026-07-11T10:24:27Z</time>
   </trkpt>
   <trkpt lat="47.366413" lon="10.921826">
    <ele>2324.772</ele>
    <time>2026-07-11T10:24:49Z</time>
   </trkpt>
   <trkpt lat="47.366429" lon="10.921841">
    <ele>2327.266</ele>
    <time>2026-07-11T10:25:13Z</time>
   </trkpt>
   <trkpt lat="47.366436" lon="10.921873">
    <ele>2329.306</ele>
    <time>2026-07-11T10:25:40Z</time>
   </trkpt>
   <trkpt lat="47.366455" lon="10.921872">
    <ele>2330.969</ele>
    <time>2026-07-11T10:25:56Z</time>
   </trkpt>
   <trkpt lat="47.366476" lon="10.921851">
    <ele>2334.146</ele>
    <time>2026-07-11T10:26:14Z</time>
   </trkpt>
   <trkpt lat="47.366480" lon="10.921830">
    <ele>2335.207</ele>
    <time>2026-07-11T10:26:32Z</time>
   </trkpt>
   <trkpt lat="47.366509" lon="10.921809">
    <ele>2336.407</ele>
    <time>2026-07-11T10:26:50Z</time>
   </trkpt>
   <trkpt lat="47.366537" lon="10.921763">
    <ele>2339.548</ele>
    <time>2026-07-11T10:27:07Z</time>
   </trkpt>
   <trkpt lat="47.366489" lon="10.921665">
    <ele>2339.341</ele>
    <time>2026-07-11T10:27:24Z</time>
   </trkpt>
   <trkpt lat="47.366487" lon="10.921666">
    <ele>2339.714</ele>
    <time>2026-07-11T10:28:07Z</time>
   </trkpt>
   <trkpt lat="47.366532" lon="10.921736">
    <ele>2339.817</ele>
    <time>2026-07-11T10:28:45Z</time>
   </trkpt>
   <trkpt lat="47.366543" lon="10.921759">
    <ele>2339.394</ele>
    <time>2026-07-11T10:28:48Z</time>
   </trkpt>
   <trkpt lat="47.366555" lon="10.921964">
    <ele>2341.737</ele>
    <time>2026-07-11T10:29:04Z</time>
   </trkpt>
   <trkpt lat="47.366623" lon="10.922101">
    <ele>2344.535</ele>
    <time>2026-07-11T10:29:24Z</time>
   </trkpt>
   <trkpt lat="47.366617" lon="10.922197">
    <ele>2343.801</ele>
    <time>2026-07-11T10:29:38Z</time>
   </trkpt>
   <trkpt lat="47.366614" lon="10.922194">
    <ele>2343.583</ele>
    <time>2026-07-11T10:29:59Z</time>
   </trkpt>
   <trkpt lat="47.366663" lon="10.922220">
    <ele>2344.338</ele>
    <time>2026-07-11T10:30:37Z</time>
   </trkpt>
   <trkpt lat="47.366754" lon="10.922213">
    <ele>2345.698</ele>
    <time>2026-07-11T10:30:57Z</time>
   </trkpt>
   <trkpt lat="47.366792" lon="10.922230">
    <ele>2345.767</ele>
    <time>2026-07-11T10:31:56Z</time>
   </trkpt>
   <trkpt lat="47.366779" lon="10.922289">
    <ele>2349.499</ele>
    <time>2026-07-11T10:32:10Z</time>
   </trkpt>
   <trkpt lat="47.366746" lon="10.922326">
    <ele>2351.598</ele>
    <time>2026-07-11T10:32:15Z</time>
   </trkpt>
   <trkpt lat="47.366684" lon="10.922464">
    <ele>2351.453</ele>
    <time>2026-07-11T10:32:29Z</time>
   </trkpt>
   <trkpt lat="47.366680" lon="10.922544">
    <ele>2350.219</ele>
    <time>2026-07-11T10:32:38Z</time>
   </trkpt>
   <trkpt lat="47.366737" lon="10.922624">
    <ele>2350.894</ele>
    <time>2026-07-11T10:32:57Z</time>
   </trkpt>
   <trkpt lat="47.366763" lon="10.922579">
    <ele>2354.740</ele>
    <time>2026-07-11T10:33:08Z</time>
   </trkpt>
   <trkpt lat="47.366839" lon="10.922544">
    <ele>2358.743</ele>
    <time>2026-07-11T10:33:25Z</time>
   </trkpt>
   <trkpt lat="47.366841" lon="10.922529">
    <ele>2360.027</ele>
    <time>2026-07-11T10:33:41Z</time>
   </trkpt>
   <trkpt lat="47.366865" lon="10.922448">
    <ele>2363.368</ele>
    <time>2026-07-11T10:33:59Z</time>
   </trkpt>
   <trkpt lat="47.366907" lon="10.922393">
    <ele>2366.647</ele>
    <time>2026-07-11T10:34:14Z</time>
   </trkpt>
   <trkpt lat="47.366926" lon="10.922362">
    <ele>2368.645</ele>
    <time>2026-07-11T10:34:30Z</time>
   </trkpt>
   <trkpt lat="47.366953" lon="10.922352">
    <ele>2370.437</ele>
    <time>2026-07-11T10:34:46Z</time>
   </trkpt>
   <trkpt lat="47.366986" lon="10.922370">
    <ele>2373.572</ele>
    <time>2026-07-11T10:34:58Z</time>
   </trkpt>
   <trkpt lat="47.366999" lon="10.922319">
    <ele>2376.092</ele>
    <time>2026-07-11T10:35:11Z</time>
   </trkpt>
   <trkpt lat="47.367029" lon="10.922302">
    <ele>2378.238</ele>
    <time>2026-07-11T10:35:24Z</time>
   </trkpt>
   <trkpt lat="47.367050" lon="10.922282">
    <ele>2380.682</ele>
    <time>2026-07-11T10:35:37Z</time>
   </trkpt>
   <trkpt lat="47.367122" lon="10.922271">
    <ele>2383.240</ele>
    <time>2026-07-11T10:35:52Z</time>
   </trkpt>
   <trkpt lat="47.367152" lon="10.922264">
    <ele>2385.985</ele>
    <time>2026-07-11T10:36:06Z</time>
   </trkpt>
   <trkpt lat="47.367165" lon="10.922225">
    <ele>2386.540</ele>
    <time>2026-07-11T10:36:20Z</time>
   </trkpt>
   <trkpt lat="47.367146" lon="10.922145">
    <ele>2391.043</ele>
    <time>2026-07-11T10:36:36Z</time>
   </trkpt>
   <trkpt lat="47.367184" lon="10.922106">
    <ele>2393.956</ele>
    <time>2026-07-11T10:36:50Z</time>
   </trkpt>
   <trkpt lat="47.367192" lon="10.922030">
    <ele>2396.745</ele>
    <time>2026-07-11T10:37:09Z</time>
   </trkpt>
   <trkpt lat="47.367225" lon="10.921992">
    <ele>2399.800</ele>
    <time>2026-07-11T10:37:27Z</time>
   </trkpt>
   <trkpt lat="47.367257" lon="10.922002">
    <ele>2402.268</ele>
    <time>2026-07-11T10:37:40Z</time>
   </trkpt>
   <trkpt lat="47.367271" lon="10.921958">
    <ele>2406.104</ele>
    <time>2026-07-11T10:37:57Z</time>
   </trkpt>
   <trkpt lat="47.367314" lon="10.921922">
    <ele>2408.914</ele>
    <time>2026-07-11T10:38:11Z</time>
   </trkpt>
   <trkpt lat="47.367346" lon="10.921909">
    <ele>2410.310</ele>
    <time>2026-07-11T10:38:23Z</time>
   </trkpt>
   <trkpt lat="47.367365" lon="10.921930">
    <ele>2411.388</ele>
    <time>2026-07-11T10:38:37Z</time>
   </trkpt>
   <trkpt lat="47.367398" lon="10.921970">
    <ele>2413.089</ele>
    <time>2026-07-11T10:38:53Z</time>
   </trkpt>
   <trkpt lat="47.367445" lon="10.922011">
    <ele>2417.195</ele>
    <time>2026-07-11T10:39:07Z</time>
   </trkpt>
   <trkpt lat="47.367490" lon="10.922035">
    <ele>2420.371</ele>
    <time>2026-07-11T10:39:19Z</time>
   </trkpt>
   <trkpt lat="47.367526" lon="10.921992">
    <ele>2421.216</ele>
    <time>2026-07-11T10:39:32Z</time>
   </trkpt>
   <trkpt lat="47.367524" lon="10.921986">
    <ele>2421.626</ele>
    <time>2026-07-11T10:40:09Z</time>
   </trkpt>
   <trkpt lat="47.367523" lon="10.921994">
    <ele>2421.498</ele>
    <time>2026-07-11T10:40:28Z</time>
   </trkpt>
   <trkpt lat="47.367563" lon="10.921927">
    <ele>2419.957</ele>
    <time>2026-07-11T10:40:49Z</time>
   </trkpt>
   <trkpt lat="47.367631" lon="10.921883">
    <ele>2418.877</ele>
    <time>2026-07-11T10:40:57Z</time>
   </trkpt>
   <trkpt lat="47.367727" lon="10.921832">
    <ele>2416.752</ele>
    <time>2026-07-11T10:41:11Z</time>
   </trkpt>
   <trkpt lat="47.367770" lon="10.921805">
    <ele>2415.758</ele>
    <time>2026-07-11T10:41:30Z</time>
   </trkpt>
   <trkpt lat="47.367807" lon="10.921776">
    <ele>2414.317</ele>
    <time>2026-07-11T10:41:53Z</time>
   </trkpt>
   <trkpt lat="47.367853" lon="10.921749">
    <ele>2411.990</ele>
    <time>2026-07-11T10:42:38Z</time>
   </trkpt>
   <trkpt lat="47.367890" lon="10.921749">
    <ele>2409.501</ele>
    <time>2026-07-11T10:42:51Z</time>
   </trkpt>
   <trkpt lat="47.367939" lon="10.921744">
    <ele>2409.466</ele>
    <time>2026-07-11T10:43:03Z</time>
   </trkpt>
   <trkpt lat="47.367958" lon="10.921747">
    <ele>2409.296</ele>
    <time>2026-07-11T10:43:16Z</time>
   </trkpt>
   <trkpt lat="47.367979" lon="10.921776">
    <ele>2410.311</ele>
    <time>2026-07-11T10:43:37Z</time>
   </trkpt>
   <trkpt lat="47.367995" lon="10.921779">
    <ele>2410.688</ele>
    <time>2026-07-11T10:43:51Z</time>
   </trkpt>
   <trkpt lat="47.367997" lon="10.921780">
    <ele>2412.226</ele>
    <time>2026-07-11T10:44:09Z</time>
   </trkpt>
   <trkpt lat="47.368024" lon="10.921774">
    <ele>2413.929</ele>
    <time>2026-07-11T10:44:13Z</time>
   </trkpt>
   <trkpt lat="47.368074" lon="10.921815">
    <ele>2414.359</ele>
    <time>2026-07-11T10:44:18Z</time>
   </trkpt>
   <trkpt lat="47.368160" lon="10.921859">
    <ele>2414.404</ele>
    <time>2026-07-11T10:44:28Z</time>
   </trkpt>
   <trkpt lat="47.368262" lon="10.921932">
    <ele>2413.618</ele>
    <time>2026-07-11T10:44:42Z</time>
   </trkpt>
   <trkpt lat="47.368247" lon="10.921925">
    <ele>2414.475</ele>
    <time>2026-07-11T10:45:05Z</time>
   </trkpt>
   <trkpt lat="47.368248" lon="10.921954">
    <ele>2413.376</ele>
    <time>2026-07-11T10:45:19Z</time>
   </trkpt>
   <trkpt lat="47.368273" lon="10.921980">
    <ele>2413.927</ele>
    <time>2026-07-11T10:45:35Z</time>
   </trkpt>
   <trkpt lat="47.368267" lon="10.921969">
    <ele>2413.571</ele>
    <time>2026-07-11T10:45:40Z</time>
   </trkpt>
   <trkpt lat="47.368247" lon="10.921933">
    <ele>2414.066</ele>
    <time>2026-07-11T10:45:57Z</time>
   </trkpt>
   <trkpt lat="47.368250" lon="10.921940">
    <ele>2413.114</ele>
    <time>2026-07-11T10:46:35Z</time>
   </trkpt>
   <trkpt lat="47.368247" lon="10.921939">
    <ele>2413.735</ele>
    <time>2026-07-11T10:47:55Z</time>
   </trkpt>
   <trkpt lat="47.368275" lon="10.922031">
    <ele>2413.064</ele>
    <time>2026-07-11T10:48:14Z</time>
   </trkpt>
   <trkpt lat="47.368271" lon="10.922120">
    <ele>2412.728</ele>
    <time>2026-07-11T10:48:26Z</time>
   </trkpt>
   <trkpt lat="47.368269" lon="10.922134">
    <ele>2411.738</ele>
    <time>2026-07-11T10:48:55Z</time>
   </trkpt>
   <trkpt lat="47.368260" lon="10.922148">
    <ele>2410.287</ele>
    <time>2026-07-11T11:07:35Z</time>
   </trkpt>
   <trkpt lat="47.368275" lon="10.922154">
    <ele>2412.280</ele>
    <time>2026-07-11T11:25:19Z</time>
   </trkpt>
   <trkpt lat="47.368272" lon="10.922146">
    <ele>2412.057</ele>
    <time>2026-07-11T11:25:50Z</time>
   </trkpt>
   <trkpt lat="47.368270" lon="10.922092">
    <ele>2412.116</ele>
    <time>2026-07-11T11:25:56Z</time>
   </trkpt>
   <trkpt lat="47.368271" lon="10.921937">
    <ele>2411.279</ele>
    <time>2026-07-11T11:26:10Z</time>
   </trkpt>
   <trkpt lat="47.368332" lon="10.921858">
    <ele>2408.109</ele>
    <time>2026-07-11T11:26:25Z</time>
   </trkpt>
   <trkpt lat="47.368367" lon="10.921797">
    <ele>2405.202</ele>
    <time>2026-07-11T11:26:39Z</time>
   </trkpt>
   <trkpt lat="47.368407" lon="10.921786">
    <ele>2405.158</ele>
    <time>2026-07-11T11:26:52Z</time>
   </trkpt>
   <trkpt lat="47.368409" lon="10.921818">
    <ele>2403.087</ele>
    <time>2026-07-11T11:27:12Z</time>
   </trkpt>
   <trkpt lat="47.368446" lon="10.921772">
    <ele>2399.466</ele>
    <time>2026-07-11T11:27:25Z</time>
   </trkpt>
   <trkpt lat="47.368463" lon="10.921736">
    <ele>2394.272</ele>
    <time>2026-07-11T11:27:40Z</time>
   </trkpt>
   <trkpt lat="47.368455" lon="10.921711">
    <ele>2392.490</ele>
    <time>2026-07-11T11:27:56Z</time>
   </trkpt>
   <trkpt lat="47.368462" lon="10.921698">
    <ele>2390.305</ele>
    <time>2026-07-11T11:28:14Z</time>
   </trkpt>
   <trkpt lat="47.368473" lon="10.921727">
    <ele>2387.130</ele>
    <time>2026-07-11T11:28:29Z</time>
   </trkpt>
   <trkpt lat="47.368478" lon="10.921760">
    <ele>2386.008</ele>
    <time>2026-07-11T11:28:45Z</time>
   </trkpt>
   <trkpt lat="47.368486" lon="10.921771">
    <ele>2383.961</ele>
    <time>2026-07-11T11:29:03Z</time>
   </trkpt>
   <trkpt lat="47.368494" lon="10.921815">
    <ele>2382.612</ele>
    <time>2026-07-11T11:29:18Z</time>
   </trkpt>
   <trkpt lat="47.368484" lon="10.921881">
    <ele>2379.916</ele>
    <time>2026-07-11T11:29:37Z</time>
   </trkpt>
   <trkpt lat="47.368505" lon="10.921908">
    <ele>2376.926</ele>
    <time>2026-07-11T11:30:03Z</time>
   </trkpt>
   <trkpt lat="47.368520" lon="10.921913">
    <ele>2374.985</ele>
    <time>2026-07-11T11:30:24Z</time>
   </trkpt>
   <trkpt lat="47.368543" lon="10.921962">
    <ele>2371.409</ele>
    <time>2026-07-11T11:30:40Z</time>
   </trkpt>
   <trkpt lat="47.368575" lon="10.921964">
    <ele>2368.586</ele>
    <time>2026-07-11T11:30:55Z</time>
   </trkpt>
   <trkpt lat="47.368613" lon="10.921983">
    <ele>2364.296</ele>
    <time>2026-07-11T11:31:15Z</time>
   </trkpt>
   <trkpt lat="47.368625" lon="10.922003">
    <ele>2362.915</ele>
    <time>2026-07-11T11:31:28Z</time>
   </trkpt>
   <trkpt lat="47.368635" lon="10.922041">
    <ele>2361.198</ele>
    <time>2026-07-11T11:31:40Z</time>
   </trkpt>
   <trkpt lat="47.368656" lon="10.922092">
    <ele>2358.898</ele>
    <time>2026-07-11T11:31:53Z</time>
   </trkpt>
   <trkpt lat="47.368676" lon="10.922108">
    <ele>2357.625</ele>
    <time>2026-07-11T11:32:06Z</time>
   </trkpt>
   <trkpt lat="47.368674" lon="10.922170">
    <ele>2356.173</ele>
    <time>2026-07-11T11:32:20Z</time>
   </trkpt>
   <trkpt lat="47.368700" lon="10.922181">
    <ele>2353.514</ele>
    <time>2026-07-11T11:32:51Z</time>
   </trkpt>
   <trkpt lat="47.368704" lon="10.922175">
    <ele>2350.970</ele>
    <time>2026-07-11T11:33:13Z</time>
   </trkpt>
   <trkpt lat="47.368736" lon="10.922191">
    <ele>2349.041</ele>
    <time>2026-07-11T11:33:30Z</time>
   </trkpt>
   <trkpt lat="47.368807" lon="10.922222">
    <ele>2345.351</ele>
    <time>2026-07-11T11:33:51Z</time>
   </trkpt>
   <trkpt lat="47.368837" lon="10.922246">
    <ele>2344.542</ele>
    <time>2026-07-11T11:33:58Z</time>
   </trkpt>
   <trkpt lat="47.368868" lon="10.922254">
    <ele>2342.455</ele>
    <time>2026-07-11T11:34:12Z</time>
   </trkpt>
   <trkpt lat="47.368889" lon="10.922249">
    <ele>2338.083</ele>
    <time>2026-07-11T11:34:27Z</time>
   </trkpt>
   <trkpt lat="47.368904" lon="10.922287">
    <ele>2336.491</ele>
    <time>2026-07-11T11:34:42Z</time>
   </trkpt>
   <trkpt lat="47.368930" lon="10.922298">
    <ele>2333.431</ele>
    <time>2026-07-11T11:34:58Z</time>
   </trkpt>
   <trkpt lat="47.368944" lon="10.922261">
    <ele>2330.979</ele>
    <time>2026-07-11T11:35:23Z</time>
   </trkpt>
   <trkpt lat="47.368957" lon="10.922263">
    <ele>2329.420</ele>
    <time>2026-07-11T11:35:38Z</time>
   </trkpt>
   <trkpt lat="47.368952" lon="10.922258">
    <ele>2328.681</ele>
    <time>2026-07-11T11:35:58Z</time>
   </trkpt>
   <trkpt lat="47.368957" lon="10.922247">
    <ele>2327.582</ele>
    <time>2026-07-11T11:36:23Z</time>
   </trkpt>
   <trkpt lat="47.368988" lon="10.922254">
    <ele>2326.541</ele>
    <time>2026-07-11T11:36:36Z</time>
   </trkpt>
   <trkpt lat="47.368974" lon="10.922298">
    <ele>2325.931</ele>
    <time>2026-07-11T11:37:04Z</time>
   </trkpt>
   <trkpt lat="47.368974" lon="10.922308">
    <ele>2325.406</ele>
    <time>2026-07-11T11:37:25Z</time>
   </trkpt>
   <trkpt lat="47.368992" lon="10.922324">
    <ele>2323.494</ele>
    <time>2026-07-11T11:37:40Z</time>
   </trkpt>
   <trkpt lat="47.369003" lon="10.922328">
    <ele>2323.688</ele>
    <time>2026-07-11T11:37:45Z</time>
   </trkpt>
   <trkpt lat="47.369037" lon="10.922383">
    <ele>2323.417</ele>
    <time>2026-07-11T11:38:01Z</time>
   </trkpt>
   <trkpt lat="47.369037" lon="10.922375">
    <ele>2322.096</ele>
    <time>2026-07-11T11:38:29Z</time>
   </trkpt>
   <trkpt lat="47.369072" lon="10.922461">
    <ele>2317.537</ele>
    <time>2026-07-11T11:38:48Z</time>
   </trkpt>
   <trkpt lat="47.369100" lon="10.922490">
    <ele>2315.093</ele>
    <time>2026-07-11T11:39:07Z</time>
   </trkpt>
   <trkpt lat="47.369109" lon="10.922550">
    <ele>2312.716</ele>
    <time>2026-07-11T11:39:21Z</time>
   </trkpt>
   <trkpt lat="47.369134" lon="10.922587">
    <ele>2311.973</ele>
    <time>2026-07-11T11:39:36Z</time>
   </trkpt>
   <trkpt lat="47.369149" lon="10.922625">
    <ele>2310.184</ele>
    <time>2026-07-11T11:39:50Z</time>
   </trkpt>
   <trkpt lat="47.369175" lon="10.922638">
    <ele>2309.899</ele>
    <time>2026-07-11T11:40:03Z</time>
   </trkpt>
   <trkpt lat="47.369182" lon="10.922662">
    <ele>2310.136</ele>
    <time>2026-07-11T11:40:23Z</time>
   </trkpt>
   <trkpt lat="47.369187" lon="10.922711">
    <ele>2307.911</ele>
    <time>2026-07-11T11:40:37Z</time>
   </trkpt>
   <trkpt lat="47.369176" lon="10.922731">
    <ele>2307.358</ele>
    <time>2026-07-11T11:40:57Z</time>
   </trkpt>
   <trkpt lat="47.369154" lon="10.922741">
    <ele>2303.829</ele>
    <time>2026-07-11T11:41:12Z</time>
   </trkpt>
   <trkpt lat="47.369139" lon="10.922747">
    <ele>2302.649</ele>
    <time>2026-07-11T11:41:26Z</time>
   </trkpt>
   <trkpt lat="47.369146" lon="10.922782">
    <ele>2299.756</ele>
    <time>2026-07-11T11:41:40Z</time>
   </trkpt>
   <trkpt lat="47.369149" lon="10.922816">
    <ele>2296.492</ele>
    <time>2026-07-11T11:42:23Z</time>
   </trkpt>
   <trkpt lat="47.369125" lon="10.922861">
    <ele>2293.237</ele>
    <time>2026-07-11T11:42:38Z</time>
   </trkpt>
   <trkpt lat="47.369047" lon="10.922812">
    <ele>2287.714</ele>
    <time>2026-07-11T11:42:53Z</time>
   </trkpt>
   <trkpt lat="47.369035" lon="10.922799">
    <ele>2286.566</ele>
    <time>2026-07-11T11:43:08Z</time>
   </trkpt>
   <trkpt lat="47.369015" lon="10.922870">
    <ele>2284.544</ele>
    <time>2026-07-11T11:43:22Z</time>
   </trkpt>
   <trkpt lat="47.369016" lon="10.922930">
    <ele>2280.491</ele>
    <time>2026-07-11T11:43:38Z</time>
   </trkpt>
   <trkpt lat="47.369032" lon="10.922998">
    <ele>2277.878</ele>
    <time>2026-07-11T11:43:55Z</time>
   </trkpt>
   <trkpt lat="47.369020" lon="10.923053">
    <ele>2275.476</ele>
    <time>2026-07-11T11:44:14Z</time>
   </trkpt>
   <trkpt lat="47.369006" lon="10.923077">
    <ele>2274.197</ele>
    <time>2026-07-11T11:44:18Z</time>
   </trkpt>
   <trkpt lat="47.368999" lon="10.923206">
    <ele>2273.068</ele>
    <time>2026-07-11T11:44:34Z</time>
   </trkpt>
   <trkpt lat="47.369032" lon="10.923216">
    <ele>2272.447</ele>
    <time>2026-07-11T11:44:38Z</time>
   </trkpt>
   <trkpt lat="47.369083" lon="10.923261">
    <ele>2269.363</ele>
    <time>2026-07-11T11:44:46Z</time>
   </trkpt>
   <trkpt lat="47.369102" lon="10.923340">
    <ele>2266.472</ele>
    <time>2026-07-11T11:44:52Z</time>
   </trkpt>
   <trkpt lat="47.369106" lon="10.923481">
    <ele>2264.308</ele>
    <time>2026-07-11T11:45:00Z</time>
   </trkpt>
   <trkpt lat="47.369123" lon="10.923533">
    <ele>2261.846</ele>
    <time>2026-07-11T11:45:20Z</time>
   </trkpt>
   <trkpt lat="47.369187" lon="10.923557">
    <ele>2257.760</ele>
    <time>2026-07-11T11:45:42Z</time>
   </trkpt>
   <trkpt lat="47.369225" lon="10.923544">
    <ele>2253.274</ele>
    <time>2026-07-11T11:46:02Z</time>
   </trkpt>
   <trkpt lat="47.369242" lon="10.923643">
    <ele>2249.978</ele>
    <time>2026-07-11T11:46:17Z</time>
   </trkpt>
   <trkpt lat="47.369242" lon="10.923705">
    <ele>2247.808</ele>
    <time>2026-07-11T11:46:35Z</time>
   </trkpt>
   <trkpt lat="47.369255" lon="10.923767">
    <ele>2247.575</ele>
    <time>2026-07-11T11:46:57Z</time>
   </trkpt>
   <trkpt lat="47.369245" lon="10.923770">
    <ele>2246.592</ele>
    <time>2026-07-11T11:47:16Z</time>
   </trkpt>
   <trkpt lat="47.369281" lon="10.923776">
    <ele>2244.224</ele>
    <time>2026-07-11T11:47:34Z</time>
   </trkpt>
   <trkpt lat="47.369280" lon="10.923782">
    <ele>2244.546</ele>
    <time>2026-07-11T11:47:35Z</time>
   </trkpt>
   <trkpt lat="47.369299" lon="10.923762">
    <ele>2244.248</ele>
    <time>2026-07-11T11:47:37Z</time>
   </trkpt>
   <trkpt lat="47.369425" lon="10.923577">
    <ele>2242.695</ele>
    <time>2026-07-11T11:47:54Z</time>
   </trkpt>
   <trkpt lat="47.369454" lon="10.923543">
    <ele>2242.394</ele>
    <time>2026-07-11T11:48:10Z</time>
   </trkpt>
   <trkpt lat="47.369480" lon="10.923516">
    <ele>2240.376</ele>
    <time>2026-07-11T11:48:27Z</time>
   </trkpt>
   <trkpt lat="47.369518" lon="10.923452">
    <ele>2238.029</ele>
    <time>2026-07-11T11:48:40Z</time>
   </trkpt>
   <trkpt lat="47.369570" lon="10.923394">
    <ele>2234.963</ele>
    <time>2026-07-11T11:48:52Z</time>
   </trkpt>
   <trkpt lat="47.369574" lon="10.923357">
    <ele>2234.559</ele>
    <time>2026-07-11T11:49:05Z</time>
   </trkpt>
   <trkpt lat="47.369596" lon="10.923326">
    <ele>2232.567</ele>
    <time>2026-07-11T11:49:18Z</time>
   </trkpt>
   <trkpt lat="47.369604" lon="10.923369">
    <ele>2230.287</ele>
    <time>2026-07-11T11:49:32Z</time>
   </trkpt>
   <trkpt lat="47.369602" lon="10.923475">
    <ele>2226.954</ele>
    <time>2026-07-11T11:49:47Z</time>
   </trkpt>
   <trkpt lat="47.369602" lon="10.923539">
    <ele>2225.720</ele>
    <time>2026-07-11T11:50:03Z</time>
   </trkpt>
   <trkpt lat="47.369602" lon="10.923610">
    <ele>2222.873</ele>
    <time>2026-07-11T11:50:20Z</time>
   </trkpt>
   <trkpt lat="47.369628" lon="10.923639">
    <ele>2220.036</ele>
    <time>2026-07-11T11:50:39Z</time>
   </trkpt>
   <trkpt lat="47.369697" lon="10.923635">
    <ele>2216.493</ele>
    <time>2026-07-11T11:50:57Z</time>
   </trkpt>
   <trkpt lat="47.369716" lon="10.923689">
    <ele>2214.285</ele>
    <time>2026-07-11T11:51:16Z</time>
   </trkpt>
   <trkpt lat="47.369750" lon="10.923684">
    <ele>2212.401</ele>
    <time>2026-07-11T11:51:31Z</time>
   </trkpt>
   <trkpt lat="47.369786" lon="10.923684">
    <ele>2210.045</ele>
    <time>2026-07-11T11:51:46Z</time>
   </trkpt>
   <trkpt lat="47.369787" lon="10.923653">
    <ele>2208.869</ele>
    <time>2026-07-11T11:51:58Z</time>
   </trkpt>
   <trkpt lat="47.369820" lon="10.923656">
    <ele>2206.405</ele>
    <time>2026-07-11T11:52:11Z</time>
   </trkpt>
   <trkpt lat="47.369822" lon="10.923672">
    <ele>2205.878</ele>
    <time>2026-07-11T11:52:13Z</time>
   </trkpt>
   <trkpt lat="47.369853" lon="10.923700">
    <ele>2203.995</ele>
    <time>2026-07-11T11:52:28Z</time>
   </trkpt>
   <trkpt lat="47.369882" lon="10.923642">
    <ele>2200.205</ele>
    <time>2026-07-11T11:52:46Z</time>
   </trkpt>
   <trkpt lat="47.369916" lon="10.923611">
    <ele>2197.493</ele>
    <time>2026-07-11T11:53:01Z</time>
   </trkpt>
   <trkpt lat="47.369951" lon="10.923618">
    <ele>2194.120</ele>
    <time>2026-07-11T11:53:14Z</time>
   </trkpt>
   <trkpt lat="47.369952" lon="10.923671">
    <ele>2192.810</ele>
    <time>2026-07-11T11:53:36Z</time>
   </trkpt>
   <trkpt lat="47.370004" lon="10.923735">
    <ele>2189.129</ele>
    <time>2026-07-11T11:53:55Z</time>
   </trkpt>
   <trkpt lat="47.370030" lon="10.923739">
    <ele>2188.784</ele>
    <time>2026-07-11T11:54:09Z</time>
   </trkpt>
   <trkpt lat="47.370067" lon="10.923723">
    <ele>2185.907</ele>
    <time>2026-07-11T11:54:26Z</time>
   </trkpt>
   <trkpt lat="47.370111" lon="10.923759">
    <ele>2182.765</ele>
    <time>2026-07-11T11:54:39Z</time>
   </trkpt>
   <trkpt lat="47.370113" lon="10.923813">
    <ele>2181.607</ele>
    <time>2026-07-11T11:54:56Z</time>
   </trkpt>
   <trkpt lat="47.370120" lon="10.923875">
    <ele>2180.075</ele>
    <time>2026-07-11T11:55:08Z</time>
   </trkpt>
   <trkpt lat="47.370076" lon="10.923903">
    <ele>2178.869</ele>
    <time>2026-07-11T11:55:21Z</time>
   </trkpt>
   <trkpt lat="47.370083" lon="10.923943">
    <ele>2177.188</ele>
    <time>2026-07-11T11:55:33Z</time>
   </trkpt>
   <trkpt lat="47.370065" lon="10.923981">
    <ele>2174.472</ele>
    <time>2026-07-11T11:55:47Z</time>
   </trkpt>
   <trkpt lat="47.370053" lon="10.924064">
    <ele>2172.003</ele>
    <time>2026-07-11T11:56:07Z</time>
   </trkpt>
   <trkpt lat="47.370014" lon="10.924215">
    <ele>2167.934</ele>
    <time>2026-07-11T11:56:27Z</time>
   </trkpt>
   <trkpt lat="47.370009" lon="10.924263">
    <ele>2166.296</ele>
    <time>2026-07-11T11:56:32Z</time>
   </trkpt>
   <trkpt lat="47.370018" lon="10.924345">
    <ele>2163.916</ele>
    <time>2026-07-11T11:56:50Z</time>
   </trkpt>
   <trkpt lat="47.370039" lon="10.924404">
    <ele>2161.695</ele>
    <time>2026-07-11T11:57:07Z</time>
   </trkpt>
   <trkpt lat="47.370024" lon="10.924454">
    <ele>2160.145</ele>
    <time>2026-07-11T11:57:28Z</time>
   </trkpt>
   <trkpt lat="47.370006" lon="10.924486">
    <ele>2158.568</ele>
    <time>2026-07-11T11:57:41Z</time>
   </trkpt>
   <trkpt lat="47.370004" lon="10.924516">
    <ele>2156.198</ele>
    <time>2026-07-11T11:58:00Z</time>
   </trkpt>
   <trkpt lat="47.370041" lon="10.924586">
    <ele>2152.881</ele>
    <time>2026-07-11T11:58:15Z</time>
   </trkpt>
   <trkpt lat="47.370045" lon="10.924603">
    <ele>2150.528</ele>
    <time>2026-07-11T11:58:28Z</time>
   </trkpt>
   <trkpt lat="47.370077" lon="10.924648">
    <ele>2147.463</ele>
    <time>2026-07-11T11:58:40Z</time>
   </trkpt>
   <trkpt lat="47.370071" lon="10.924733">
    <ele>2145.378</ele>
    <time>2026-07-11T11:58:57Z</time>
   </trkpt>
   <trkpt lat="47.370081" lon="10.924795">
    <ele>2143.926</ele>
    <time>2026-07-11T11:59:09Z</time>
   </trkpt>
   <trkpt lat="47.370090" lon="10.924812">
    <ele>2140.455</ele>
    <time>2026-07-11T11:59:22Z</time>
   </trkpt>
   <trkpt lat="47.370108" lon="10.924841">
    <ele>2139.641</ele>
    <time>2026-07-11T11:59:32Z</time>
   </trkpt>
   <trkpt lat="47.370089" lon="10.924880">
    <ele>2137.849</ele>
    <time>2026-07-11T11:59:43Z</time>
   </trkpt>
   <trkpt lat="47.370132" lon="10.924937">
    <ele>2136.175</ele>
    <time>2026-07-11T11:59:57Z</time>
   </trkpt>
   <trkpt lat="47.370176" lon="10.924941">
    <ele>2133.609</ele>
    <time>2026-07-11T12:00:07Z</time>
   </trkpt>
   <trkpt lat="47.370174" lon="10.925001">
    <ele>2131.144</ele>
    <time>2026-07-11T12:00:18Z</time>
   </trkpt>
   <trkpt lat="47.370201" lon="10.925009">
    <ele>2129.294</ele>
    <time>2026-07-11T12:00:29Z</time>
   </trkpt>
   <trkpt lat="47.370247" lon="10.925011">
    <ele>2127.383</ele>
    <time>2026-07-11T12:00:40Z</time>
   </trkpt>
   <trkpt lat="47.370286" lon="10.924998">
    <ele>2125.237</ele>
    <time>2026-07-11T12:00:49Z</time>
   </trkpt>
   <trkpt lat="47.370278" lon="10.925081">
    <ele>2124.838</ele>
    <time>2026-07-11T12:01:19Z</time>
   </trkpt>
   <trkpt lat="47.370282" lon="10.925129">
    <ele>2122.029</ele>
    <time>2026-07-11T12:01:38Z</time>
   </trkpt>
   <trkpt lat="47.370271" lon="10.925173">
    <ele>2120.141</ele>
    <time>2026-07-11T12:01:53Z</time>
   </trkpt>
   <trkpt lat="47.370263" lon="10.925225">
    <ele>2118.409</ele>
    <time>2026-07-11T12:02:18Z</time>
   </trkpt>
   <trkpt lat="47.370267" lon="10.925262">
    <ele>2117.383</ele>
    <time>2026-07-11T12:02:35Z</time>
   </trkpt>
   <trkpt lat="47.370260" lon="10.925333">
    <ele>2115.562</ele>
    <time>2026-07-11T12:02:49Z</time>
   </trkpt>
   <trkpt lat="47.370294" lon="10.925353">
    <ele>2113.768</ele>
    <time>2026-07-11T12:02:59Z</time>
   </trkpt>
   <trkpt lat="47.370280" lon="10.925412">
    <ele>2111.580</ele>
    <time>2026-07-11T12:03:12Z</time>
   </trkpt>
   <trkpt lat="47.370262" lon="10.925425">
    <ele>2110.032</ele>
    <time>2026-07-11T12:03:27Z</time>
   </trkpt>
   <trkpt lat="47.370225" lon="10.925507">
    <ele>2107.046</ele>
    <time>2026-07-11T12:03:43Z</time>
   </trkpt>
   <trkpt lat="47.370278" lon="10.925529">
    <ele>2103.289</ele>
    <time>2026-07-11T12:03:56Z</time>
   </trkpt>
   <trkpt lat="47.370364" lon="10.925517">
    <ele>2098.469</ele>
    <time>2026-07-11T12:04:18Z</time>
   </trkpt>
   <trkpt lat="47.370387" lon="10.925543">
    <ele>2096.600</ele>
    <time>2026-07-11T12:04:31Z</time>
   </trkpt>
   <trkpt lat="47.370436" lon="10.925536">
    <ele>2094.173</ele>
    <time>2026-07-11T12:04:43Z</time>
   </trkpt>
   <trkpt lat="47.370430" lon="10.925566">
    <ele>2093.916</ele>
    <time>2026-07-11T12:04:49Z</time>
   </trkpt>
   <trkpt lat="47.370376" lon="10.925667">
    <ele>2092.980</ele>
    <time>2026-07-11T12:05:04Z</time>
   </trkpt>
   <trkpt lat="47.370320" lon="10.925778">
    <ele>2090.020</ele>
    <time>2026-07-11T12:05:19Z</time>
   </trkpt>
   <trkpt lat="47.370280" lon="10.925842">
    <ele>2088.750</ele>
    <time>2026-07-11T12:05:26Z</time>
   </trkpt>
   <trkpt lat="47.370221" lon="10.925901">
    <ele>2086.098</ele>
    <time>2026-07-11T12:05:40Z</time>
   </trkpt>
   <trkpt lat="47.370200" lon="10.925961">
    <ele>2084.421</ele>
    <time>2026-07-11T12:06:02Z</time>
   </trkpt>
   <trkpt lat="47.370162" lon="10.926009">
    <ele>2082.654</ele>
    <time>2026-07-11T12:06:14Z</time>
   </trkpt>
   <trkpt lat="47.370121" lon="10.926056">
    <ele>2080.557</ele>
    <time>2026-07-11T12:06:26Z</time>
   </trkpt>
   <trkpt lat="47.370080" lon="10.926096">
    <ele>2076.463</ele>
    <time>2026-07-11T12:06:38Z</time>
   </trkpt>
   <trkpt lat="47.370075" lon="10.926137">
    <ele>2073.479</ele>
    <time>2026-07-11T12:06:52Z</time>
   </trkpt>
   <trkpt lat="47.370116" lon="10.926181">
    <ele>2071.034</ele>
    <time>2026-07-11T12:07:05Z</time>
   </trkpt>
   <trkpt lat="47.370097" lon="10.926207">
    <ele>2070.210</ele>
    <time>2026-07-11T12:07:19Z</time>
   </trkpt>
   <trkpt lat="47.370086" lon="10.926258">
    <ele>2066.773</ele>
    <time>2026-07-11T12:07:32Z</time>
   </trkpt>
   <trkpt lat="47.370052" lon="10.926292">
    <ele>2064.829</ele>
    <time>2026-07-11T12:07:48Z</time>
   </trkpt>
   <trkpt lat="47.370023" lon="10.926288">
    <ele>2065.336</ele>
    <time>2026-07-11T12:07:58Z</time>
   </trkpt>
   <trkpt lat="47.370003" lon="10.926321">
    <ele>2062.521</ele>
    <time>2026-07-11T12:08:11Z</time>
   </trkpt>
   <trkpt lat="47.370008" lon="10.926348">
    <ele>2059.467</ele>
    <time>2026-07-11T12:08:24Z</time>
   </trkpt>
   <trkpt lat="47.370034" lon="10.926371">
    <ele>2057.380</ele>
    <time>2026-07-11T12:08:49Z</time>
   </trkpt>
   <trkpt lat="47.370036" lon="10.926401">
    <ele>2056.030</ele>
    <time>2026-07-11T12:09:04Z</time>
   </trkpt>
   <trkpt lat="47.370073" lon="10.926480">
    <ele>2053.357</ele>
    <time>2026-07-11T12:09:22Z</time>
   </trkpt>
   <trkpt lat="47.370099" lon="10.926554">
    <ele>2050.865</ele>
    <time>2026-07-11T12:09:33Z</time>
   </trkpt>
   <trkpt lat="47.370062" lon="10.926582">
    <ele>2048.460</ele>
    <time>2026-07-11T12:09:48Z</time>
   </trkpt>
   <trkpt lat="47.370132" lon="10.926662">
    <ele>2043.023</ele>
    <time>2026-07-11T12:10:09Z</time>
   </trkpt>
   <trkpt lat="47.370141" lon="10.926698">
    <ele>2042.098</ele>
    <time>2026-07-11T12:10:14Z</time>
   </trkpt>
   <trkpt lat="47.370043" lon="10.926783">
    <ele>2039.284</ele>
    <time>2026-07-11T12:10:33Z</time>
   </trkpt>
   <trkpt lat="47.369978" lon="10.926814">
    <ele>2037.054</ele>
    <time>2026-07-11T12:10:54Z</time>
   </trkpt>
   <trkpt lat="47.369937" lon="10.926803">
    <ele>2034.410</ele>
    <time>2026-07-11T12:11:13Z</time>
   </trkpt>
   <trkpt lat="47.369889" lon="10.926801">
    <ele>2032.182</ele>
    <time>2026-07-11T12:11:28Z</time>
   </trkpt>
   <trkpt lat="47.369857" lon="10.926801">
    <ele>2030.095</ele>
    <time>2026-07-11T12:11:41Z</time>
   </trkpt>
   <trkpt lat="47.369825" lon="10.926790">
    <ele>2027.072</ele>
    <time>2026-07-11T12:11:54Z</time>
   </trkpt>
   <trkpt lat="47.369796" lon="10.926867">
    <ele>2024.901</ele>
    <time>2026-07-11T12:12:05Z</time>
   </trkpt>
   <trkpt lat="47.369829" lon="10.926897">
    <ele>2023.253</ele>
    <time>2026-07-11T12:12:17Z</time>
   </trkpt>
   <trkpt lat="47.369841" lon="10.926907">
    <ele>2020.771</ele>
    <time>2026-07-11T12:12:28Z</time>
   </trkpt>
   <trkpt lat="47.369854" lon="10.926931">
    <ele>2019.200</ele>
    <time>2026-07-11T12:12:37Z</time>
   </trkpt>
   <trkpt lat="47.369854" lon="10.926982">
    <ele>2017.250</ele>
    <time>2026-07-11T12:12:48Z</time>
   </trkpt>
   <trkpt lat="47.369872" lon="10.927029">
    <ele>2015.770</ele>
    <time>2026-07-11T12:12:55Z</time>
   </trkpt>
   <trkpt lat="47.369887" lon="10.927088">
    <ele>2015.056</ele>
    <time>2026-07-11T12:12:59Z</time>
   </trkpt>
   <trkpt lat="47.369929" lon="10.927109">
    <ele>2014.130</ele>
    <time>2026-07-11T12:13:03Z</time>
   </trkpt>
   <trkpt lat="47.369950" lon="10.927123">
    <ele>2013.689</ele>
    <time>2026-07-11T12:13:05Z</time>
   </trkpt>
   <trkpt lat="47.370014" lon="10.927191">
    <ele>2011.276</ele>
    <time>2026-07-11T12:13:10Z</time>
   </trkpt>
   <trkpt lat="47.370108" lon="10.927337">
    <ele>2008.675</ele>
    <time>2026-07-11T12:13:21Z</time>
   </trkpt>
   <trkpt lat="47.370201" lon="10.927462">
    <ele>2005.063</ele>
    <time>2026-07-11T12:13:36Z</time>
   </trkpt>
   <trkpt lat="47.370217" lon="10.927480">
    <ele>2004.434</ele>
    <time>2026-07-11T12:13:38Z</time>
   </trkpt>
   <trkpt lat="47.370254" lon="10.927481">
    <ele>2003.534</ele>
    <time>2026-07-11T12:13:41Z</time>
   </trkpt>
   <trkpt lat="47.370318" lon="10.927478">
    <ele>2002.718</ele>
    <time>2026-07-11T12:13:45Z</time>
   </trkpt>
   <trkpt lat="47.370389" lon="10.927524">
    <ele>2001.872</ele>
    <time>2026-07-11T12:14:00Z</time>
   </trkpt>
   <trkpt lat="47.370338" lon="10.927590">
    <ele>2000.691</ele>
    <time>2026-07-11T12:14:14Z</time>
   </trkpt>
   <trkpt lat="47.370276" lon="10.927624">
    <ele>1999.372</ele>
    <time>2026-07-11T12:14:25Z</time>
   </trkpt>
   <trkpt lat="47.370247" lon="10.927654">
    <ele>1998.830</ele>
    <time>2026-07-11T12:14:28Z</time>
   </trkpt>
   <trkpt lat="47.370180" lon="10.927714">
    <ele>1996.250</ele>
    <time>2026-07-11T12:14:40Z</time>
   </trkpt>
   <trkpt lat="47.370163" lon="10.927751">
    <ele>1996.126</ele>
    <time>2026-07-11T12:14:53Z</time>
   </trkpt>
   <trkpt lat="47.370124" lon="10.927760">
    <ele>1992.679</ele>
    <time>2026-07-11T12:15:00Z</time>
   </trkpt>
   <trkpt lat="47.370076" lon="10.927813">
    <ele>1989.469</ele>
    <time>2026-07-11T12:15:12Z</time>
   </trkpt>
   <trkpt lat="47.370075" lon="10.927822">
    <ele>1989.044</ele>
    <time>2026-07-11T12:15:13Z</time>
   </trkpt>
   <trkpt lat="47.370085" lon="10.927867">
    <ele>1988.533</ele>
    <time>2026-07-11T12:15:16Z</time>
   </trkpt>
   <trkpt lat="47.370113" lon="10.927952">
    <ele>1986.055</ele>
    <time>2026-07-11T12:15:29Z</time>
   </trkpt>
   <trkpt lat="47.370100" lon="10.928019">
    <ele>1985.256</ele>
    <time>2026-07-11T12:15:39Z</time>
   </trkpt>
   <trkpt lat="47.370101" lon="10.928034">
    <ele>1984.694</ele>
    <time>2026-07-11T12:15:41Z</time>
   </trkpt>
   <trkpt lat="47.370094" lon="10.928079">
    <ele>1983.268</ele>
    <time>2026-07-11T12:15:57Z</time>
   </trkpt>
   <trkpt lat="47.370116" lon="10.928141">
    <ele>1981.987</ele>
    <time>2026-07-11T12:16:12Z</time>
   </trkpt>
   <trkpt lat="47.370138" lon="10.928147">
    <ele>1980.069</ele>
    <time>2026-07-11T12:16:22Z</time>
   </trkpt>
   <trkpt lat="47.370174" lon="10.928237">
    <ele>1977.220</ele>
    <time>2026-07-11T12:16:35Z</time>
   </trkpt>
   <trkpt lat="47.370152" lon="10.928300">
    <ele>1975.317</ele>
    <time>2026-07-11T12:16:46Z</time>
   </trkpt>
   <trkpt lat="47.370107" lon="10.928353">
    <ele>1973.801</ele>
    <time>2026-07-11T12:17:01Z</time>
   </trkpt>
   <trkpt lat="47.370113" lon="10.928403">
    <ele>1969.439</ele>
    <time>2026-07-11T12:17:17Z</time>
   </trkpt>
   <trkpt lat="47.370139" lon="10.928445">
    <ele>1967.469</ele>
    <time>2026-07-11T12:17:30Z</time>
   </trkpt>
   <trkpt lat="47.370195" lon="10.928486">
    <ele>1963.332</ele>
    <time>2026-07-11T12:17:42Z</time>
   </trkpt>
   <trkpt lat="47.370243" lon="10.928558">
    <ele>1960.859</ele>
    <time>2026-07-11T12:17:55Z</time>
   </trkpt>
   <trkpt lat="47.370235" lon="10.928613">
    <ele>1959.688</ele>
    <time>2026-07-11T12:18:00Z</time>
   </trkpt>
   <trkpt lat="47.370197" lon="10.928637">
    <ele>1958.355</ele>
    <time>2026-07-11T12:18:18Z</time>
   </trkpt>
   <trkpt lat="47.370123" lon="10.928666">
    <ele>1954.403</ele>
    <time>2026-07-11T12:18:37Z</time>
   </trkpt>
   <trkpt lat="47.370066" lon="10.928689">
    <ele>1952.480</ele>
    <time>2026-07-11T12:18:51Z</time>
   </trkpt>
   <trkpt lat="47.370050" lon="10.928724">
    <ele>1950.762</ele>
    <time>2026-07-11T12:19:05Z</time>
   </trkpt>
   <trkpt lat="47.370053" lon="10.928756">
    <ele>1949.088</ele>
    <time>2026-07-11T12:19:17Z</time>
   </trkpt>
   <trkpt lat="47.370059" lon="10.928785">
    <ele>1948.298</ele>
    <time>2026-07-11T12:19:28Z</time>
   </trkpt>
   <trkpt lat="47.370070" lon="10.928818">
    <ele>1946.260</ele>
    <time>2026-07-11T12:19:43Z</time>
   </trkpt>
   <trkpt lat="47.370052" lon="10.928852">
    <ele>1944.490</ele>
    <time>2026-07-11T12:19:55Z</time>
   </trkpt>
   <trkpt lat="47.370053" lon="10.928873">
    <ele>1942.494</ele>
    <time>2026-07-11T12:20:08Z</time>
   </trkpt>
   <trkpt lat="47.370039" lon="10.928917">
    <ele>1940.250</ele>
    <time>2026-07-11T12:20:21Z</time>
   </trkpt>
   <trkpt lat="47.370001" lon="10.928931">
    <ele>1938.308</ele>
    <time>2026-07-11T12:20:34Z</time>
   </trkpt>
   <trkpt lat="47.369990" lon="10.928970">
    <ele>1936.348</ele>
    <time>2026-07-11T12:20:46Z</time>
   </trkpt>
   <trkpt lat="47.369954" lon="10.929010">
    <ele>1932.285</ele>
    <time>2026-07-11T12:21:13Z</time>
   </trkpt>
   <trkpt lat="47.369894" lon="10.929041">
    <ele>1931.534</ele>
    <time>2026-07-11T12:21:26Z</time>
   </trkpt>
   <trkpt lat="47.369913" lon="10.929080">
    <ele>1929.451</ele>
    <time>2026-07-11T12:21:41Z</time>
   </trkpt>
   <trkpt lat="47.369917" lon="10.929096">
    <ele>1928.490</ele>
    <time>2026-07-11T12:21:49Z</time>
   </trkpt>
   <trkpt lat="47.369984" lon="10.929100">
    <ele>1926.156</ele>
    <time>2026-07-11T12:22:00Z</time>
   </trkpt>
   <trkpt lat="47.369980" lon="10.929139">
    <ele>1925.750</ele>
    <time>2026-07-11T12:22:04Z</time>
   </trkpt>
   <trkpt lat="47.369965" lon="10.929167">
    <ele>1925.504</ele>
    <time>2026-07-11T12:22:16Z</time>
   </trkpt>
   <trkpt lat="47.369934" lon="10.929173">
    <ele>1924.097</ele>
    <time>2026-07-11T12:22:29Z</time>
   </trkpt>
   <trkpt lat="47.369924" lon="10.929186">
    <ele>1923.672</ele>
    <time>2026-07-11T12:22:52Z</time>
   </trkpt>
   <trkpt lat="47.369941" lon="10.929279">
    <ele>1921.731</ele>
    <time>2026-07-11T12:23:05Z</time>
   </trkpt>
   <trkpt lat="47.369909" lon="10.929286">
    <ele>1920.181</ele>
    <time>2026-07-11T12:23:20Z</time>
   </trkpt>
   <trkpt lat="47.369896" lon="10.929349">
    <ele>1918.282</ele>
    <time>2026-07-11T12:23:36Z</time>
   </trkpt>
   <trkpt lat="47.369865" lon="10.929387">
    <ele>1914.604</ele>
    <time>2026-07-11T12:23:44Z</time>
   </trkpt>
   <trkpt lat="47.369962" lon="10.929398">
    <ele>1911.817</ele>
    <time>2026-07-11T12:23:57Z</time>
   </trkpt>
   <trkpt lat="47.369985" lon="10.929432">
    <ele>1909.732</ele>
    <time>2026-07-11T12:24:13Z</time>
   </trkpt>
   <trkpt lat="47.370011" lon="10.929457">
    <ele>1908.294</ele>
    <time>2026-07-11T12:24:28Z</time>
   </trkpt>
   <trkpt lat="47.370039" lon="10.929437">
    <ele>1906.590</ele>
    <time>2026-07-11T12:24:44Z</time>
   </trkpt>
   <trkpt lat="47.370028" lon="10.929459">
    <ele>1904.075</ele>
    <time>2026-07-11T12:24:58Z</time>
   </trkpt>
   <trkpt lat="47.370072" lon="10.929476">
    <ele>1902.558</ele>
    <time>2026-07-11T12:25:08Z</time>
   </trkpt>
   <trkpt lat="47.370065" lon="10.929504">
    <ele>1902.098</ele>
    <time>2026-07-11T12:25:20Z</time>
   </trkpt>
   <trkpt lat="47.370037" lon="10.929560">
    <ele>1898.681</ele>
    <time>2026-07-11T12:25:36Z</time>
   </trkpt>
   <trkpt lat="47.370024" lon="10.929574">
    <ele>1895.713</ele>
    <time>2026-07-11T12:25:51Z</time>
   </trkpt>
   <trkpt lat="47.370047" lon="10.929624">
    <ele>1893.474</ele>
    <time>2026-07-11T12:26:03Z</time>
   </trkpt>
   <trkpt lat="47.370090" lon="10.929714">
    <ele>1891.150</ele>
    <time>2026-07-11T12:26:16Z</time>
   </trkpt>
   <trkpt lat="47.370176" lon="10.929786">
    <ele>1889.328</ele>
    <time>2026-07-11T12:26:28Z</time>
   </trkpt>
   <trkpt lat="47.370227" lon="10.929842">
    <ele>1887.382</ele>
    <time>2026-07-11T12:26:39Z</time>
   </trkpt>
   <trkpt lat="47.370262" lon="10.929855">
    <ele>1885.996</ele>
    <time>2026-07-11T12:26:54Z</time>
   </trkpt>
   <trkpt lat="47.370303" lon="10.929890">
    <ele>1883.189</ele>
    <time>2026-07-11T12:27:07Z</time>
   </trkpt>
   <trkpt lat="47.370342" lon="10.929909">
    <ele>1882.696</ele>
    <time>2026-07-11T12:27:12Z</time>
   </trkpt>
   <trkpt lat="47.370365" lon="10.929885">
    <ele>1883.138</ele>
    <time>2026-07-11T12:27:16Z</time>
   </trkpt>
   <trkpt lat="47.370424" lon="10.929839">
    <ele>1881.730</ele>
    <time>2026-07-11T12:27:23Z</time>
   </trkpt>
   <trkpt lat="47.370491" lon="10.929729">
    <ele>1880.054</ele>
    <time>2026-07-11T12:27:35Z</time>
   </trkpt>
   <trkpt lat="47.370544" lon="10.929682">
    <ele>1877.041</ele>
    <time>2026-07-11T12:27:47Z</time>
   </trkpt>
   <trkpt lat="47.370590" lon="10.929628">
    <ele>1874.005</ele>
    <time>2026-07-11T12:28:05Z</time>
   </trkpt>
   <trkpt lat="47.370602" lon="10.929623">
    <ele>1872.818</ele>
    <time>2026-07-11T12:28:27Z</time>
   </trkpt>
   <trkpt lat="47.370615" lon="10.929606">
    <ele>1870.894</ele>
    <time>2026-07-11T12:28:36Z</time>
   </trkpt>
   <trkpt lat="47.370654" lon="10.929621">
    <ele>1870.076</ele>
    <time>2026-07-11T12:28:50Z</time>
   </trkpt>
   <trkpt lat="47.370675" lon="10.929648">
    <ele>1870.593</ele>
    <time>2026-07-11T12:29:05Z</time>
   </trkpt>
   <trkpt lat="47.370744" lon="10.929660">
    <ele>1868.433</ele>
    <time>2026-07-11T12:29:23Z</time>
   </trkpt>
   <trkpt lat="47.370839" lon="10.929595">
    <ele>1866.776</ele>
    <time>2026-07-11T12:29:35Z</time>
   </trkpt>
   <trkpt lat="47.370941" lon="10.929508">
    <ele>1863.646</ele>
    <time>2026-07-11T12:29:48Z</time>
   </trkpt>
   <trkpt lat="47.370958" lon="10.929526">
    <ele>1862.172</ele>
    <time>2026-07-11T12:29:59Z</time>
   </trkpt>
   <trkpt lat="47.371042" lon="10.929453">
    <ele>1859.631</ele>
    <time>2026-07-11T12:30:11Z</time>
   </trkpt>
   <trkpt lat="47.371141" lon="10.929456">
    <ele>1854.217</ele>
    <time>2026-07-11T12:30:24Z</time>
   </trkpt>
   <trkpt lat="47.371162" lon="10.929472">
    <ele>1853.627</ele>
    <time>2026-07-11T12:30:28Z</time>
   </trkpt>
   <trkpt lat="47.371213" lon="10.929536">
    <ele>1850.204</ele>
    <time>2026-07-11T12:30:39Z</time>
   </trkpt>
   <trkpt lat="47.371258" lon="10.929574">
    <ele>1848.435</ele>
    <time>2026-07-11T12:31:33Z</time>
   </trkpt>
   <trkpt lat="47.371315" lon="10.929630">
    <ele>1847.291</ele>
    <time>2026-07-11T12:31:37Z</time>
   </trkpt>
   <trkpt lat="47.371333" lon="10.929674">
    <ele>1847.508</ele>
    <time>2026-07-11T12:31:40Z</time>
   </trkpt>
   <trkpt lat="47.371360" lon="10.929707">
    <ele>1847.224</ele>
    <time>2026-07-11T12:31:43Z</time>
   </trkpt>
   <trkpt lat="47.371364" lon="10.929785">
    <ele>1846.136</ele>
    <time>2026-07-11T12:31:47Z</time>
   </trkpt>
   <trkpt lat="47.371390" lon="10.929882">
    <ele>1846.365</ele>
    <time>2026-07-11T12:31:55Z</time>
   </trkpt>
   <trkpt lat="47.371414" lon="10.929898">
    <ele>1846.587</ele>
    <time>2026-07-11T12:31:57Z</time>
   </trkpt>
   <trkpt lat="47.371432" lon="10.929928">
    <ele>1846.566</ele>
    <time>2026-07-11T12:31:59Z</time>
   </trkpt>
   <trkpt lat="47.371501" lon="10.930061">
    <ele>1845.152</ele>
    <time>2026-07-11T12:32:10Z</time>
   </trkpt>
   <trkpt lat="47.371565" lon="10.930172">
    <ele>1845.171</ele>
    <time>2026-07-11T12:32:19Z</time>
   </trkpt>
   <trkpt lat="47.371574" lon="10.930220">
    <ele>1845.116</ele>
    <time>2026-07-11T12:32:22Z</time>
   </trkpt>
   <trkpt lat="47.371550" lon="10.930279">
    <ele>1844.103</ele>
    <time>2026-07-11T12:32:26Z</time>
   </trkpt>
   <trkpt lat="47.371548" lon="10.930305">
    <ele>1843.678</ele>
    <time>2026-07-11T12:32:28Z</time>
   </trkpt>
   <trkpt lat="47.371547" lon="10.930401">
    <ele>1843.603</ele>
    <time>2026-07-11T12:32:32Z</time>
   </trkpt>
   <trkpt lat="47.371576" lon="10.930496">
    <ele>1841.903</ele>
    <time>2026-07-11T12:32:38Z</time>
   </trkpt>
   <trkpt lat="47.371580" lon="10.930530">
    <ele>1840.182</ele>
    <time>2026-07-11T12:32:40Z</time>
   </trkpt>
   <trkpt lat="47.371557" lon="10.930572">
    <ele>1839.071</ele>
    <time>2026-07-11T12:32:43Z</time>
   </trkpt>
   <trkpt lat="47.371550" lon="10.930632">
    <ele>1836.758</ele>
    <time>2026-07-11T12:32:47Z</time>
   </trkpt>
   <trkpt lat="47.371516" lon="10.930788">
    <ele>1832.358</ele>
    <time>2026-07-11T12:32:57Z</time>
   </trkpt>
   <trkpt lat="47.371599" lon="10.930872">
    <ele>1827.631</ele>
    <time>2026-07-11T12:33:08Z</time>
   </trkpt>
   <trkpt lat="47.371683" lon="10.930931">
    <ele>1824.585</ele>
    <time>2026-07-11T12:33:26Z</time>
   </trkpt>
   <trkpt lat="47.371707" lon="10.930964">
    <ele>1822.280</ele>
    <time>2026-07-11T12:33:44Z</time>
   </trkpt>
   <trkpt lat="47.371725" lon="10.931046">
    <ele>1820.308</ele>
    <time>2026-07-11T12:34:02Z</time>
   </trkpt>
   <trkpt lat="47.371726" lon="10.931106">
    <ele>1818.641</ele>
    <time>2026-07-11T12:34:17Z</time>
   </trkpt>
   <trkpt lat="47.371774" lon="10.931122">
    <ele>1816.821</ele>
    <time>2026-07-11T12:34:28Z</time>
   </trkpt>
   <trkpt lat="47.371822" lon="10.931169">
    <ele>1813.264</ele>
    <time>2026-07-11T12:34:40Z</time>
   </trkpt>
   <trkpt lat="47.371894" lon="10.931168">
    <ele>1810.999</ele>
    <time>2026-07-11T12:34:54Z</time>
   </trkpt>
   <trkpt lat="47.371931" lon="10.931222">
    <ele>1808.619</ele>
    <time>2026-07-11T12:35:05Z</time>
   </trkpt>
   <trkpt lat="47.371973" lon="10.931231">
    <ele>1807.502</ele>
    <time>2026-07-11T12:35:11Z</time>
   </trkpt>
   <trkpt lat="47.372064" lon="10.931179">
    <ele>1804.648</ele>
    <time>2026-07-11T12:35:21Z</time>
   </trkpt>
   <trkpt lat="47.372127" lon="10.931173">
    <ele>1801.139</ele>
    <time>2026-07-11T12:35:33Z</time>
   </trkpt>
   <trkpt lat="47.372158" lon="10.931218">
    <ele>1798.010</ele>
    <time>2026-07-11T12:35:43Z</time>
   </trkpt>
   <trkpt lat="47.372138" lon="10.931309">
    <ele>1794.927</ele>
    <time>2026-07-11T12:35:54Z</time>
   </trkpt>
   <trkpt lat="47.372128" lon="10.931325">
    <ele>1794.640</ele>
    <time>2026-07-11T12:35:55Z</time>
   </trkpt>
   <trkpt lat="47.372120" lon="10.931367">
    <ele>1793.741</ele>
    <time>2026-07-11T12:35:58Z</time>
   </trkpt>
   <trkpt lat="47.372092" lon="10.931406">
    <ele>1792.197</ele>
    <time>2026-07-11T12:36:01Z</time>
   </trkpt>
   <trkpt lat="47.372085" lon="10.931484">
    <ele>1791.247</ele>
    <time>2026-07-11T12:36:06Z</time>
   </trkpt>
   <trkpt lat="47.372119" lon="10.931563">
    <ele>1787.170</ele>
    <time>2026-07-11T12:36:15Z</time>
   </trkpt>
   <trkpt lat="47.372161" lon="10.931587">
    <ele>1785.107</ele>
    <time>2026-07-11T12:36:25Z</time>
   </trkpt>
   <trkpt lat="47.372200" lon="10.931644">
    <ele>1783.332</ele>
    <time>2026-07-11T12:36:36Z</time>
   </trkpt>
   <trkpt lat="47.372196" lon="10.931713">
    <ele>1782.504</ele>
    <time>2026-07-11T12:36:41Z</time>
   </trkpt>
   <trkpt lat="47.372238" lon="10.931774">
    <ele>1782.094</ele>
    <time>2026-07-11T12:36:47Z</time>
   </trkpt>
   <trkpt lat="47.372290" lon="10.931891">
    <ele>1779.502</ele>
    <time>2026-07-11T12:36:54Z</time>
   </trkpt>
   <trkpt lat="47.372269" lon="10.932050">
    <ele>1777.784</ele>
    <time>2026-07-11T12:37:05Z</time>
   </trkpt>
   <trkpt lat="47.372257" lon="10.932110">
    <ele>1776.731</ele>
    <time>2026-07-11T12:37:08Z</time>
   </trkpt>
   <trkpt lat="47.372281" lon="10.932168">
    <ele>1775.598</ele>
    <time>2026-07-11T12:37:12Z</time>
   </trkpt>
   <trkpt lat="47.372243" lon="10.932276">
    <ele>1771.629</ele>
    <time>2026-07-11T12:37:23Z</time>
   </trkpt>
   <trkpt lat="47.372207" lon="10.932431">
    <ele>1769.939</ele>
    <time>2026-07-11T12:37:36Z</time>
   </trkpt>
   <trkpt lat="47.372161" lon="10.932494">
    <ele>1768.549</ele>
    <time>2026-07-11T12:37:48Z</time>
   </trkpt>
   <trkpt lat="47.372161" lon="10.932512">
    <ele>1767.931</ele>
    <time>2026-07-11T12:37:51Z</time>
   </trkpt>
   <trkpt lat="47.372182" lon="10.932595">
    <ele>1765.422</ele>
    <time>2026-07-11T12:37:58Z</time>
   </trkpt>
   <trkpt lat="47.372185" lon="10.932625">
    <ele>1764.919</ele>
    <time>2026-07-11T12:38:00Z</time>
   </trkpt>
   <trkpt lat="47.372180" lon="10.932651">
    <ele>1764.850</ele>
    <time>2026-07-11T12:38:02Z</time>
   </trkpt>
   <trkpt lat="47.372190" lon="10.932718">
    <ele>1763.645</ele>
    <time>2026-07-11T12:38:05Z</time>
   </trkpt>
   <trkpt lat="47.372168" lon="10.932770">
    <ele>1758.756</ele>
    <time>2026-07-11T12:38:14Z</time>
   </trkpt>
   <trkpt lat="47.372113" lon="10.932838">
    <ele>1759.429</ele>
    <time>2026-07-11T12:38:22Z</time>
   </trkpt>
   <trkpt lat="47.372093" lon="10.932908">
    <ele>1758.568</ele>
    <time>2026-07-11T12:38:26Z</time>
   </trkpt>
   <trkpt lat="47.372058" lon="10.932955">
    <ele>1757.950</ele>
    <time>2026-07-11T12:38:30Z</time>
   </trkpt>
   <trkpt lat="47.371946" lon="10.933041">
    <ele>1752.827</ele>
    <time>2026-07-11T12:38:45Z</time>
   </trkpt>
   <trkpt lat="47.371800" lon="10.933127">
    <ele>1748.813</ele>
    <time>2026-07-11T12:39:00Z</time>
   </trkpt>
   <trkpt lat="47.371771" lon="10.933278">
    <ele>1747.409</ele>
    <time>2026-07-11T12:39:17Z</time>
   </trkpt>
   <trkpt lat="47.371732" lon="10.933347">
    <ele>1744.533</ele>
    <time>2026-07-11T12:39:40Z</time>
   </trkpt>
   <trkpt lat="47.371728" lon="10.933373">
    <ele>1744.286</ele>
    <time>2026-07-11T12:39:42Z</time>
   </trkpt>
   <trkpt lat="47.371771" lon="10.933542">
    <ele>1743.493</ele>
    <time>2026-07-11T12:39:58Z</time>
   </trkpt>
   <trkpt lat="47.371694" lon="10.933631">
    <ele>1740.823</ele>
    <time>2026-07-11T12:40:11Z</time>
   </trkpt>
   <trkpt lat="47.371686" lon="10.933719">
    <ele>1735.854</ele>
    <time>2026-07-11T12:40:25Z</time>
   </trkpt>
   <trkpt lat="47.371622" lon="10.933759">
    <ele>1734.902</ele>
    <time>2026-07-11T12:40:39Z</time>
   </trkpt>
   <trkpt lat="47.371618" lon="10.933787">
    <ele>1734.324</ele>
    <time>2026-07-11T12:40:47Z</time>
   </trkpt>
   <trkpt lat="47.371623" lon="10.933842">
    <ele>1732.908</ele>
    <time>2026-07-11T12:41:01Z</time>
   </trkpt>
   <trkpt lat="47.371607" lon="10.933860">
    <ele>1732.744</ele>
    <time>2026-07-11T12:41:03Z</time>
   </trkpt>
   <trkpt lat="47.371486" lon="10.933922">
    <ele>1730.126</ele>
    <time>2026-07-11T12:41:16Z</time>
   </trkpt>
   <trkpt lat="47.371462" lon="10.933933">
    <ele>1729.206</ele>
    <time>2026-07-11T12:41:20Z</time>
   </trkpt>
   <trkpt lat="47.371395" lon="10.933983">
    <ele>1728.886</ele>
    <time>2026-07-11T12:41:24Z</time>
   </trkpt>
   <trkpt lat="47.371364" lon="10.934020">
    <ele>1727.862</ele>
    <time>2026-07-11T12:41:34Z</time>
   </trkpt>
   <trkpt lat="47.371293" lon="10.934114">
    <ele>1727.599</ele>
    <time>2026-07-11T12:41:50Z</time>
   </trkpt>
   <trkpt lat="47.371227" lon="10.934247">
    <ele>1726.694</ele>
    <time>2026-07-11T12:42:16Z</time>
   </trkpt>
   <trkpt lat="47.371184" lon="10.934304">
    <ele>1725.338</ele>
    <time>2026-07-11T12:42:20Z</time>
   </trkpt>
   <trkpt lat="47.371108" lon="10.934430">
    <ele>1722.997</ele>
    <time>2026-07-11T12:42:35Z</time>
   </trkpt>
   <trkpt lat="47.371124" lon="10.934603">
    <ele>1719.899</ele>
    <time>2026-07-11T12:43:02Z</time>
   </trkpt>
   <trkpt lat="47.371117" lon="10.934646">
    <ele>1716.501</ele>
    <time>2026-07-11T12:43:32Z</time>
   </trkpt>
   <trkpt lat="47.371080" lon="10.934616">
    <ele>1715.648</ele>
    <time>2026-07-11T12:43:36Z</time>
   </trkpt>
   <trkpt lat="47.371034" lon="10.934658">
    <ele>1715.222</ele>
    <time>2026-07-11T12:43:38Z</time>
   </trkpt>
   <trkpt lat="47.370926" lon="10.934729">
    <ele>1715.461</ele>
    <time>2026-07-11T12:43:44Z</time>
   </trkpt>
   <trkpt lat="47.370817" lon="10.934762">
    <ele>1712.817</ele>
    <time>2026-07-11T12:43:51Z</time>
   </trkpt>
   <trkpt lat="47.370721" lon="10.934832">
    <ele>1710.741</ele>
    <time>2026-07-11T12:43:57Z</time>
   </trkpt>
   <trkpt lat="47.370606" lon="10.934913">
    <ele>1704.173</ele>
    <time>2026-07-11T12:44:05Z</time>
   </trkpt>
   <trkpt lat="47.370528" lon="10.934962">
    <ele>1699.358</ele>
    <time>2026-07-11T12:44:10Z</time>
   </trkpt>
   <trkpt lat="47.370476" lon="10.935174">
    <ele>1688.544</ele>
    <time>2026-07-11T12:44:21Z</time>
   </trkpt>
   <trkpt lat="47.370463" lon="10.935280">
    <ele>1685.552</ele>
    <time>2026-07-11T12:44:34Z</time>
   </trkpt>
   <trkpt lat="47.370527" lon="10.935426">
    <ele>1684.325</ele>
    <time>2026-07-11T12:44:42Z</time>
   </trkpt>
   <trkpt lat="47.370562" lon="10.935490">
    <ele>1684.218</ele>
    <time>2026-07-11T12:44:46Z</time>
   </trkpt>
   <trkpt lat="47.370589" lon="10.935506">
    <ele>1684.035</ele>
    <time>2026-07-11T12:44:48Z</time>
   </trkpt>
   <trkpt lat="47.370620" lon="10.935548">
    <ele>1683.931</ele>
    <time>2026-07-11T12:44:51Z</time>
   </trkpt>
   <trkpt lat="47.370628" lon="10.935582">
    <ele>1683.472</ele>
    <time>2026-07-11T12:44:54Z</time>
   </trkpt>
   <trkpt lat="47.370674" lon="10.935638">
    <ele>1681.808</ele>
    <time>2026-07-11T12:44:58Z</time>
   </trkpt>
   <trkpt lat="47.370661" lon="10.935738">
    <ele>1678.208</ele>
    <time>2026-07-11T12:45:05Z</time>
   </trkpt>
   <trkpt lat="47.370608" lon="10.935818">
    <ele>1675.743</ele>
    <time>2026-07-11T12:45:10Z</time>
   </trkpt>
   <trkpt lat="47.370588" lon="10.935956">
    <ele>1670.098</ele>
    <time>2026-07-11T12:45:15Z</time>
   </trkpt>
   <trkpt lat="47.370565" lon="10.936138">
    <ele>1666.704</ele>
    <time>2026-07-11T12:45:27Z</time>
   </trkpt>
   <trkpt lat="47.370554" lon="10.936148">
    <ele>1665.776</ele>
    <time>2026-07-11T12:45:28Z</time>
   </trkpt>
   <trkpt lat="47.370508" lon="10.936283">
    <ele>1661.726</ele>
    <time>2026-07-11T12:45:37Z</time>
   </trkpt>
   <trkpt lat="47.370466" lon="10.936375">
    <ele>1659.103</ele>
    <time>2026-07-11T12:45:43Z</time>
   </trkpt>
   <trkpt lat="47.370225" lon="10.936283">
    <ele>1660.324</ele>
    <time>2026-07-11T12:46:03Z</time>
   </trkpt>
   <trkpt lat="47.370095" lon="10.936223">
    <ele>1659.035</ele>
    <time>2026-07-11T12:46:18Z</time>
   </trkpt>
   <trkpt lat="47.370072" lon="10.936225">
    <ele>1658.838</ele>
    <time>2026-07-11T12:46:20Z</time>
   </trkpt>
   <trkpt lat="47.369965" lon="10.936288">
    <ele>1658.085</ele>
    <time>2026-07-11T12:46:35Z</time>
   </trkpt>
   <trkpt lat="47.369947" lon="10.936287">
    <ele>1658.012</ele>
    <time>2026-07-11T12:47:01Z</time>
   </trkpt>
   <trkpt lat="47.369943" lon="10.936317">
    <ele>1657.392</ele>
    <time>2026-07-11T12:47:53Z</time>
   </trkpt>
   <trkpt lat="47.369932" lon="10.936356">
    <ele>1657.423</ele>
    <time>2026-07-11T12:47:56Z</time>
   </trkpt>
   <trkpt lat="47.369848" lon="10.936622">
    <ele>1659.065</ele>
    <time>2026-07-11T12:48:16Z</time>
   </trkpt>
   <trkpt lat="47.369856" lon="10.936705">
    <ele>1659.376</ele>
    <time>2026-07-11T12:48:21Z</time>
   </trkpt>
   <trkpt lat="47.369875" lon="10.936786">
    <ele>1659.390</ele>
    <time>2026-07-11T12:48:26Z</time>
   </trkpt>
   <trkpt lat="47.369888" lon="10.936871">
    <ele>1659.346</ele>
    <time>2026-07-11T12:48:31Z</time>
   </trkpt>
   <trkpt lat="47.369901" lon="10.936905">
    <ele>1659.973</ele>
    <time>2026-07-11T12:48:34Z</time>
   </trkpt>
   <trkpt lat="47.369922" lon="10.937067">
    <ele>1660.082</ele>
    <time>2026-07-11T12:48:50Z</time>
   </trkpt>
   <trkpt lat="47.369912" lon="10.937134">
    <ele>1660.775</ele>
    <time>2026-07-11T12:48:54Z</time>
   </trkpt>
   <trkpt lat="47.369800" lon="10.937333">
    <ele>1659.964</ele>
    <time>2026-07-11T12:49:11Z</time>
   </trkpt>
   <trkpt lat="47.369784" lon="10.937437">
    <ele>1660.134</ele>
    <time>2026-07-11T12:49:17Z</time>
   </trkpt>
   <trkpt lat="47.369754" lon="10.937482">
    <ele>1661.402</ele>
    <time>2026-07-11T12:49:21Z</time>
   </trkpt>
   <trkpt lat="47.369730" lon="10.937558">
    <ele>1662.786</ele>
    <time>2026-07-11T12:49:26Z</time>
   </trkpt>
   <trkpt lat="47.369763" lon="10.937699">
    <ele>1664.857</ele>
    <time>2026-07-11T12:49:36Z</time>
   </trkpt>
   <trkpt lat="47.369797" lon="10.937739">
    <ele>1665.870</ele>
    <time>2026-07-11T12:49:40Z</time>
   </trkpt>
   <trkpt lat="47.369816" lon="10.937815">
    <ele>1667.535</ele>
    <time>2026-07-11T12:49:46Z</time>
   </trkpt>
   <trkpt lat="47.369980" lon="10.937871">
    <ele>1668.915</ele>
    <time>2026-07-11T12:50:01Z</time>
   </trkpt>
   <trkpt lat="47.370008" lon="10.937878">
    <ele>1668.823</ele>
    <time>2026-07-11T12:50:03Z</time>
   </trkpt>
   <trkpt lat="47.370042" lon="10.937901">
    <ele>1669.303</ele>
    <time>2026-07-11T12:50:06Z</time>
   </trkpt>
   <trkpt lat="47.370058" lon="10.937918">
    <ele>1668.895</ele>
    <time>2026-07-11T12:50:09Z</time>
   </trkpt>
   <trkpt lat="47.370121" lon="10.937938">
    <ele>1667.067</ele>
    <time>2026-07-11T12:50:17Z</time>
   </trkpt>
   <trkpt lat="47.370139" lon="10.937924">
    <ele>1666.522</ele>
    <time>2026-07-11T12:50:19Z</time>
   </trkpt>
   <trkpt lat="47.370258" lon="10.937912">
    <ele>1664.326</ele>
    <time>2026-07-11T12:50:28Z</time>
   </trkpt>
   <trkpt lat="47.370316" lon="10.937913">
    <ele>1663.624</ele>
    <time>2026-07-11T12:50:32Z</time>
   </trkpt>
   <trkpt lat="47.370421" lon="10.937907">
    <ele>1662.183</ele>
    <time>2026-07-11T12:50:44Z</time>
   </trkpt>
   <trkpt lat="47.370463" lon="10.937884">
    <ele>1661.133</ele>
    <time>2026-07-11T12:50:46Z</time>
   </trkpt>
   <trkpt lat="47.370557" lon="10.937954">
    <ele>1658.674</ele>
    <time>2026-07-11T12:50:55Z</time>
   </trkpt>
   <trkpt lat="47.370579" lon="10.938001">
    <ele>1658.109</ele>
    <time>2026-07-11T12:51:00Z</time>
   </trkpt>
   <trkpt lat="47.370636" lon="10.938061">
    <ele>1656.574</ele>
    <time>2026-07-11T12:51:05Z</time>
   </trkpt>
   <trkpt lat="47.370709" lon="10.938116">
    <ele>1655.673</ele>
    <time>2026-07-11T12:51:10Z</time>
   </trkpt>
   <trkpt lat="47.370723" lon="10.938179">
    <ele>1654.506</ele>
    <time>2026-07-11T12:51:14Z</time>
   </trkpt>
   <trkpt lat="47.370773" lon="10.938264">
    <ele>1652.819</ele>
    <time>2026-07-11T12:51:22Z</time>
   </trkpt>
   <trkpt lat="47.370867" lon="10.938266">
    <ele>1649.465</ele>
    <time>2026-07-11T12:51:28Z</time>
   </trkpt>
   <trkpt lat="47.371021" lon="10.938348">
    <ele>1650.864</ele>
    <time>2026-07-11T12:51:40Z</time>
   </trkpt>
   <trkpt lat="47.371095" lon="10.938436">
    <ele>1651.538</ele>
    <time>2026-07-11T12:51:47Z</time>
   </trkpt>
   <trkpt lat="47.371103" lon="10.938466">
    <ele>1652.051</ele>
    <time>2026-07-11T12:51:49Z</time>
   </trkpt>
   <trkpt lat="47.371241" lon="10.938644">
    <ele>1650.585</ele>
    <time>2026-07-11T12:52:03Z</time>
   </trkpt>
   <trkpt lat="47.371420" lon="10.938701">
    <ele>1648.698</ele>
    <time>2026-07-11T12:52:15Z</time>
   </trkpt>
   <trkpt lat="47.371506" lon="10.938624">
    <ele>1648.299</ele>
    <time>2026-07-11T12:52:28Z</time>
   </trkpt>
   <trkpt lat="47.371530" lon="10.938642">
    <ele>1648.313</ele>
    <time>2026-07-11T12:52:50Z</time>
   </trkpt>
   <trkpt lat="47.371487" lon="10.938703">
    <ele>1648.218</ele>
    <time>2026-07-11T12:57:11Z</time>
   </trkpt>
   <trkpt lat="47.371462" lon="10.938761">
    <ele>1649.009</ele>
    <time>2026-07-11T12:57:26Z</time>
   </trkpt>
   <trkpt lat="47.371457" lon="10.938760">
    <ele>1649.208</ele>
    <time>2026-07-11T12:57:29Z</time>
   </trkpt>
   <trkpt lat="47.371638" lon="10.939174">
    <ele>1647.925</ele>
    <time>2026-07-11T12:57:41Z</time>
   </trkpt>
   <trkpt lat="47.371879" lon="10.939370">
    <ele>1643.171</ele>
    <time>2026-07-11T12:57:52Z</time>
   </trkpt>
   <trkpt lat="47.372081" lon="10.939504">
    <ele>1640.055</ele>
    <time>2026-07-11T12:58:00Z</time>
   </trkpt>
   <trkpt lat="47.372194" lon="10.939486">
    <ele>1637.795</ele>
    <time>2026-07-11T12:58:05Z</time>
   </trkpt>
   <trkpt lat="47.372319" lon="10.939301">
    <ele>1632.518</ele>
    <time>2026-07-11T12:58:14Z</time>
   </trkpt>
   <trkpt lat="47.372350" lon="10.939316">
    <ele>1632.330</ele>
    <time>2026-07-11T12:58:17Z</time>
   </trkpt>
   <trkpt lat="47.372404" lon="10.939886">
    <ele>1624.980</ele>
    <time>2026-07-11T12:58:30Z</time>
   </trkpt>
   <trkpt lat="47.372248" lon="10.940248">
    <ele>1621.360</ele>
    <time>2026-07-11T12:58:42Z</time>
   </trkpt>
   <trkpt lat="47.372274" lon="10.940444">
    <ele>1618.473</ele>
    <time>2026-07-11T12:58:48Z</time>
   </trkpt>
   <trkpt lat="47.372609" lon="10.940826">
    <ele>1609.366</ele>
    <time>2026-07-11T12:59:02Z</time>
   </trkpt>
   <trkpt lat="47.372742" lon="10.941348">
    <ele>1601.369</ele>
    <time>2026-07-11T12:59:14Z</time>
   </trkpt>
   <trkpt lat="47.372789" lon="10.941614">
    <ele>1597.893</ele>
    <time>2026-07-11T12:59:18Z</time>
   </trkpt>
   <trkpt lat="47.373056" lon="10.942577">
    <ele>1585.177</ele>
    <time>2026-07-11T12:59:37Z</time>
   </trkpt>
   <trkpt lat="47.373154" lon="10.943048">
    <ele>1578.440</ele>
    <time>2026-07-11T12:59:49Z</time>
   </trkpt>
   <trkpt lat="47.373258" lon="10.943682">
    <ele>1571.597</ele>
    <time>2026-07-11T13:00:01Z</time>
   </trkpt>
   <trkpt lat="47.373603" lon="10.943939">
    <ele>1564.995</ele>
    <time>2026-07-11T13:00:12Z</time>
   </trkpt>
   <trkpt lat="47.373749" lon="10.943903">
    <ele>1562.646</ele>
    <time>2026-07-11T13:00:16Z</time>
   </trkpt>
   <trkpt lat="47.373702" lon="10.943669">
    <ele>1562.339</ele>
    <time>2026-07-11T13:00:22Z</time>
   </trkpt>
   <trkpt lat="47.373562" lon="10.943195">
    <ele>1566.180</ele>
    <time>2026-07-11T13:00:44Z</time>
   </trkpt>
   <trkpt lat="47.373562" lon="10.942976">
    <ele>1569.227</ele>
    <time>2026-07-11T13:01:00Z</time>
   </trkpt>
   <trkpt lat="47.373562" lon="10.942976">
    <ele>1568.953</ele>
    <time>2026-07-11T13:01:11Z</time>
   </trkpt>
   <trkpt lat="47.373562" lon="10.942976">
    <ele>1567.710</ele>
    <time>2026-07-11T13:01:57Z</time>
   </trkpt>
   <trkpt lat="47.373562" lon="10.942976">
    <ele>1567.597</ele>
    <time>2026-07-11T13:02:21Z</time>
   </trkpt>
   <trkpt lat="47.373562" lon="10.942976">
    <ele>1567.933</ele>
    <time>2026-07-11T13:02:43Z</time>
   </trkpt>
   <trkpt lat="47.373562" lon="10.942976">
    <ele>1567.616</ele>
    <time>2026-07-11T13:02:50Z</time>
   </trkpt>
   <trkpt lat="47.373574" lon="10.942966">
    <ele>1569.384</ele>
    <time>2026-07-11T13:03:09Z</time>
   </trkpt>
   <trkpt lat="47.373574" lon="10.942966">
    <ele>1569.462</ele>
    <time>2026-07-11T13:03:19Z</time>
   </trkpt>
   <trkpt lat="47.373574" lon="10.942966">
    <ele>1569.650</ele>
    <time>2026-07-11T13:03:29Z</time>
   </trkpt>
   <trkpt lat="47.373574" lon="10.942966">
    <ele>1568.416</ele>
    <time>2026-07-11T13:03:45Z</time>
   </trkpt>
   <trkpt lat="47.373574" lon="10.942966">
    <ele>1568.131</ele>
    <time>2026-07-11T13:04:27Z</time>
   </trkpt>
   <trkpt lat="47.373574" lon="10.942966">
    <ele>1567.972</ele>
    <time>2026-07-11T13:06:16Z</time>
   </trkpt>
   <trkpt lat="47.373574" lon="10.942966">
    <ele>1568.116</ele>
    <time>2026-07-11T13:06:57Z</time>
   </trkpt>
   <trkpt lat="47.373574" lon="10.942966">
    <ele>1568.225</ele>
    <time>2026-07-11T13:07:18Z</time>
   </trkpt>
   <trkpt lat="47.373574" lon="10.942966">
    <ele>1568.206</ele>
    <time>2026-07-11T13:08:01Z</time>
   </trkpt>
   <trkpt lat="47.373574" lon="10.942966">
    <ele>1568.355</ele>
    <time>2026-07-11T13:08:36Z</time>
   </trkpt>
   <trkpt lat="47.373651" lon="10.942813">
    <ele>1567.279</ele>
    <time>2026-07-11T13:10:38Z</time>
   </trkpt>
   <trkpt lat="47.373790" lon="10.942902">
    <ele>1574.181</ele>
    <time>2026-07-11T13:11:08Z</time>
   </trkpt>
   <trkpt lat="47.373768" lon="10.942901">
    <ele>1572.828</ele>
    <time>2026-07-11T13:11:33Z</time>
   </trkpt>
   <trkpt lat="47.373732" lon="10.942904">
    <ele>1571.555</ele>
    <time>2026-07-11T13:12:25Z</time>
   </trkpt>
   <trkpt lat="47.373781" lon="10.942918">
    <ele>1571.474</ele>
    <time>2026-07-11T13:13:01Z</time>
   </trkpt>
   <trkpt lat="47.373712" lon="10.942853">
    <ele>1571.014</ele>
    <time>2026-07-11T13:13:43Z</time>
   </trkpt>
   <trkpt lat="47.373683" lon="10.942883">
    <ele>1570.555</ele>
    <time>2026-07-11T13:14:11Z</time>
   </trkpt>
   <trkpt lat="47.373717" lon="10.942870">
    <ele>1569.714</ele>
    <time>2026-07-11T13:14:38Z</time>
   </trkpt>
   <trkpt lat="47.373773" lon="10.942793">
    <ele>1569.365</ele>
    <time>2026-07-11T13:15:01Z</time>
   </trkpt>
   <trkpt lat="47.373565" lon="10.942313">
    <ele>1569.557</ele>
    <time>2026-07-11T13:16:38Z</time>
   </trkpt>
  </trkseg>
 </trk>
 <trk>
  <name>ACTIVE LOG061742</name>
  <trkseg>
   <trkpt lat="47.373418" lon="10.942535">
    <ele>1556.736</ele>
    <time>2026-07-11T13:17:42Z</time>
   </trkpt>
   <trkpt lat="47.373540" lon="10.942662">
    <ele>1558.970</ele>
    <time>2026-07-11T13:18:24Z</time>
   </trkpt>
   <trkpt lat="47.373669" lon="10.942681">
    <ele>1558.790</ele>
    <time>2026-07-11T13:18:41Z</time>
   </trkpt>
   <trkpt lat="47.373700" lon="10.942814">
    <ele>1558.801</ele>
    <time>2026-07-11T13:18:55Z</time>
   </trkpt>
  </trkseg>
 </trk>
 <trk>
  <name>ACTIVE LOG062002</name>
  <trkseg>
   <trkpt lat="47.373855" lon="10.942994">
    <ele>1573.055</ele>
    <time>2026-07-11T13:20:02Z</time>
   </trkpt>
   <trkpt lat="47.373623" lon="10.942619">
    <ele>1574.208</ele>
    <time>2026-07-11T13:20:36Z</time>
   </trkpt>
   <trkpt lat="47.373841" lon="10.942989">
    <ele>1574.376</ele>
    <time>2026-07-11T13:21:30Z</time>
   </trkpt>
   <trkpt lat="47.373893" lon="10.943129">
    <ele>1573.705</ele>
    <time>2026-07-11T13:21:55Z</time>
   </trkpt>
   <trkpt lat="47.373743" lon="10.942913">
    <ele>1572.348</ele>
    <time>2026-07-11T13:22:21Z</time>
   </trkpt>
   <trkpt lat="47.373655" lon="10.942906">
    <ele>1572.447</ele>
    <time>2026-07-11T13:22:56Z</time>
   </trkpt>
   <trkpt lat="47.373820" lon="10.943128">
    <ele>1572.421</ele>
    <time>2026-07-11T13:23:46Z</time>
   </trkpt>
  </trkseg>
 </trk>
 <trk>
  <name>ACTIVE LOG062455</name>
  <trkseg>
   <trkpt lat="47.374251" lon="10.943574">
    <ele>1536.022</ele>
    <time>2026-07-11T13:24:55Z</time>
   </trkpt>
   <trkpt lat="47.374576" lon="10.943388">
    <ele>1565.090</ele>
    <time>2026-07-11T13:25:22Z</time>
   </trkpt>
   <trkpt lat="47.374661" lon="10.943464">
    <ele>1564.293</ele>
    <time>2026-07-11T13:25:41Z</time>
   </trkpt>
   <trkpt lat="47.374251" lon="10.943138">
    <ele>1563.920</ele>
    <time>2026-07-11T13:26:04Z</time>
   </trkpt>
   <trkpt lat="47.373695" lon="10.942836">
    <ele>1564.712</ele>
    <time>2026-07-11T13:26:33Z</time>
   </trkpt>
   <trkpt lat="47.373565" lon="10.942827">
    <ele>1565.321</ele>
    <time>2026-07-11T13:26:58Z</time>
   </trkpt>
   <trkpt lat="47.373539" lon="10.942755">
    <ele>1564.513</ele>
    <time>2026-07-11T13:27:20Z</time>
   </trkpt>
   <trkpt lat="47.373703" lon="10.942906">
    <ele>1564.933</ele>
    <time>2026-07-11T13:27:49Z</time>
   </trkpt>
   <trkpt lat="47.373863" lon="10.942865">
    <ele>1566.259</ele>
    <time>2026-07-11T13:28:09Z</time>
   </trkpt>
   <trkpt lat="47.373796" lon="10.943014">
    <ele>1566.517</ele>
    <time>2026-07-11T13:28:51Z</time>
   </trkpt>
   <trkpt lat="47.373769" lon="10.943212">
    <ele>1566.288</ele>
    <time>2026-07-11T13:29:27Z</time>
   </trkpt>
   <trkpt lat="47.373614" lon="10.942801">
    <ele>1566.176</ele>
    <time>2026-07-11T13:30:08Z</time>
   </trkpt>
   <trkpt lat="47.373740" lon="10.943008">
    <ele>1565.630</ele>
    <time>2026-07-11T13:30:31Z</time>
   </trkpt>
   <trkpt lat="47.373748" lon="10.942972">
    <ele>1564.206</ele>
    <time>2026-07-11T13:30:56Z</time>
   </trkpt>
   <trkpt lat="47.373722" lon="10.942789">
    <ele>1563.869</ele>
    <time>2026-07-11T13:31:31Z</time>
   </trkpt>
   <trkpt lat="47.373856" lon="10.942887">
    <ele>1563.787</ele>
    <time>2026-07-11T13:32:02Z</time>
   </trkpt>
   <trkpt lat="47.373980" lon="10.942989">
    <ele>1564.335</ele>
    <time>2026-07-11T13:33:02Z</time>
   </trkpt>
   <trkpt lat="47.373686" lon="10.942786">
    <ele>1564.404</ele>
    <time>2026-07-11T13:33:32Z</time>
   </trkpt>
   <trkpt lat="47.373745" lon="10.942838">
    <ele>1564.725</ele>
    <time>2026-07-11T13:33:56Z</time>
   </trkpt>
   <trkpt lat="47.373905" lon="10.942961">
    <ele>1564.813</ele>
    <time>2026-07-11T13:34:15Z</time>
   </trkpt>
   <trkpt lat="47.373963" lon="10.943016">
    <ele>1564.649</ele>
    <time>2026-07-11T13:34:38Z</time>
   </trkpt>
   <trkpt lat="47.374085" lon="10.943161">
    <ele>1564.436</ele>
    <time>2026-07-11T13:34:56Z</time>
   </trkpt>
  </trkseg>
 </trk>
 <trk>
  <name>ACTIVE LOG063617</name>
  <trkseg>
   <trkpt lat="47.373598" lon="10.942613">
    <ele>1564.709</ele>
    <time>2026-07-11T13:36:17Z</time>
   </trkpt>
   <trkpt lat="47.373441" lon="10.942623">
    <ele>1564.265</ele>
    <time>2026-07-11T13:37:55Z</time>
   </trkpt>
   <trkpt lat="47.372782" lon="10.942102">
    <ele>1564.161</ele>
    <time>2026-07-11T13:38:08Z</time>
   </trkpt>
   <trkpt lat="47.372490" lon="10.941982">
    <ele>1562.172</ele>
    <time>2026-07-11T13:38:23Z</time>
   </trkpt>
   <trkpt lat="47.372546" lon="10.942060">
    <ele>1561.432</ele>
    <time>2026-07-11T13:38:38Z</time>
   </trkpt>
   <trkpt lat="47.372487" lon="10.942027">
    <ele>1562.016</ele>
    <time>2026-07-11T13:38:59Z</time>
   </trkpt>
   <trkpt lat="47.372683" lon="10.942191">
    <ele>1562.425</ele>
    <time>2026-07-11T13:39:08Z</time>
   </trkpt>
   <trkpt lat="47.373507" lon="10.942534">
    <ele>1562.034</ele>
    <time>2026-07-11T13:39:34Z</time>
   </trkpt>
   <trkpt lat="47.373285" lon="10.942282">
    <ele>1561.365</ele>
    <time>2026-07-11T13:39:47Z</time>
   </trkpt>
  </trkseg>
 </trk>
 <trk>
  <name>ACTIVE LOG064430</name>
  <trkseg>
   <trkpt lat="47.373929" lon="10.946783">
    <ele>1500.072</ele>
    <time>2026-07-11T13:49:26Z</time>
   </trkpt>
   <trkpt lat="47.373905" lon="10.946410">
    <ele>1501.975</ele>
    <time>2026-07-11T13:49:31Z</time>
   </trkpt>
   <trkpt lat="47.373948" lon="10.945561">
    <ele>1507.342</ele>
    <time>2026-07-11T13:49:41Z</time>
   </trkpt>
   <trkpt lat="47.373890" lon="10.944877">
    <ele>1514.909</ele>
    <time>2026-07-11T13:49:52Z</time>
   </trkpt>
   <trkpt lat="47.373890" lon="10.944877">
    <ele>1517.635</ele>
    <time>2026-07-11T13:50:47Z</time>
   </trkpt>
   <trkpt lat="47.373890" lon="10.944877">
    <ele>1517.654</ele>
    <time>2026-07-11T13:50:49Z</time>
   </trkpt>
   <trkpt lat="47.373905" lon="10.945129">
    <ele>1517.392</ele>
    <time>2026-07-11T13:50:54Z</time>
   </trkpt>
   <trkpt lat="47.373931" lon="10.945735">
    <ele>1519.386</ele>
    <time>2026-07-11T13:51:01Z</time>
   </trkpt>
   <trkpt lat="47.373899" lon="10.946075">
    <ele>1520.671</ele>
    <time>2026-07-11T13:51:05Z</time>
   </trkpt>
   <trkpt lat="47.373905" lon="10.946458">
    <ele>1522.722</ele>
    <time>2026-07-11T13:51:09Z</time>
   </trkpt>
   <trkpt lat="47.374081" lon="10.947118">
    <ele>1529.452</ele>
    <time>2026-07-11T13:51:19Z</time>
   </trkpt>
   <trkpt lat="47.374420" lon="10.947769">
    <ele>1543.927</ele>
    <time>2026-07-11T13:51:38Z</time>
   </trkpt>
   <trkpt lat="47.374420" lon="10.947769">
    <ele>1545.638</ele>
    <time>2026-07-11T13:51:40Z</time>
   </trkpt>
   <trkpt lat="47.374833" lon="10.947485">
    <ele>1552.147</ele>
    <time>2026-07-11T13:51:54Z</time>
   </trkpt>
   <trkpt lat="47.374987" lon="10.947490">
    <ele>1559.131</ele>
    <time>2026-07-11T13:52:04Z</time>
   </trkpt>
   <trkpt lat="47.375241" lon="10.947462">
    <ele>1566.329</ele>
    <time>2026-07-11T13:52:19Z</time>
   </trkpt>
   <trkpt lat="47.375517" lon="10.947499">
    <ele>1571.309</ele>
    <time>2026-07-11T13:52:28Z</time>
   </trkpt>
   <trkpt lat="47.375638" lon="10.947770">
    <ele>1571.865</ele>
    <time>2026-07-11T13:52:37Z</time>
   </trkpt>
   <trkpt lat="47.375652" lon="10.947844">
    <ele>1571.818</ele>
    <time>2026-07-11T13:52:39Z</time>
   </trkpt>
   <trkpt lat="47.375802" lon="10.948210">
    <ele>1576.639</ele>
    <time>2026-07-11T13:52:52Z</time>
   </trkpt>
   <trkpt lat="47.376072" lon="10.948498">
    <ele>1583.606</ele>
    <time>2026-07-11T13:53:06Z</time>
   </trkpt>
   <trkpt lat="47.376121" lon="10.948523">
    <ele>1585.070</ele>
    <time>2026-07-11T13:53:08Z</time>
   </trkpt>
   <trkpt lat="47.376405" lon="10.948788">
    <ele>1591.317</ele>
    <time>2026-07-11T13:53:22Z</time>
   </trkpt>
   <trkpt lat="47.376535" lon="10.949294">
    <ele>1593.866</ele>
    <time>2026-07-11T13:53:39Z</time>
   </trkpt>
   <trkpt lat="47.376614" lon="10.949587">
    <ele>1592.557</ele>
    <time>2026-07-11T13:53:43Z</time>
   </trkpt>
   <trkpt lat="47.376714" lon="10.949819">
    <ele>1591.570</ele>
    <time>2026-07-11T13:53:46Z</time>
   </trkpt>
   <trkpt lat="47.377163" lon="10.950298">
    <ele>1586.955</ele>
    <time>2026-07-11T13:53:54Z</time>
   </trkpt>
   <trkpt lat="47.377222" lon="10.950279">
    <ele>1586.231</ele>
    <time>2026-07-11T13:53:55Z</time>
   </trkpt>
   <trkpt lat="47.377396" lon="10.950573">
    <ele>1581.810</ele>
    <time>2026-07-11T13:54:01Z</time>
   </trkpt>
   <trkpt lat="47.377317" lon="10.951176">
    <ele>1577.812</ele>
    <time>2026-07-11T13:54:07Z</time>
   </trkpt>
   <trkpt lat="47.377061" lon="10.951575">
    <ele>1570.233</ele>
    <time>2026-07-11T13:54:14Z</time>
   </trkpt>
   <trkpt lat="47.377033" lon="10.951647">
    <ele>1569.956</ele>
    <time>2026-07-11T13:54:15Z</time>
   </trkpt>
   <trkpt lat="47.376890" lon="10.952011">
    <ele>1565.997</ele>
    <time>2026-07-11T13:54:19Z</time>
   </trkpt>
   <trkpt lat="47.376730" lon="10.952196">
    <ele>1563.480</ele>
    <time>2026-07-11T13:54:22Z</time>
   </trkpt>
   <trkpt lat="47.376544" lon="10.952597">
    <ele>1559.737</ele>
    <time>2026-07-11T13:54:26Z</time>
   </trkpt>
   <trkpt lat="47.376503" lon="10.952648">
    <ele>1558.070</ele>
    <time>2026-07-11T13:54:28Z</time>
   </trkpt>
   <trkpt lat="47.376697" lon="10.952718">
    <ele>1552.962</ele>
    <time>2026-07-11T13:54:35Z</time>
   </trkpt>
   <trkpt lat="47.377160" lon="10.952999">
    <ele>1548.795</ele>
    <time>2026-07-11T13:54:44Z</time>
   </trkpt>
   <trkpt lat="47.377220" lon="10.953080">
    <ele>1547.963</ele>
    <time>2026-07-11T13:54:46Z</time>
   </trkpt>
   <trkpt lat="47.377195" lon="10.953276">
    <ele>1545.073</ele>
    <time>2026-07-11T13:54:52Z</time>
   </trkpt>
   <trkpt lat="47.376971" lon="10.953468">
    <ele>1541.488</ele>
    <time>2026-07-11T13:54:56Z</time>
   </trkpt>
   <trkpt lat="47.376561" lon="10.954006">
    <ele>1533.898</ele>
    <time>2026-07-11T13:55:04Z</time>
   </trkpt>
   <trkpt lat="47.376536" lon="10.954082">
    <ele>1533.113</ele>
    <time>2026-07-11T13:55:05Z</time>
   </trkpt>
   <trkpt lat="47.376365" lon="10.954475">
    <ele>1528.138</ele>
    <time>2026-07-11T13:55:11Z</time>
   </trkpt>
   <trkpt lat="47.376176" lon="10.954887">
    <ele>1525.994</ele>
    <time>2026-07-11T13:55:17Z</time>
   </trkpt>
   <trkpt lat="47.376180" lon="10.955172">
    <ele>1524.280</ele>
    <time>2026-07-11T13:55:19Z</time>
   </trkpt>
   <trkpt lat="47.376180" lon="10.955244">
    <ele>1525.116</ele>
    <time>2026-07-11T13:55:21Z</time>
   </trkpt>
   <trkpt lat="47.376144" lon="10.955499">
    <ele>1524.834</ele>
    <time>2026-07-11T13:55:24Z</time>
   </trkpt>
   <trkpt lat="47.376115" lon="10.955834">
    <ele>1524.213</ele>
    <time>2026-07-11T13:55:27Z</time>
   </trkpt>
   <trkpt lat="47.376001" lon="10.956460">
    <ele>1521.255</ele>
    <time>2026-07-11T13:55:35Z</time>
   </trkpt>
   <trkpt lat="47.376045" lon="10.957577">
    <ele>1526.000</ele>
    <time>2026-07-11T13:55:47Z</time>
   </trkpt>
   <trkpt lat="47.376064" lon="10.957784">
    <ele>1525.938</ele>
    <time>2026-07-11T13:55:49Z</time>
   </trkpt>
   <trkpt lat="47.376121" lon="10.958052">
    <ele>1526.297</ele>
    <time>2026-07-11T13:55:52Z</time>
   </trkpt>
   <trkpt lat="47.376346" lon="10.958599">
    <ele>1526.519</ele>
    <time>2026-07-11T13:55:58Z</time>
   </trkpt>
   <trkpt lat="47.376515" lon="10.958834">
    <ele>1528.233</ele>
    <time>2026-07-11T13:56:02Z</time>
   </trkpt>
   <trkpt lat="47.376652" lon="10.959034">
    <ele>1529.964</ele>
    <time>2026-07-11T13:56:05Z</time>
   </trkpt>
   <trkpt lat="47.376683" lon="10.959206">
    <ele>1534.821</ele>
    <time>2026-07-11T13:56:09Z</time>
   </trkpt>
   <trkpt lat="47.376714" lon="10.959430">
    <ele>1536.584</ele>
    <time>2026-07-11T13:56:13Z</time>
   </trkpt>
   <trkpt lat="47.376482" lon="10.960402">
    <ele>1535.905</ele>
    <time>2026-07-11T13:56:27Z</time>
   </trkpt>
   <trkpt lat="47.376350" lon="10.960938">
    <ele>1536.891</ele>
    <time>2026-07-11T13:56:35Z</time>
   </trkpt>
   <trkpt lat="47.376259" lon="10.961504">
    <ele>1535.891</ele>
    <time>2026-07-11T13:56:46Z</time>
   </trkpt>
   <trkpt lat="47.376252" lon="10.961585">
    <ele>1535.229</ele>
    <time>2026-07-11T13:56:47Z</time>
   </trkpt>
   <trkpt lat="47.376131" lon="10.962329">
    <ele>1527.001</ele>
    <time>2026-07-11T13:57:00Z</time>
   </trkpt>
   <trkpt lat="47.376121" lon="10.962419">
    <ele>1527.167</ele>
    <time>2026-07-11T13:57:02Z</time>
   </trkpt>
   <trkpt lat="47.376010" lon="10.962714">
    <ele>1529.019</ele>
    <time>2026-07-11T13:57:15Z</time>
   </trkpt>
   <trkpt lat="47.375946" lon="10.962837">
    <ele>1532.141</ele>
    <time>2026-07-11T13:57:23Z</time>
   </trkpt>
   <trkpt lat="47.375720" lon="10.963195">
    <ele>1538.774</ele>
    <time>2026-07-11T13:57:34Z</time>
   </trkpt>
   <trkpt lat="47.375658" lon="10.963342">
    <ele>1541.789</ele>
    <time>2026-07-11T13:57:39Z</time>
   </trkpt>
   <trkpt lat="47.375566" lon="10.963559">
    <ele>1544.798</ele>
    <time>2026-07-11T13:57:49Z</time>
   </trkpt>
   <trkpt lat="47.375464" lon="10.963712">
    <ele>1548.296</ele>
    <time>2026-07-11T13:57:57Z</time>
   </trkpt>
   <trkpt lat="47.375348" lon="10.963976">
    <ele>1553.835</ele>
    <time>2026-07-11T13:58:09Z</time>
   </trkpt>
   <trkpt lat="47.375330" lon="10.964029">
    <ele>1554.184</ele>
    <time>2026-07-11T13:58:13Z</time>
   </trkpt>
   <trkpt lat="47.375215" lon="10.964375">
    <ele>1559.402</ele>
    <time>2026-07-11T13:58:26Z</time>
   </trkpt>
   <trkpt lat="47.375195" lon="10.964433">
    <ele>1560.985</ele>
    <time>2026-07-11T13:58:28Z</time>
   </trkpt>
   <trkpt lat="47.375157" lon="10.964512">
    <ele>1563.241</ele>
    <time>2026-07-11T13:58:32Z</time>
   </trkpt>
   <trkpt lat="47.375041" lon="10.964707">
    <ele>1565.280</ele>
    <time>2026-07-11T13:58:42Z</time>
   </trkpt>
   <trkpt lat="47.374935" lon="10.964963">
    <ele>1566.569</ele>
    <time>2026-07-11T13:58:52Z</time>
   </trkpt>
   <trkpt lat="47.375113" lon="10.965461">
    <ele>1571.494</ele>
    <time>2026-07-11T13:59:09Z</time>
   </trkpt>
   <trkpt lat="47.375198" lon="10.965604">
    <ele>1571.804</ele>
    <time>2026-07-11T13:59:15Z</time>
   </trkpt>
   <trkpt lat="47.375395" lon="10.966041">
    <ele>1569.963</ele>
    <time>2026-07-11T13:59:24Z</time>
   </trkpt>
   <trkpt lat="47.375544" lon="10.966556">
    <ele>1570.061</ele>
    <time>2026-07-11T13:59:32Z</time>
   </trkpt>
   <trkpt lat="47.375579" lon="10.966612">
    <ele>1570.219</ele>
    <time>2026-07-11T13:59:34Z</time>
   </trkpt>
   <trkpt lat="47.375782" lon="10.966898">
    <ele>1572.815</ele>
    <time>2026-07-11T13:59:44Z</time>
   </trkpt>
   <trkpt lat="47.376139" lon="10.967206">
    <ele>1575.870</ele>
    <time>2026-07-11T13:59:56Z</time>
   </trkpt>
   <trkpt lat="47.376486" lon="10.967402">
    <ele>1579.754</ele>
    <time>2026-07-11T14:00:07Z</time>
   </trkpt>
   <trkpt lat="47.376667" lon="10.967453">
    <ele>1580.985</ele>
    <time>2026-07-11T14:00:12Z</time>
   </trkpt>
   <trkpt lat="47.376792" lon="10.967555">
    <ele>1580.973</ele>
    <time>2026-07-11T14:00:15Z</time>
   </trkpt>
   <trkpt lat="47.377111" lon="10.967758">
    <ele>1580.539</ele>
    <time>2026-07-11T14:00:21Z</time>
   </trkpt>
   <trkpt lat="47.377472" lon="10.967827">
    <ele>1578.254</ele>
    <time>2026-07-11T14:00:28Z</time>
   </trkpt>
   <trkpt lat="47.377667" lon="10.967779">
    <ele>1576.646</ele>
    <time>2026-07-11T14:00:32Z</time>
   </trkpt>
   <trkpt lat="47.377803" lon="10.967720">
    <ele>1576.664</ele>
    <time>2026-07-11T14:00:35Z</time>
   </trkpt>
   <trkpt lat="47.377936" lon="10.967658">
    <ele>1576.826</ele>
    <time>2026-07-11T14:00:38Z</time>
   </trkpt>
   <trkpt lat="47.378162" lon="10.967614">
    <ele>1576.047</ele>
    <time>2026-07-11T14:00:42Z</time>
   </trkpt>
   <trkpt lat="47.378387" lon="10.967742">
    <ele>1576.855</ele>
    <time>2026-07-11T14:00:46Z</time>
   </trkpt>
   <trkpt lat="47.378478" lon="10.968062">
    <ele>1580.504</ele>
    <time>2026-07-11T14:00:56Z</time>
   </trkpt>
   <trkpt lat="47.378528" lon="10.968464">
    <ele>1583.431</ele>
    <time>2026-07-11T14:01:07Z</time>
   </trkpt>
   <trkpt lat="47.378616" lon="10.968968">
    <ele>1584.381</ele>
    <time>2026-07-11T14:01:20Z</time>
   </trkpt>
   <trkpt lat="47.378719" lon="10.969515">
    <ele>1586.105</ele>
    <time>2026-07-11T14:01:32Z</time>
   </trkpt>
   <trkpt lat="47.378742" lon="10.969655">
    <ele>1586.597</ele>
    <time>2026-07-11T14:01:36Z</time>
   </trkpt>
   <trkpt lat="47.378727" lon="10.969986">
    <ele>1584.734</ele>
    <time>2026-07-11T14:01:49Z</time>
   </trkpt>
   <trkpt lat="47.378721" lon="10.970042">
    <ele>1584.625</ele>
    <time>2026-07-11T14:01:51Z</time>
   </trkpt>
   <trkpt lat="47.378758" lon="10.970636">
    <ele>1587.203</ele>
    <time>2026-07-11T14:02:06Z</time>
   </trkpt>
   <trkpt lat="47.378791" lon="10.970783">
    <ele>1587.264</ele>
    <time>2026-07-11T14:02:10Z</time>
   </trkpt>
   <trkpt lat="47.378788" lon="10.970930">
    <ele>1587.399</ele>
    <time>2026-07-11T14:02:15Z</time>
   </trkpt>
   <trkpt lat="47.378788" lon="10.971163">
    <ele>1589.018</ele>
    <time>2026-07-11T14:02:20Z</time>
   </trkpt>
   <trkpt lat="47.378823" lon="10.971288">
    <ele>1590.489</ele>
    <time>2026-07-11T14:02:23Z</time>
   </trkpt>
   <trkpt lat="47.378859" lon="10.971669">
    <ele>1589.829</ele>
    <time>2026-07-11T14:02:37Z</time>
   </trkpt>
   <trkpt lat="47.378860" lon="10.972198">
    <ele>1589.007</ele>
    <time>2026-07-11T14:02:51Z</time>
   </trkpt>
   <trkpt lat="47.378941" lon="10.972877">
    <ele>1588.712</ele>
    <time>2026-07-11T14:03:03Z</time>
   </trkpt>
   <trkpt lat="47.379256" lon="10.972682">
    <ele>1590.125</ele>
    <time>2026-07-11T14:03:10Z</time>
   </trkpt>
   <trkpt lat="47.379510" lon="10.971973">
    <ele>1585.036</ele>
    <time>2026-07-11T14:03:17Z</time>
   </trkpt>
   <trkpt lat="47.379607" lon="10.971500">
    <ele>1583.473</ele>
    <time>2026-07-11T14:03:22Z</time>
   </trkpt>
   <trkpt lat="47.379557" lon="10.971379">
    <ele>1582.759</ele>
    <time>2026-07-11T14:03:24Z</time>
   </trkpt>
   <trkpt lat="47.379607" lon="10.971499">
    <ele>1580.019</ele>
    <time>2026-07-11T14:03:29Z</time>
   </trkpt>
   <trkpt lat="47.379664" lon="10.971891">
    <ele>1577.782</ele>
    <time>2026-07-11T14:03:34Z</time>
   </trkpt>
   <trkpt lat="47.379585" lon="10.972713">
    <ele>1570.454</ele>
    <time>2026-07-11T14:03:43Z</time>
   </trkpt>
   <trkpt lat="47.379563" lon="10.972898">
    <ele>1569.313</ele>
    <time>2026-07-11T14:03:45Z</time>
   </trkpt>
   <trkpt lat="47.379573" lon="10.973304">
    <ele>1566.353</ele>
    <time>2026-07-11T14:03:50Z</time>
   </trkpt>
   <trkpt lat="47.379625" lon="10.974073">
    <ele>1561.907</ele>
    <time>2026-07-11T14:03:59Z</time>
   </trkpt>
   <trkpt lat="47.379726" lon="10.974528">
    <ele>1560.285</ele>
    <time>2026-07-11T14:04:03Z</time>
   </trkpt>
   <trkpt lat="47.379917" lon="10.974846">
    <ele>1558.857</ele>
    <time>2026-07-11T14:04:07Z</time>
   </trkpt>
   <trkpt lat="47.380208" lon="10.975312">
    <ele>1555.258</ele>
    <time>2026-07-11T14:04:14Z</time>
   </trkpt>
   <trkpt lat="47.380290" lon="10.975459">
    <ele>1554.583</ele>
    <time>2026-07-11T14:04:18Z</time>
   </trkpt>
   <trkpt lat="47.380362" lon="10.975589">
    <ele>1554.056</ele>
    <time>2026-07-11T14:04:20Z</time>
   </trkpt>
   <trkpt lat="47.380667" lon="10.975962">
    <ele>1551.837</ele>
    <time>2026-07-11T14:04:26Z</time>
   </trkpt>
   <trkpt lat="47.380797" lon="10.976209">
    <ele>1549.270</ele>
    <time>2026-07-11T14:04:29Z</time>
   </trkpt>
   <trkpt lat="47.381153" lon="10.977066">
    <ele>1538.525</ele>
    <time>2026-07-11T14:04:40Z</time>
   </trkpt>
   <trkpt lat="47.381264" lon="10.976841">
    <ele>1535.153</ele>
    <time>2026-07-11T14:04:45Z</time>
   </trkpt>
   <trkpt lat="47.381345" lon="10.976646">
    <ele>1534.216</ele>
    <time>2026-07-11T14:04:47Z</time>
   </trkpt>
   <trkpt lat="47.381513" lon="10.976406">
    <ele>1530.434</ele>
    <time>2026-07-11T14:04:50Z</time>
   </trkpt>
   <trkpt lat="47.381640" lon="10.975856">
    <ele>1525.372</ele>
    <time>2026-07-11T14:04:55Z</time>
   </trkpt>
   <trkpt lat="47.381834" lon="10.975669">
    <ele>1524.077</ele>
    <time>2026-07-11T14:04:59Z</time>
   </trkpt>
   <trkpt lat="47.382218" lon="10.975421">
    <ele>1525.957</ele>
    <time>2026-07-11T14:05:07Z</time>
   </trkpt>
   <trkpt lat="47.382727" lon="10.974768">
    <ele>1527.137</ele>
    <time>2026-07-11T14:05:19Z</time>
   </trkpt>
   <trkpt lat="47.383362" lon="10.973787">
    <ele>1524.359</ele>
    <time>2026-07-11T14:05:35Z</time>
   </trkpt>
   <trkpt lat="47.383564" lon="10.973370">
    <ele>1523.120</ele>
    <time>2026-07-11T14:05:49Z</time>
   </trkpt>
   <trkpt lat="47.383706" lon="10.973079">
    <ele>1521.642</ele>
    <time>2026-07-11T14:05:55Z</time>
   </trkpt>
   <trkpt lat="47.384030" lon="10.972678">
    <ele>1519.108</ele>
    <time>2026-07-11T14:06:02Z</time>
   </trkpt>
   <trkpt lat="47.384162" lon="10.972191">
    <ele>1518.665</ele>
    <time>2026-07-11T14:06:14Z</time>
   </trkpt>
   <trkpt lat="47.384328" lon="10.971664">
    <ele>1516.330</ele>
    <time>2026-07-11T14:06:26Z</time>
   </trkpt>
   <trkpt lat="47.384365" lon="10.971564">
    <ele>1515.400</ele>
    <time>2026-07-11T14:06:29Z</time>
   </trkpt>
   <trkpt lat="47.384627" lon="10.970855">
    <ele>1511.379</ele>
    <time>2026-07-11T14:06:42Z</time>
   </trkpt>
   <trkpt lat="47.384651" lon="10.970790">
    <ele>1510.803</ele>
    <time>2026-07-11T14:06:43Z</time>
   </trkpt>
   <trkpt lat="47.384849" lon="10.970256">
    <ele>1506.272</ele>
    <time>2026-07-11T14:06:50Z</time>
   </trkpt>
   <trkpt lat="47.384870" lon="10.969996">
    <ele>1503.564</ele>
    <time>2026-07-11T14:06:54Z</time>
   </trkpt>
   <trkpt lat="47.384870" lon="10.969947">
    <ele>1501.688</ele>
    <time>2026-07-11T14:07:01Z</time>
   </trkpt>
   <trkpt lat="47.384870" lon="10.969798">
    <ele>1500.606</ele>
    <time>2026-07-11T14:07:05Z</time>
   </trkpt>
   <trkpt lat="47.384827" lon="10.969307">
    <ele>1496.214</ele>
    <time>2026-07-11T14:07:14Z</time>
   </trkpt>
   <trkpt lat="47.384762" lon="10.968492">
    <ele>1489.018</ele>
    <time>2026-07-11T14:07:21Z</time>
   </trkpt>
   <trkpt lat="47.384741" lon="10.967866">
    <ele>1483.633</ele>
    <time>2026-07-11T14:07:27Z</time>
   </trkpt>
   <trkpt lat="47.384801" lon="10.967494">
    <ele>1480.192</ele>
    <time>2026-07-11T14:07:31Z</time>
   </trkpt>
   <trkpt lat="47.384966" lon="10.967182">
    <ele>1478.233</ele>
    <time>2026-07-11T14:07:35Z</time>
   </trkpt>
   <trkpt lat="47.385794" lon="10.966006">
    <ele>1474.600</ele>
    <time>2026-07-11T14:07:49Z</time>
   </trkpt>
   <trkpt lat="47.386322" lon="10.965093">
    <ele>1474.397</ele>
    <time>2026-07-11T14:08:00Z</time>
   </trkpt>
   <trkpt lat="47.386528" lon="10.964905">
    <ele>1474.651</ele>
    <time>2026-07-11T14:08:04Z</time>
   </trkpt>
   <trkpt lat="47.386608" lon="10.964656">
    <ele>1476.051</ele>
    <time>2026-07-11T14:08:09Z</time>
   </trkpt>
   <trkpt lat="47.386657" lon="10.964272">
    <ele>1475.508</ele>
    <time>2026-07-11T14:08:11Z</time>
   </trkpt>
   <trkpt lat="47.386902" lon="10.963992">
    <ele>1473.216</ele>
    <time>2026-07-11T14:08:17Z</time>
   </trkpt>
   <trkpt lat="47.386952" lon="10.964012">
    <ele>1473.302</ele>
    <time>2026-07-11T14:08:18Z</time>
   </trkpt>
   <trkpt lat="47.387414" lon="10.963799">
    <ele>1469.939</ele>
    <time>2026-07-11T14:08:26Z</time>
   </trkpt>
   <trkpt lat="47.387467" lon="10.963613">
    <ele>1468.778</ele>
    <time>2026-07-11T14:08:28Z</time>
   </trkpt>
   <trkpt lat="47.387534" lon="10.963448">
    <ele>1467.709</ele>
    <time>2026-07-11T14:08:30Z</time>
   </trkpt>
   <trkpt lat="47.387630" lon="10.963260">
    <ele>1466.171</ele>
    <time>2026-07-11T14:08:33Z</time>
   </trkpt>
   <trkpt lat="47.387851" lon="10.963225">
    <ele>1461.939</ele>
    <time>2026-07-11T14:08:37Z</time>
   </trkpt>
   <trkpt lat="47.388115" lon="10.963602">
    <ele>1456.836</ele>
    <time>2026-07-11T14:08:41Z</time>
   </trkpt>
   <trkpt lat="47.388494" lon="10.963776">
    <ele>1451.994</ele>
    <time>2026-07-11T14:08:45Z</time>
   </trkpt>
   <trkpt lat="47.388665" lon="10.963745">
    <ele>1449.960</ele>
    <time>2026-07-11T14:08:47Z</time>
   </trkpt>
   <trkpt lat="47.388754" lon="10.963465">
    <ele>1446.863</ele>
    <time>2026-07-11T14:08:51Z</time>
   </trkpt>
   <trkpt lat="47.388800" lon="10.963123">
    <ele>1444.506</ele>
    <time>2026-07-11T14:08:53Z</time>
   </trkpt>
   <trkpt lat="47.388955" lon="10.962923">
    <ele>1442.413</ele>
    <time>2026-07-11T14:08:55Z</time>
   </trkpt>
   <trkpt lat="47.388842" lon="10.962760">
    <ele>1434.050</ele>
    <time>2026-07-11T14:09:00Z</time>
   </trkpt>
   <trkpt lat="47.388818" lon="10.962768">
    <ele>1430.636</ele>
    <time>2026-07-11T14:09:02Z</time>
   </trkpt>
   <trkpt lat="47.388219" lon="10.962690">
    <ele>1423.682</ele>
    <time>2026-07-11T14:09:07Z</time>
   </trkpt>
   <trkpt lat="47.388222" lon="10.962368">
    <ele>1422.823</ele>
    <time>2026-07-11T14:09:12Z</time>
   </trkpt>
   <trkpt lat="47.388331" lon="10.962214">
    <ele>1419.434</ele>
    <time>2026-07-11T14:09:14Z</time>
   </trkpt>
   <trkpt lat="47.388426" lon="10.961699">
    <ele>1415.783</ele>
    <time>2026-07-11T14:09:18Z</time>
   </trkpt>
   <trkpt lat="47.388617" lon="10.961445">
    <ele>1413.427</ele>
    <time>2026-07-11T14:09:21Z</time>
   </trkpt>
   <trkpt lat="47.388748" lon="10.961171">
    <ele>1408.764</ele>
    <time>2026-07-11T14:09:23Z</time>
   </trkpt>
   <trkpt lat="47.389185" lon="10.960348">
    <ele>1399.738</ele>
    <time>2026-07-11T14:09:31Z</time>
   </trkpt>
   <trkpt lat="47.389378" lon="10.960234">
    <ele>1397.738</ele>
    <time>2026-07-11T14:09:34Z</time>
   </trkpt>
   <trkpt lat="47.389196" lon="10.959866">
    <ele>1393.899</ele>
    <time>2026-07-11T14:09:39Z</time>
   </trkpt>
   <trkpt lat="47.389130" lon="10.959689">
    <ele>1390.477</ele>
    <time>2026-07-11T14:09:41Z</time>
   </trkpt>
   <trkpt lat="47.388948" lon="10.959226">
    <ele>1386.160</ele>
    <time>2026-07-11T14:09:45Z</time>
   </trkpt>
   <trkpt lat="47.388711" lon="10.957971">
    <ele>1368.526</ele>
    <time>2026-07-11T14:09:54Z</time>
   </trkpt>
   <trkpt lat="47.388711" lon="10.957460">
    <ele>1362.982</ele>
    <time>2026-07-11T14:09:58Z</time>
   </trkpt>
   <trkpt lat="47.388650" lon="10.957109">
    <ele>1360.605</ele>
    <time>2026-07-11T14:10:01Z</time>
   </trkpt>
   <trkpt lat="47.388253" lon="10.957065">
    <ele>1352.143</ele>
    <time>2026-07-11T14:10:08Z</time>
   </trkpt>
   <trkpt lat="47.388132" lon="10.956905">
    <ele>1345.834</ele>
    <time>2026-07-11T14:10:14Z</time>
   </trkpt>
   <trkpt lat="47.388268" lon="10.956618">
    <ele>1341.262</ele>
    <time>2026-07-11T14:10:17Z</time>
   </trkpt>
   <trkpt lat="47.388505" lon="10.956119">
    <ele>1335.112</ele>
    <time>2026-07-11T14:10:22Z</time>
   </trkpt>
   <trkpt lat="47.388704" lon="10.956152">
    <ele>1330.622</ele>
    <time>2026-07-11T14:10:26Z</time>
   </trkpt>
   <trkpt lat="47.389054" lon="10.956116">
    <ele>1326.026</ele>
    <time>2026-07-11T14:10:31Z</time>
   </trkpt>
   <trkpt lat="47.389193" lon="10.955608">
    <ele>1321.240</ele>
    <time>2026-07-11T14:10:37Z</time>
   </trkpt>
   <trkpt lat="47.389042" lon="10.954946">
    <ele>1312.350</ele>
    <time>2026-07-11T14:10:42Z</time>
   </trkpt>
   <trkpt lat="47.388825" lon="10.954762">
    <ele>1306.406</ele>
    <time>2026-07-11T14:10:47Z</time>
   </trkpt>
   <trkpt lat="47.388597" lon="10.954894">
    <ele>1302.948</ele>
    <time>2026-07-11T14:10:50Z</time>
   </trkpt>
   <trkpt lat="47.388453" lon="10.954581">
    <ele>1298.959</ele>
    <time>2026-07-11T14:10:55Z</time>
   </trkpt>
   <trkpt lat="47.388544" lon="10.954109">
    <ele>1295.480</ele>
    <time>2026-07-11T14:10:59Z</time>
   </trkpt>
   <trkpt lat="47.388436" lon="10.953522">
    <ele>1290.525</ele>
    <time>2026-07-11T14:11:06Z</time>
   </trkpt>
   <trkpt lat="47.388446" lon="10.953181">
    <ele>1285.153</ele>
    <time>2026-07-11T14:11:13Z</time>
   </trkpt>
   <trkpt lat="47.388393" lon="10.952844">
    <ele>1282.553</ele>
    <time>2026-07-11T14:11:18Z</time>
   </trkpt>
   <trkpt lat="47.388398" lon="10.952432">
    <ele>1278.564</ele>
    <time>2026-07-11T14:11:24Z</time>
   </trkpt>
   <trkpt lat="47.388557" lon="10.952215">
    <ele>1276.990</ele>
    <time>2026-07-11T14:11:26Z</time>
   </trkpt>
   <trkpt lat="47.388575" lon="10.951598">
    <ele>1272.221</ele>
    <time>2026-07-11T14:11:32Z</time>
   </trkpt>
   <trkpt lat="47.388381" lon="10.951142">
    <ele>1269.724</ele>
    <time>2026-07-11T14:11:36Z</time>
   </trkpt>
   <trkpt lat="47.388275" lon="10.950912">
    <ele>1266.699</ele>
    <time>2026-07-11T14:11:38Z</time>
   </trkpt>
   <trkpt lat="47.388432" lon="10.950438">
    <ele>1260.926</ele>
    <time>2026-07-11T14:11:43Z</time>
   </trkpt>
   <trkpt lat="47.388304" lon="10.949927">
    <ele>1250.219</ele>
    <time>2026-07-11T14:11:49Z</time>
   </trkpt>
   <trkpt lat="47.388217" lon="10.949357">
    <ele>1241.744</ele>
    <time>2026-07-11T14:11:55Z</time>
   </trkpt>
   <trkpt lat="47.388410" lon="10.949145">
    <ele>1237.750</ele>
    <time>2026-07-11T14:11:58Z</time>
   </trkpt>
   <trkpt lat="47.388328" lon="10.948647">
    <ele>1231.780</ele>
    <time>2026-07-11T14:12:03Z</time>
   </trkpt>
   <trkpt lat="47.388155" lon="10.948043">
    <ele>1227.592</ele>
    <time>2026-07-11T14:12:07Z</time>
   </trkpt>
   <trkpt lat="47.388031" lon="10.947153">
    <ele>1219.996</ele>
    <time>2026-07-11T14:12:13Z</time>
   </trkpt>
   <trkpt lat="47.387960" lon="10.945668">
    <ele>1208.703</ele>
    <time>2026-07-11T14:12:24Z</time>
   </trkpt>
   <trkpt lat="47.387960" lon="10.945565">
    <ele>1205.864</ele>
    <time>2026-07-11T14:12:25Z</time>
   </trkpt>
   <trkpt lat="47.387917" lon="10.944700">
    <ele>1191.633</ele>
    <time>2026-07-11T14:12:31Z</time>
   </trkpt>
   <trkpt lat="47.387669" lon="10.943859">
    <ele>1178.536</ele>
    <time>2026-07-11T14:12:36Z</time>
   </trkpt>
   <trkpt lat="47.387326" lon="10.943109">
    <ele>1164.087</ele>
    <time>2026-07-11T14:12:41Z</time>
   </trkpt>
   <trkpt lat="47.387254" lon="10.942053">
    <ele>1148.460</ele>
    <time>2026-07-11T14:12:48Z</time>
   </trkpt>
   <trkpt lat="47.387399" lon="10.941106">
    <ele>1136.811</ele>
    <time>2026-07-11T14:12:54Z</time>
   </trkpt>
   <trkpt lat="47.387506" lon="10.940764">
    <ele>1131.271</ele>
    <time>2026-07-11T14:12:57Z</time>
   </trkpt>
   <trkpt lat="47.387509" lon="10.940246">
    <ele>1124.936</ele>
    <time>2026-07-11T14:13:01Z</time>
   </trkpt>
   <trkpt lat="47.387546" lon="10.939960">
    <ele>1121.126</ele>
    <time>2026-07-11T14:13:04Z</time>
   </trkpt>
   <trkpt lat="47.387726" lon="10.939071">
    <ele>1110.640</ele>
    <time>2026-07-11T14:13:14Z</time>
   </trkpt>
   <trkpt lat="47.387745" lon="10.938735">
    <ele>1106.894</ele>
    <time>2026-07-11T14:13:17Z</time>
   </trkpt>
   <trkpt lat="47.388175" lon="10.937426">
    <ele>1095.334</ele>
    <time>2026-07-11T14:13:27Z</time>
   </trkpt>
   <trkpt lat="47.388769" lon="10.936158">
    <ele>1084.029</ele>
    <time>2026-07-11T14:13:40Z</time>
   </trkpt>
   <trkpt lat="47.388837" lon="10.936057">
    <ele>1083.310</ele>
    <time>2026-07-11T14:13:41Z</time>
   </trkpt>
   <trkpt lat="47.389803" lon="10.934734">
    <ele>1068.490</ele>
    <time>2026-07-11T14:13:52Z</time>
   </trkpt>
   <trkpt lat="47.390535" lon="10.933329">
    <ele>1054.658</ele>
    <time>2026-07-11T14:14:01Z</time>
   </trkpt>
   <trkpt lat="47.391035" lon="10.932094">
    <ele>1044.525</ele>
    <time>2026-07-11T14:14:10Z</time>
   </trkpt>
   <trkpt lat="47.391072" lon="10.932010">
    <ele>1043.611</ele>
    <time>2026-07-11T14:14:11Z</time>
   </trkpt>
   <trkpt lat="47.391274" lon="10.932065">
    <ele>1040.016</ele>
    <time>2026-07-11T14:14:16Z</time>
   </trkpt>
   <trkpt lat="47.391600" lon="10.932377">
    <ele>1039.296</ele>
    <time>2026-07-11T14:14:21Z</time>
   </trkpt>
   <trkpt lat="47.392116" lon="10.932296">
    <ele>1035.127</ele>
    <time>2026-07-11T14:14:28Z</time>
   </trkpt>
   <trkpt lat="47.392294" lon="10.931982">
    <ele>1033.154</ele>
    <time>2026-07-11T14:14:31Z</time>
   </trkpt>
   <trkpt lat="47.392670" lon="10.930775">
    <ele>1030.634</ele>
    <time>2026-07-11T14:14:41Z</time>
   </trkpt>
   <trkpt lat="47.392564" lon="10.931272">
    <ele>1028.868</ele>
    <time>2026-07-11T14:14:49Z</time>
   </trkpt>
   <trkpt lat="47.393067" lon="10.928972">
    <ele>1024.342</ele>
    <time>2026-07-11T14:14:59Z</time>
   </trkpt>
   <trkpt lat="47.393300" lon="10.928104">
    <ele>1021.848</ele>
    <time>2026-07-11T14:15:05Z</time>
   </trkpt>
   <trkpt lat="47.393613" lon="10.927686">
    <ele>1020.521</ele>
    <time>2026-07-11T14:15:10Z</time>
   </trkpt>
   <trkpt lat="47.394083" lon="10.927079">
    <ele>1019.069</ele>
    <time>2026-07-11T14:15:19Z</time>
   </trkpt>
   <trkpt lat="47.394916" lon="10.926579">
    <ele>1016.645</ele>
    <time>2026-07-11T14:15:30Z</time>
   </trkpt>
   <trkpt lat="47.395111" lon="10.926142">
    <ele>1014.945</ele>
    <time>2026-07-11T14:15:35Z</time>
   </trkpt>
   <trkpt lat="47.395377" lon="10.924067">
    <ele>1008.414</ele>
    <time>2026-07-11T14:15:52Z</time>
   </trkpt>
   <trkpt lat="47.395449" lon="10.923843">
    <ele>1007.669</ele>
    <time>2026-07-11T14:15:54Z</time>
   </trkpt>
   <trkpt lat="47.395729" lon="10.923383">
    <ele>1005.993</ele>
    <time>2026-07-11T14:15:59Z</time>
   </trkpt>
   <trkpt lat="47.396785" lon="10.922338">
    <ele>1000.301</ele>
    <time>2026-07-11T14:16:13Z</time>
   </trkpt>
   <trkpt lat="47.397545" lon="10.921442">
    <ele>996.601</ele>
    <time>2026-07-11T14:16:24Z</time>
   </trkpt>
   <trkpt lat="47.397610" lon="10.921369">
    <ele>995.901</ele>
    <time>2026-07-11T14:16:25Z</time>
   </trkpt>
   <trkpt lat="47.398250" lon="10.920291">
    <ele>992.012</ele>
    <time>2026-07-11T14:16:38Z</time>
   </trkpt>
   <trkpt lat="47.399013" lon="10.919026">
    <ele>987.978</ele>
    <time>2026-07-11T14:16:52Z</time>
   </trkpt>
   <trkpt lat="47.399151" lon="10.918777">
    <ele>987.744</ele>
    <time>2026-07-11T14:16:59Z</time>
   </trkpt>
   <trkpt lat="47.399178" lon="10.918724">
    <ele>987.534</ele>
    <time>2026-07-11T14:17:01Z</time>
   </trkpt>
   <trkpt lat="47.399330" lon="10.918420">
    <ele>988.202</ele>
    <time>2026-07-11T14:17:11Z</time>
   </trkpt>
   <trkpt lat="47.399362" lon="10.918356">
    <ele>987.074</ele>
    <time>2026-07-11T14:17:13Z</time>
   </trkpt>
   <trkpt lat="47.399503" lon="10.918201">
    <ele>986.165</ele>
    <time>2026-07-11T14:17:17Z</time>
   </trkpt>
   <trkpt lat="47.399800" lon="10.918192">
    <ele>985.249</ele>
    <time>2026-07-11T14:17:23Z</time>
   </trkpt>
   <trkpt lat="47.399935" lon="10.918293">
    <ele>985.154</ele>
    <time>2026-07-11T14:17:26Z</time>
   </trkpt>
   <trkpt lat="47.399976" lon="10.918329">
    <ele>983.496</ele>
    <time>2026-07-11T14:17:30Z</time>
   </trkpt>
   <trkpt lat="47.400078" lon="10.917476">
    <ele>978.133</ele>
    <time>2026-07-11T14:17:36Z</time>
   </trkpt>
   <trkpt lat="47.400212" lon="10.916986">
    <ele>975.063</ele>
    <time>2026-07-11T14:17:40Z</time>
   </trkpt>
   <trkpt lat="47.400408" lon="10.916531">
    <ele>970.352</ele>
    <time>2026-07-11T14:17:44Z</time>
   </trkpt>
   <trkpt lat="47.400563" lon="10.916173">
    <ele>967.054</ele>
    <time>2026-07-11T14:17:47Z</time>
   </trkpt>
   <trkpt lat="47.400904" lon="10.915672">
    <ele>964.246</ele>
    <time>2026-07-11T14:17:52Z</time>
   </trkpt>
   <trkpt lat="47.401116" lon="10.915430">
    <ele>964.169</ele>
    <time>2026-07-11T14:17:55Z</time>
   </trkpt>
   <trkpt lat="47.401382" lon="10.915406">
    <ele>964.087</ele>
    <time>2026-07-11T14:17:59Z</time>
   </trkpt>
   <trkpt lat="47.402051" lon="10.915590">
    <ele>964.151</ele>
    <time>2026-07-11T14:18:10Z</time>
   </trkpt>
   <trkpt lat="47.402309" lon="10.915279">
    <ele>965.235</ele>
    <time>2026-07-11T14:18:18Z</time>
   </trkpt>
   <trkpt lat="47.402732" lon="10.913524">
    <ele>962.477</ele>
    <time>2026-07-11T14:18:40Z</time>
   </trkpt>
   <trkpt lat="47.403164" lon="10.911703">
    <ele>960.907</ele>
    <time>2026-07-11T14:19:04Z</time>
   </trkpt>
   <trkpt lat="47.403243" lon="10.911187">
    <ele>960.621</ele>
    <time>2026-07-11T14:19:11Z</time>
   </trkpt>
   <trkpt lat="47.403362" lon="10.910812">
    <ele>960.773</ele>
    <time>2026-07-11T14:19:16Z</time>
   </trkpt>
   <trkpt lat="47.403494" lon="10.910767">
    <ele>960.586</ele>
    <time>2026-07-11T14:19:20Z</time>
   </trkpt>
   <trkpt lat="47.403592" lon="10.910783">
    <ele>960.374</ele>
    <time>2026-07-11T14:19:22Z</time>
   </trkpt>
   <trkpt lat="47.404289" lon="10.910891">
    <ele>960.236</ele>
    <time>2026-07-11T14:19:34Z</time>
   </trkpt>
   <trkpt lat="47.404457" lon="10.910623">
    <ele>960.070</ele>
    <time>2026-07-11T14:19:39Z</time>
   </trkpt>
   <trkpt lat="47.404865" lon="10.908805">
    <ele>961.063</ele>
    <time>2026-07-11T14:20:01Z</time>
   </trkpt>
   <trkpt lat="47.405004" lon="10.908789">
    <ele>961.222</ele>
    <time>2026-07-11T14:20:05Z</time>
   </trkpt>
   <trkpt lat="47.406115" lon="10.909882">
    <ele>963.214</ele>
    <time>2026-07-11T14:20:31Z</time>
   </trkpt>
   <trkpt lat="47.406857" lon="10.910946">
    <ele>962.909</ele>
    <time>2026-07-11T14:20:52Z</time>
   </trkpt>
   <trkpt lat="47.407401" lon="10.911806">
    <ele>964.389</ele>
    <time>2026-07-11T14:21:10Z</time>
   </trkpt>
   <trkpt lat="47.407594" lon="10.912305">
    <ele>965.225</ele>
    <time>2026-07-11T14:21:22Z</time>
   </trkpt>
   <trkpt lat="47.407594" lon="10.912350">
    <ele>965.375</ele>
    <time>2026-07-11T14:21:23Z</time>
   </trkpt>
   <trkpt lat="47.407776" lon="10.912463">
    <ele>965.707</ele>
    <time>2026-07-11T14:21:28Z</time>
   </trkpt>
   <trkpt lat="47.408347" lon="10.913129">
    <ele>970.029</ele>
    <time>2026-07-11T14:21:44Z</time>
   </trkpt>
   <trkpt lat="47.408795" lon="10.913565">
    <ele>974.600</ele>
    <time>2026-07-11T14:22:03Z</time>
   </trkpt>
   <trkpt lat="47.409320" lon="10.913690">
    <ele>975.138</ele>
    <time>2026-07-11T14:22:16Z</time>
   </trkpt>
   <trkpt lat="47.409418" lon="10.913575">
    <ele>974.764</ele>
    <time>2026-07-11T14:22:21Z</time>
   </trkpt>
   <trkpt lat="47.409418" lon="10.913565">
    <ele>975.246</ele>
    <time>2026-07-11T14:22:25Z</time>
   </trkpt>
   <trkpt lat="47.409418" lon="10.913565">
    <ele>976.235</ele>
    <time>2026-07-11T14:22:52Z</time>
   </trkpt>
  </trkseg>
 </trk>
</gpx>
