<?xml version="1.0" encoding="UTF-8" standalone="no" ?>
<gpx xmlns="http://www.topografix.com/GPX/1/1" creator="" version="1.1" xmlns:xsi="http://www.w3.org/2001/XMLSchema-instance" xsi:schemaLocation="http://www.topografix.com/GPX/1/1 http://www.topografix.com/GPX/1/1/gpx.xsd">
 <trk>
  <name>ACTIVE LOG233228</name>
  <trkseg>
   <trkpt lat="47.328941" lon="12.816937">
    <ele>734.583</ele>
    <time>2026-06-25T06:32:28Z</time>
   </trkpt>
   <trkpt lat="47.329121" lon="12.816960">
    <ele>776.306</ele>
    <time>2026-06-25T06:32:33Z</time>
   </trkpt>
   <trkpt lat="47.329764" lon="12.816952">
    <ele>773.214</ele>
    <time>2026-06-25T06:32:53Z</time>
   </trkpt>
   <trkpt lat="47.329764" lon="12.816952">
    <ele>770.092</ele>
    <time>2026-06-25T06:33:20Z</time>
   </trkpt>
   <trkpt lat="47.329898" lon="12.816804">
    <ele>773.162</ele>
    <time>2026-06-25T06:33:27Z</time>
   </trkpt>
   <trkpt lat="47.330387" lon="12.816027">
    <ele>770.459</ele>
    <time>2026-06-25T06:33:40Z</time>
   </trkpt>
   <trkpt lat="47.330533" lon="12.815783">
    <ele>769.200</ele>
    <time>2026-06-25T06:33:43Z</time>
   </trkpt>
   <trkpt lat="47.331226" lon="12.815287">
    <ele>765.242</ele>
    <time>2026-06-25T06:33:52Z</time>
   </trkpt>
   <trkpt lat="47.332801" lon="12.815363">
    <ele>759.246</ele>
    <time>2026-06-25T06:34:10Z</time>
   </trkpt>
   <trkpt lat="47.334187" lon="12.815466">
    <ele>758.500</ele>
    <time>2026-06-25T06:34:26Z</time>
   </trkpt>
   <trkpt lat="47.335317" lon="12.815456">
    <ele>757.660</ele>
    <time>2026-06-25T06:34:41Z</time>
   </trkpt>
   <trkpt lat="47.336577" lon="12.815487">
    <ele>757.493</ele>
    <time>2026-06-25T06:34:59Z</time>
   </trkpt>
   <trkpt lat="47.336835" lon="12.815418">
    <ele>757.141</ele>
    <time>2026-06-25T06:35:03Z</time>
   </trkpt>
   <trkpt lat="47.337737" lon="12.814791">
    <ele>757.638</ele>
    <time>2026-06-25T06:35:17Z</time>
   </trkpt>
   <trkpt lat="47.338268" lon="12.813881">
    <ele>756.917</ele>
    <time>2026-06-25T06:35:29Z</time>
   </trkpt>
   <trkpt lat="47.338607" lon="12.813191">
    <ele>757.091</ele>
    <time>2026-06-25T06:35:39Z</time>
   </trkpt>
   <trkpt lat="47.338607" lon="12.813191">
    <ele>757.152</ele>
    <time>2026-06-25T06:35:45Z</time>
   </trkpt>
   <trkpt lat="47.338744" lon="12.812874">
    <ele>756.382</ele>
    <time>2026-06-25T06:35:52Z</time>
   </trkpt>
   <trkpt lat="47.338677" lon="12.812715">
    <ele>755.936</ele>
    <time>2026-06-25T06:35:55Z</time>
   </trkpt>
   <trkpt lat="47.338586" lon="12.812609">
    <ele>755.963</ele>
    <time>2026-06-25T06:35:57Z</time>
   </trkpt>
   <trkpt lat="47.338457" lon="12.812376">
    <ele>756.811</ele>
    <time>2026-06-25T06:36:01Z</time>
   </trkpt>
   <trkpt lat="47.338701" lon="12.811907">
    <ele>756.541</ele>
    <time>2026-06-25T06:36:07Z</time>
   </trkpt>
   <trkpt lat="47.338898" lon="12.811418">
    <ele>756.888</ele>
    <time>2026-06-25T06:36:14Z</time>
   </trkpt>
   <trkpt lat="47.338991" lon="12.810774">
    <ele>757.274</ele>
    <time>2026-06-25T06:36:22Z</time>
   </trkpt>
   <trkpt lat="47.339032" lon="12.810481">
    <ele>757.630</ele>
    <time>2026-06-25T06:36:30Z</time>
   </trkpt>
   <trkpt lat="47.339032" lon="12.810481">
    <ele>757.928</ele>
    <time>2026-06-25T06:37:01Z</time>
   </trkpt>
   <trkpt lat="47.339081" lon="12.810238">
    <ele>757.498</ele>
    <time>2026-06-25T06:37:06Z</time>
   </trkpt>
   <trkpt lat="47.339108" lon="12.810045">
    <ele>757.065</ele>
    <time>2026-06-25T06:37:09Z</time>
   </trkpt>
   <trkpt lat="47.339142" lon="12.809574">
    <ele>758.112</ele>
    <time>2026-06-25T06:37:15Z</time>
   </trkpt>
   <trkpt lat="47.339129" lon="12.809349">
    <ele>757.584</ele>
    <time>2026-06-25T06:37:18Z</time>
   </trkpt>
   <trkpt lat="47.339183" lon="12.808944">
    <ele>757.139</ele>
    <time>2026-06-25T06:37:23Z</time>
   </trkpt>
   <trkpt lat="47.339259" lon="12.808433">
    <ele>757.602</ele>
    <time>2026-06-25T06:37:29Z</time>
   </trkpt>
   <trkpt lat="47.339323" lon="12.807867">
    <ele>758.653</ele>
    <time>2026-06-25T06:37:36Z</time>
   </trkpt>
   <trkpt lat="47.339349" lon="12.807526">
    <ele>758.607</ele>
    <time>2026-06-25T06:37:40Z</time>
   </trkpt>
   <trkpt lat="47.339696" lon="12.807097">
    <ele>759.324</ele>
    <time>2026-06-25T06:37:48Z</time>
   </trkpt>
   <trkpt lat="47.339748" lon="12.806975">
    <ele>757.819</ele>
    <time>2026-06-25T06:37:53Z</time>
   </trkpt>
   <trkpt lat="47.339757" lon="12.806723">
    <ele>757.767</ele>
    <time>2026-06-25T06:37:57Z</time>
   </trkpt>
   <trkpt lat="47.339748" lon="12.805496">
    <ele>758.303</ele>
    <time>2026-06-25T06:38:12Z</time>
   </trkpt>
   <trkpt lat="47.339732" lon="12.805333">
    <ele>758.447</ele>
    <time>2026-06-25T06:38:14Z</time>
   </trkpt>
   <trkpt lat="47.339720" lon="12.805202">
    <ele>758.843</ele>
    <time>2026-06-25T06:38:16Z</time>
   </trkpt>
   <trkpt lat="47.339891" lon="12.805048">
    <ele>759.020</ele>
    <time>2026-06-25T06:38:20Z</time>
   </trkpt>
   <trkpt lat="47.340324" lon="12.805120">
    <ele>762.414</ele>
    <time>2026-06-25T06:38:32Z</time>
   </trkpt>
   <trkpt lat="47.340535" lon="12.805157">
    <ele>762.047</ele>
    <time>2026-06-25T06:38:49Z</time>
   </trkpt>
   <trkpt lat="47.340685" lon="12.805184">
    <ele>762.373</ele>
    <time>2026-06-25T06:38:52Z</time>
   </trkpt>
   <trkpt lat="47.341649" lon="12.805348">
    <ele>764.216</ele>
    <time>2026-06-25T06:39:10Z</time>
   </trkpt>
   <trkpt lat="47.341783" lon="12.805359">
    <ele>763.959</ele>
    <time>2026-06-25T06:39:15Z</time>
   </trkpt>
   <trkpt lat="47.341934" lon="12.805133">
    <ele>764.005</ele>
    <time>2026-06-25T06:39:17Z</time>
   </trkpt>
   <trkpt lat="47.342048" lon="12.805076">
    <ele>763.482</ele>
    <time>2026-06-25T06:39:19Z</time>
   </trkpt>
   <trkpt lat="47.342381" lon="12.805059">
    <ele>761.637</ele>
    <time>2026-06-25T06:39:26Z</time>
   </trkpt>
   <trkpt lat="47.342593" lon="12.804808">
    <ele>762.144</ele>
    <time>2026-06-25T06:39:33Z</time>
   </trkpt>
   <trkpt lat="47.342697" lon="12.804755">
    <ele>761.967</ele>
    <time>2026-06-25T06:39:35Z</time>
   </trkpt>
   <trkpt lat="47.342834" lon="12.804781">
    <ele>762.405</ele>
    <time>2026-06-25T06:39:38Z</time>
   </trkpt>
   <trkpt lat="47.343045" lon="12.804987">
    <ele>763.867</ele>
    <time>2026-06-25T06:39:42Z</time>
   </trkpt>
   <trkpt lat="47.343104" lon="12.805141">
    <ele>764.465</ele>
    <time>2026-06-25T06:39:44Z</time>
   </trkpt>
   <trkpt lat="47.343564" lon="12.805322">
    <ele>764.123</ele>
    <time>2026-06-25T06:39:53Z</time>
   </trkpt>
   <trkpt lat="47.344829" lon="12.804984">
    <ele>767.480</ele>
    <time>2026-06-25T06:40:17Z</time>
   </trkpt>
   <trkpt lat="47.346376" lon="12.805019">
    <ele>767.648</ele>
    <time>2026-06-25T06:40:45Z</time>
   </trkpt>
   <trkpt lat="47.347829" lon="12.805094">
    <ele>768.568</ele>
    <time>2026-06-25T06:41:12Z</time>
   </trkpt>
   <trkpt lat="47.349016" lon="12.805166">
    <ele>769.851</ele>
    <time>2026-06-25T06:41:34Z</time>
   </trkpt>
   <trkpt lat="47.349466" lon="12.805183">
    <ele>770.057</ele>
    <time>2026-06-25T06:41:42Z</time>
   </trkpt>
   <trkpt lat="47.349626" lon="12.805175">
    <ele>769.235</ele>
    <time>2026-06-25T06:41:45Z</time>
   </trkpt>
   <trkpt lat="47.350304" lon="12.805269">
    <ele>770.279</ele>
    <time>2026-06-25T06:41:58Z</time>
   </trkpt>
   <trkpt lat="47.350551" lon="12.805477">
    <ele>770.699</ele>
    <time>2026-06-25T06:42:03Z</time>
   </trkpt>
   <trkpt lat="47.351318" lon="12.806484">
    <ele>768.339</ele>
    <time>2026-06-25T06:42:21Z</time>
   </trkpt>
   <trkpt lat="47.351701" lon="12.806995">
    <ele>768.002</ele>
    <time>2026-06-25T06:42:30Z</time>
   </trkpt>
   <trkpt lat="47.352336" lon="12.807182">
    <ele>767.494</ele>
    <time>2026-06-25T06:42:42Z</time>
   </trkpt>
   <trkpt lat="47.353512" lon="12.807670">
    <ele>770.398</ele>
    <time>2026-06-25T06:43:05Z</time>
   </trkpt>
   <trkpt lat="47.354525" lon="12.808078">
    <ele>771.451</ele>
    <time>2026-06-25T06:43:24Z</time>
   </trkpt>
   <trkpt lat="47.355065" lon="12.808192">
    <ele>770.216</ele>
    <time>2026-06-25T06:43:34Z</time>
   </trkpt>
   <trkpt lat="47.355211" lon="12.808373">
    <ele>768.483</ele>
    <time>2026-06-25T06:43:37Z</time>
   </trkpt>
   <trkpt lat="47.355333" lon="12.808214">
    <ele>765.752</ele>
    <time>2026-06-25T06:43:41Z</time>
   </trkpt>
   <trkpt lat="47.355444" lon="12.808052">
    <ele>764.846</ele>
    <time>2026-06-25T06:43:43Z</time>
   </trkpt>
   <trkpt lat="47.355744" lon="12.807969">
    <ele>768.567</ele>
    <time>2026-06-25T06:43:49Z</time>
   </trkpt>
   <trkpt lat="47.356447" lon="12.807999">
    <ele>772.320</ele>
    <time>2026-06-25T06:44:08Z</time>
   </trkpt>
   <trkpt lat="47.357050" lon="12.808019">
    <ele>772.822</ele>
    <time>2026-06-25T06:44:21Z</time>
   </trkpt>
   <trkpt lat="47.358117" lon="12.808105">
    <ele>774.282</ele>
    <time>2026-06-25T06:44:42Z</time>
   </trkpt>
   <trkpt lat="47.359026" lon="12.807934">
    <ele>774.685</ele>
    <time>2026-06-25T06:44:58Z</time>
   </trkpt>
   <trkpt lat="47.359995" lon="12.807854">
    <ele>775.878</ele>
    <time>2026-06-25T06:45:14Z</time>
   </trkpt>
   <trkpt lat="47.360397" lon="12.807945">
    <ele>774.894</ele>
    <time>2026-06-25T06:45:20Z</time>
   </trkpt>
   <trkpt lat="47.360567" lon="12.808001">
    <ele>774.633</ele>
    <time>2026-06-25T06:45:23Z</time>
   </trkpt>
   <trkpt lat="47.360687" lon="12.807999">
    <ele>774.638</ele>
    <time>2026-06-25T06:45:28Z</time>
   </trkpt>
   <trkpt lat="47.361917" lon="12.808612">
    <ele>774.466</ele>
    <time>2026-06-25T06:45:46Z</time>
   </trkpt>
   <trkpt lat="47.362512" lon="12.809496">
    <ele>773.747</ele>
    <time>2026-06-25T06:45:58Z</time>
   </trkpt>
   <trkpt lat="47.363347" lon="12.810846">
    <ele>770.817</ele>
    <time>2026-06-25T06:46:16Z</time>
   </trkpt>
   <trkpt lat="47.363802" lon="12.812160">
    <ele>768.881</ele>
    <time>2026-06-25T06:46:31Z</time>
   </trkpt>
   <trkpt lat="47.363972" lon="12.813123">
    <ele>766.894</ele>
    <time>2026-06-25T06:46:41Z</time>
   </trkpt>
   <trkpt lat="47.364147" lon="12.814216">
    <ele>766.674</ele>
    <time>2026-06-25T06:46:53Z</time>
   </trkpt>
   <trkpt lat="47.364403" lon="12.815895">
    <ele>765.382</ele>
    <time>2026-06-25T06:47:14Z</time>
   </trkpt>
   <trkpt lat="47.364411" lon="12.815947">
    <ele>764.926</ele>
    <time>2026-06-25T06:47:21Z</time>
   </trkpt>
   <trkpt lat="47.364467" lon="12.816315">
    <ele>764.835</ele>
    <time>2026-06-25T06:48:19Z</time>
   </trkpt>
   <trkpt lat="47.364678" lon="12.817698">
    <ele>762.962</ele>
    <time>2026-06-25T06:48:39Z</time>
   </trkpt>
   <trkpt lat="47.364871" lon="12.817835">
    <ele>762.871</ele>
    <time>2026-06-25T06:48:43Z</time>
   </trkpt>
   <trkpt lat="47.365629" lon="12.818387">
    <ele>762.360</ele>
    <time>2026-06-25T06:48:58Z</time>
   </trkpt>
   <trkpt lat="47.365987" lon="12.818712">
    <ele>762.309</ele>
    <time>2026-06-25T06:49:05Z</time>
   </trkpt>
   <trkpt lat="47.366547" lon="12.819218">
    <ele>763.902</ele>
    <time>2026-06-25T06:49:20Z</time>
   </trkpt>
   <trkpt lat="47.367280" lon="12.819899">
    <ele>760.265</ele>
    <time>2026-06-25T06:49:35Z</time>
   </trkpt>
   <trkpt lat="47.368817" lon="12.821496">
    <ele>757.840</ele>
    <time>2026-06-25T06:50:00Z</time>
   </trkpt>
   <trkpt lat="47.370008" lon="12.822719">
    <ele>757.521</ele>
    <time>2026-06-25T06:50:22Z</time>
   </trkpt>
   <trkpt lat="47.370122" lon="12.823027">
    <ele>757.182</ele>
    <time>2026-06-25T06:50:26Z</time>
   </trkpt>
   <trkpt lat="47.370172" lon="12.823197">
    <ele>757.260</ele>
    <time>2026-06-25T06:50:28Z</time>
   </trkpt>
   <trkpt lat="47.370427" lon="12.824278">
    <ele>756.280</ele>
    <time>2026-06-25T06:50:40Z</time>
   </trkpt>
   <trkpt lat="47.370507" lon="12.824557">
    <ele>756.294</ele>
    <time>2026-06-25T06:50:43Z</time>
   </trkpt>
   <trkpt lat="47.370865" lon="12.824721">
    <ele>756.336</ele>
    <time>2026-06-25T06:50:50Z</time>
   </trkpt>
   <trkpt lat="47.371105" lon="12.824833">
    <ele>755.308</ele>
    <time>2026-06-25T06:50:54Z</time>
   </trkpt>
   <trkpt lat="47.371346" lon="12.825050">
    <ele>753.568</ele>
    <time>2026-06-25T06:50:58Z</time>
   </trkpt>
   <trkpt lat="47.371444" lon="12.825160">
    <ele>753.546</ele>
    <time>2026-06-25T06:51:00Z</time>
   </trkpt>
   <trkpt lat="47.371689" lon="12.825326">
    <ele>753.223</ele>
    <time>2026-06-25T06:51:04Z</time>
   </trkpt>
   <trkpt lat="47.371820" lon="12.825362">
    <ele>752.795</ele>
    <time>2026-06-25T06:51:06Z</time>
   </trkpt>
   <trkpt lat="47.372462" lon="12.825356">
    <ele>753.020</ele>
    <time>2026-06-25T06:51:15Z</time>
   </trkpt>
   <trkpt lat="47.372862" lon="12.825336">
    <ele>754.296</ele>
    <time>2026-06-25T06:51:21Z</time>
   </trkpt>
   <trkpt lat="47.373610" lon="12.825689">
    <ele>756.557</ele>
    <time>2026-06-25T06:51:38Z</time>
   </trkpt>
   <trkpt lat="47.373656" lon="12.825742">
    <ele>756.535</ele>
    <time>2026-06-25T06:51:39Z</time>
   </trkpt>
   <trkpt lat="47.373793" lon="12.825933">
    <ele>755.299</ele>
    <time>2026-06-25T06:51:42Z</time>
   </trkpt>
   <trkpt lat="47.374075" lon="12.826450">
    <ele>754.624</ele>
    <time>2026-06-25T06:51:48Z</time>
   </trkpt>
   <trkpt lat="47.374446" lon="12.826701">
    <ele>756.689</ele>
    <time>2026-06-25T06:51:55Z</time>
   </trkpt>
   <trkpt lat="47.374707" lon="12.826858">
    <ele>761.907</ele>
    <time>2026-06-25T06:52:07Z</time>
   </trkpt>
   <trkpt lat="47.374954" lon="12.827085">
    <ele>763.583</ele>
    <time>2026-06-25T06:52:17Z</time>
   </trkpt>
   <trkpt lat="47.375179" lon="12.827301">
    <ele>762.998</ele>
    <time>2026-06-25T06:52:25Z</time>
   </trkpt>
   <trkpt lat="47.375397" lon="12.827502">
    <ele>763.011</ele>
    <time>2026-06-25T06:52:32Z</time>
   </trkpt>
   <trkpt lat="47.375714" lon="12.827775">
    <ele>765.067</ele>
    <time>2026-06-25T06:52:41Z</time>
   </trkpt>
   <trkpt lat="47.376071" lon="12.828082">
    <ele>767.339</ele>
    <time>2026-06-25T06:52:56Z</time>
   </trkpt>
   <trkpt lat="47.376282" lon="12.828253">
    <ele>767.404</ele>
    <time>2026-06-25T06:53:06Z</time>
   </trkpt>
   <trkpt lat="47.376519" lon="12.828445">
    <ele>768.150</ele>
    <time>2026-06-25T06:53:17Z</time>
   </trkpt>
   <trkpt lat="47.376765" lon="12.828645">
    <ele>770.521</ele>
    <time>2026-06-25T06:53:30Z</time>
   </trkpt>
   <trkpt lat="47.376966" lon="12.828864">
    <ele>773.046</ele>
    <time>2026-06-25T06:53:41Z</time>
   </trkpt>
   <trkpt lat="47.377261" lon="12.829438">
    <ele>774.674</ele>
    <time>2026-06-25T06:54:00Z</time>
   </trkpt>
   <trkpt lat="47.377376" lon="12.829671">
    <ele>773.861</ele>
    <time>2026-06-25T06:54:06Z</time>
   </trkpt>
   <trkpt lat="47.377573" lon="12.829886">
    <ele>772.573</ele>
    <time>2026-06-25T06:54:13Z</time>
   </trkpt>
   <trkpt lat="47.378282" lon="12.830393">
    <ele>768.211</ele>
    <time>2026-06-25T06:54:26Z</time>
   </trkpt>
   <trkpt lat="47.378583" lon="12.830572">
    <ele>765.806</ele>
    <time>2026-06-25T06:54:30Z</time>
   </trkpt>
   <trkpt lat="47.379076" lon="12.831194">
    <ele>762.296</ele>
    <time>2026-06-25T06:54:37Z</time>
   </trkpt>
   <trkpt lat="47.379656" lon="12.832010">
    <ele>758.753</ele>
    <time>2026-06-25T06:54:45Z</time>
   </trkpt>
   <trkpt lat="47.380197" lon="12.832235">
    <ele>760.637</ele>
    <time>2026-06-25T06:54:53Z</time>
   </trkpt>
   <trkpt lat="47.381209" lon="12.831890">
    <ele>762.605</ele>
    <time>2026-06-25T06:55:08Z</time>
   </trkpt>
   <trkpt lat="47.381524" lon="12.832036">
    <ele>764.456</ele>
    <time>2026-06-25T06:55:14Z</time>
   </trkpt>
   <trkpt lat="47.381862" lon="12.832437">
    <ele>767.802</ele>
    <time>2026-06-25T06:55:28Z</time>
   </trkpt>
   <trkpt lat="47.382153" lon="12.832784">
    <ele>769.760</ele>
    <time>2026-06-25T06:55:43Z</time>
   </trkpt>
   <trkpt lat="47.382114" lon="12.832795">
    <ele>769.427</ele>
    <time>2026-06-25T06:55:52Z</time>
   </trkpt>
   <trkpt lat="47.382123" lon="12.832800">
    <ele>769.257</ele>
    <time>2026-06-25T06:56:14Z</time>
   </trkpt>
   <trkpt lat="47.382387" lon="12.832934">
    <ele>772.632</ele>
    <time>2026-06-25T06:56:24Z</time>
   </trkpt>
   <trkpt lat="47.382725" lon="12.833007">
    <ele>775.955</ele>
    <time>2026-06-25T06:56:39Z</time>
   </trkpt>
   <trkpt lat="47.382843" lon="12.833327">
    <ele>774.846</ele>
    <time>2026-06-25T06:56:47Z</time>
   </trkpt>
   <trkpt lat="47.383254" lon="12.834445">
    <ele>774.983</ele>
    <time>2026-06-25T06:57:06Z</time>
   </trkpt>
   <trkpt lat="47.383638" lon="12.835315">
    <ele>777.972</ele>
    <time>2026-06-25T06:57:26Z</time>
   </trkpt>
   <trkpt lat="47.384028" lon="12.836009">
    <ele>778.876</ele>
    <time>2026-06-25T06:57:47Z</time>
   </trkpt>
   <trkpt lat="47.384109" lon="12.836082">
    <ele>778.838</ele>
    <time>2026-06-25T06:57:49Z</time>
   </trkpt>
   <trkpt lat="47.384244" lon="12.836280">
    <ele>777.971</ele>
    <time>2026-06-25T06:57:53Z</time>
   </trkpt>
   <trkpt lat="47.384581" lon="12.836681">
    <ele>775.670</ele>
    <time>2026-06-25T06:58:01Z</time>
   </trkpt>
   <trkpt lat="47.384677" lon="12.836602">
    <ele>773.661</ele>
    <time>2026-06-25T06:58:06Z</time>
   </trkpt>
   <trkpt lat="47.384691" lon="12.836390">
    <ele>772.525</ele>
    <time>2026-06-25T06:58:08Z</time>
   </trkpt>
   <trkpt lat="47.385102" lon="12.835002">
    <ele>762.239</ele>
    <time>2026-06-25T06:58:19Z</time>
   </trkpt>
   <trkpt lat="47.385959" lon="12.832185">
    <ele>747.326</ele>
    <time>2026-06-25T06:58:36Z</time>
   </trkpt>
   <trkpt lat="47.386491" lon="12.830505">
    <ele>746.377</ele>
    <time>2026-06-25T06:58:49Z</time>
   </trkpt>
   <trkpt lat="47.386994" lon="12.829628">
    <ele>747.740</ele>
    <time>2026-06-25T06:59:02Z</time>
   </trkpt>
   <trkpt lat="47.387281" lon="12.829249">
    <ele>746.914</ele>
    <time>2026-06-25T06:59:07Z</time>
   </trkpt>
   <trkpt lat="47.388317" lon="12.828687">
    <ele>747.621</ele>
    <time>2026-06-25T06:59:24Z</time>
   </trkpt>
   <trkpt lat="47.388724" lon="12.828436">
    <ele>747.583</ele>
    <time>2026-06-25T06:59:35Z</time>
   </trkpt>
  </trkseg>
 </trk>
 <trk>
  <name>ACTIVE LOG000054</name>
  <trkseg>
   <trkpt lat="47.388724" lon="12.828436">
    <ele>747.460</ele>
    <time>2026-06-25T07:00:54Z</time>
   </trkpt>
   <trkpt lat="47.388724" lon="12.828436">
    <ele>747.568</ele>
    <time>2026-06-25T07:01:40Z</time>
   </trkpt>
   <trkpt lat="47.388770" lon="12.828408">
    <ele>747.460</ele>
    <time>2026-06-25T07:01:42Z</time>
   </trkpt>
   <trkpt lat="47.389043" lon="12.828202">
    <ele>747.941</ele>
    <time>2026-06-25T07:01:53Z</time>
   </trkpt>
   <trkpt lat="47.389209" lon="12.828077">
    <ele>747.967</ele>
    <time>2026-06-25T07:02:08Z</time>
   </trkpt>
   <trkpt lat="47.389558" lon="12.827812">
    <ele>748.654</ele>
    <time>2026-06-25T07:02:19Z</time>
   </trkpt>
   <trkpt lat="47.389812" lon="12.827899">
    <ele>748.425</ele>
    <time>2026-06-25T07:02:24Z</time>
   </trkpt>
   <trkpt lat="47.390495" lon="12.828659">
    <ele>747.759</ele>
    <time>2026-06-25T07:02:42Z</time>
   </trkpt>
   <trkpt lat="47.391390" lon="12.829522">
    <ele>746.505</ele>
    <time>2026-06-25T07:03:01Z</time>
   </trkpt>
   <trkpt lat="47.392440" lon="12.830969">
    <ele>745.005</ele>
    <time>2026-06-25T07:03:25Z</time>
   </trkpt>
   <trkpt lat="47.392983" lon="12.831662">
    <ele>745.996</ele>
    <time>2026-06-25T07:03:38Z</time>
   </trkpt>
   <trkpt lat="47.393250" lon="12.831791">
    <ele>745.814</ele>
    <time>2026-06-25T07:03:44Z</time>
   </trkpt>
   <trkpt lat="47.393621" lon="12.831846">
    <ele>745.111</ele>
    <time>2026-06-25T07:03:56Z</time>
   </trkpt>
   <trkpt lat="47.393621" lon="12.831846">
    <ele>744.998</ele>
    <time>2026-06-25T07:04:05Z</time>
   </trkpt>
   <trkpt lat="47.393711" lon="12.831860">
    <ele>744.713</ele>
    <time>2026-06-25T07:04:09Z</time>
   </trkpt>
   <trkpt lat="47.393799" lon="12.831127">
    <ele>745.243</ele>
    <time>2026-06-25T07:04:22Z</time>
   </trkpt>
   <trkpt lat="47.393863" lon="12.830743">
    <ele>744.583</ele>
    <time>2026-06-25T07:04:27Z</time>
   </trkpt>
   <trkpt lat="47.393874" lon="12.830588">
    <ele>744.109</ele>
    <time>2026-06-25T07:04:29Z</time>
   </trkpt>
   <trkpt lat="47.393882" lon="12.830312">
    <ele>745.758</ele>
    <time>2026-06-25T07:04:36Z</time>
   </trkpt>
   <trkpt lat="47.393895" lon="12.830100">
    <ele>747.727</ele>
    <time>2026-06-25T07:04:44Z</time>
   </trkpt>
   <trkpt lat="47.393911" lon="12.829978">
    <ele>748.966</ele>
    <time>2026-06-25T07:04:48Z</time>
   </trkpt>
   <trkpt lat="47.393984" lon="12.829815">
    <ele>750.953</ele>
    <time>2026-06-25T07:04:55Z</time>
   </trkpt>
   <trkpt lat="47.394027" lon="12.829593">
    <ele>751.357</ele>
    <time>2026-06-25T07:05:04Z</time>
   </trkpt>
   <trkpt lat="47.394141" lon="12.829527">
    <ele>750.928</ele>
    <time>2026-06-25T07:05:09Z</time>
   </trkpt>
   <trkpt lat="47.394287" lon="12.829573">
    <ele>750.192</ele>
    <time>2026-06-25T07:05:12Z</time>
   </trkpt>
   <trkpt lat="47.394531" lon="12.829452">
    <ele>749.879</ele>
    <time>2026-06-25T07:05:17Z</time>
   </trkpt>
   <trkpt lat="47.394896" lon="12.829255">
    <ele>749.273</ele>
    <time>2026-06-25T07:05:24Z</time>
   </trkpt>
   <trkpt lat="47.395063" lon="12.829244">
    <ele>748.658</ele>
    <time>2026-06-25T07:05:27Z</time>
   </trkpt>
   <trkpt lat="47.395650" lon="12.828927">
    <ele>748.868</ele>
    <time>2026-06-25T07:05:38Z</time>
   </trkpt>
   <trkpt lat="47.396355" lon="12.828889">
    <ele>751.173</ele>
    <time>2026-06-25T07:05:54Z</time>
   </trkpt>
   <trkpt lat="47.396877" lon="12.828644">
    <ele>751.279</ele>
    <time>2026-06-25T07:06:08Z</time>
   </trkpt>
   <trkpt lat="47.397129" lon="12.828536">
    <ele>750.366</ele>
    <time>2026-06-25T07:06:13Z</time>
   </trkpt>
   <trkpt lat="47.397510" lon="12.828115">
    <ele>750.120</ele>
    <time>2026-06-25T07:06:23Z</time>
   </trkpt>
   <trkpt lat="47.397554" lon="12.828032">
    <ele>751.947</ele>
    <time>2026-06-25T07:06:34Z</time>
   </trkpt>
   <trkpt lat="47.397661" lon="12.827800">
    <ele>753.678</ele>
    <time>2026-06-25T07:06:49Z</time>
   </trkpt>
   <trkpt lat="47.397850" lon="12.827413">
    <ele>753.136</ele>
    <time>2026-06-25T07:06:59Z</time>
   </trkpt>
   <trkpt lat="47.398057" lon="12.827251">
    <ele>751.969</ele>
    <time>2026-06-25T07:07:04Z</time>
   </trkpt>
   <trkpt lat="47.398337" lon="12.827111">
    <ele>750.369</ele>
    <time>2026-06-25T07:07:10Z</time>
   </trkpt>
   <trkpt lat="47.398718" lon="12.826921">
    <ele>753.036</ele>
    <time>2026-06-25T07:07:20Z</time>
   </trkpt>
   <trkpt lat="47.398977" lon="12.826788">
    <ele>756.066</ele>
    <time>2026-06-25T07:07:29Z</time>
   </trkpt>
   <trkpt lat="47.399222" lon="12.826570">
    <ele>761.604</ele>
    <time>2026-06-25T07:07:38Z</time>
   </trkpt>
   <trkpt lat="47.399514" lon="12.826482">
    <ele>769.833</ele>
    <time>2026-06-25T07:07:49Z</time>
   </trkpt>
   <trkpt lat="47.399724" lon="12.826534">
    <ele>774.872</ele>
    <time>2026-06-25T07:07:57Z</time>
   </trkpt>
   <trkpt lat="47.400084" lon="12.826624">
    <ele>775.742</ele>
    <time>2026-06-25T07:08:06Z</time>
   </trkpt>
   <trkpt lat="47.400549" lon="12.827075">
    <ele>769.795</ele>
    <time>2026-06-25T07:08:15Z</time>
   </trkpt>
   <trkpt lat="47.401112" lon="12.827978">
    <ele>755.774</ele>
    <time>2026-06-25T07:08:26Z</time>
   </trkpt>
   <trkpt lat="47.401168" lon="12.828073">
    <ele>754.535</ele>
    <time>2026-06-25T07:08:27Z</time>
   </trkpt>
   <trkpt lat="47.401792" lon="12.828340">
    <ele>745.900</ele>
    <time>2026-06-25T07:08:35Z</time>
   </trkpt>
   <trkpt lat="47.402865" lon="12.828540">
    <ele>740.838</ele>
    <time>2026-06-25T07:08:49Z</time>
   </trkpt>
   <trkpt lat="47.403344" lon="12.828576">
    <ele>738.378</ele>
    <time>2026-06-25T07:08:59Z</time>
   </trkpt>
   <trkpt lat="47.403479" lon="12.828040">
    <ele>736.267</ele>
    <time>2026-06-25T07:09:08Z</time>
   </trkpt>
   <trkpt lat="47.403834" lon="12.826323">
    <ele>734.579</ele>
    <time>2026-06-25T07:09:26Z</time>
   </trkpt>
   <trkpt lat="47.403860" lon="12.825814">
    <ele>734.410</ele>
    <time>2026-06-25T07:09:31Z</time>
   </trkpt>
   <trkpt lat="47.404029" lon="12.825593">
    <ele>734.410</ele>
    <time>2026-06-25T07:09:36Z</time>
   </trkpt>
   <trkpt lat="47.404131" lon="12.825567">
    <ele>734.317</ele>
    <time>2026-06-25T07:09:38Z</time>
   </trkpt>
   <trkpt lat="47.405473" lon="12.825205">
    <ele>734.866</ele>
    <time>2026-06-25T07:10:03Z</time>
   </trkpt>
   <trkpt lat="47.406245" lon="12.824657">
    <ele>733.546</ele>
    <time>2026-06-25T07:10:21Z</time>
   </trkpt>
   <trkpt lat="47.407552" lon="12.823771">
    <ele>732.911</ele>
    <time>2026-06-25T07:10:47Z</time>
   </trkpt>
   <trkpt lat="47.408934" lon="12.823353">
    <ele>731.351</ele>
    <time>2026-06-25T07:11:11Z</time>
   </trkpt>
   <trkpt lat="47.409976" lon="12.823263">
    <ele>729.738</ele>
    <time>2026-06-25T07:11:28Z</time>
   </trkpt>
   <trkpt lat="47.410747" lon="12.823205">
    <ele>730.778</ele>
    <time>2026-06-25T07:11:41Z</time>
   </trkpt>
   <trkpt lat="47.411599" lon="12.823638">
    <ele>731.940</ele>
    <time>2026-06-25T07:11:57Z</time>
   </trkpt>
   <trkpt lat="47.412622" lon="12.824045">
    <ele>729.796</ele>
    <time>2026-06-25T07:12:15Z</time>
   </trkpt>
   <trkpt lat="47.413697" lon="12.824414">
    <ele>728.694</ele>
    <time>2026-06-25T07:12:34Z</time>
   </trkpt>
   <trkpt lat="47.414539" lon="12.824245">
    <ele>728.544</ele>
    <time>2026-06-25T07:12:48Z</time>
   </trkpt>
   <trkpt lat="47.415337" lon="12.824401">
    <ele>728.370</ele>
    <time>2026-06-25T07:13:02Z</time>
   </trkpt>
   <trkpt lat="47.415598" lon="12.824429">
    <ele>727.632</ele>
    <time>2026-06-25T07:13:06Z</time>
   </trkpt>
   <trkpt lat="47.415836" lon="12.824363">
    <ele>727.460</ele>
    <time>2026-06-25T07:13:10Z</time>
   </trkpt>
   <trkpt lat="47.416496" lon="12.823698">
    <ele>727.191</ele>
    <time>2026-06-25T07:13:24Z</time>
   </trkpt>
   <trkpt lat="47.416877" lon="12.823179">
    <ele>726.491</ele>
    <time>2026-06-25T07:13:32Z</time>
   </trkpt>
   <trkpt lat="47.417552" lon="12.822912">
    <ele>726.732</ele>
    <time>2026-06-25T07:13:44Z</time>
   </trkpt>
   <trkpt lat="47.418655" lon="12.822860">
    <ele>726.034</ele>
    <time>2026-06-25T07:14:04Z</time>
   </trkpt>
   <trkpt lat="47.419524" lon="12.822807">
    <ele>724.682</ele>
    <time>2026-06-25T07:14:21Z</time>
   </trkpt>
   <trkpt lat="47.419536" lon="12.822699">
    <ele>725.066</ele>
    <time>2026-06-25T07:14:26Z</time>
   </trkpt>
   <trkpt lat="47.419220" lon="12.821882">
    <ele>725.432</ele>
    <time>2026-06-25T07:14:41Z</time>
   </trkpt>
   <trkpt lat="47.419154" lon="12.821726">
    <ele>726.133</ele>
    <time>2026-06-25T07:14:45Z</time>
   </trkpt>
   <trkpt lat="47.419138" lon="12.821689">
    <ele>725.906</ele>
    <time>2026-06-25T07:14:58Z</time>
   </trkpt>
   <trkpt lat="47.419138" lon="12.821689">
    <ele>725.907</ele>
    <time>2026-06-25T07:15:17Z</time>
   </trkpt>
   <trkpt lat="47.419021" lon="12.821459">
    <ele>725.019</ele>
    <time>2026-06-25T07:15:25Z</time>
   </trkpt>
   <trkpt lat="47.419031" lon="12.821367">
    <ele>724.775</ele>
    <time>2026-06-25T07:15:29Z</time>
   </trkpt>
   <trkpt lat="47.419155" lon="12.821243">
    <ele>724.314</ele>
    <time>2026-06-25T07:15:39Z</time>
   </trkpt>
   <trkpt lat="47.419155" lon="12.821243">
    <ele>727.532</ele>
    <time>2026-06-25T07:15:57Z</time>
   </trkpt>
   <trkpt lat="47.419155" lon="12.821243">
    <ele>730.757</ele>
    <time>2026-06-25T07:16:09Z</time>
   </trkpt>
   <trkpt lat="47.419155" lon="12.821243">
    <ele>731.884</ele>
    <time>2026-06-25T07:16:32Z</time>
   </trkpt>
   <trkpt lat="47.419155" lon="12.821243">
    <ele>731.951</ele>
    <time>2026-06-25T07:16:55Z</time>
   </trkpt>
   <trkpt lat="47.419155" lon="12.821243">
    <ele>731.946</ele>
    <time>2026-06-25T07:16:59Z</time>
   </trkpt>
   <trkpt lat="47.419158" lon="12.821267">
    <ele>731.914</ele>
    <time>2026-06-25T07:17:07Z</time>
   </trkpt>
   <trkpt lat="47.418653" lon="12.820499">
    <ele>732.964</ele>
    <time>2026-06-25T07:17:25Z</time>
   </trkpt>
   <trkpt lat="47.417863" lon="12.819567">
    <ele>733.305</ele>
    <time>2026-06-25T07:17:46Z</time>
   </trkpt>
   <trkpt lat="47.417399" lon="12.818696">
    <ele>733.221</ele>
    <time>2026-06-25T07:18:03Z</time>
   </trkpt>
   <trkpt lat="47.417367" lon="12.818592">
    <ele>733.774</ele>
    <time>2026-06-25T07:18:05Z</time>
   </trkpt>
   <trkpt lat="47.417336" lon="12.818491">
    <ele>732.921</ele>
    <time>2026-06-25T07:18:14Z</time>
   </trkpt>
   <trkpt lat="47.417336" lon="12.818491">
    <ele>733.002</ele>
    <time>2026-06-25T07:18:30Z</time>
   </trkpt>
   <trkpt lat="47.417547" lon="12.818550">
    <ele>732.715</ele>
    <time>2026-06-25T07:18:38Z</time>
   </trkpt>
   <trkpt lat="47.417687" lon="12.818588">
    <ele>732.869</ele>
    <time>2026-06-25T07:18:41Z</time>
   </trkpt>
   <trkpt lat="47.417824" lon="12.818626">
    <ele>732.630</ele>
    <time>2026-06-25T07:18:44Z</time>
   </trkpt>
   <trkpt lat="47.418186" lon="12.818725">
    <ele>734.480</ele>
    <time>2026-06-25T07:18:57Z</time>
   </trkpt>
   <trkpt lat="47.418555" lon="12.818727">
    <ele>737.904</ele>
    <time>2026-06-25T07:19:17Z</time>
   </trkpt>
   <trkpt lat="47.418832" lon="12.818727">
    <ele>741.319</ele>
    <time>2026-06-25T07:19:35Z</time>
   </trkpt>
   <trkpt lat="47.419063" lon="12.818672">
    <ele>744.029</ele>
    <time>2026-06-25T07:19:50Z</time>
   </trkpt>
   <trkpt lat="47.419108" lon="12.818660">
    <ele>744.751</ele>
    <time>2026-06-25T07:19:53Z</time>
   </trkpt>
   <trkpt lat="47.419435" lon="12.818553">
    <ele>748.917</ele>
    <time>2026-06-25T07:20:14Z</time>
   </trkpt>
   <trkpt lat="47.419751" lon="12.818308">
    <ele>751.471</ele>
    <time>2026-06-25T07:20:35Z</time>
   </trkpt>
   <trkpt lat="47.420201" lon="12.817859">
    <ele>753.662</ele>
    <time>2026-06-25T07:21:00Z</time>
   </trkpt>
   <trkpt lat="47.420650" lon="12.817470">
    <ele>753.486</ele>
    <time>2026-06-25T07:21:17Z</time>
   </trkpt>
   <trkpt lat="47.421119" lon="12.816963">
    <ele>756.400</ele>
    <time>2026-06-25T07:21:38Z</time>
   </trkpt>
   <trkpt lat="47.421610" lon="12.816449">
    <ele>760.777</ele>
    <time>2026-06-25T07:22:04Z</time>
   </trkpt>
   <trkpt lat="47.422068" lon="12.816239">
    <ele>765.820</ele>
    <time>2026-06-25T07:22:26Z</time>
   </trkpt>
   <trkpt lat="47.422515" lon="12.816048">
    <ele>768.877</ele>
    <time>2026-06-25T07:22:50Z</time>
   </trkpt>
   <trkpt lat="47.422967" lon="12.815652">
    <ele>769.918</ele>
    <time>2026-06-25T07:23:08Z</time>
   </trkpt>
   <trkpt lat="47.423682" lon="12.815557">
    <ele>770.898</ele>
    <time>2026-06-25T07:23:26Z</time>
   </trkpt>
   <trkpt lat="47.424580" lon="12.815403">
    <ele>771.587</ele>
    <time>2026-06-25T07:23:47Z</time>
   </trkpt>
   <trkpt lat="47.425099" lon="12.815341">
    <ele>773.384</ele>
    <time>2026-06-25T07:24:04Z</time>
   </trkpt>
   <trkpt lat="47.425401" lon="12.815233">
    <ele>776.489</ele>
    <time>2026-06-25T07:24:18Z</time>
   </trkpt>
   <trkpt lat="47.425843" lon="12.815015">
    <ele>782.314</ele>
    <time>2026-06-25T07:24:37Z</time>
   </trkpt>
   <trkpt lat="47.426081" lon="12.814822">
    <ele>786.503</ele>
    <time>2026-06-25T07:24:51Z</time>
   </trkpt>
   <trkpt lat="47.426400" lon="12.814562">
    <ele>795.773</ele>
    <time>2026-06-25T07:25:13Z</time>
   </trkpt>
   <trkpt lat="47.426724" lon="12.814299">
    <ele>802.269</ele>
    <time>2026-06-25T07:25:35Z</time>
   </trkpt>
   <trkpt lat="47.426936" lon="12.814126">
    <ele>807.066</ele>
    <time>2026-06-25T07:25:52Z</time>
   </trkpt>
   <trkpt lat="47.427097" lon="12.813995">
    <ele>805.464</ele>
    <time>2026-06-25T07:26:06Z</time>
   </trkpt>
   <trkpt lat="47.427291" lon="12.813837">
    <ele>807.871</ele>
    <time>2026-06-25T07:26:21Z</time>
   </trkpt>
   <trkpt lat="47.427317" lon="12.813816">
    <ele>807.959</ele>
    <time>2026-06-25T07:26:23Z</time>
   </trkpt>
   <trkpt lat="47.427447" lon="12.813713">
    <ele>808.774</ele>
    <time>2026-06-25T07:26:33Z</time>
   </trkpt>
   <trkpt lat="47.427481" lon="12.813688">
    <ele>810.729</ele>
    <time>2026-06-25T07:26:44Z</time>
   </trkpt>
   <trkpt lat="47.427692" lon="12.813726">
    <ele>813.273</ele>
    <time>2026-06-25T07:27:00Z</time>
   </trkpt>
   <trkpt lat="47.427786" lon="12.813745">
    <ele>813.230</ele>
    <time>2026-06-25T07:27:20Z</time>
   </trkpt>
   <trkpt lat="47.427851" lon="12.813758">
    <ele>813.870</ele>
    <time>2026-06-25T07:30:04Z</time>
   </trkpt>
   <trkpt lat="47.428008" lon="12.813753">
    <ele>815.235</ele>
    <time>2026-06-25T07:30:14Z</time>
   </trkpt>
   <trkpt lat="47.428289" lon="12.813657">
    <ele>816.663</ele>
    <time>2026-06-25T07:30:31Z</time>
   </trkpt>
   <trkpt lat="47.428482" lon="12.813532">
    <ele>823.008</ele>
    <time>2026-06-25T07:30:45Z</time>
   </trkpt>
   <trkpt lat="47.428708" lon="12.813347">
    <ele>823.643</ele>
    <time>2026-06-25T07:31:03Z</time>
   </trkpt>
   <trkpt lat="47.428859" lon="12.813158">
    <ele>825.799</ele>
    <time>2026-06-25T07:31:17Z</time>
   </trkpt>
   <trkpt lat="47.428911" lon="12.813102">
    <ele>825.668</ele>
    <time>2026-06-25T07:31:21Z</time>
   </trkpt>
   <trkpt lat="47.428962" lon="12.813083">
    <ele>826.861</ele>
    <time>2026-06-25T07:31:25Z</time>
   </trkpt>
   <trkpt lat="47.428974" lon="12.813078">
    <ele>828.848</ele>
    <time>2026-06-25T07:31:31Z</time>
   </trkpt>
   <trkpt lat="47.429146" lon="12.813035">
    <ele>830.441</ele>
    <time>2026-06-25T07:31:42Z</time>
   </trkpt>
   <trkpt lat="47.429303" lon="12.813022">
    <ele>830.158</ele>
    <time>2026-06-25T07:31:53Z</time>
   </trkpt>
   <trkpt lat="47.429365" lon="12.813026">
    <ele>830.028</ele>
    <time>2026-06-25T07:31:56Z</time>
   </trkpt>
   <trkpt lat="47.429475" lon="12.813043">
    <ele>833.173</ele>
    <time>2026-06-25T07:32:04Z</time>
   </trkpt>
   <trkpt lat="47.429545" lon="12.813050">
    <ele>834.952</ele>
    <time>2026-06-25T07:32:08Z</time>
   </trkpt>
   <trkpt lat="47.429586" lon="12.813054">
    <ele>834.224</ele>
    <time>2026-06-25T07:32:14Z</time>
   </trkpt>
   <trkpt lat="47.429776" lon="12.813072">
    <ele>834.884</ele>
    <time>2026-06-25T07:32:24Z</time>
   </trkpt>
   <trkpt lat="47.429801" lon="12.813075">
    <ele>836.856</ele>
    <time>2026-06-25T07:32:26Z</time>
   </trkpt>
   <trkpt lat="47.429930" lon="12.813087">
    <ele>841.921</ele>
    <time>2026-06-25T07:32:33Z</time>
   </trkpt>
   <trkpt lat="47.430012" lon="12.813096">
    <ele>842.970</ele>
    <time>2026-06-25T07:32:43Z</time>
   </trkpt>
   <trkpt lat="47.430057" lon="12.813100">
    <ele>841.000</ele>
    <time>2026-06-25T07:32:50Z</time>
   </trkpt>
   <trkpt lat="47.430252" lon="12.813119">
    <ele>839.297</ele>
    <time>2026-06-25T07:32:56Z</time>
   </trkpt>
   <trkpt lat="47.430252" lon="12.813119">
    <ele>838.564</ele>
    <time>2026-06-25T07:32:59Z</time>
   </trkpt>
   <trkpt lat="47.430374" lon="12.813131">
    <ele>837.974</ele>
    <time>2026-06-25T07:33:04Z</time>
   </trkpt>
   <trkpt lat="47.430754" lon="12.813032">
    <ele>844.824</ele>
    <time>2026-06-25T07:33:26Z</time>
   </trkpt>
   <trkpt lat="47.431070" lon="12.812846">
    <ele>849.284</ele>
    <time>2026-06-25T07:33:47Z</time>
   </trkpt>
   <trkpt lat="47.431311" lon="12.812605">
    <ele>852.512</ele>
    <time>2026-06-25T07:34:05Z</time>
   </trkpt>
   <trkpt lat="47.431549" lon="12.812128">
    <ele>858.217</ele>
    <time>2026-06-25T07:34:31Z</time>
   </trkpt>
   <trkpt lat="47.431713" lon="12.811625">
    <ele>865.915</ele>
    <time>2026-06-25T07:34:57Z</time>
   </trkpt>
   <trkpt lat="47.431957" lon="12.811254">
    <ele>870.026</ele>
    <time>2026-06-25T07:35:19Z</time>
   </trkpt>
   <trkpt lat="47.432313" lon="12.811048">
    <ele>873.362</ele>
    <time>2026-06-25T07:35:42Z</time>
   </trkpt>
   <trkpt lat="47.432584" lon="12.810849">
    <ele>877.552</ele>
    <time>2026-06-25T07:36:04Z</time>
   </trkpt>
   <trkpt lat="47.432667" lon="12.810691">
    <ele>880.732</ele>
    <time>2026-06-25T07:36:13Z</time>
   </trkpt>
   <trkpt lat="47.432693" lon="12.810642">
    <ele>882.175</ele>
    <time>2026-06-25T07:36:16Z</time>
   </trkpt>
   <trkpt lat="47.432720" lon="12.810590">
    <ele>882.899</ele>
    <time>2026-06-25T07:36:19Z</time>
   </trkpt>
   <trkpt lat="47.432757" lon="12.810519">
    <ele>884.525</ele>
    <time>2026-06-25T07:36:23Z</time>
   </trkpt>
   <trkpt lat="47.432839" lon="12.810426">
    <ele>882.761</ele>
    <time>2026-06-25T07:36:29Z</time>
   </trkpt>
   <trkpt lat="47.433021" lon="12.810199">
    <ele>885.154</ele>
    <time>2026-06-25T07:36:45Z</time>
   </trkpt>
   <trkpt lat="47.433021" lon="12.810175">
    <ele>885.298</ele>
    <time>2026-06-25T07:36:48Z</time>
   </trkpt>
   <trkpt lat="47.432879" lon="12.810093">
    <ele>887.388</ele>
    <time>2026-06-25T07:36:55Z</time>
   </trkpt>
   <trkpt lat="47.432745" lon="12.810227">
    <ele>890.075</ele>
    <time>2026-06-25T07:37:06Z</time>
   </trkpt>
   <trkpt lat="47.432565" lon="12.810361">
    <ele>892.915</ele>
    <time>2026-06-25T07:37:21Z</time>
   </trkpt>
   <trkpt lat="47.432565" lon="12.810361">
    <ele>893.988</ele>
    <time>2026-06-25T07:37:26Z</time>
   </trkpt>
   <trkpt lat="47.432340" lon="12.810423">
    <ele>892.487</ele>
    <time>2026-06-25T07:37:37Z</time>
   </trkpt>
   <trkpt lat="47.432256" lon="12.810423">
    <ele>890.967</ele>
    <time>2026-06-25T07:37:50Z</time>
   </trkpt>
   <trkpt lat="47.431964" lon="12.810407">
    <ele>890.203</ele>
    <time>2026-06-25T07:38:00Z</time>
   </trkpt>
   <trkpt lat="47.431812" lon="12.810356">
    <ele>890.668</ele>
    <time>2026-06-25T07:38:10Z</time>
   </trkpt>
   <trkpt lat="47.431721" lon="12.810326">
    <ele>892.713</ele>
    <time>2026-06-25T07:38:19Z</time>
   </trkpt>
   <trkpt lat="47.431580" lon="12.810309">
    <ele>897.503</ele>
    <time>2026-06-25T07:38:28Z</time>
   </trkpt>
   <trkpt lat="47.431513" lon="12.810304">
    <ele>900.115</ele>
    <time>2026-06-25T07:38:35Z</time>
   </trkpt>
   <trkpt lat="47.431262" lon="12.810298">
    <ele>904.817</ele>
    <time>2026-06-25T07:38:45Z</time>
   </trkpt>
   <trkpt lat="47.431025" lon="12.810306">
    <ele>910.937</ele>
    <time>2026-06-25T07:38:59Z</time>
   </trkpt>
   <trkpt lat="47.431009" lon="12.810307">
    <ele>914.884</ele>
    <time>2026-06-25T07:39:10Z</time>
   </trkpt>
   <trkpt lat="47.431009" lon="12.810307">
    <ele>919.469</ele>
    <time>2026-06-25T07:39:17Z</time>
   </trkpt>
   <trkpt lat="47.431009" lon="12.810307">
    <ele>921.819</ele>
    <time>2026-06-25T07:39:22Z</time>
   </trkpt>
   <trkpt lat="47.430750" lon="12.810316">
    <ele>925.488</ele>
    <time>2026-06-25T07:39:33Z</time>
   </trkpt>
   <trkpt lat="47.430750" lon="12.810316">
    <ele>928.554</ele>
    <time>2026-06-25T07:39:47Z</time>
   </trkpt>
   <trkpt lat="47.430436" lon="12.810327">
    <ele>931.988</ele>
    <time>2026-06-25T07:40:00Z</time>
   </trkpt>
   <trkpt lat="47.430436" lon="12.810327">
    <ele>933.534</ele>
    <time>2026-06-25T07:40:07Z</time>
   </trkpt>
   <trkpt lat="47.430006" lon="12.810315">
    <ele>936.869</ele>
    <time>2026-06-25T07:40:23Z</time>
   </trkpt>
   <trkpt lat="47.429932" lon="12.810301">
    <ele>936.157</ele>
    <time>2026-06-25T07:40:35Z</time>
   </trkpt>
   <trkpt lat="47.429684" lon="12.810254">
    <ele>934.444</ele>
    <time>2026-06-25T07:40:47Z</time>
   </trkpt>
   <trkpt lat="47.429684" lon="12.810254">
    <ele>932.664</ele>
    <time>2026-06-25T07:41:00Z</time>
   </trkpt>
   <trkpt lat="47.429339" lon="12.810237">
    <ele>932.800</ele>
    <time>2026-06-25T07:41:11Z</time>
   </trkpt>
   <trkpt lat="47.429235" lon="12.810233">
    <ele>938.849</ele>
    <time>2026-06-25T07:41:23Z</time>
   </trkpt>
   <trkpt lat="47.429011" lon="12.810244">
    <ele>940.888</ele>
    <time>2026-06-25T07:41:32Z</time>
   </trkpt>
   <trkpt lat="47.428816" lon="12.810292">
    <ele>942.327</ele>
    <time>2026-06-25T07:41:44Z</time>
   </trkpt>
   <trkpt lat="47.428804" lon="12.810296">
    <ele>943.090</ele>
    <time>2026-06-25T07:41:49Z</time>
   </trkpt>
   <trkpt lat="47.428804" lon="12.810296">
    <ele>943.673</ele>
    <time>2026-06-25T07:41:52Z</time>
   </trkpt>
   <trkpt lat="47.428716" lon="12.810310">
    <ele>944.069</ele>
    <time>2026-06-25T07:41:56Z</time>
   </trkpt>
   <trkpt lat="47.428425" lon="12.810264">
    <ele>938.814</ele>
    <time>2026-06-25T07:42:11Z</time>
   </trkpt>
   <trkpt lat="47.428341" lon="12.810250">
    <ele>937.896</ele>
    <time>2026-06-25T07:42:20Z</time>
   </trkpt>
   <trkpt lat="47.428174" lon="12.810141">
    <ele>937.256</ele>
    <time>2026-06-25T07:42:35Z</time>
   </trkpt>
   <trkpt lat="47.428132" lon="12.810089">
    <ele>936.970</ele>
    <time>2026-06-25T07:42:38Z</time>
   </trkpt>
   <trkpt lat="47.428088" lon="12.810032">
    <ele>938.650</ele>
    <time>2026-06-25T07:42:44Z</time>
   </trkpt>
   <trkpt lat="47.428051" lon="12.809986">
    <ele>939.128</ele>
    <time>2026-06-25T07:42:46Z</time>
   </trkpt>
   <trkpt lat="47.428035" lon="12.809965">
    <ele>939.425</ele>
    <time>2026-06-25T07:42:48Z</time>
   </trkpt>
   <trkpt lat="47.427976" lon="12.809890">
    <ele>940.191</ele>
    <time>2026-06-25T07:42:55Z</time>
   </trkpt>
   <trkpt lat="47.427861" lon="12.809748">
    <ele>944.360</ele>
    <time>2026-06-25T07:43:09Z</time>
   </trkpt>
   <trkpt lat="47.427861" lon="12.809748">
    <ele>945.606</ele>
    <time>2026-06-25T07:43:13Z</time>
   </trkpt>
   <trkpt lat="47.427861" lon="12.809748">
    <ele>946.182</ele>
    <time>2026-06-25T07:43:16Z</time>
   </trkpt>
   <trkpt lat="47.427639" lon="12.809526">
    <ele>949.008</ele>
    <time>2026-06-25T07:43:32Z</time>
   </trkpt>
   <trkpt lat="47.427388" lon="12.809288">
    <ele>952.000</ele>
    <time>2026-06-25T07:43:51Z</time>
   </trkpt>
   <trkpt lat="47.427223" lon="12.809145">
    <ele>956.956</ele>
    <time>2026-06-25T07:44:09Z</time>
   </trkpt>
   <trkpt lat="47.427177" lon="12.809105">
    <ele>957.045</ele>
    <time>2026-06-25T07:44:12Z</time>
   </trkpt>
   <trkpt lat="47.427031" lon="12.808927">
    <ele>961.041</ele>
    <time>2026-06-25T07:44:34Z</time>
   </trkpt>
   <trkpt lat="47.427031" lon="12.808927">
    <ele>961.947</ele>
    <time>2026-06-25T07:45:37Z</time>
   </trkpt>
   <trkpt lat="47.426721" lon="12.808579">
    <ele>968.789</ele>
    <time>2026-06-25T07:46:01Z</time>
   </trkpt>
   <trkpt lat="47.426473" lon="12.808332">
    <ele>974.734</ele>
    <time>2026-06-25T07:46:24Z</time>
   </trkpt>
   <trkpt lat="47.426351" lon="12.807989">
    <ele>979.335</ele>
    <time>2026-06-25T07:46:45Z</time>
   </trkpt>
   <trkpt lat="47.426353" lon="12.807799">
    <ele>981.398</ele>
    <time>2026-06-25T07:47:02Z</time>
   </trkpt>
   <trkpt lat="47.426536" lon="12.807624">
    <ele>982.594</ele>
    <time>2026-06-25T07:47:14Z</time>
   </trkpt>
   <trkpt lat="47.426602" lon="12.807626">
    <ele>983.484</ele>
    <time>2026-06-25T07:47:27Z</time>
   </trkpt>
   <trkpt lat="47.426602" lon="12.807626">
    <ele>984.213</ele>
    <time>2026-06-25T07:47:32Z</time>
   </trkpt>
   <trkpt lat="47.426602" lon="12.807626">
    <ele>985.177</ele>
    <time>2026-06-25T07:47:42Z</time>
   </trkpt>
   <trkpt lat="47.427111" lon="12.807904">
    <ele>988.881</ele>
    <time>2026-06-25T07:48:03Z</time>
   </trkpt>
   <trkpt lat="47.427366" lon="12.807951">
    <ele>993.119</ele>
    <time>2026-06-25T07:48:24Z</time>
   </trkpt>
   <trkpt lat="47.427663" lon="12.808078">
    <ele>998.118</ele>
    <time>2026-06-25T07:48:48Z</time>
   </trkpt>
   <trkpt lat="47.427830" lon="12.808187">
    <ele>1000.002</ele>
    <time>2026-06-25T07:49:03Z</time>
   </trkpt>
   <trkpt lat="47.428114" lon="12.808375">
    <ele>1003.198</ele>
    <time>2026-06-25T07:49:26Z</time>
   </trkpt>
   <trkpt lat="47.428150" lon="12.808321">
    <ele>1004.515</ele>
    <time>2026-06-25T07:49:32Z</time>
   </trkpt>
   <trkpt lat="47.428150" lon="12.808262">
    <ele>1004.731</ele>
    <time>2026-06-25T07:49:37Z</time>
   </trkpt>
   <trkpt lat="47.427979" lon="12.807946">
    <ele>1009.023</ele>
    <time>2026-06-25T07:49:58Z</time>
   </trkpt>
   <trkpt lat="47.427782" lon="12.807627">
    <ele>1014.956</ele>
    <time>2026-06-25T07:50:25Z</time>
   </trkpt>
   <trkpt lat="47.427749" lon="12.807589">
    <ele>1018.920</ele>
    <time>2026-06-25T07:50:44Z</time>
   </trkpt>
   <trkpt lat="47.427749" lon="12.807589">
    <ele>1020.030</ele>
    <time>2026-06-25T07:50:53Z</time>
   </trkpt>
   <trkpt lat="47.427749" lon="12.807589">
    <ele>1022.773</ele>
    <time>2026-06-25T07:51:06Z</time>
   </trkpt>
   <trkpt lat="47.427412" lon="12.807218">
    <ele>1023.499</ele>
    <time>2026-06-25T07:51:09Z</time>
   </trkpt>
   <trkpt lat="47.427299" lon="12.807111">
    <ele>1026.718</ele>
    <time>2026-06-25T07:51:21Z</time>
   </trkpt>
   <trkpt lat="47.427068" lon="12.806858">
    <ele>1031.905</ele>
    <time>2026-06-25T07:51:46Z</time>
   </trkpt>
   <trkpt lat="47.427068" lon="12.806858">
    <ele>1032.128</ele>
    <time>2026-06-25T07:51:47Z</time>
   </trkpt>
   <trkpt lat="47.427036" lon="12.806787">
    <ele>1035.456</ele>
    <time>2026-06-25T07:52:03Z</time>
   </trkpt>
   <trkpt lat="47.426953" lon="12.806512">
    <ele>1036.153</ele>
    <time>2026-06-25T07:52:08Z</time>
   </trkpt>
   <trkpt lat="47.426909" lon="12.806311">
    <ele>1037.628</ele>
    <time>2026-06-25T07:52:21Z</time>
   </trkpt>
   <trkpt lat="47.426841" lon="12.806067">
    <ele>1040.816</ele>
    <time>2026-06-25T07:52:41Z</time>
   </trkpt>
   <trkpt lat="47.426841" lon="12.806067">
    <ele>1041.228</ele>
    <time>2026-06-25T07:52:45Z</time>
   </trkpt>
   <trkpt lat="47.426841" lon="12.806067">
    <ele>1044.462</ele>
    <time>2026-06-25T07:53:02Z</time>
   </trkpt>
   <trkpt lat="47.426706" lon="12.805630">
    <ele>1046.148</ele>
    <time>2026-06-25T07:53:14Z</time>
   </trkpt>
   <trkpt lat="47.426706" lon="12.805630">
    <ele>1046.904</ele>
    <time>2026-06-25T07:53:19Z</time>
   </trkpt>
   <trkpt lat="47.426706" lon="12.805630">
    <ele>1047.622</ele>
    <time>2026-06-25T07:53:23Z</time>
   </trkpt>
   <trkpt lat="47.426706" lon="12.805630">
    <ele>1048.699</ele>
    <time>2026-06-25T07:53:27Z</time>
   </trkpt>
   <trkpt lat="47.426563" lon="12.805155">
    <ele>1051.827</ele>
    <time>2026-06-25T07:53:45Z</time>
   </trkpt>
   <trkpt lat="47.426563" lon="12.805155">
    <ele>1054.562</ele>
    <time>2026-06-25T07:53:54Z</time>
   </trkpt>
   <trkpt lat="47.426563" lon="12.805155">
    <ele>1055.616</ele>
    <time>2026-06-25T07:54:01Z</time>
   </trkpt>
   <trkpt lat="47.426563" lon="12.805155">
    <ele>1056.027</ele>
    <time>2026-06-25T07:54:03Z</time>
   </trkpt>
   <trkpt lat="47.426427" lon="12.804821">
    <ele>1056.850</ele>
    <time>2026-06-25T07:54:08Z</time>
   </trkpt>
   <trkpt lat="47.426427" lon="12.804821">
    <ele>1057.008</ele>
    <time>2026-06-25T07:54:10Z</time>
   </trkpt>
   <trkpt lat="47.426427" lon="12.804821">
    <ele>1057.429</ele>
    <time>2026-06-25T07:54:13Z</time>
   </trkpt>
   <trkpt lat="47.426427" lon="12.804821">
    <ele>1057.300</ele>
    <time>2026-06-25T07:54:15Z</time>
   </trkpt>
   <trkpt lat="47.426391" lon="12.804619">
    <ele>1057.808</ele>
    <time>2026-06-25T07:54:22Z</time>
   </trkpt>
   <trkpt lat="47.426419" lon="12.804566">
    <ele>1058.463</ele>
    <time>2026-06-25T07:54:30Z</time>
   </trkpt>
   <trkpt lat="47.426485" lon="12.804525">
    <ele>1062.322</ele>
    <time>2026-06-25T07:54:50Z</time>
   </trkpt>
   <trkpt lat="47.426838" lon="12.804638">
    <ele>1065.685</ele>
    <time>2026-06-25T07:55:12Z</time>
   </trkpt>
   <trkpt lat="47.426838" lon="12.804638">
    <ele>1066.823</ele>
    <time>2026-06-25T07:55:19Z</time>
   </trkpt>
   <trkpt lat="47.427107" lon="12.804718">
    <ele>1070.707</ele>
    <time>2026-06-25T07:55:41Z</time>
   </trkpt>
   <trkpt lat="47.427362" lon="12.804844">
    <ele>1073.947</ele>
    <time>2026-06-25T07:55:59Z</time>
   </trkpt>
   <trkpt lat="47.427362" lon="12.804844">
    <ele>1077.018</ele>
    <time>2026-06-25T07:56:16Z</time>
   </trkpt>
   <trkpt lat="47.427623" lon="12.805085">
    <ele>1079.473</ele>
    <time>2026-06-25T07:56:27Z</time>
   </trkpt>
   <trkpt lat="47.427623" lon="12.805085">
    <ele>1080.122</ele>
    <time>2026-06-25T07:56:29Z</time>
   </trkpt>
   <trkpt lat="47.427623" lon="12.805085">
    <ele>1080.531</ele>
    <time>2026-06-25T07:56:42Z</time>
   </trkpt>
   <trkpt lat="47.427817" lon="12.805265">
    <ele>1082.084</ele>
    <time>2026-06-25T07:59:51Z</time>
   </trkpt>
   <trkpt lat="47.427850" lon="12.805295">
    <ele>1085.807</ele>
    <time>2026-06-25T08:00:15Z</time>
   </trkpt>
   <trkpt lat="47.427850" lon="12.805295">
    <ele>1086.314</ele>
    <time>2026-06-25T08:00:19Z</time>
   </trkpt>
   <trkpt lat="47.427850" lon="12.805295">
    <ele>1087.385</ele>
    <time>2026-06-25T08:00:25Z</time>
   </trkpt>
   <trkpt lat="47.427850" lon="12.805295">
    <ele>1088.409</ele>
    <time>2026-06-25T08:00:36Z</time>
   </trkpt>
   <trkpt lat="47.427850" lon="12.805295">
    <ele>1088.767</ele>
    <time>2026-06-25T08:00:38Z</time>
   </trkpt>
   <trkpt lat="47.427850" lon="12.805295">
    <ele>1089.064</ele>
    <time>2026-06-25T08:00:40Z</time>
   </trkpt>
   <trkpt lat="47.427850" lon="12.805295">
    <ele>1090.030</ele>
    <time>2026-06-25T08:00:47Z</time>
   </trkpt>
   <trkpt lat="47.427850" lon="12.805295">
    <ele>1091.700</ele>
    <time>2026-06-25T08:00:56Z</time>
   </trkpt>
   <trkpt lat="47.427850" lon="12.805295">
    <ele>1094.878</ele>
    <time>2026-06-25T08:01:15Z</time>
   </trkpt>
   <trkpt lat="47.428820" lon="12.805469">
    <ele>1097.693</ele>
    <time>2026-06-25T08:01:35Z</time>
   </trkpt>
   <trkpt lat="47.428820" lon="12.805469">
    <ele>1100.351</ele>
    <time>2026-06-25T08:01:55Z</time>
   </trkpt>
   <trkpt lat="47.428820" lon="12.805469">
    <ele>1101.499</ele>
    <time>2026-06-25T08:02:05Z</time>
   </trkpt>
   <trkpt lat="47.428820" lon="12.805469">
    <ele>1101.892</ele>
    <time>2026-06-25T08:02:07Z</time>
   </trkpt>
   <trkpt lat="47.428820" lon="12.805469">
    <ele>1103.616</ele>
    <time>2026-06-25T08:02:17Z</time>
   </trkpt>
   <trkpt lat="47.428820" lon="12.805469">
    <ele>1103.860</ele>
    <time>2026-06-25T08:02:41Z</time>
   </trkpt>
   <trkpt lat="47.429202" lon="12.804734">
    <ele>1104.988</ele>
    <time>2026-06-25T08:03:05Z</time>
   </trkpt>
   <trkpt lat="47.429094" lon="12.804308">
    <ele>1105.355</ele>
    <time>2026-06-25T08:03:20Z</time>
   </trkpt>
   <trkpt lat="47.429094" lon="12.804308">
    <ele>1108.092</ele>
    <time>2026-06-25T08:03:29Z</time>
   </trkpt>
   <trkpt lat="47.428862" lon="12.803833">
    <ele>1111.987</ele>
    <time>2026-06-25T08:03:48Z</time>
   </trkpt>
   <trkpt lat="47.428808" lon="12.803738">
    <ele>1113.880</ele>
    <time>2026-06-25T08:03:55Z</time>
   </trkpt>
   <trkpt lat="47.428642" lon="12.803486">
    <ele>1115.838</ele>
    <time>2026-06-25T08:04:11Z</time>
   </trkpt>
   <trkpt lat="47.428411" lon="12.803240">
    <ele>1118.961</ele>
    <time>2026-06-25T08:04:27Z</time>
   </trkpt>
   <trkpt lat="47.428045" lon="12.802949">
    <ele>1121.811</ele>
    <time>2026-06-25T08:04:48Z</time>
   </trkpt>
   <trkpt lat="47.427754" lon="12.802726">
    <ele>1123.503</ele>
    <time>2026-06-25T08:05:05Z</time>
   </trkpt>
   <trkpt lat="47.427851" lon="12.801853">
    <ele>1125.775</ele>
    <time>2026-06-25T08:05:18Z</time>
   </trkpt>
   <trkpt lat="47.427794" lon="12.801663">
    <ele>1128.204</ele>
    <time>2026-06-25T08:05:31Z</time>
   </trkpt>
   <trkpt lat="47.427740" lon="12.801578">
    <ele>1129.329</ele>
    <time>2026-06-25T08:05:39Z</time>
   </trkpt>
   <trkpt lat="47.427629" lon="12.801523">
    <ele>1130.746</ele>
    <time>2026-06-25T08:05:57Z</time>
   </trkpt>
   <trkpt lat="47.427626" lon="12.801534">
    <ele>1131.515</ele>
    <time>2026-06-25T08:06:45Z</time>
   </trkpt>
   <trkpt lat="47.427309" lon="12.801738">
    <ele>1137.399</ele>
    <time>2026-06-25T08:07:07Z</time>
   </trkpt>
   <trkpt lat="47.427251" lon="12.801787">
    <ele>1138.674</ele>
    <time>2026-06-25T08:07:12Z</time>
   </trkpt>
   <trkpt lat="47.427033" lon="12.801915">
    <ele>1141.907</ele>
    <time>2026-06-25T08:07:30Z</time>
   </trkpt>
   <trkpt lat="47.426853" lon="12.802026">
    <ele>1142.671</ele>
    <time>2026-06-25T08:07:46Z</time>
   </trkpt>
   <trkpt lat="47.426613" lon="12.802094">
    <ele>1145.006</ele>
    <time>2026-06-25T08:08:08Z</time>
   </trkpt>
   <trkpt lat="47.426598" lon="12.802095">
    <ele>1145.208</ele>
    <time>2026-06-25T08:08:09Z</time>
   </trkpt>
   <trkpt lat="47.426429" lon="12.802098">
    <ele>1145.420</ele>
    <time>2026-06-25T08:08:23Z</time>
   </trkpt>
   <trkpt lat="47.426381" lon="12.802081">
    <ele>1145.267</ele>
    <time>2026-06-25T08:08:27Z</time>
   </trkpt>
   <trkpt lat="47.426348" lon="12.802088">
    <ele>1145.844</ele>
    <time>2026-06-25T08:08:30Z</time>
   </trkpt>
   <trkpt lat="47.426317" lon="12.801961">
    <ele>1149.002</ele>
    <time>2026-06-25T08:08:41Z</time>
   </trkpt>
   <trkpt lat="47.426492" lon="12.801883">
    <ele>1151.971</ele>
    <time>2026-06-25T08:08:56Z</time>
   </trkpt>
   <trkpt lat="47.426681" lon="12.801635">
    <ele>1157.671</ele>
    <time>2026-06-25T08:09:18Z</time>
   </trkpt>
   <trkpt lat="47.426712" lon="12.801561">
    <ele>1159.864</ele>
    <time>2026-06-25T08:09:24Z</time>
   </trkpt>
   <trkpt lat="47.426850" lon="12.801349">
    <ele>1163.700</ele>
    <time>2026-06-25T08:09:43Z</time>
   </trkpt>
   <trkpt lat="47.427017" lon="12.801117">
    <ele>1166.415</ele>
    <time>2026-06-25T08:10:04Z</time>
   </trkpt>
   <trkpt lat="47.427103" lon="12.800924">
    <ele>1168.839</ele>
    <time>2026-06-25T08:10:20Z</time>
   </trkpt>
   <trkpt lat="47.427116" lon="12.800876">
    <ele>1169.299</ele>
    <time>2026-06-25T08:10:23Z</time>
   </trkpt>
   <trkpt lat="47.427162" lon="12.800731">
    <ele>1171.031</ele>
    <time>2026-06-25T08:10:33Z</time>
   </trkpt>
   <trkpt lat="47.427168" lon="12.800706">
    <ele>1170.916</ele>
    <time>2026-06-25T08:10:35Z</time>
   </trkpt>
   <trkpt lat="47.427189" lon="12.800599">
    <ele>1170.257</ele>
    <time>2026-06-25T08:10:42Z</time>
   </trkpt>
   <trkpt lat="47.427203" lon="12.800560">
    <ele>1171.069</ele>
    <time>2026-06-25T08:10:45Z</time>
   </trkpt>
   <trkpt lat="47.427221" lon="12.800493">
    <ele>1172.252</ele>
    <time>2026-06-25T08:10:51Z</time>
   </trkpt>
   <trkpt lat="47.427295" lon="12.800232">
    <ele>1175.260</ele>
    <time>2026-06-25T08:11:13Z</time>
   </trkpt>
   <trkpt lat="47.427310" lon="12.800162">
    <ele>1175.935</ele>
    <time>2026-06-25T08:11:18Z</time>
   </trkpt>
   <trkpt lat="47.427313" lon="12.800096">
    <ele>1175.695</ele>
    <time>2026-06-25T08:11:22Z</time>
   </trkpt>
   <trkpt lat="47.427341" lon="12.799881">
    <ele>1177.241</ele>
    <time>2026-06-25T08:11:36Z</time>
   </trkpt>
   <trkpt lat="47.427361" lon="12.799673">
    <ele>1178.337</ele>
    <time>2026-06-25T08:11:51Z</time>
   </trkpt>
   <trkpt lat="47.427393" lon="12.799474">
    <ele>1178.318</ele>
    <time>2026-06-25T08:12:07Z</time>
   </trkpt>
   <trkpt lat="47.427376" lon="12.799245">
    <ele>1180.572</ele>
    <time>2026-06-25T08:12:24Z</time>
   </trkpt>
   <trkpt lat="47.427341" lon="12.799183">
    <ele>1181.927</ele>
    <time>2026-06-25T08:12:30Z</time>
   </trkpt>
   <trkpt lat="47.427198" lon="12.799300">
    <ele>1184.415</ele>
    <time>2026-06-25T08:12:44Z</time>
   </trkpt>
   <trkpt lat="47.427079" lon="12.799624">
    <ele>1186.945</ele>
    <time>2026-06-25T08:13:04Z</time>
   </trkpt>
   <trkpt lat="47.427049" lon="12.799768">
    <ele>1190.977</ele>
    <time>2026-06-25T08:13:13Z</time>
   </trkpt>
   <trkpt lat="47.426994" lon="12.799946">
    <ele>1195.435</ele>
    <time>2026-06-25T08:13:26Z</time>
   </trkpt>
   <trkpt lat="47.426975" lon="12.800010">
    <ele>1196.304</ele>
    <time>2026-06-25T08:13:31Z</time>
   </trkpt>
   <trkpt lat="47.426942" lon="12.800057">
    <ele>1197.190</ele>
    <time>2026-06-25T08:13:36Z</time>
   </trkpt>
   <trkpt lat="47.426831" lon="12.800223">
    <ele>1199.895</ele>
    <time>2026-06-25T08:13:54Z</time>
   </trkpt>
   <trkpt lat="47.426804" lon="12.800252">
    <ele>1200.015</ele>
    <time>2026-06-25T08:13:58Z</time>
   </trkpt>
   <trkpt lat="47.426672" lon="12.800335">
    <ele>1200.252</ele>
    <time>2026-06-25T08:14:14Z</time>
   </trkpt>
   <trkpt lat="47.426522" lon="12.800353">
    <ele>1199.618</ele>
    <time>2026-06-25T08:14:27Z</time>
   </trkpt>
   <trkpt lat="47.426395" lon="12.800310">
    <ele>1202.406</ele>
    <time>2026-06-25T08:14:40Z</time>
   </trkpt>
   <trkpt lat="47.426292" lon="12.800218">
    <ele>1206.023</ele>
    <time>2026-06-25T08:14:54Z</time>
   </trkpt>
   <trkpt lat="47.426298" lon="12.800099">
    <ele>1208.799</ele>
    <time>2026-06-25T08:15:03Z</time>
   </trkpt>
   <trkpt lat="47.426404" lon="12.800015">
    <ele>1212.544</ele>
    <time>2026-06-25T08:15:16Z</time>
   </trkpt>
   <trkpt lat="47.426412" lon="12.799950">
    <ele>1212.787</ele>
    <time>2026-06-25T08:15:20Z</time>
   </trkpt>
   <trkpt lat="47.426316" lon="12.799834">
    <ele>1215.642</ele>
    <time>2026-06-25T08:15:33Z</time>
   </trkpt>
   <trkpt lat="47.426257" lon="12.799865">
    <ele>1215.915</ele>
    <time>2026-06-25T08:15:38Z</time>
   </trkpt>
   <trkpt lat="47.426210" lon="12.799895">
    <ele>1218.150</ele>
    <time>2026-06-25T08:15:43Z</time>
   </trkpt>
   <trkpt lat="47.426116" lon="12.799889">
    <ele>1215.150</ele>
    <time>2026-06-25T08:15:57Z</time>
   </trkpt>
   <trkpt lat="47.426107" lon="12.799879">
    <ele>1214.901</ele>
    <time>2026-06-25T08:15:59Z</time>
   </trkpt>
   <trkpt lat="47.426000" lon="12.799898">
    <ele>1215.563</ele>
    <time>2026-06-25T08:16:07Z</time>
   </trkpt>
   <trkpt lat="47.425982" lon="12.799906">
    <ele>1215.894</ele>
    <time>2026-06-25T08:16:09Z</time>
   </trkpt>
   <trkpt lat="47.425804" lon="12.799825">
    <ele>1221.841</ele>
    <time>2026-06-25T08:16:29Z</time>
   </trkpt>
   <trkpt lat="47.425790" lon="12.799786">
    <ele>1222.659</ele>
    <time>2026-06-25T08:16:32Z</time>
   </trkpt>
   <trkpt lat="47.425793" lon="12.799757">
    <ele>1223.407</ele>
    <time>2026-06-25T08:16:47Z</time>
   </trkpt>
   <trkpt lat="47.425740" lon="12.799741">
    <ele>1224.077</ele>
    <time>2026-06-25T08:18:05Z</time>
   </trkpt>
   <trkpt lat="47.425611" lon="12.799682">
    <ele>1227.937</ele>
    <time>2026-06-25T08:18:20Z</time>
   </trkpt>
   <trkpt lat="47.425601" lon="12.799640">
    <ele>1228.162</ele>
    <time>2026-06-25T08:18:23Z</time>
   </trkpt>
   <trkpt lat="47.425613" lon="12.799585">
    <ele>1229.253</ele>
    <time>2026-06-25T08:18:27Z</time>
   </trkpt>
   <trkpt lat="47.425702" lon="12.799444">
    <ele>1232.539</ele>
    <time>2026-06-25T08:18:43Z</time>
   </trkpt>
   <trkpt lat="47.425689" lon="12.799373">
    <ele>1233.002</ele>
    <time>2026-06-25T08:18:48Z</time>
   </trkpt>
   <trkpt lat="47.425609" lon="12.799240">
    <ele>1236.845</ele>
    <time>2026-06-25T08:19:03Z</time>
   </trkpt>
   <trkpt lat="47.425544" lon="12.799099">
    <ele>1239.709</ele>
    <time>2026-06-25T08:19:17Z</time>
   </trkpt>
   <trkpt lat="47.425513" lon="12.799003">
    <ele>1240.686</ele>
    <time>2026-06-25T08:19:25Z</time>
   </trkpt>
   <trkpt lat="47.425440" lon="12.798765">
    <ele>1244.199</ele>
    <time>2026-06-25T08:19:45Z</time>
   </trkpt>
   <trkpt lat="47.425366" lon="12.798609">
    <ele>1247.301</ele>
    <time>2026-06-25T08:20:00Z</time>
   </trkpt>
   <trkpt lat="47.425336" lon="12.798564">
    <ele>1247.359</ele>
    <time>2026-06-25T08:20:13Z</time>
   </trkpt>
   <trkpt lat="47.425343" lon="12.798555">
    <ele>1247.453</ele>
    <time>2026-06-25T08:20:48Z</time>
   </trkpt>
   <trkpt lat="47.425319" lon="12.798507">
    <ele>1249.107</ele>
    <time>2026-06-25T08:21:00Z</time>
   </trkpt>
   <trkpt lat="47.425283" lon="12.798466">
    <ele>1250.419</ele>
    <time>2026-06-25T08:21:04Z</time>
   </trkpt>
   <trkpt lat="47.425192" lon="12.798385">
    <ele>1253.301</ele>
    <time>2026-06-25T08:21:15Z</time>
   </trkpt>
   <trkpt lat="47.424996" lon="12.798252">
    <ele>1257.049</ele>
    <time>2026-06-25T08:21:38Z</time>
   </trkpt>
   <trkpt lat="47.424818" lon="12.798195">
    <ele>1259.711</ele>
    <time>2026-06-25T08:21:56Z</time>
   </trkpt>
   <trkpt lat="47.424693" lon="12.798175">
    <ele>1263.672</ele>
    <time>2026-06-25T08:22:13Z</time>
   </trkpt>
   <trkpt lat="47.424606" lon="12.798115">
    <ele>1265.669</ele>
    <time>2026-06-25T08:22:26Z</time>
   </trkpt>
   <trkpt lat="47.424606" lon="12.798023">
    <ele>1266.257</ele>
    <time>2026-06-25T08:22:33Z</time>
   </trkpt>
   <trkpt lat="47.424767" lon="12.797757">
    <ele>1269.011</ele>
    <time>2026-06-25T08:22:55Z</time>
   </trkpt>
   <trkpt lat="47.424976" lon="12.797373">
    <ele>1274.091</ele>
    <time>2026-06-25T08:23:21Z</time>
   </trkpt>
   <trkpt lat="47.425000" lon="12.797332">
    <ele>1274.880</ele>
    <time>2026-06-25T08:23:25Z</time>
   </trkpt>
   <trkpt lat="47.425101" lon="12.797078">
    <ele>1278.348</ele>
    <time>2026-06-25T08:23:42Z</time>
   </trkpt>
   <trkpt lat="47.425193" lon="12.796837">
    <ele>1281.549</ele>
    <time>2026-06-25T08:24:00Z</time>
   </trkpt>
   <trkpt lat="47.425198" lon="12.796822">
    <ele>1281.664</ele>
    <time>2026-06-25T08:24:01Z</time>
   </trkpt>
   <trkpt lat="47.425223" lon="12.796718">
    <ele>1283.194</ele>
    <time>2026-06-25T08:24:07Z</time>
   </trkpt>
   <trkpt lat="47.425336" lon="12.796464">
    <ele>1285.195</ele>
    <time>2026-06-25T08:24:24Z</time>
   </trkpt>
   <trkpt lat="47.425375" lon="12.796335">
    <ele>1285.493</ele>
    <time>2026-06-25T08:24:32Z</time>
   </trkpt>
   <trkpt lat="47.425403" lon="12.796291">
    <ele>1285.299</ele>
    <time>2026-06-25T08:24:36Z</time>
   </trkpt>
   <trkpt lat="47.425399" lon="12.796252">
    <ele>1285.867</ele>
    <time>2026-06-25T08:24:38Z</time>
   </trkpt>
   <trkpt lat="47.425425" lon="12.796193">
    <ele>1285.944</ele>
    <time>2026-06-25T08:24:42Z</time>
   </trkpt>
   <trkpt lat="47.425443" lon="12.796112">
    <ele>1286.081</ele>
    <time>2026-06-25T08:24:47Z</time>
   </trkpt>
   <trkpt lat="47.425465" lon="12.796087">
    <ele>1286.137</ele>
    <time>2026-06-25T08:24:50Z</time>
   </trkpt>
   <trkpt lat="47.425513" lon="12.795944">
    <ele>1286.651</ele>
    <time>2026-06-25T08:25:00Z</time>
   </trkpt>
   <trkpt lat="47.425542" lon="12.795715">
    <ele>1289.526</ele>
    <time>2026-06-25T08:25:13Z</time>
   </trkpt>
   <trkpt lat="47.425568" lon="12.795533">
    <ele>1293.493</ele>
    <time>2026-06-25T08:25:25Z</time>
   </trkpt>
   <trkpt lat="47.425567" lon="12.795517">
    <ele>1294.013</ele>
    <time>2026-06-25T08:25:26Z</time>
   </trkpt>
   <trkpt lat="47.425568" lon="12.795361">
    <ele>1293.752</ele>
    <time>2026-06-25T08:25:36Z</time>
   </trkpt>
   <trkpt lat="47.425563" lon="12.795270">
    <ele>1294.616</ele>
    <time>2026-06-25T08:25:41Z</time>
   </trkpt>
   <trkpt lat="47.425501" lon="12.795023">
    <ele>1300.029</ele>
    <time>2026-06-25T08:26:00Z</time>
   </trkpt>
   <trkpt lat="47.425340" lon="12.794901">
    <ele>1305.422</ele>
    <time>2026-06-25T08:26:22Z</time>
   </trkpt>
   <trkpt lat="47.425332" lon="12.794899">
    <ele>1305.787</ele>
    <time>2026-06-25T08:26:23Z</time>
   </trkpt>
   <trkpt lat="47.425182" lon="12.794942">
    <ele>1309.799</ele>
    <time>2026-06-25T08:26:39Z</time>
   </trkpt>
   <trkpt lat="47.424943" lon="12.795114">
    <ele>1316.877</ele>
    <time>2026-06-25T08:27:03Z</time>
   </trkpt>
   <trkpt lat="47.424832" lon="12.795245">
    <ele>1319.860</ele>
    <time>2026-06-25T08:27:17Z</time>
   </trkpt>
   <trkpt lat="47.424717" lon="12.795362">
    <ele>1323.712</ele>
    <time>2026-06-25T08:27:32Z</time>
   </trkpt>
   <trkpt lat="47.424592" lon="12.795449">
    <ele>1326.172</ele>
    <time>2026-06-25T08:27:46Z</time>
   </trkpt>
   <trkpt lat="47.424447" lon="12.795560">
    <ele>1328.489</ele>
    <time>2026-06-25T08:28:04Z</time>
   </trkpt>
   <trkpt lat="47.424420" lon="12.795567">
    <ele>1329.585</ele>
    <time>2026-06-25T08:28:07Z</time>
   </trkpt>
   <trkpt lat="47.424382" lon="12.795587">
    <ele>1329.328</ele>
    <time>2026-06-25T08:28:11Z</time>
   </trkpt>
   <trkpt lat="47.424155" lon="12.795668">
    <ele>1332.305</ele>
    <time>2026-06-25T08:28:32Z</time>
   </trkpt>
   <trkpt lat="47.424099" lon="12.795669">
    <ele>1333.090</ele>
    <time>2026-06-25T08:28:47Z</time>
   </trkpt>
   <trkpt lat="47.424071" lon="12.795671">
    <ele>1334.336</ele>
    <time>2026-06-25T08:29:59Z</time>
   </trkpt>
   <trkpt lat="47.423909" lon="12.795699">
    <ele>1337.006</ele>
    <time>2026-06-25T08:30:14Z</time>
   </trkpt>
   <trkpt lat="47.423882" lon="12.795548">
    <ele>1339.440</ele>
    <time>2026-06-25T08:30:23Z</time>
   </trkpt>
   <trkpt lat="47.423955" lon="12.795390">
    <ele>1340.829</ele>
    <time>2026-06-25T08:30:34Z</time>
   </trkpt>
   <trkpt lat="47.423990" lon="12.795339">
    <ele>1341.911</ele>
    <time>2026-06-25T08:30:38Z</time>
   </trkpt>
   <trkpt lat="47.424085" lon="12.795117">
    <ele>1344.492</ele>
    <time>2026-06-25T08:30:56Z</time>
   </trkpt>
   <trkpt lat="47.424090" lon="12.795084">
    <ele>1344.892</ele>
    <time>2026-06-25T08:30:58Z</time>
   </trkpt>
   <trkpt lat="47.424113" lon="12.795042">
    <ele>1345.699</ele>
    <time>2026-06-25T08:31:01Z</time>
   </trkpt>
   <trkpt lat="47.424156" lon="12.794942">
    <ele>1347.512</ele>
    <time>2026-06-25T08:31:10Z</time>
   </trkpt>
   <trkpt lat="47.424210" lon="12.794652">
    <ele>1350.510</ele>
    <time>2026-06-25T08:31:26Z</time>
   </trkpt>
   <trkpt lat="47.424072" lon="12.794288">
    <ele>1351.913</ele>
    <time>2026-06-25T08:31:47Z</time>
   </trkpt>
   <trkpt lat="47.423923" lon="12.794017">
    <ele>1356.247</ele>
    <time>2026-06-25T08:32:08Z</time>
   </trkpt>
   <trkpt lat="47.423898" lon="12.794004">
    <ele>1356.977</ele>
    <time>2026-06-25T08:32:11Z</time>
   </trkpt>
   <trkpt lat="47.423692" lon="12.794114">
    <ele>1361.292</ele>
    <time>2026-06-25T08:32:30Z</time>
   </trkpt>
   <trkpt lat="47.423467" lon="12.794353">
    <ele>1366.310</ele>
    <time>2026-06-25T08:32:53Z</time>
   </trkpt>
   <trkpt lat="47.423292" lon="12.794546">
    <ele>1369.512</ele>
    <time>2026-06-25T08:33:11Z</time>
   </trkpt>
   <trkpt lat="47.423100" lon="12.794666">
    <ele>1373.530</ele>
    <time>2026-06-25T08:33:29Z</time>
   </trkpt>
   <trkpt lat="47.423034" lon="12.794677">
    <ele>1373.957</ele>
    <time>2026-06-25T08:33:34Z</time>
   </trkpt>
   <trkpt lat="47.423006" lon="12.794689">
    <ele>1374.642</ele>
    <time>2026-06-25T08:33:37Z</time>
   </trkpt>
   <trkpt lat="47.422738" lon="12.794668">
    <ele>1378.585</ele>
    <time>2026-06-25T08:33:58Z</time>
   </trkpt>
   <trkpt lat="47.422557" lon="12.794639">
    <ele>1382.629</ele>
    <time>2026-06-25T08:34:15Z</time>
   </trkpt>
   <trkpt lat="47.422350" lon="12.794639">
    <ele>1386.290</ele>
    <time>2026-06-25T08:34:33Z</time>
   </trkpt>
   <trkpt lat="47.422119" lon="12.794577">
    <ele>1391.003</ele>
    <time>2026-06-25T08:34:54Z</time>
   </trkpt>
   <trkpt lat="47.422109" lon="12.794579">
    <ele>1391.112</ele>
    <time>2026-06-25T08:34:55Z</time>
   </trkpt>
   <trkpt lat="47.421919" lon="12.794450">
    <ele>1394.212</ele>
    <time>2026-06-25T08:35:16Z</time>
   </trkpt>
   <trkpt lat="47.421923" lon="12.794387">
    <ele>1395.067</ele>
    <time>2026-06-25T08:35:21Z</time>
   </trkpt>
   <trkpt lat="47.421945" lon="12.794341">
    <ele>1395.402</ele>
    <time>2026-06-25T08:35:25Z</time>
   </trkpt>
   <trkpt lat="47.422016" lon="12.794328">
    <ele>1397.083</ele>
    <time>2026-06-25T08:35:32Z</time>
   </trkpt>
   <trkpt lat="47.422141" lon="12.794240">
    <ele>1399.617</ele>
    <time>2026-06-25T08:35:45Z</time>
   </trkpt>
   <trkpt lat="47.422241" lon="12.794087">
    <ele>1402.142</ele>
    <time>2026-06-25T08:35:59Z</time>
   </trkpt>
   <trkpt lat="47.422300" lon="12.793983">
    <ele>1405.665</ele>
    <time>2026-06-25T08:36:09Z</time>
   </trkpt>
   <trkpt lat="47.422328" lon="12.793913">
    <ele>1407.454</ele>
    <time>2026-06-25T08:36:14Z</time>
   </trkpt>
   <trkpt lat="47.422465" lon="12.793621">
    <ele>1413.062</ele>
    <time>2026-06-25T08:36:35Z</time>
   </trkpt>
   <trkpt lat="47.422497" lon="12.793432">
    <ele>1415.785</ele>
    <time>2026-06-25T08:36:51Z</time>
   </trkpt>
   <trkpt lat="47.422492" lon="12.793408">
    <ele>1416.177</ele>
    <time>2026-06-25T08:37:17Z</time>
   </trkpt>
   <trkpt lat="47.422427" lon="12.793041">
    <ele>1420.250</ele>
    <time>2026-06-25T08:37:35Z</time>
   </trkpt>
   <trkpt lat="47.422362" lon="12.792941">
    <ele>1422.336</ele>
    <time>2026-06-25T08:37:42Z</time>
   </trkpt>
   <trkpt lat="47.422332" lon="12.793060">
    <ele>1422.342</ele>
    <time>2026-06-25T08:37:49Z</time>
   </trkpt>
   <trkpt lat="47.422260" lon="12.793288">
    <ele>1423.500</ele>
    <time>2026-06-25T08:38:07Z</time>
   </trkpt>
  </trkseg>
 </trk>
 <trk>
  <name>ACTIVE LOG023902</name>
  <trkseg>
   <trkpt lat="47.422290" lon="12.793224">
    <ele>1428.271</ele>
    <time>2026-06-25T09:39:01Z</time>
   </trkpt>
   <trkpt lat="47.422295" lon="12.793173">
    <ele>1434.978</ele>
    <time>2026-06-25T09:39:11Z</time>
   </trkpt>
   <trkpt lat="47.422339" lon="12.792969">
    <ele>1435.239</ele>
    <time>2026-06-25T09:39:18Z</time>
   </trkpt>
   <trkpt lat="47.422198" lon="12.792911">
    <ele>1436.872</ele>
    <time>2026-06-25T09:39:31Z</time>
   </trkpt>
   <trkpt lat="47.422165" lon="12.792930">
    <ele>1436.937</ele>
    <time>2026-06-25T09:39:34Z</time>
   </trkpt>
   <trkpt lat="47.422067" lon="12.792914">
    <ele>1440.108</ele>
    <time>2026-06-25T09:39:44Z</time>
   </trkpt>
   <trkpt lat="47.421898" lon="12.792927">
    <ele>1445.068</ele>
    <time>2026-06-25T09:40:02Z</time>
   </trkpt>
   <trkpt lat="47.421726" lon="12.792921">
    <ele>1447.677</ele>
    <time>2026-06-25T09:40:19Z</time>
   </trkpt>
   <trkpt lat="47.421544" lon="12.792862">
    <ele>1453.011</ele>
    <time>2026-06-25T09:40:41Z</time>
   </trkpt>
   <trkpt lat="47.421455" lon="12.792794">
    <ele>1457.659</ele>
    <time>2026-06-25T09:40:56Z</time>
   </trkpt>
   <trkpt lat="47.421363" lon="12.792700">
    <ele>1462.527</ele>
    <time>2026-06-25T09:41:10Z</time>
   </trkpt>
   <trkpt lat="47.421349" lon="12.792686">
    <ele>1463.702</ele>
    <time>2026-06-25T09:41:12Z</time>
   </trkpt>
   <trkpt lat="47.421293" lon="12.792472">
    <ele>1465.512</ele>
    <time>2026-06-25T09:41:26Z</time>
   </trkpt>
   <trkpt lat="47.421280" lon="12.792315">
    <ele>1467.056</ele>
    <time>2026-06-25T09:41:41Z</time>
   </trkpt>
   <trkpt lat="47.421273" lon="12.792291">
    <ele>1468.241</ele>
    <time>2026-06-25T09:42:08Z</time>
   </trkpt>
   <trkpt lat="47.421261" lon="12.792278">
    <ele>1468.273</ele>
    <time>2026-06-25T09:42:25Z</time>
   </trkpt>
   <trkpt lat="47.421218" lon="12.792191">
    <ele>1467.391</ele>
    <time>2026-06-25T09:42:45Z</time>
   </trkpt>
   <trkpt lat="47.421178" lon="12.792167">
    <ele>1469.859</ele>
    <time>2026-06-25T09:43:10Z</time>
   </trkpt>
   <trkpt lat="47.421094" lon="12.792092">
    <ele>1473.234</ele>
    <time>2026-06-25T09:43:27Z</time>
   </trkpt>
   <trkpt lat="47.421017" lon="12.791981">
    <ele>1474.870</ele>
    <time>2026-06-25T09:43:51Z</time>
   </trkpt>
   <trkpt lat="47.420938" lon="12.791954">
    <ele>1479.750</ele>
    <time>2026-06-25T09:44:26Z</time>
   </trkpt>
   <trkpt lat="47.420882" lon="12.791909">
    <ele>1481.370</ele>
    <time>2026-06-25T09:44:47Z</time>
   </trkpt>
   <trkpt lat="47.420816" lon="12.791860">
    <ele>1485.257</ele>
    <time>2026-06-25T09:45:10Z</time>
   </trkpt>
   <trkpt lat="47.420744" lon="12.791804">
    <ele>1486.598</ele>
    <time>2026-06-25T09:45:27Z</time>
   </trkpt>
   <trkpt lat="47.420647" lon="12.791751">
    <ele>1491.018</ele>
    <time>2026-06-25T09:45:44Z</time>
   </trkpt>
   <trkpt lat="47.420488" lon="12.791609">
    <ele>1491.639</ele>
    <time>2026-06-25T09:46:11Z</time>
   </trkpt>
   <trkpt lat="47.420431" lon="12.791539">
    <ele>1491.767</ele>
    <time>2026-06-25T09:46:17Z</time>
   </trkpt>
   <trkpt lat="47.420376" lon="12.791516">
    <ele>1492.648</ele>
    <time>2026-06-25T09:46:22Z</time>
   </trkpt>
   <trkpt lat="47.420088" lon="12.791687">
    <ele>1488.464</ele>
    <time>2026-06-25T09:46:33Z</time>
   </trkpt>
   <trkpt lat="47.420005" lon="12.791710">
    <ele>1485.292</ele>
    <time>2026-06-25T09:46:41Z</time>
   </trkpt>
   <trkpt lat="47.419797" lon="12.791762">
    <ele>1484.221</ele>
    <time>2026-06-25T09:47:01Z</time>
   </trkpt>
   <trkpt lat="47.419617" lon="12.791759">
    <ele>1482.627</ele>
    <time>2026-06-25T09:47:04Z</time>
   </trkpt>
   <trkpt lat="47.419380" lon="12.791651">
    <ele>1481.040</ele>
    <time>2026-06-25T09:47:08Z</time>
   </trkpt>
   <trkpt lat="47.419288" lon="12.791619">
    <ele>1480.627</ele>
    <time>2026-06-25T09:47:12Z</time>
   </trkpt>
   <trkpt lat="47.418726" lon="12.791522">
    <ele>1476.915</ele>
    <time>2026-06-25T09:47:22Z</time>
   </trkpt>
   <trkpt lat="47.417884" lon="12.791921">
    <ele>1464.945</ele>
    <time>2026-06-25T09:47:33Z</time>
   </trkpt>
   <trkpt lat="47.417613" lon="12.791948">
    <ele>1461.911</ele>
    <time>2026-06-25T09:47:37Z</time>
   </trkpt>
   <trkpt lat="47.417006" lon="12.791872">
    <ele>1457.255</ele>
    <time>2026-06-25T09:47:45Z</time>
   </trkpt>
   <trkpt lat="47.416786" lon="12.791798">
    <ele>1455.920</ele>
    <time>2026-06-25T09:47:48Z</time>
   </trkpt>
   <trkpt lat="47.416227" lon="12.791734">
    <ele>1447.756</ele>
    <time>2026-06-25T09:47:56Z</time>
   </trkpt>
   <trkpt lat="47.415911" lon="12.791802">
    <ele>1443.636</ele>
    <time>2026-06-25T09:48:00Z</time>
   </trkpt>
   <trkpt lat="47.415659" lon="12.791988">
    <ele>1438.555</ele>
    <time>2026-06-25T09:48:04Z</time>
   </trkpt>
   <trkpt lat="47.415551" lon="12.792113">
    <ele>1436.823</ele>
    <time>2026-06-25T09:48:06Z</time>
   </trkpt>
   <trkpt lat="47.415372" lon="12.792184">
    <ele>1433.812</ele>
    <time>2026-06-25T09:48:10Z</time>
   </trkpt>
   <trkpt lat="47.415274" lon="12.792141">
    <ele>1431.705</ele>
    <time>2026-06-25T09:48:12Z</time>
   </trkpt>
   <trkpt lat="47.415101" lon="12.792019">
    <ele>1428.759</ele>
    <time>2026-06-25T09:48:16Z</time>
   </trkpt>
   <trkpt lat="47.414978" lon="12.791865">
    <ele>1427.254</ele>
    <time>2026-06-25T09:48:19Z</time>
   </trkpt>
   <trkpt lat="47.414669" lon="12.791607">
    <ele>1424.658</ele>
    <time>2026-06-25T09:48:24Z</time>
   </trkpt>
   <trkpt lat="47.413911" lon="12.791313">
    <ele>1414.760</ele>
    <time>2026-06-25T09:48:36Z</time>
   </trkpt>
   <trkpt lat="47.413745" lon="12.791195">
    <ele>1412.098</ele>
    <time>2026-06-25T09:48:39Z</time>
   </trkpt>
   <trkpt lat="47.413451" lon="12.791060">
    <ele>1410.698</ele>
    <time>2026-06-25T09:48:48Z</time>
   </trkpt>
   <trkpt lat="47.413267" lon="12.790864">
    <ele>1412.464</ele>
    <time>2026-06-25T09:49:05Z</time>
   </trkpt>
   <trkpt lat="47.412993" lon="12.790701">
    <ele>1412.112</ele>
    <time>2026-06-25T09:49:25Z</time>
   </trkpt>
   <trkpt lat="47.412788" lon="12.790422">
    <ele>1419.124</ele>
    <time>2026-06-25T09:49:42Z</time>
   </trkpt>
   <trkpt lat="47.412721" lon="12.790319">
    <ele>1418.359</ele>
    <time>2026-06-25T09:49:49Z</time>
   </trkpt>
   <trkpt lat="47.412721" lon="12.790319">
    <ele>1418.082</ele>
    <time>2026-06-25T09:49:53Z</time>
   </trkpt>
   <trkpt lat="47.412654" lon="12.790217">
    <ele>1419.166</ele>
    <time>2026-06-25T09:49:57Z</time>
   </trkpt>
   <trkpt lat="47.412561" lon="12.790001">
    <ele>1420.470</ele>
    <time>2026-06-25T09:50:05Z</time>
   </trkpt>
   <trkpt lat="47.412552" lon="12.789967">
    <ele>1420.896</ele>
    <time>2026-06-25T09:50:07Z</time>
   </trkpt>
   <trkpt lat="47.412552" lon="12.789967">
    <ele>1420.690</ele>
    <time>2026-06-25T09:50:22Z</time>
   </trkpt>
   <trkpt lat="47.412449" lon="12.789650">
    <ele>1423.691</ele>
    <time>2026-06-25T09:51:00Z</time>
   </trkpt>
   <trkpt lat="47.412231" lon="12.789270">
    <ele>1424.496</ele>
    <time>2026-06-25T09:51:20Z</time>
   </trkpt>
   <trkpt lat="47.411886" lon="12.788958">
    <ele>1423.999</ele>
    <time>2026-06-25T09:51:38Z</time>
   </trkpt>
   <trkpt lat="47.411700" lon="12.788591">
    <ele>1424.315</ele>
    <time>2026-06-25T09:51:50Z</time>
   </trkpt>
   <trkpt lat="47.411482" lon="12.788012">
    <ele>1426.771</ele>
    <time>2026-06-25T09:52:10Z</time>
   </trkpt>
   <trkpt lat="47.411414" lon="12.787885">
    <ele>1426.322</ele>
    <time>2026-06-25T09:52:13Z</time>
   </trkpt>
   <trkpt lat="47.411345" lon="12.787754">
    <ele>1426.085</ele>
    <time>2026-06-25T09:52:16Z</time>
   </trkpt>
   <trkpt lat="47.411110" lon="12.787417">
    <ele>1425.066</ele>
    <time>2026-06-25T09:52:24Z</time>
   </trkpt>
   <trkpt lat="47.410910" lon="12.787087">
    <ele>1424.040</ele>
    <time>2026-06-25T09:52:30Z</time>
   </trkpt>
   <trkpt lat="47.410804" lon="12.786887">
    <ele>1423.486</ele>
    <time>2026-06-25T09:52:33Z</time>
   </trkpt>
   <trkpt lat="47.410724" lon="12.786794">
    <ele>1423.277</ele>
    <time>2026-06-25T09:52:35Z</time>
   </trkpt>
   <trkpt lat="47.410329" lon="12.786432">
    <ele>1428.336</ele>
    <time>2026-06-25T09:52:48Z</time>
   </trkpt>
   <trkpt lat="47.410171" lon="12.786063">
    <ele>1431.422</ele>
    <time>2026-06-25T09:52:59Z</time>
   </trkpt>
   <trkpt lat="47.409941" lon="12.785734">
    <ele>1432.317</ele>
    <time>2026-06-25T09:53:12Z</time>
   </trkpt>
   <trkpt lat="47.409578" lon="12.785407">
    <ele>1430.695</ele>
    <time>2026-06-25T09:53:23Z</time>
   </trkpt>
   <trkpt lat="47.409420" lon="12.785284">
    <ele>1429.478</ele>
    <time>2026-06-25T09:53:26Z</time>
   </trkpt>
   <trkpt lat="47.409025" lon="12.784729">
    <ele>1427.226</ele>
    <time>2026-06-25T09:53:34Z</time>
   </trkpt>
   <trkpt lat="47.408877" lon="12.784563">
    <ele>1427.400</ele>
    <time>2026-06-25T09:53:37Z</time>
   </trkpt>
   <trkpt lat="47.408447" lon="12.784169">
    <ele>1424.882</ele>
    <time>2026-06-25T09:53:44Z</time>
   </trkpt>
   <trkpt lat="47.408276" lon="12.783651">
    <ele>1421.404</ele>
    <time>2026-06-25T09:53:50Z</time>
   </trkpt>
   <trkpt lat="47.408079" lon="12.783457">
    <ele>1417.519</ele>
    <time>2026-06-25T09:53:54Z</time>
   </trkpt>
   <trkpt lat="47.408008" lon="12.783408">
    <ele>1414.281</ele>
    <time>2026-06-25T09:54:01Z</time>
   </trkpt>
   <trkpt lat="47.408008" lon="12.783408">
    <ele>1414.095</ele>
    <time>2026-06-25T09:54:21Z</time>
   </trkpt>
   <trkpt lat="47.407948" lon="12.783367">
    <ele>1414.200</ele>
    <time>2026-06-25T09:54:25Z</time>
   </trkpt>
   <trkpt lat="47.407460" lon="12.782844">
    <ele>1410.544</ele>
    <time>2026-06-25T09:54:38Z</time>
   </trkpt>
   <trkpt lat="47.407312" lon="12.782675">
    <ele>1409.655</ele>
    <time>2026-06-25T09:54:41Z</time>
   </trkpt>
   <trkpt lat="47.407014" lon="12.782507">
    <ele>1407.345</ele>
    <time>2026-06-25T09:54:47Z</time>
   </trkpt>
   <trkpt lat="47.406797" lon="12.782540">
    <ele>1406.590</ele>
    <time>2026-06-25T09:54:51Z</time>
   </trkpt>
   <trkpt lat="47.406218" lon="12.782195">
    <ele>1405.383</ele>
    <time>2026-06-25T09:55:01Z</time>
   </trkpt>
   <trkpt lat="47.406153" lon="12.782162">
    <ele>1405.290</ele>
    <time>2026-06-25T09:55:02Z</time>
   </trkpt>
   <trkpt lat="47.406024" lon="12.782080">
    <ele>1405.006</ele>
    <time>2026-06-25T09:55:04Z</time>
   </trkpt>
   <trkpt lat="47.405855" lon="12.781821">
    <ele>1406.340</ele>
    <time>2026-06-25T09:55:12Z</time>
   </trkpt>
   <trkpt lat="47.405855" lon="12.781821">
    <ele>1407.405</ele>
    <time>2026-06-25T09:56:18Z</time>
   </trkpt>
   <trkpt lat="47.405784" lon="12.781577">
    <ele>1406.720</ele>
    <time>2026-06-25T09:56:22Z</time>
   </trkpt>
   <trkpt lat="47.405583" lon="12.780976">
    <ele>1404.138</ele>
    <time>2026-06-25T09:56:32Z</time>
   </trkpt>
   <trkpt lat="47.405470" lon="12.780700">
    <ele>1402.044</ele>
    <time>2026-06-25T09:56:37Z</time>
   </trkpt>
   <trkpt lat="47.405116" lon="12.780369">
    <ele>1399.395</ele>
    <time>2026-06-25T09:56:43Z</time>
   </trkpt>
   <trkpt lat="47.404821" lon="12.780245">
    <ele>1397.505</ele>
    <time>2026-06-25T09:56:47Z</time>
   </trkpt>
   <trkpt lat="47.404618" lon="12.780178">
    <ele>1395.223</ele>
    <time>2026-06-25T09:56:50Z</time>
   </trkpt>
   <trkpt lat="47.404403" lon="12.780168">
    <ele>1393.406</ele>
    <time>2026-06-25T09:56:53Z</time>
   </trkpt>
   <trkpt lat="47.404163" lon="12.779964">
    <ele>1392.991</ele>
    <time>2026-06-25T09:56:59Z</time>
   </trkpt>
   <trkpt lat="47.404110" lon="12.780174">
    <ele>1389.701</ele>
    <time>2026-06-25T09:57:06Z</time>
   </trkpt>
   <trkpt lat="47.404284" lon="12.780431">
    <ele>1387.561</ele>
    <time>2026-06-25T09:57:11Z</time>
   </trkpt>
   <trkpt lat="47.404647" lon="12.780654">
    <ele>1383.206</ele>
    <time>2026-06-25T09:57:18Z</time>
   </trkpt>
   <trkpt lat="47.404963" lon="12.781007">
    <ele>1378.816</ele>
    <time>2026-06-25T09:57:23Z</time>
   </trkpt>
   <trkpt lat="47.405136" lon="12.781788">
    <ele>1374.831</ele>
    <time>2026-06-25T09:57:31Z</time>
   </trkpt>
   <trkpt lat="47.405189" lon="12.782166">
    <ele>1372.702</ele>
    <time>2026-06-25T09:57:35Z</time>
   </trkpt>
   <trkpt lat="47.405227" lon="12.782424">
    <ele>1371.461</ele>
    <time>2026-06-25T09:57:38Z</time>
   </trkpt>
   <trkpt lat="47.405273" lon="12.782588">
    <ele>1370.092</ele>
    <time>2026-06-25T09:57:40Z</time>
   </trkpt>
   <trkpt lat="47.405762" lon="12.783671">
    <ele>1349.126</ele>
    <time>2026-06-25T09:57:53Z</time>
   </trkpt>
   <trkpt lat="47.405700" lon="12.783763">
    <ele>1342.007</ele>
    <time>2026-06-25T09:58:00Z</time>
   </trkpt>
   <trkpt lat="47.405304" lon="12.783189">
    <ele>1341.469</ele>
    <time>2026-06-25T09:58:16Z</time>
   </trkpt>
   <trkpt lat="47.405099" lon="12.782854">
    <ele>1340.839</ele>
    <time>2026-06-25T09:58:25Z</time>
   </trkpt>
   <trkpt lat="47.404932" lon="12.782336">
    <ele>1342.199</ele>
    <time>2026-06-25T09:58:37Z</time>
   </trkpt>
   <trkpt lat="47.404697" lon="12.781863">
    <ele>1342.630</ele>
    <time>2026-06-25T09:58:53Z</time>
   </trkpt>
   <trkpt lat="47.404598" lon="12.781756">
    <ele>1343.354</ele>
    <time>2026-06-25T09:58:58Z</time>
   </trkpt>
   <trkpt lat="47.404551" lon="12.781704">
    <ele>1343.321</ele>
    <time>2026-06-25T09:59:00Z</time>
   </trkpt>
   <trkpt lat="47.404341" lon="12.781475">
    <ele>1344.596</ele>
    <time>2026-06-25T09:59:10Z</time>
   </trkpt>
   <trkpt lat="47.404094" lon="12.781235">
    <ele>1345.428</ele>
    <time>2026-06-25T09:59:21Z</time>
   </trkpt>
   <trkpt lat="47.404042" lon="12.781189">
    <ele>1346.131</ele>
    <time>2026-06-25T09:59:23Z</time>
   </trkpt>
   <trkpt lat="47.403672" lon="12.780868">
    <ele>1348.746</ele>
    <time>2026-06-25T09:59:38Z</time>
   </trkpt>
   <trkpt lat="47.403523" lon="12.780739">
    <ele>1350.776</ele>
    <time>2026-06-25T09:59:44Z</time>
   </trkpt>
   <trkpt lat="47.403318" lon="12.780591">
    <ele>1351.731</ele>
    <time>2026-06-25T09:59:51Z</time>
   </trkpt>
   <trkpt lat="47.403061" lon="12.780449">
    <ele>1350.147</ele>
    <time>2026-06-25T09:59:56Z</time>
   </trkpt>
   <trkpt lat="47.402691" lon="12.780094">
    <ele>1343.602</ele>
    <time>2026-06-25T10:00:03Z</time>
   </trkpt>
   <trkpt lat="47.402437" lon="12.779460">
    <ele>1344.734</ele>
    <time>2026-06-25T10:00:17Z</time>
   </trkpt>
   <trkpt lat="47.402427" lon="12.779416">
    <ele>1345.323</ele>
    <time>2026-06-25T10:00:18Z</time>
   </trkpt>
   <trkpt lat="47.402393" lon="12.779357">
    <ele>1344.991</ele>
    <time>2026-06-25T10:00:21Z</time>
   </trkpt>
   <trkpt lat="47.402096" lon="12.779189">
    <ele>1344.023</ele>
    <time>2026-06-25T10:00:30Z</time>
   </trkpt>
   <trkpt lat="47.401952" lon="12.779150">
    <ele>1338.680</ele>
    <time>2026-06-25T10:00:33Z</time>
   </trkpt>
   <trkpt lat="47.401580" lon="12.779116">
    <ele>1335.409</ele>
    <time>2026-06-25T10:00:40Z</time>
   </trkpt>
   <trkpt lat="47.401219" lon="12.779035">
    <ele>1330.819</ele>
    <time>2026-06-25T10:00:45Z</time>
   </trkpt>
   <trkpt lat="47.400688" lon="12.778795">
    <ele>1330.172</ele>
    <time>2026-06-25T10:00:52Z</time>
   </trkpt>
   <trkpt lat="47.400365" lon="12.778683">
    <ele>1327.766</ele>
    <time>2026-06-25T10:00:57Z</time>
   </trkpt>
   <trkpt lat="47.399668" lon="12.779061">
    <ele>1319.314</ele>
    <time>2026-06-25T10:01:07Z</time>
   </trkpt>
   <trkpt lat="47.399387" lon="12.779121">
    <ele>1316.109</ele>
    <time>2026-06-25T10:01:11Z</time>
   </trkpt>
   <trkpt lat="47.398756" lon="12.778796">
    <ele>1312.498</ele>
    <time>2026-06-25T10:01:19Z</time>
   </trkpt>
   <trkpt lat="47.398617" lon="12.778659">
    <ele>1311.761</ele>
    <time>2026-06-25T10:01:21Z</time>
   </trkpt>
   <trkpt lat="47.398289" lon="12.778539">
    <ele>1306.953</ele>
    <time>2026-06-25T10:01:26Z</time>
   </trkpt>
   <trkpt lat="47.398109" lon="12.778559">
    <ele>1305.597</ele>
    <time>2026-06-25T10:01:30Z</time>
   </trkpt>
   <trkpt lat="47.397810" lon="12.778257">
    <ele>1308.312</ele>
    <time>2026-06-25T10:01:41Z</time>
   </trkpt>
   <trkpt lat="47.397682" lon="12.778084">
    <ele>1310.412</ele>
    <time>2026-06-25T10:01:51Z</time>
   </trkpt>
   <trkpt lat="47.397527" lon="12.777754">
    <ele>1316.070</ele>
    <time>2026-06-25T10:02:06Z</time>
   </trkpt>
   <trkpt lat="47.397470" lon="12.777526">
    <ele>1317.807</ele>
    <time>2026-06-25T10:02:18Z</time>
   </trkpt>
   <trkpt lat="47.397436" lon="12.777369">
    <ele>1318.960</ele>
    <time>2026-06-25T10:02:25Z</time>
   </trkpt>
   <trkpt lat="47.397430" lon="12.777324">
    <ele>1319.775</ele>
    <time>2026-06-25T10:02:27Z</time>
   </trkpt>
   <trkpt lat="47.397417" lon="12.777239">
    <ele>1319.872</ele>
    <time>2026-06-25T10:02:31Z</time>
   </trkpt>
   <trkpt lat="47.397345" lon="12.776762">
    <ele>1324.349</ele>
    <time>2026-06-25T10:02:53Z</time>
   </trkpt>
   <trkpt lat="47.397254" lon="12.776448">
    <ele>1327.401</ele>
    <time>2026-06-25T10:03:10Z</time>
   </trkpt>
   <trkpt lat="47.397098" lon="12.776153">
    <ele>1328.369</ele>
    <time>2026-06-25T10:03:29Z</time>
   </trkpt>
   <trkpt lat="47.397024" lon="12.776015">
    <ele>1328.963</ele>
    <time>2026-06-25T10:03:37Z</time>
   </trkpt>
   <trkpt lat="47.397016" lon="12.775999">
    <ele>1328.653</ele>
    <time>2026-06-25T10:03:53Z</time>
   </trkpt>
   <trkpt lat="47.396994" lon="12.775958">
    <ele>1328.605</ele>
    <time>2026-06-25T10:04:31Z</time>
   </trkpt>
   <trkpt lat="47.396753" lon="12.775698">
    <ele>1331.714</ele>
    <time>2026-06-25T10:04:48Z</time>
   </trkpt>
   <trkpt lat="47.396530" lon="12.775498">
    <ele>1333.612</ele>
    <time>2026-06-25T10:05:04Z</time>
   </trkpt>
   <trkpt lat="47.396241" lon="12.775238">
    <ele>1341.453</ele>
    <time>2026-06-25T10:05:25Z</time>
   </trkpt>
   <trkpt lat="47.396078" lon="12.775091">
    <ele>1348.112</ele>
    <time>2026-06-25T10:05:40Z</time>
   </trkpt>
   <trkpt lat="47.396010" lon="12.775030">
    <ele>1349.879</ele>
    <time>2026-06-25T10:05:44Z</time>
   </trkpt>
   <trkpt lat="47.395971" lon="12.774995">
    <ele>1349.911</ele>
    <time>2026-06-25T10:05:48Z</time>
   </trkpt>
   <trkpt lat="47.395953" lon="12.774979">
    <ele>1349.847</ele>
    <time>2026-06-25T10:05:50Z</time>
   </trkpt>
   <trkpt lat="47.395695" lon="12.774746">
    <ele>1352.028</ele>
    <time>2026-06-25T10:06:10Z</time>
   </trkpt>
   <trkpt lat="47.395588" lon="12.774548">
    <ele>1355.089</ele>
    <time>2026-06-25T10:06:21Z</time>
   </trkpt>
   <trkpt lat="47.395459" lon="12.774258">
    <ele>1358.591</ele>
    <time>2026-06-25T10:06:39Z</time>
   </trkpt>
   <trkpt lat="47.395320" lon="12.773883">
    <ele>1360.626</ele>
    <time>2026-06-25T10:07:00Z</time>
   </trkpt>
   <trkpt lat="47.395254" lon="12.773420">
    <ele>1364.569</ele>
    <time>2026-06-25T10:07:23Z</time>
   </trkpt>
   <trkpt lat="47.395134" lon="12.773083">
    <ele>1364.520</ele>
    <time>2026-06-25T10:07:39Z</time>
   </trkpt>
   <trkpt lat="47.394916" lon="12.772735">
    <ele>1363.380</ele>
    <time>2026-06-25T10:07:53Z</time>
   </trkpt>
   <trkpt lat="47.394703" lon="12.772408">
    <ele>1359.208</ele>
    <time>2026-06-25T10:08:01Z</time>
   </trkpt>
   <trkpt lat="47.394582" lon="12.772467">
    <ele>1359.662</ele>
    <time>2026-06-25T10:08:04Z</time>
   </trkpt>
   <trkpt lat="47.394342" lon="12.772665">
    <ele>1362.392</ele>
    <time>2026-06-25T10:08:19Z</time>
   </trkpt>
   <trkpt lat="47.394032" lon="12.772904">
    <ele>1367.222</ele>
    <time>2026-06-25T10:08:39Z</time>
   </trkpt>
   <trkpt lat="47.393647" lon="12.773013">
    <ele>1370.924</ele>
    <time>2026-06-25T10:09:05Z</time>
   </trkpt>
   <trkpt lat="47.393352" lon="12.773070">
    <ele>1375.127</ele>
    <time>2026-06-25T10:09:28Z</time>
   </trkpt>
   <trkpt lat="47.393123" lon="12.772977">
    <ele>1379.002</ele>
    <time>2026-06-25T10:09:50Z</time>
   </trkpt>
   <trkpt lat="47.392867" lon="12.772933">
    <ele>1382.028</ele>
    <time>2026-06-25T10:10:06Z</time>
   </trkpt>
   <trkpt lat="47.392824" lon="12.772893">
    <ele>1387.263</ele>
    <time>2026-06-25T10:10:22Z</time>
   </trkpt>
   <trkpt lat="47.392650" lon="12.772734">
    <ele>1391.181</ele>
    <time>2026-06-25T10:10:32Z</time>
   </trkpt>
   <trkpt lat="47.392604" lon="12.772691">
    <ele>1392.299</ele>
    <time>2026-06-25T10:10:39Z</time>
   </trkpt>
   <trkpt lat="47.392604" lon="12.772691">
    <ele>1392.559</ele>
    <time>2026-06-25T10:10:41Z</time>
   </trkpt>
   <trkpt lat="47.392401" lon="12.772505">
    <ele>1395.683</ele>
    <time>2026-06-25T10:11:00Z</time>
   </trkpt>
   <trkpt lat="47.392401" lon="12.772505">
    <ele>1397.773</ele>
    <time>2026-06-25T10:11:19Z</time>
   </trkpt>
   <trkpt lat="47.392150" lon="12.772410">
    <ele>1398.635</ele>
    <time>2026-06-25T10:11:25Z</time>
   </trkpt>
   <trkpt lat="47.392108" lon="12.772385">
    <ele>1398.970</ele>
    <time>2026-06-25T10:11:33Z</time>
   </trkpt>
   <trkpt lat="47.392108" lon="12.772385">
    <ele>1399.669</ele>
    <time>2026-06-25T10:11:39Z</time>
   </trkpt>
   <trkpt lat="47.391956" lon="12.772234">
    <ele>1402.452</ele>
    <time>2026-06-25T10:11:57Z</time>
   </trkpt>
   <trkpt lat="47.391770" lon="12.772020">
    <ele>1406.531</ele>
    <time>2026-06-25T10:12:08Z</time>
   </trkpt>
   <trkpt lat="47.391665" lon="12.771860">
    <ele>1408.770</ele>
    <time>2026-06-25T10:12:23Z</time>
   </trkpt>
   <trkpt lat="47.391665" lon="12.771860">
    <ele>1409.220</ele>
    <time>2026-06-25T10:12:26Z</time>
   </trkpt>
   <trkpt lat="47.391665" lon="12.771860">
    <ele>1412.377</ele>
    <time>2026-06-25T10:12:33Z</time>
   </trkpt>
   <trkpt lat="47.391665" lon="12.771860">
    <ele>1413.930</ele>
    <time>2026-06-25T10:12:39Z</time>
   </trkpt>
   <trkpt lat="47.391568" lon="12.771559">
    <ele>1414.746</ele>
    <time>2026-06-25T10:12:45Z</time>
   </trkpt>
   <trkpt lat="47.391568" lon="12.771559">
    <ele>1416.307</ele>
    <time>2026-06-25T10:12:53Z</time>
   </trkpt>
   <trkpt lat="47.391460" lon="12.771417">
    <ele>1419.225</ele>
    <time>2026-06-25T10:13:11Z</time>
   </trkpt>
   <trkpt lat="47.391460" lon="12.771417">
    <ele>1418.436</ele>
    <time>2026-06-25T10:13:16Z</time>
   </trkpt>
   <trkpt lat="47.390973" lon="12.771298">
    <ele>1422.602</ele>
    <time>2026-06-25T10:13:38Z</time>
   </trkpt>
   <trkpt lat="47.390778" lon="12.771242">
    <ele>1424.144</ele>
    <time>2026-06-25T10:13:57Z</time>
   </trkpt>
   <trkpt lat="47.390587" lon="12.771119">
    <ele>1429.850</ele>
    <time>2026-06-25T10:14:15Z</time>
   </trkpt>
   <trkpt lat="47.390587" lon="12.771119">
    <ele>1430.498</ele>
    <time>2026-06-25T10:14:18Z</time>
   </trkpt>
   <trkpt lat="47.390486" lon="12.771010">
    <ele>1431.085</ele>
    <time>2026-06-25T10:14:24Z</time>
   </trkpt>
   <trkpt lat="47.390299" lon="12.770887">
    <ele>1432.105</ele>
    <time>2026-06-25T10:14:40Z</time>
   </trkpt>
   <trkpt lat="47.390036" lon="12.770849">
    <ele>1435.172</ele>
    <time>2026-06-25T10:14:56Z</time>
   </trkpt>
   <trkpt lat="47.389862" lon="12.770873">
    <ele>1436.169</ele>
    <time>2026-06-25T10:15:10Z</time>
   </trkpt>
   <trkpt lat="47.389836" lon="12.770860">
    <ele>1436.816</ele>
    <time>2026-06-25T10:15:29Z</time>
   </trkpt>
   <trkpt lat="47.389836" lon="12.770860">
    <ele>1437.538</ele>
    <time>2026-06-25T10:17:28Z</time>
   </trkpt>
   <trkpt lat="47.389836" lon="12.770860">
    <ele>1436.740</ele>
    <time>2026-06-25T10:18:14Z</time>
   </trkpt>
   <trkpt lat="47.389836" lon="12.770860">
    <ele>1435.951</ele>
    <time>2026-06-25T10:19:25Z</time>
   </trkpt>
   <trkpt lat="47.389836" lon="12.770860">
    <ele>1437.022</ele>
    <time>2026-06-25T10:20:31Z</time>
   </trkpt>
   <trkpt lat="47.389739" lon="12.770825">
    <ele>1437.687</ele>
    <time>2026-06-25T10:21:53Z</time>
   </trkpt>
   <trkpt lat="47.389339" lon="12.770841">
    <ele>1438.406</ele>
    <time>2026-06-25T10:22:09Z</time>
   </trkpt>
   <trkpt lat="47.388916" lon="12.771019">
    <ele>1439.841</ele>
    <time>2026-06-25T10:22:29Z</time>
   </trkpt>
   <trkpt lat="47.388457" lon="12.771004">
    <ele>1441.321</ele>
    <time>2026-06-25T10:22:49Z</time>
   </trkpt>
   <trkpt lat="47.388235" lon="12.770977">
    <ele>1440.684</ele>
    <time>2026-06-25T10:23:00Z</time>
   </trkpt>
   <trkpt lat="47.387823" lon="12.770891">
    <ele>1439.411</ele>
    <time>2026-06-25T10:23:20Z</time>
   </trkpt>
   <trkpt lat="47.387739" lon="12.770880">
    <ele>1440.044</ele>
    <time>2026-06-25T10:23:25Z</time>
   </trkpt>
   <trkpt lat="47.387435" lon="12.770960">
    <ele>1445.423</ele>
    <time>2026-06-25T10:23:40Z</time>
   </trkpt>
   <trkpt lat="47.387267" lon="12.771044">
    <ele>1446.421</ele>
    <time>2026-06-25T10:23:50Z</time>
   </trkpt>
   <trkpt lat="47.387005" lon="12.771324">
    <ele>1450.842</ele>
    <time>2026-06-25T10:24:08Z</time>
   </trkpt>
   <trkpt lat="47.386890" lon="12.771453">
    <ele>1453.886</ele>
    <time>2026-06-25T10:24:17Z</time>
   </trkpt>
   <trkpt lat="47.386698" lon="12.771646">
    <ele>1463.515</ele>
    <time>2026-06-25T10:24:36Z</time>
   </trkpt>
   <trkpt lat="47.386527" lon="12.771796">
    <ele>1470.124</ele>
    <time>2026-06-25T10:24:52Z</time>
   </trkpt>
   <trkpt lat="47.386268" lon="12.771863">
    <ele>1470.701</ele>
    <time>2026-06-25T10:25:13Z</time>
   </trkpt>
   <trkpt lat="47.386243" lon="12.771869">
    <ele>1474.391</ele>
    <time>2026-06-25T10:25:26Z</time>
   </trkpt>
   <trkpt lat="47.386004" lon="12.771932">
    <ele>1475.731</ele>
    <time>2026-06-25T10:25:36Z</time>
   </trkpt>
   <trkpt lat="47.385738" lon="12.772006">
    <ele>1477.722</ele>
    <time>2026-06-25T10:25:51Z</time>
   </trkpt>
   <trkpt lat="47.385387" lon="12.772070">
    <ele>1479.379</ele>
    <time>2026-06-25T10:26:16Z</time>
   </trkpt>
   <trkpt lat="47.385176" lon="12.772043">
    <ele>1482.281</ele>
    <time>2026-06-25T10:26:31Z</time>
   </trkpt>
   <trkpt lat="47.384863" lon="12.772125">
    <ele>1485.354</ele>
    <time>2026-06-25T10:26:53Z</time>
   </trkpt>
   <trkpt lat="47.384570" lon="12.772227">
    <ele>1487.927</ele>
    <time>2026-06-25T10:27:13Z</time>
   </trkpt>
   <trkpt lat="47.384466" lon="12.772262">
    <ele>1489.672</ele>
    <time>2026-06-25T10:27:21Z</time>
   </trkpt>
   <trkpt lat="47.384312" lon="12.772332">
    <ele>1495.030</ele>
    <time>2026-06-25T10:27:32Z</time>
   </trkpt>
   <trkpt lat="47.384274" lon="12.772355">
    <ele>1496.525</ele>
    <time>2026-06-25T10:27:36Z</time>
   </trkpt>
   <trkpt lat="47.384097" lon="12.772461">
    <ele>1500.568</ele>
    <time>2026-06-25T10:27:51Z</time>
   </trkpt>
   <trkpt lat="47.383885" lon="12.772591">
    <ele>1500.557</ele>
    <time>2026-06-25T10:28:03Z</time>
   </trkpt>
   <trkpt lat="47.383718" lon="12.772674">
    <ele>1505.986</ele>
    <time>2026-06-25T10:28:17Z</time>
   </trkpt>
   <trkpt lat="47.383458" lon="12.772808">
    <ele>1506.070</ele>
    <time>2026-06-25T10:28:33Z</time>
   </trkpt>
   <trkpt lat="47.383297" lon="12.772884">
    <ele>1507.052</ele>
    <time>2026-06-25T10:28:45Z</time>
   </trkpt>
   <trkpt lat="47.383274" lon="12.772892">
    <ele>1506.600</ele>
    <time>2026-06-25T10:28:47Z</time>
   </trkpt>
   <trkpt lat="47.383061" lon="12.772986">
    <ele>1506.207</ele>
    <time>2026-06-25T10:29:03Z</time>
   </trkpt>
   <trkpt lat="47.382846" lon="12.773253">
    <ele>1509.604</ele>
    <time>2026-06-25T10:29:21Z</time>
   </trkpt>
   <trkpt lat="47.382846" lon="12.773253">
    <ele>1509.027</ele>
    <time>2026-06-25T10:29:38Z</time>
   </trkpt>
   <trkpt lat="47.382846" lon="12.773253">
    <ele>1508.671</ele>
    <time>2026-06-25T10:30:35Z</time>
   </trkpt>
   <trkpt lat="47.382581" lon="12.773496">
    <ele>1514.510</ele>
    <time>2026-06-25T10:30:54Z</time>
   </trkpt>
   <trkpt lat="47.382274" lon="12.773806">
    <ele>1520.892</ele>
    <time>2026-06-25T10:31:18Z</time>
   </trkpt>
   <trkpt lat="47.382143" lon="12.773977">
    <ele>1525.234</ele>
    <time>2026-06-25T10:31:38Z</time>
   </trkpt>
   <trkpt lat="47.382143" lon="12.773977">
    <ele>1525.155</ele>
    <time>2026-06-25T10:31:40Z</time>
   </trkpt>
   <trkpt lat="47.382009" lon="12.774106">
    <ele>1525.791</ele>
    <time>2026-06-25T10:31:45Z</time>
   </trkpt>
   <trkpt lat="47.381873" lon="12.774144">
    <ele>1526.364</ele>
    <time>2026-06-25T10:32:02Z</time>
   </trkpt>
   <trkpt lat="47.381611" lon="12.774049">
    <ele>1528.632</ele>
    <time>2026-06-25T10:32:21Z</time>
   </trkpt>
   <trkpt lat="47.381568" lon="12.773993">
    <ele>1529.761</ele>
    <time>2026-06-25T10:32:27Z</time>
   </trkpt>
   <trkpt lat="47.381532" lon="12.773922">
    <ele>1530.384</ele>
    <time>2026-06-25T10:32:33Z</time>
   </trkpt>
   <trkpt lat="47.381598" lon="12.773554">
    <ele>1532.741</ele>
    <time>2026-06-25T10:32:51Z</time>
   </trkpt>
   <trkpt lat="47.381552" lon="12.773216">
    <ele>1535.674</ele>
    <time>2026-06-25T10:33:13Z</time>
   </trkpt>
   <trkpt lat="47.381452" lon="12.772867">
    <ele>1535.967</ele>
    <time>2026-06-25T10:33:32Z</time>
   </trkpt>
   <trkpt lat="47.381348" lon="12.772703">
    <ele>1536.039</ele>
    <time>2026-06-25T10:33:42Z</time>
   </trkpt>
   <trkpt lat="47.381224" lon="12.772395">
    <ele>1536.973</ele>
    <time>2026-06-25T10:33:55Z</time>
   </trkpt>
   <trkpt lat="47.381117" lon="12.771872">
    <ele>1538.563</ele>
    <time>2026-06-25T10:34:15Z</time>
   </trkpt>
   <trkpt lat="47.381007" lon="12.771308">
    <ele>1542.403</ele>
    <time>2026-06-25T10:34:37Z</time>
   </trkpt>
   <trkpt lat="47.380927" lon="12.770742">
    <ele>1544.209</ele>
    <time>2026-06-25T10:34:59Z</time>
   </trkpt>
   <trkpt lat="47.380811" lon="12.770257">
    <ele>1546.620</ele>
    <time>2026-06-25T10:35:20Z</time>
   </trkpt>
   <trkpt lat="47.380692" lon="12.769793">
    <ele>1549.343</ele>
    <time>2026-06-25T10:35:41Z</time>
   </trkpt>
   <trkpt lat="47.380523" lon="12.769379">
    <ele>1553.011</ele>
    <time>2026-06-25T10:36:00Z</time>
   </trkpt>
   <trkpt lat="47.380372" lon="12.769162">
    <ele>1555.688</ele>
    <time>2026-06-25T10:36:17Z</time>
   </trkpt>
   <trkpt lat="47.380299" lon="12.769083">
    <ele>1556.951</ele>
    <time>2026-06-25T10:36:31Z</time>
   </trkpt>
   <trkpt lat="47.380299" lon="12.769083">
    <ele>1557.546</ele>
    <time>2026-06-25T10:36:50Z</time>
   </trkpt>
   <trkpt lat="47.380299" lon="12.769083">
    <ele>1558.733</ele>
    <time>2026-06-25T10:37:15Z</time>
   </trkpt>
   <trkpt lat="47.380299" lon="12.769083">
    <ele>1560.648</ele>
    <time>2026-06-25T10:37:30Z</time>
   </trkpt>
   <trkpt lat="47.380299" lon="12.769083">
    <ele>1562.082</ele>
    <time>2026-06-25T10:39:19Z</time>
   </trkpt>
   <trkpt lat="47.380131" lon="12.768841">
    <ele>1563.377</ele>
    <time>2026-06-25T10:39:50Z</time>
   </trkpt>
   <trkpt lat="47.379958" lon="12.768405">
    <ele>1564.592</ele>
    <time>2026-06-25T10:40:11Z</time>
   </trkpt>
   <trkpt lat="47.379830" lon="12.768031">
    <ele>1567.052</ele>
    <time>2026-06-25T10:40:29Z</time>
   </trkpt>
   <trkpt lat="47.379792" lon="12.767964">
    <ele>1567.728</ele>
    <time>2026-06-25T10:40:33Z</time>
   </trkpt>
   <trkpt lat="47.379784" lon="12.767950">
    <ele>1568.660</ele>
    <time>2026-06-25T10:40:37Z</time>
   </trkpt>
   <trkpt lat="47.379497" lon="12.767690">
    <ele>1569.743</ele>
    <time>2026-06-25T10:40:52Z</time>
   </trkpt>
   <trkpt lat="47.379161" lon="12.767228">
    <ele>1570.235</ele>
    <time>2026-06-25T10:41:15Z</time>
   </trkpt>
   <trkpt lat="47.378764" lon="12.767098">
    <ele>1574.978</ele>
    <time>2026-06-25T10:41:35Z</time>
   </trkpt>
   <trkpt lat="47.378438" lon="12.767029">
    <ele>1579.547</ele>
    <time>2026-06-25T10:41:58Z</time>
   </trkpt>
   <trkpt lat="47.378191" lon="12.766847">
    <ele>1583.370</ele>
    <time>2026-06-25T10:42:18Z</time>
   </trkpt>
   <trkpt lat="47.378095" lon="12.766777">
    <ele>1585.163</ele>
    <time>2026-06-25T10:42:26Z</time>
   </trkpt>
   <trkpt lat="47.377955" lon="12.766757">
    <ele>1587.282</ele>
    <time>2026-06-25T10:42:37Z</time>
   </trkpt>
   <trkpt lat="47.377940" lon="12.766757">
    <ele>1590.732</ele>
    <time>2026-06-25T10:42:55Z</time>
   </trkpt>
   <trkpt lat="47.377940" lon="12.766757">
    <ele>1591.495</ele>
    <time>2026-06-25T10:43:03Z</time>
   </trkpt>
   <trkpt lat="47.377940" lon="12.766757">
    <ele>1594.722</ele>
    <time>2026-06-25T10:43:20Z</time>
   </trkpt>
   <trkpt lat="47.377940" lon="12.766757">
    <ele>1595.297</ele>
    <time>2026-06-25T10:43:30Z</time>
   </trkpt>
   <trkpt lat="47.377940" lon="12.766757">
    <ele>1595.547</ele>
    <time>2026-06-25T10:43:32Z</time>
   </trkpt>
   <trkpt lat="47.377505" lon="12.766510">
    <ele>1596.233</ele>
    <time>2026-06-25T10:43:40Z</time>
   </trkpt>
   <trkpt lat="47.377385" lon="12.766020">
    <ele>1598.530</ele>
    <time>2026-06-25T10:43:59Z</time>
   </trkpt>
   <trkpt lat="47.377182" lon="12.765587">
    <ele>1599.703</ele>
    <time>2026-06-25T10:44:20Z</time>
   </trkpt>
   <trkpt lat="47.377139" lon="12.765487">
    <ele>1600.213</ele>
    <time>2026-06-25T10:44:33Z</time>
   </trkpt>
   <trkpt lat="47.377139" lon="12.765487">
    <ele>1600.275</ele>
    <time>2026-06-25T10:45:25Z</time>
   </trkpt>
   <trkpt lat="47.376967" lon="12.765030">
    <ele>1602.330</ele>
    <time>2026-06-25T10:45:38Z</time>
   </trkpt>
   <trkpt lat="47.376967" lon="12.764294">
    <ele>1602.157</ele>
    <time>2026-06-25T10:45:51Z</time>
   </trkpt>
   <trkpt lat="47.376902" lon="12.763773">
    <ele>1606.213</ele>
    <time>2026-06-25T10:46:06Z</time>
   </trkpt>
   <trkpt lat="47.376932" lon="12.763268">
    <ele>1605.526</ele>
    <time>2026-06-25T10:46:22Z</time>
   </trkpt>
   <trkpt lat="47.377236" lon="12.762646">
    <ele>1599.813</ele>
    <time>2026-06-25T10:46:36Z</time>
   </trkpt>
   <trkpt lat="47.377310" lon="12.762423">
    <ele>1597.824</ele>
    <time>2026-06-25T10:46:40Z</time>
   </trkpt>
   <trkpt lat="47.377467" lon="12.762208">
    <ele>1595.285</ele>
    <time>2026-06-25T10:46:46Z</time>
   </trkpt>
   <trkpt lat="47.377467" lon="12.762208">
    <ele>1595.470</ele>
    <time>2026-06-25T10:46:57Z</time>
   </trkpt>
   <trkpt lat="47.377446" lon="12.761714">
    <ele>1594.335</ele>
    <time>2026-06-25T10:47:02Z</time>
   </trkpt>
   <trkpt lat="47.377417" lon="12.762082">
    <ele>1594.095</ele>
    <time>2026-06-25T10:47:04Z</time>
   </trkpt>
   <trkpt lat="47.377337" lon="12.762114">
    <ele>1594.207</ele>
    <time>2026-06-25T10:47:14Z</time>
   </trkpt>
   <trkpt lat="47.377236" lon="12.762187">
    <ele>1594.141</ele>
    <time>2026-06-25T10:47:57Z</time>
   </trkpt>
   <trkpt lat="47.377247" lon="12.761999">
    <ele>1592.159</ele>
    <time>2026-06-25T10:48:04Z</time>
   </trkpt>
   <trkpt lat="47.377419" lon="12.761806">
    <ele>1588.817</ele>
    <time>2026-06-25T10:48:09Z</time>
   </trkpt>
   <trkpt lat="47.377613" lon="12.761631">
    <ele>1587.601</ele>
    <time>2026-06-25T10:48:15Z</time>
   </trkpt>
   <trkpt lat="47.377854" lon="12.761486">
    <ele>1591.740</ele>
    <time>2026-06-25T10:48:29Z</time>
   </trkpt>
   <trkpt lat="47.378101" lon="12.761316">
    <ele>1598.002</ele>
    <time>2026-06-25T10:48:45Z</time>
   </trkpt>
   <trkpt lat="47.378411" lon="12.761071">
    <ele>1604.488</ele>
    <time>2026-06-25T10:49:08Z</time>
   </trkpt>
   <trkpt lat="47.378411" lon="12.760942">
    <ele>1604.501</ele>
    <time>2026-06-25T10:49:13Z</time>
   </trkpt>
   <trkpt lat="47.378176" lon="12.760752">
    <ele>1604.313</ele>
    <time>2026-06-25T10:49:29Z</time>
   </trkpt>
   <trkpt lat="47.377932" lon="12.760514">
    <ele>1607.037</ele>
    <time>2026-06-25T10:49:43Z</time>
   </trkpt>
   <trkpt lat="47.377769" lon="12.760047">
    <ele>1612.261</ele>
    <time>2026-06-25T10:50:02Z</time>
   </trkpt>
   <trkpt lat="47.377587" lon="12.759627">
    <ele>1615.443</ele>
    <time>2026-06-25T10:50:22Z</time>
   </trkpt>
   <trkpt lat="47.377576" lon="12.759563">
    <ele>1614.650</ele>
    <time>2026-06-25T10:50:26Z</time>
   </trkpt>
   <trkpt lat="47.377551" lon="12.759234">
    <ele>1611.588</ele>
    <time>2026-06-25T10:50:39Z</time>
   </trkpt>
   <trkpt lat="47.377770" lon="12.758713">
    <ele>1610.497</ele>
    <time>2026-06-25T10:51:02Z</time>
   </trkpt>
   <trkpt lat="47.377916" lon="12.758391">
    <ele>1610.199</ele>
    <time>2026-06-25T10:51:22Z</time>
   </trkpt>
   <trkpt lat="47.377996" lon="12.758105">
    <ele>1612.302</ele>
    <time>2026-06-25T10:51:37Z</time>
   </trkpt>
   <trkpt lat="47.378025" lon="12.757820">
    <ele>1614.899</ele>
    <time>2026-06-25T10:51:54Z</time>
   </trkpt>
   <trkpt lat="47.378013" lon="12.757453">
    <ele>1618.936</ele>
    <time>2026-06-25T10:52:13Z</time>
   </trkpt>
   <trkpt lat="47.377950" lon="12.757040">
    <ele>1627.212</ele>
    <time>2026-06-25T10:52:32Z</time>
   </trkpt>
   <trkpt lat="47.377872" lon="12.756531">
    <ele>1629.850</ele>
    <time>2026-06-25T10:52:52Z</time>
   </trkpt>
   <trkpt lat="47.377799" lon="12.756048">
    <ele>1631.205</ele>
    <time>2026-06-25T10:53:12Z</time>
   </trkpt>
   <trkpt lat="47.377906" lon="12.755618">
    <ele>1630.734</ele>
    <time>2026-06-25T10:53:31Z</time>
   </trkpt>
   <trkpt lat="47.378055" lon="12.755313">
    <ele>1633.675</ele>
    <time>2026-06-25T10:53:51Z</time>
   </trkpt>
   <trkpt lat="47.378160" lon="12.755097">
    <ele>1634.372</ele>
    <time>2026-06-25T10:54:07Z</time>
   </trkpt>
   <trkpt lat="47.378160" lon="12.755097">
    <ele>1634.085</ele>
    <time>2026-06-25T10:54:08Z</time>
   </trkpt>
   <trkpt lat="47.378311" lon="12.754801">
    <ele>1634.757</ele>
    <time>2026-06-25T10:54:27Z</time>
   </trkpt>
   <trkpt lat="47.378460" lon="12.754535">
    <ele>1637.684</ele>
    <time>2026-06-25T10:54:41Z</time>
   </trkpt>
   <trkpt lat="47.378631" lon="12.754325">
    <ele>1641.576</ele>
    <time>2026-06-25T10:54:59Z</time>
   </trkpt>
   <trkpt lat="47.378729" lon="12.754209">
    <ele>1642.778</ele>
    <time>2026-06-25T10:55:08Z</time>
   </trkpt>
   <trkpt lat="47.378887" lon="12.754057">
    <ele>1643.876</ele>
    <time>2026-06-25T10:55:27Z</time>
   </trkpt>
   <trkpt lat="47.378887" lon="12.754057">
    <ele>1644.959</ele>
    <time>2026-06-25T10:55:34Z</time>
   </trkpt>
   <trkpt lat="47.378887" lon="12.754057">
    <ele>1645.302</ele>
    <time>2026-06-25T10:55:39Z</time>
   </trkpt>
   <trkpt lat="47.379019" lon="12.753930">
    <ele>1648.507</ele>
    <time>2026-06-25T10:55:56Z</time>
   </trkpt>
   <trkpt lat="47.379246" lon="12.753712">
    <ele>1651.402</ele>
    <time>2026-06-25T10:56:13Z</time>
   </trkpt>
   <trkpt lat="47.379347" lon="12.753631">
    <ele>1652.014</ele>
    <time>2026-06-25T10:56:18Z</time>
   </trkpt>
   <trkpt lat="47.379490" lon="12.753522">
    <ele>1653.529</ele>
    <time>2026-06-25T10:56:33Z</time>
   </trkpt>
   <trkpt lat="47.379684" lon="12.753375">
    <ele>1655.269</ele>
    <time>2026-06-25T10:56:48Z</time>
   </trkpt>
   <trkpt lat="47.379729" lon="12.753341">
    <ele>1655.671</ele>
    <time>2026-06-25T10:56:53Z</time>
   </trkpt>
   <trkpt lat="47.379729" lon="12.753341">
    <ele>1656.830</ele>
    <time>2026-06-25T10:56:56Z</time>
   </trkpt>
   <trkpt lat="47.379961" lon="12.753187">
    <ele>1657.879</ele>
    <time>2026-06-25T10:57:12Z</time>
   </trkpt>
   <trkpt lat="47.380178" lon="12.753093">
    <ele>1661.352</ele>
    <time>2026-06-25T10:57:30Z</time>
   </trkpt>
   <trkpt lat="47.380380" lon="12.753005">
    <ele>1665.379</ele>
    <time>2026-06-25T10:57:51Z</time>
   </trkpt>
   <trkpt lat="47.380557" lon="12.752951">
    <ele>1666.661</ele>
    <time>2026-06-25T10:58:05Z</time>
   </trkpt>
   <trkpt lat="47.380804" lon="12.752875">
    <ele>1668.453</ele>
    <time>2026-06-25T10:58:21Z</time>
   </trkpt>
   <trkpt lat="47.380874" lon="12.752854">
    <ele>1669.484</ele>
    <time>2026-06-25T10:58:37Z</time>
   </trkpt>
   <trkpt lat="47.380874" lon="12.752854">
    <ele>1670.638</ele>
    <time>2026-06-25T10:58:55Z</time>
   </trkpt>
   <trkpt lat="47.381230" lon="12.752817">
    <ele>1672.682</ele>
    <time>2026-06-25T10:59:36Z</time>
   </trkpt>
   <trkpt lat="47.381422" lon="12.752894">
    <ele>1676.235</ele>
    <time>2026-06-25T10:59:54Z</time>
   </trkpt>
   <trkpt lat="47.381510" lon="12.752947">
    <ele>1679.268</ele>
    <time>2026-06-25T11:00:02Z</time>
   </trkpt>
   <trkpt lat="47.381613" lon="12.753050">
    <ele>1681.583</ele>
    <time>2026-06-25T11:00:16Z</time>
   </trkpt>
   <trkpt lat="47.381613" lon="12.753050">
    <ele>1681.791</ele>
    <time>2026-06-25T11:00:19Z</time>
   </trkpt>
   <trkpt lat="47.381613" lon="12.753050">
    <ele>1681.371</ele>
    <time>2026-06-25T11:00:21Z</time>
   </trkpt>
   <trkpt lat="47.381807" lon="12.753324">
    <ele>1684.331</ele>
    <time>2026-06-25T11:00:41Z</time>
   </trkpt>
   <trkpt lat="47.382035" lon="12.753563">
    <ele>1687.436</ele>
    <time>2026-06-25T11:01:01Z</time>
   </trkpt>
   <trkpt lat="47.382065" lon="12.753565">
    <ele>1688.454</ele>
    <time>2026-06-25T11:01:09Z</time>
   </trkpt>
   <trkpt lat="47.382148" lon="12.753571">
    <ele>1690.738</ele>
    <time>2026-06-25T11:01:25Z</time>
   </trkpt>
   <trkpt lat="47.382148" lon="12.753571">
    <ele>1690.663</ele>
    <time>2026-06-25T11:01:32Z</time>
   </trkpt>
   <trkpt lat="47.382384" lon="12.753577">
    <ele>1691.628</ele>
    <time>2026-06-25T11:01:40Z</time>
   </trkpt>
   <trkpt lat="47.382646" lon="12.753556">
    <ele>1694.178</ele>
    <time>2026-06-25T11:01:57Z</time>
   </trkpt>
   <trkpt lat="47.382938" lon="12.753570">
    <ele>1696.398</ele>
    <time>2026-06-25T11:02:15Z</time>
   </trkpt>
   <trkpt lat="47.383221" lon="12.753646">
    <ele>1698.609</ele>
    <time>2026-06-25T11:02:34Z</time>
   </trkpt>
   <trkpt lat="47.383493" lon="12.753689">
    <ele>1701.757</ele>
    <time>2026-06-25T11:02:52Z</time>
   </trkpt>
   <trkpt lat="47.383660" lon="12.753699">
    <ele>1701.968</ele>
    <time>2026-06-25T11:03:05Z</time>
   </trkpt>
   <trkpt lat="47.383939" lon="12.753606">
    <ele>1704.117</ele>
    <time>2026-06-25T11:03:21Z</time>
   </trkpt>
   <trkpt lat="47.384270" lon="12.753545">
    <ele>1706.958</ele>
    <time>2026-06-25T11:03:37Z</time>
   </trkpt>
   <trkpt lat="47.384522" lon="12.753556">
    <ele>1709.321</ele>
    <time>2026-06-25T11:03:51Z</time>
   </trkpt>
   <trkpt lat="47.384797" lon="12.753612">
    <ele>1713.000</ele>
    <time>2026-06-25T11:04:09Z</time>
   </trkpt>
   <trkpt lat="47.385049" lon="12.753703">
    <ele>1713.573</ele>
    <time>2026-06-25T11:04:27Z</time>
   </trkpt>
   <trkpt lat="47.385337" lon="12.753906">
    <ele>1716.057</ele>
    <time>2026-06-25T11:04:44Z</time>
   </trkpt>
   <trkpt lat="47.385685" lon="12.753980">
    <ele>1719.563</ele>
    <time>2026-06-25T11:05:04Z</time>
   </trkpt>
   <trkpt lat="47.385925" lon="12.754021">
    <ele>1720.167</ele>
    <time>2026-06-25T11:05:20Z</time>
   </trkpt>
   <trkpt lat="47.386251" lon="12.754044">
    <ele>1722.256</ele>
    <time>2026-06-25T11:05:37Z</time>
   </trkpt>
   <trkpt lat="47.386377" lon="12.754035">
    <ele>1722.666</ele>
    <time>2026-06-25T11:05:44Z</time>
   </trkpt>
   <trkpt lat="47.386602" lon="12.754059">
    <ele>1724.763</ele>
    <time>2026-06-25T11:05:56Z</time>
   </trkpt>
   <trkpt lat="47.386909" lon="12.754034">
    <ele>1726.928</ele>
    <time>2026-06-25T11:06:14Z</time>
   </trkpt>
   <trkpt lat="47.387149" lon="12.753981">
    <ele>1729.693</ele>
    <time>2026-06-25T11:06:29Z</time>
   </trkpt>
   <trkpt lat="47.387364" lon="12.753852">
    <ele>1731.753</ele>
    <time>2026-06-25T11:06:46Z</time>
   </trkpt>
   <trkpt lat="47.387611" lon="12.753704">
    <ele>1732.358</ele>
    <time>2026-06-25T11:07:07Z</time>
   </trkpt>
   <trkpt lat="47.387611" lon="12.753704">
    <ele>1731.342</ele>
    <time>2026-06-25T11:08:10Z</time>
   </trkpt>
   <trkpt lat="47.387799" lon="12.753681">
    <ele>1734.394</ele>
    <time>2026-06-25T11:08:29Z</time>
   </trkpt>
   <trkpt lat="47.388120" lon="12.753642">
    <ele>1739.167</ele>
    <time>2026-06-25T11:08:47Z</time>
   </trkpt>
   <trkpt lat="47.388452" lon="12.753610">
    <ele>1741.820</ele>
    <time>2026-06-25T11:09:04Z</time>
   </trkpt>
   <trkpt lat="47.388693" lon="12.753694">
    <ele>1744.473</ele>
    <time>2026-06-25T11:09:20Z</time>
   </trkpt>
   <trkpt lat="47.388921" lon="12.753773">
    <ele>1746.734</ele>
    <time>2026-06-25T11:09:37Z</time>
   </trkpt>
   <trkpt lat="47.388955" lon="12.753784">
    <ele>1745.890</ele>
    <time>2026-06-25T11:09:53Z</time>
   </trkpt>
   <trkpt lat="47.388955" lon="12.753784">
    <ele>1746.191</ele>
    <time>2026-06-25T11:11:28Z</time>
   </trkpt>
   <trkpt lat="47.389246" lon="12.753829">
    <ele>1744.978</ele>
    <time>2026-06-25T11:11:48Z</time>
   </trkpt>
   <trkpt lat="47.389616" lon="12.753875">
    <ele>1740.844</ele>
    <time>2026-06-25T11:11:55Z</time>
   </trkpt>
   <trkpt lat="47.390305" lon="12.754044">
    <ele>1738.064</ele>
    <time>2026-06-25T11:12:06Z</time>
   </trkpt>
   <trkpt lat="47.390516" lon="12.754204">
    <ele>1735.983</ele>
    <time>2026-06-25T11:12:10Z</time>
   </trkpt>
   <trkpt lat="47.390732" lon="12.754074">
    <ele>1737.132</ele>
    <time>2026-06-25T11:12:16Z</time>
   </trkpt>
   <trkpt lat="47.390888" lon="12.753945">
    <ele>1736.557</ele>
    <time>2026-06-25T11:12:21Z</time>
   </trkpt>
   <trkpt lat="47.391118" lon="12.753887">
    <ele>1733.375</ele>
    <time>2026-06-25T11:12:26Z</time>
   </trkpt>
   <trkpt lat="47.391285" lon="12.753660">
    <ele>1732.135</ele>
    <time>2026-06-25T11:12:30Z</time>
   </trkpt>
   <trkpt lat="47.391502" lon="12.753465">
    <ele>1732.837</ele>
    <time>2026-06-25T11:12:36Z</time>
   </trkpt>
   <trkpt lat="47.391544" lon="12.753365">
    <ele>1732.675</ele>
    <time>2026-06-25T11:12:40Z</time>
   </trkpt>
   <trkpt lat="47.391567" lon="12.753274">
    <ele>1730.929</ele>
    <time>2026-06-25T11:12:43Z</time>
   </trkpt>
   <trkpt lat="47.391693" lon="12.752794">
    <ele>1724.405</ele>
    <time>2026-06-25T11:12:49Z</time>
   </trkpt>
   <trkpt lat="47.391761" lon="12.752603">
    <ele>1722.482</ele>
    <time>2026-06-25T11:12:52Z</time>
   </trkpt>
   <trkpt lat="47.391840" lon="12.752431">
    <ele>1719.369</ele>
    <time>2026-06-25T11:12:55Z</time>
   </trkpt>
   <trkpt lat="47.392110" lon="12.751965">
    <ele>1707.264</ele>
    <time>2026-06-25T11:13:07Z</time>
   </trkpt>
   <trkpt lat="47.392208" lon="12.751781">
    <ele>1704.117</ele>
    <time>2026-06-25T11:13:10Z</time>
   </trkpt>
   <trkpt lat="47.392426" lon="12.751274">
    <ele>1697.247</ele>
    <time>2026-06-25T11:13:20Z</time>
   </trkpt>
   <trkpt lat="47.392481" lon="12.750981">
    <ele>1696.575</ele>
    <time>2026-06-25T11:13:24Z</time>
   </trkpt>
   <trkpt lat="47.392607" lon="12.750592">
    <ele>1695.049</ele>
    <time>2026-06-25T11:13:29Z</time>
   </trkpt>
   <trkpt lat="47.392605" lon="12.750293">
    <ele>1693.916</ele>
    <time>2026-06-25T11:13:33Z</time>
   </trkpt>
   <trkpt lat="47.392586" lon="12.750040">
    <ele>1693.122</ele>
    <time>2026-06-25T11:13:36Z</time>
   </trkpt>
   <trkpt lat="47.392635" lon="12.749779">
    <ele>1691.341</ele>
    <time>2026-06-25T11:13:40Z</time>
   </trkpt>
   <trkpt lat="47.392491" lon="12.749330">
    <ele>1685.808</ele>
    <time>2026-06-25T11:13:48Z</time>
   </trkpt>
   <trkpt lat="47.392472" lon="12.749286">
    <ele>1685.222</ele>
    <time>2026-06-25T11:13:49Z</time>
   </trkpt>
   <trkpt lat="47.392425" lon="12.748955">
    <ele>1682.245</ele>
    <time>2026-06-25T11:13:53Z</time>
   </trkpt>
   <trkpt lat="47.392342" lon="12.748699">
    <ele>1679.018</ele>
    <time>2026-06-25T11:13:57Z</time>
   </trkpt>
   <trkpt lat="47.392213" lon="12.748436">
    <ele>1678.830</ele>
    <time>2026-06-25T11:14:01Z</time>
   </trkpt>
   <trkpt lat="47.392207" lon="12.748163">
    <ele>1679.372</ele>
    <time>2026-06-25T11:14:05Z</time>
   </trkpt>
   <trkpt lat="47.392289" lon="12.747830">
    <ele>1679.619</ele>
    <time>2026-06-25T11:14:17Z</time>
   </trkpt>
   <trkpt lat="47.392236" lon="12.747501">
    <ele>1678.733</ele>
    <time>2026-06-25T11:14:59Z</time>
   </trkpt>
   <trkpt lat="47.392207" lon="12.747270">
    <ele>1676.911</ele>
    <time>2026-06-25T11:15:02Z</time>
   </trkpt>
   <trkpt lat="47.392080" lon="12.746757">
    <ele>1672.000</ele>
    <time>2026-06-25T11:15:08Z</time>
   </trkpt>
   <trkpt lat="47.392008" lon="12.746490">
    <ele>1670.857</ele>
    <time>2026-06-25T11:15:11Z</time>
   </trkpt>
   <trkpt lat="47.391884" lon="12.746141">
    <ele>1669.659</ele>
    <time>2026-06-25T11:15:15Z</time>
   </trkpt>
   <trkpt lat="47.391818" lon="12.745757">
    <ele>1666.919</ele>
    <time>2026-06-25T11:15:19Z</time>
   </trkpt>
   <trkpt lat="47.391690" lon="12.745369">
    <ele>1663.848</ele>
    <time>2026-06-25T11:15:24Z</time>
   </trkpt>
   <trkpt lat="47.391524" lon="12.745115">
    <ele>1659.680</ele>
    <time>2026-06-25T11:15:29Z</time>
   </trkpt>
   <trkpt lat="47.391426" lon="12.745049">
    <ele>1658.379</ele>
    <time>2026-06-25T11:15:31Z</time>
   </trkpt>
   <trkpt lat="47.391304" lon="12.744735">
    <ele>1655.802</ele>
    <time>2026-06-25T11:15:35Z</time>
   </trkpt>
   <trkpt lat="47.391292" lon="12.744470">
    <ele>1654.672</ele>
    <time>2026-06-25T11:15:38Z</time>
   </trkpt>
   <trkpt lat="47.391257" lon="12.744229">
    <ele>1651.512</ele>
    <time>2026-06-25T11:15:41Z</time>
   </trkpt>
   <trkpt lat="47.391157" lon="12.744141">
    <ele>1649.480</ele>
    <time>2026-06-25T11:15:48Z</time>
   </trkpt>
   <trkpt lat="47.391157" lon="12.744194">
    <ele>1649.153</ele>
    <time>2026-06-25T11:15:49Z</time>
   </trkpt>
   <trkpt lat="47.391059" lon="12.744215">
    <ele>1647.626</ele>
    <time>2026-06-25T11:15:57Z</time>
   </trkpt>
   <trkpt lat="47.391005" lon="12.744065">
    <ele>1647.093</ele>
    <time>2026-06-25T11:16:00Z</time>
   </trkpt>
   <trkpt lat="47.390969" lon="12.743753">
    <ele>1646.539</ele>
    <time>2026-06-25T11:16:03Z</time>
   </trkpt>
   <trkpt lat="47.390943" lon="12.743647">
    <ele>1646.878</ele>
    <time>2026-06-25T11:16:05Z</time>
   </trkpt>
   <trkpt lat="47.390958" lon="12.742894">
    <ele>1643.577</ele>
    <time>2026-06-25T11:16:12Z</time>
   </trkpt>
   <trkpt lat="47.391029" lon="12.742669">
    <ele>1642.650</ele>
    <time>2026-06-25T11:16:15Z</time>
   </trkpt>
   <trkpt lat="47.391063" lon="12.742229">
    <ele>1641.289</ele>
    <time>2026-06-25T11:16:20Z</time>
   </trkpt>
   <trkpt lat="47.391506" lon="12.741230">
    <ele>1636.250</ele>
    <time>2026-06-25T11:16:32Z</time>
   </trkpt>
   <trkpt lat="47.392124" lon="12.740266">
    <ele>1629.345</ele>
    <time>2026-06-25T11:16:45Z</time>
   </trkpt>
   <trkpt lat="47.392472" lon="12.739738">
    <ele>1625.794</ele>
    <time>2026-06-25T11:16:52Z</time>
   </trkpt>
   <trkpt lat="47.392778" lon="12.739093">
    <ele>1622.082</ele>
    <time>2026-06-25T11:16:59Z</time>
   </trkpt>
   <trkpt lat="47.392998" lon="12.738650">
    <ele>1619.779</ele>
    <time>2026-06-25T11:17:03Z</time>
   </trkpt>
   <trkpt lat="47.393191" lon="12.738335">
    <ele>1619.696</ele>
    <time>2026-06-25T11:17:07Z</time>
   </trkpt>
   <trkpt lat="47.393227" lon="12.737992">
    <ele>1620.618</ele>
    <time>2026-06-25T11:17:11Z</time>
   </trkpt>
   <trkpt lat="47.393265" lon="12.737597">
    <ele>1622.949</ele>
    <time>2026-06-25T11:17:20Z</time>
   </trkpt>
   <trkpt lat="47.393403" lon="12.737111">
    <ele>1627.471</ele>
    <time>2026-06-25T11:17:39Z</time>
   </trkpt>
   <trkpt lat="47.393603" lon="12.736652">
    <ele>1630.894</ele>
    <time>2026-06-25T11:17:58Z</time>
   </trkpt>
   <trkpt lat="47.393600" lon="12.736620">
    <ele>1630.767</ele>
    <time>2026-06-25T11:17:59Z</time>
   </trkpt>
   <trkpt lat="47.393493" lon="12.736193">
    <ele>1628.445</ele>
    <time>2026-06-25T11:18:13Z</time>
   </trkpt>
   <trkpt lat="47.393355" lon="12.735789">
    <ele>1626.733</ele>
    <time>2026-06-25T11:18:22Z</time>
   </trkpt>
   <trkpt lat="47.393145" lon="12.735224">
    <ele>1627.188</ele>
    <time>2026-06-25T11:18:30Z</time>
   </trkpt>
   <trkpt lat="47.393005" lon="12.734439">
    <ele>1625.011</ele>
    <time>2026-06-25T11:18:38Z</time>
   </trkpt>
   <trkpt lat="47.392794" lon="12.733383">
    <ele>1624.751</ele>
    <time>2026-06-25T11:18:49Z</time>
   </trkpt>
   <trkpt lat="47.392632" lon="12.732948">
    <ele>1624.749</ele>
    <time>2026-06-25T11:18:55Z</time>
   </trkpt>
   <trkpt lat="47.392542" lon="12.732750">
    <ele>1623.831</ele>
    <time>2026-06-25T11:18:58Z</time>
   </trkpt>
   <trkpt lat="47.392413" lon="12.732525">
    <ele>1623.915</ele>
    <time>2026-06-25T11:19:02Z</time>
   </trkpt>
   <trkpt lat="47.392308" lon="12.732305">
    <ele>1624.218</ele>
    <time>2026-06-25T11:19:06Z</time>
   </trkpt>
   <trkpt lat="47.392241" lon="12.731760">
    <ele>1622.619</ele>
    <time>2026-06-25T11:19:14Z</time>
   </trkpt>
   <trkpt lat="47.392108" lon="12.731401">
    <ele>1620.825</ele>
    <time>2026-06-25T11:19:23Z</time>
   </trkpt>
   <trkpt lat="47.391884" lon="12.731077">
    <ele>1627.523</ele>
    <time>2026-06-25T11:19:39Z</time>
   </trkpt>
   <trkpt lat="47.391849" lon="12.730767">
    <ele>1632.000</ele>
    <time>2026-06-25T11:19:56Z</time>
   </trkpt>
   <trkpt lat="47.391859" lon="12.730625">
    <ele>1632.685</ele>
    <time>2026-06-25T11:20:00Z</time>
   </trkpt>
   <trkpt lat="47.391926" lon="12.730286">
    <ele>1635.014</ele>
    <time>2026-06-25T11:20:16Z</time>
   </trkpt>
   <trkpt lat="47.391837" lon="12.730149">
    <ele>1637.588</ele>
    <time>2026-06-25T11:20:25Z</time>
   </trkpt>
   <trkpt lat="47.391779" lon="12.730057">
    <ele>1638.921</ele>
    <time>2026-06-25T11:20:32Z</time>
   </trkpt>
   <trkpt lat="47.391656" lon="12.729716">
    <ele>1642.519</ele>
    <time>2026-06-25T11:20:48Z</time>
   </trkpt>
   <trkpt lat="47.391621" lon="12.729660">
    <ele>1643.460</ele>
    <time>2026-06-25T11:20:51Z</time>
   </trkpt>
   <trkpt lat="47.391404" lon="12.729377">
    <ele>1647.487</ele>
    <time>2026-06-25T11:21:07Z</time>
   </trkpt>
   <trkpt lat="47.391169" lon="12.729004">
    <ele>1651.494</ele>
    <time>2026-06-25T11:21:25Z</time>
   </trkpt>
   <trkpt lat="47.390965" lon="12.728771">
    <ele>1651.661</ele>
    <time>2026-06-25T11:21:43Z</time>
   </trkpt>
   <trkpt lat="47.390921" lon="12.728660">
    <ele>1650.829</ele>
    <time>2026-06-25T11:21:49Z</time>
   </trkpt>
   <trkpt lat="47.390921" lon="12.728601">
    <ele>1651.259</ele>
    <time>2026-06-25T11:21:52Z</time>
   </trkpt>
   <trkpt lat="47.390921" lon="12.728601">
    <ele>1651.880</ele>
    <time>2026-06-25T11:22:10Z</time>
   </trkpt>
   <trkpt lat="47.390921" lon="12.728601">
    <ele>1652.455</ele>
    <time>2026-06-25T11:24:22Z</time>
   </trkpt>
   <trkpt lat="47.390921" lon="12.728601">
    <ele>1652.426</ele>
    <time>2026-06-25T11:30:36Z</time>
   </trkpt>
   <trkpt lat="47.390921" lon="12.728511">
    <ele>1651.429</ele>
    <time>2026-06-25T11:31:08Z</time>
   </trkpt>
   <trkpt lat="47.390921" lon="12.728407">
    <ele>1650.796</ele>
    <time>2026-06-25T11:31:12Z</time>
   </trkpt>
   <trkpt lat="47.390863" lon="12.728105">
    <ele>1649.441</ele>
    <time>2026-06-25T11:31:26Z</time>
   </trkpt>
   <trkpt lat="47.390713" lon="12.727786">
    <ele>1650.320</ele>
    <time>2026-06-25T11:31:41Z</time>
   </trkpt>
   <trkpt lat="47.390582" lon="12.727402">
    <ele>1649.950</ele>
    <time>2026-06-25T11:31:57Z</time>
   </trkpt>
   <trkpt lat="47.390371" lon="12.726869">
    <ele>1651.584</ele>
    <time>2026-06-25T11:32:15Z</time>
   </trkpt>
   <trkpt lat="47.390291" lon="12.726402">
    <ele>1655.685</ele>
    <time>2026-06-25T11:32:31Z</time>
   </trkpt>
   <trkpt lat="47.390166" lon="12.725967">
    <ele>1660.179</ele>
    <time>2026-06-25T11:32:51Z</time>
   </trkpt>
   <trkpt lat="47.390102" lon="12.725772">
    <ele>1662.200</ele>
    <time>2026-06-25T11:33:00Z</time>
   </trkpt>
   <trkpt lat="47.390037" lon="12.725379">
    <ele>1664.624</ele>
    <time>2026-06-25T11:33:17Z</time>
   </trkpt>
   <trkpt lat="47.390029" lon="12.725365">
    <ele>1664.037</ele>
    <time>2026-06-25T11:33:20Z</time>
   </trkpt>
   <trkpt lat="47.389830" lon="12.725028">
    <ele>1668.551</ele>
    <time>2026-06-25T11:33:38Z</time>
   </trkpt>
   <trkpt lat="47.389798" lon="12.724512">
    <ele>1670.389</ele>
    <time>2026-06-25T11:33:58Z</time>
   </trkpt>
   <trkpt lat="47.389803" lon="12.724481">
    <ele>1670.974</ele>
    <time>2026-06-25T11:33:59Z</time>
   </trkpt>
   <trkpt lat="47.389934" lon="12.724227">
    <ele>1671.932</ele>
    <time>2026-06-25T11:34:12Z</time>
   </trkpt>
   <trkpt lat="47.389890" lon="12.723724">
    <ele>1678.658</ele>
    <time>2026-06-25T11:34:33Z</time>
   </trkpt>
   <trkpt lat="47.389818" lon="12.723351">
    <ele>1679.760</ele>
    <time>2026-06-25T11:34:47Z</time>
   </trkpt>
   <trkpt lat="47.389788" lon="12.723201">
    <ele>1680.634</ele>
    <time>2026-06-25T11:34:53Z</time>
   </trkpt>
   <trkpt lat="47.389679" lon="12.722758">
    <ele>1681.303</ele>
    <time>2026-06-25T11:35:11Z</time>
   </trkpt>
   <trkpt lat="47.389641" lon="12.722619">
    <ele>1683.370</ele>
    <time>2026-06-25T11:35:16Z</time>
   </trkpt>
   <trkpt lat="47.389637" lon="12.722417">
    <ele>1682.935</ele>
    <time>2026-06-25T11:35:22Z</time>
   </trkpt>
   <trkpt lat="47.389705" lon="12.721927">
    <ele>1686.286</ele>
    <time>2026-06-25T11:35:42Z</time>
   </trkpt>
   <trkpt lat="47.389600" lon="12.721551">
    <ele>1692.724</ele>
    <time>2026-06-25T11:35:58Z</time>
   </trkpt>
   <trkpt lat="47.389563" lon="12.721075">
    <ele>1692.654</ele>
    <time>2026-06-25T11:36:16Z</time>
   </trkpt>
   <trkpt lat="47.389442" lon="12.720625">
    <ele>1693.756</ele>
    <time>2026-06-25T11:36:38Z</time>
   </trkpt>
   <trkpt lat="47.389217" lon="12.720211">
    <ele>1696.286</ele>
    <time>2026-06-25T11:36:58Z</time>
   </trkpt>
   <trkpt lat="47.389110" lon="12.719515">
    <ele>1694.191</ele>
    <time>2026-06-25T11:37:12Z</time>
   </trkpt>
   <trkpt lat="47.388928" lon="12.719025">
    <ele>1694.292</ele>
    <time>2026-06-25T11:37:22Z</time>
   </trkpt>
   <trkpt lat="47.388681" lon="12.718602">
    <ele>1695.180</ele>
    <time>2026-06-25T11:37:39Z</time>
   </trkpt>
   <trkpt lat="47.388375" lon="12.718165">
    <ele>1699.326</ele>
    <time>2026-06-25T11:37:58Z</time>
   </trkpt>
   <trkpt lat="47.388240" lon="12.717824">
    <ele>1700.026</ele>
    <time>2026-06-25T11:38:14Z</time>
   </trkpt>
   <trkpt lat="47.388175" lon="12.717389">
    <ele>1703.107</ele>
    <time>2026-06-25T11:38:30Z</time>
   </trkpt>
   <trkpt lat="47.388175" lon="12.717197">
    <ele>1704.008</ele>
    <time>2026-06-25T11:38:37Z</time>
   </trkpt>
   <trkpt lat="47.388214" lon="12.716509">
    <ele>1706.382</ele>
    <time>2026-06-25T11:39:02Z</time>
   </trkpt>
   <trkpt lat="47.388256" lon="12.715991">
    <ele>1710.637</ele>
    <time>2026-06-25T11:39:22Z</time>
   </trkpt>
   <trkpt lat="47.388325" lon="12.715540">
    <ele>1714.441</ele>
    <time>2026-06-25T11:39:42Z</time>
   </trkpt>
   <trkpt lat="47.388325" lon="12.715375">
    <ele>1715.597</ele>
    <time>2026-06-25T11:39:49Z</time>
   </trkpt>
   <trkpt lat="47.388325" lon="12.715321">
    <ele>1715.753</ele>
    <time>2026-06-25T11:39:51Z</time>
   </trkpt>
   <trkpt lat="47.388397" lon="12.714971">
    <ele>1716.234</ele>
    <time>2026-06-25T11:40:04Z</time>
   </trkpt>
   <trkpt lat="47.388388" lon="12.714653">
    <ele>1717.689</ele>
    <time>2026-06-25T11:40:19Z</time>
   </trkpt>
   <trkpt lat="47.388383" lon="12.714297">
    <ele>1719.761</ele>
    <time>2026-06-25T11:40:33Z</time>
   </trkpt>
   <trkpt lat="47.388470" lon="12.713874">
    <ele>1720.549</ele>
    <time>2026-06-25T11:40:50Z</time>
   </trkpt>
   <trkpt lat="47.388579" lon="12.713409">
    <ele>1722.484</ele>
    <time>2026-06-25T11:41:09Z</time>
   </trkpt>
   <trkpt lat="47.388633" lon="12.712996">
    <ele>1724.428</ele>
    <time>2026-06-25T11:41:25Z</time>
   </trkpt>
   <trkpt lat="47.388744" lon="12.712540">
    <ele>1727.534</ele>
    <time>2026-06-25T11:41:44Z</time>
   </trkpt>
   <trkpt lat="47.388782" lon="12.712030">
    <ele>1729.939</ele>
    <time>2026-06-25T11:42:04Z</time>
   </trkpt>
   <trkpt lat="47.388750" lon="12.711845">
    <ele>1730.474</ele>
    <time>2026-06-25T11:42:11Z</time>
   </trkpt>
   <trkpt lat="47.388487" lon="12.711330">
    <ele>1728.689</ele>
    <time>2026-06-25T11:42:26Z</time>
   </trkpt>
   <trkpt lat="47.388331" lon="12.711047">
    <ele>1725.177</ele>
    <time>2026-06-25T11:42:31Z</time>
   </trkpt>
   <trkpt lat="47.388228" lon="12.710636">
    <ele>1722.684</ele>
    <time>2026-06-25T11:42:36Z</time>
   </trkpt>
   <trkpt lat="47.388300" lon="12.709818">
    <ele>1722.540</ele>
    <time>2026-06-25T11:42:43Z</time>
   </trkpt>
   <trkpt lat="47.388441" lon="12.709350">
    <ele>1726.317</ele>
    <time>2026-06-25T11:42:54Z</time>
   </trkpt>
   <trkpt lat="47.388639" lon="12.708936">
    <ele>1729.188</ele>
    <time>2026-06-25T11:43:11Z</time>
   </trkpt>
   <trkpt lat="47.388957" lon="12.708730">
    <ele>1729.893</ele>
    <time>2026-06-25T11:43:28Z</time>
   </trkpt>
   <trkpt lat="47.389149" lon="12.708546">
    <ele>1733.056</ele>
    <time>2026-06-25T11:43:42Z</time>
   </trkpt>
   <trkpt lat="47.389402" lon="12.708316">
    <ele>1738.615</ele>
    <time>2026-06-25T11:44:04Z</time>
   </trkpt>
   <trkpt lat="47.389473" lon="12.708283">
    <ele>1742.745</ele>
    <time>2026-06-25T11:44:18Z</time>
   </trkpt>
   <trkpt lat="47.389473" lon="12.708283">
    <ele>1746.926</ele>
    <time>2026-06-25T11:44:35Z</time>
   </trkpt>
   <trkpt lat="47.389473" lon="12.708283">
    <ele>1751.122</ele>
    <time>2026-06-25T11:44:52Z</time>
   </trkpt>
   <trkpt lat="47.389473" lon="12.708283">
    <ele>1755.496</ele>
    <time>2026-06-25T11:45:09Z</time>
   </trkpt>
   <trkpt lat="47.389473" lon="12.708283">
    <ele>1757.709</ele>
    <time>2026-06-25T11:45:28Z</time>
   </trkpt>
   <trkpt lat="47.389473" lon="12.708283">
    <ele>1757.930</ele>
    <time>2026-06-25T11:45:33Z</time>
   </trkpt>
   <trkpt lat="47.389473" lon="12.708283">
    <ele>1757.675</ele>
    <time>2026-06-25T11:45:58Z</time>
   </trkpt>
   <trkpt lat="47.390226" lon="12.707938">
    <ele>1759.529</ele>
    <time>2026-06-25T11:47:40Z</time>
   </trkpt>
   <trkpt lat="47.390373" lon="12.707898">
    <ele>1759.990</ele>
    <time>2026-06-25T11:47:51Z</time>
   </trkpt>
   <trkpt lat="47.390559" lon="12.707893">
    <ele>1761.326</ele>
    <time>2026-06-25T11:48:06Z</time>
   </trkpt>
   <trkpt lat="47.390775" lon="12.707888">
    <ele>1764.408</ele>
    <time>2026-06-25T11:48:22Z</time>
   </trkpt>
   <trkpt lat="47.391090" lon="12.707879">
    <ele>1762.743</ele>
    <time>2026-06-25T11:48:38Z</time>
   </trkpt>
   <trkpt lat="47.391243" lon="12.707859">
    <ele>1765.806</ele>
    <time>2026-06-25T11:48:48Z</time>
   </trkpt>
   <trkpt lat="47.391452" lon="12.707749">
    <ele>1770.814</ele>
    <time>2026-06-25T11:49:03Z</time>
   </trkpt>
   <trkpt lat="47.391776" lon="12.707602">
    <ele>1772.006</ele>
    <time>2026-06-25T11:49:23Z</time>
   </trkpt>
   <trkpt lat="47.391971" lon="12.707529">
    <ele>1775.289</ele>
    <time>2026-06-25T11:49:37Z</time>
   </trkpt>
   <trkpt lat="47.392128" lon="12.707441">
    <ele>1775.303</ele>
    <time>2026-06-25T11:49:48Z</time>
   </trkpt>
   <trkpt lat="47.392316" lon="12.707326">
    <ele>1776.651</ele>
    <time>2026-06-25T11:50:02Z</time>
   </trkpt>
   <trkpt lat="47.392587" lon="12.707146">
    <ele>1778.857</ele>
    <time>2026-06-25T11:50:23Z</time>
   </trkpt>
   <trkpt lat="47.392789" lon="12.706968">
    <ele>1780.063</ele>
    <time>2026-06-25T11:50:45Z</time>
   </trkpt>
   <trkpt lat="47.392864" lon="12.706899">
    <ele>1780.271</ele>
    <time>2026-06-25T11:51:03Z</time>
   </trkpt>
   <trkpt lat="47.392864" lon="12.706899">
    <ele>1780.992</ele>
    <time>2026-06-25T11:52:08Z</time>
   </trkpt>
   <trkpt lat="47.392864" lon="12.706899">
    <ele>1780.991</ele>
    <time>2026-06-25T11:52:09Z</time>
   </trkpt>
   <trkpt lat="47.392913" lon="12.706759">
    <ele>1780.634</ele>
    <time>2026-06-25T11:52:13Z</time>
   </trkpt>
   <trkpt lat="47.393357" lon="12.705976">
    <ele>1770.575</ele>
    <time>2026-06-25T11:52:22Z</time>
   </trkpt>
   <trkpt lat="47.393552" lon="12.705690">
    <ele>1767.393</ele>
    <time>2026-06-25T11:52:25Z</time>
   </trkpt>
   <trkpt lat="47.394199" lon="12.704328">
    <ele>1756.404</ele>
    <time>2026-06-25T11:52:36Z</time>
   </trkpt>
   <trkpt lat="47.394609" lon="12.703615">
    <ele>1747.852</ele>
    <time>2026-06-25T11:52:43Z</time>
   </trkpt>
   <trkpt lat="47.395230" lon="12.702905">
    <ele>1737.199</ele>
    <time>2026-06-25T11:52:57Z</time>
   </trkpt>
   <trkpt lat="47.395780" lon="12.701860">
    <ele>1725.093</ele>
    <time>2026-06-25T11:53:09Z</time>
   </trkpt>
   <trkpt lat="47.396483" lon="12.700454">
    <ele>1711.316</ele>
    <time>2026-06-25T11:53:20Z</time>
   </trkpt>
   <trkpt lat="47.396899" lon="12.699383">
    <ele>1703.028</ele>
    <time>2026-06-25T11:53:30Z</time>
   </trkpt>
   <trkpt lat="47.397033" lon="12.699100">
    <ele>1699.964</ele>
    <time>2026-06-25T11:53:33Z</time>
   </trkpt>
   <trkpt lat="47.397664" lon="12.698142">
    <ele>1690.071</ele>
    <time>2026-06-25T11:53:45Z</time>
   </trkpt>
   <trkpt lat="47.397953" lon="12.697763">
    <ele>1690.797</ele>
    <time>2026-06-25T11:53:49Z</time>
   </trkpt>
   <trkpt lat="47.398120" lon="12.697658">
    <ele>1694.638</ele>
    <time>2026-06-25T11:53:56Z</time>
   </trkpt>
   <trkpt lat="47.398120" lon="12.697658">
    <ele>1697.930</ele>
    <time>2026-06-25T11:54:14Z</time>
   </trkpt>
   <trkpt lat="47.398120" lon="12.697658">
    <ele>1702.585</ele>
    <time>2026-06-25T11:54:38Z</time>
   </trkpt>
   <trkpt lat="47.398120" lon="12.697658">
    <ele>1702.802</ele>
    <time>2026-06-25T11:54:58Z</time>
   </trkpt>
   <trkpt lat="47.398120" lon="12.697658">
    <ele>1702.673</ele>
    <time>2026-06-25T11:55:22Z</time>
   </trkpt>
   <trkpt lat="47.398570" lon="12.697611">
    <ele>1703.985</ele>
    <time>2026-06-25T11:55:28Z</time>
   </trkpt>
   <trkpt lat="47.398570" lon="12.697611">
    <ele>1703.663</ele>
    <time>2026-06-25T11:55:30Z</time>
   </trkpt>
   <trkpt lat="47.398570" lon="12.697611">
    <ele>1704.432</ele>
    <time>2026-06-25T11:55:35Z</time>
   </trkpt>
   <trkpt lat="47.398570" lon="12.697611">
    <ele>1705.005</ele>
    <time>2026-06-25T11:55:40Z</time>
   </trkpt>
   <trkpt lat="47.398570" lon="12.697611">
    <ele>1710.222</ele>
    <time>2026-06-25T11:55:58Z</time>
   </trkpt>
   <trkpt lat="47.398570" lon="12.697611">
    <ele>1713.534</ele>
    <time>2026-06-25T11:56:16Z</time>
   </trkpt>
   <trkpt lat="47.399210" lon="12.697282">
    <ele>1715.923</ele>
    <time>2026-06-25T11:56:37Z</time>
   </trkpt>
   <trkpt lat="47.399467" lon="12.697083">
    <ele>1720.114</ele>
    <time>2026-06-25T11:56:58Z</time>
   </trkpt>
   <trkpt lat="47.399487" lon="12.697079">
    <ele>1724.232</ele>
    <time>2026-06-25T11:57:15Z</time>
   </trkpt>
   <trkpt lat="47.399487" lon="12.697079">
    <ele>1727.434</ele>
    <time>2026-06-25T11:57:35Z</time>
   </trkpt>
   <trkpt lat="47.399487" lon="12.697079">
    <ele>1731.884</ele>
    <time>2026-06-25T11:57:56Z</time>
   </trkpt>
   <trkpt lat="47.399487" lon="12.697079">
    <ele>1735.532</ele>
    <time>2026-06-25T11:58:11Z</time>
   </trkpt>
   <trkpt lat="47.399487" lon="12.697079">
    <ele>1737.963</ele>
    <time>2026-06-25T11:58:31Z</time>
   </trkpt>
   <trkpt lat="47.400380" lon="12.697044">
    <ele>1739.637</ele>
    <time>2026-06-25T11:58:55Z</time>
   </trkpt>
   <trkpt lat="47.400492" lon="12.697001">
    <ele>1741.243</ele>
    <time>2026-06-25T11:59:30Z</time>
   </trkpt>
   <trkpt lat="47.400722" lon="12.696740">
    <ele>1746.784</ele>
    <time>2026-06-25T11:59:47Z</time>
   </trkpt>
   <trkpt lat="47.400835" lon="12.696317">
    <ele>1749.699</ele>
    <time>2026-06-25T12:00:04Z</time>
   </trkpt>
   <trkpt lat="47.400761" lon="12.695764">
    <ele>1752.017</ele>
    <time>2026-06-25T12:00:26Z</time>
   </trkpt>
   <trkpt lat="47.400749" lon="12.695303">
    <ele>1756.844</ele>
    <time>2026-06-25T12:00:44Z</time>
   </trkpt>
   <trkpt lat="47.400749" lon="12.694852">
    <ele>1760.727</ele>
    <time>2026-06-25T12:01:02Z</time>
   </trkpt>
   <trkpt lat="47.400750" lon="12.694772">
    <ele>1761.200</ele>
    <time>2026-06-25T12:01:05Z</time>
   </trkpt>
   <trkpt lat="47.400854" lon="12.694814">
    <ele>1762.832</ele>
    <time>2026-06-25T12:01:11Z</time>
   </trkpt>
   <trkpt lat="47.401073" lon="12.695226">
    <ele>1765.664</ele>
    <time>2026-06-25T12:01:33Z</time>
   </trkpt>
   <trkpt lat="47.401197" lon="12.695360">
    <ele>1768.669</ele>
    <time>2026-06-25T12:01:44Z</time>
   </trkpt>
   <trkpt lat="47.401423" lon="12.695511">
    <ele>1773.199</ele>
    <time>2026-06-25T12:02:06Z</time>
   </trkpt>
   <trkpt lat="47.401423" lon="12.695511">
    <ele>1773.411</ele>
    <time>2026-06-25T12:02:07Z</time>
   </trkpt>
   <trkpt lat="47.401684" lon="12.695692">
    <ele>1777.430</ele>
    <time>2026-06-25T12:02:28Z</time>
   </trkpt>
   <trkpt lat="47.401684" lon="12.695692">
    <ele>1778.129</ele>
    <time>2026-06-25T12:02:30Z</time>
   </trkpt>
   <trkpt lat="47.401792" lon="12.695789">
    <ele>1780.708</ele>
    <time>2026-06-25T12:02:41Z</time>
   </trkpt>
   <trkpt lat="47.401864" lon="12.695844">
    <ele>1781.417</ele>
    <time>2026-06-25T12:02:45Z</time>
   </trkpt>
   <trkpt lat="47.401936" lon="12.695896">
    <ele>1782.102</ele>
    <time>2026-06-25T12:02:52Z</time>
   </trkpt>
   <trkpt lat="47.401936" lon="12.695896">
    <ele>1782.944</ele>
    <time>2026-06-25T12:02:56Z</time>
   </trkpt>
   <trkpt lat="47.402200" lon="12.696088">
    <ele>1785.741</ele>
    <time>2026-06-25T12:03:15Z</time>
   </trkpt>
   <trkpt lat="47.402248" lon="12.696123">
    <ele>1786.779</ele>
    <time>2026-06-25T12:03:20Z</time>
   </trkpt>
   <trkpt lat="47.402275" lon="12.696143">
    <ele>1787.234</ele>
    <time>2026-06-25T12:03:22Z</time>
   </trkpt>
   <trkpt lat="47.402379" lon="12.696277">
    <ele>1789.361</ele>
    <time>2026-06-25T12:03:36Z</time>
   </trkpt>
   <trkpt lat="47.402508" lon="12.696462">
    <ele>1792.787</ele>
    <time>2026-06-25T12:03:55Z</time>
   </trkpt>
   <trkpt lat="47.402776" lon="12.696835">
    <ele>1797.627</ele>
    <time>2026-06-25T12:04:13Z</time>
   </trkpt>
   <trkpt lat="47.402839" lon="12.696848">
    <ele>1798.133</ele>
    <time>2026-06-25T12:04:26Z</time>
   </trkpt>
   <trkpt lat="47.402839" lon="12.696848">
    <ele>1798.485</ele>
    <time>2026-06-25T12:04:51Z</time>
   </trkpt>
   <trkpt lat="47.402839" lon="12.696848">
    <ele>1798.558</ele>
    <time>2026-06-25T12:09:15Z</time>
   </trkpt>
   <trkpt lat="47.402839" lon="12.696848">
    <ele>1797.597</ele>
    <time>2026-06-25T12:11:07Z</time>
   </trkpt>
   <trkpt lat="47.402839" lon="12.696848">
    <ele>1798.121</ele>
    <time>2026-06-25T12:12:57Z</time>
   </trkpt>
   <trkpt lat="47.402839" lon="12.696848">
    <ele>1798.329</ele>
    <time>2026-06-25T12:13:20Z</time>
   </trkpt>
   <trkpt lat="47.402816" lon="12.696848">
    <ele>1797.386</ele>
    <time>2026-06-25T12:13:24Z</time>
   </trkpt>
   <trkpt lat="47.402508" lon="12.696462">
    <ele>1788.687</ele>
    <time>2026-06-25T12:13:34Z</time>
   </trkpt>
   <trkpt lat="47.401490" lon="12.695546">
    <ele>1773.469</ele>
    <time>2026-06-25T12:13:44Z</time>
   </trkpt>
   <trkpt lat="47.401294" lon="12.695447">
    <ele>1770.033</ele>
    <time>2026-06-25T12:13:46Z</time>
   </trkpt>
   <trkpt lat="47.400857" lon="12.694823">
    <ele>1761.185</ele>
    <time>2026-06-25T12:13:52Z</time>
   </trkpt>
   <trkpt lat="47.400590" lon="12.694086">
    <ele>1757.822</ele>
    <time>2026-06-25T12:13:57Z</time>
   </trkpt>
   <trkpt lat="47.400581" lon="12.693616">
    <ele>1758.842</ele>
    <time>2026-06-25T12:14:01Z</time>
   </trkpt>
   <trkpt lat="47.400668" lon="12.693427">
    <ele>1758.839</ele>
    <time>2026-06-25T12:14:03Z</time>
   </trkpt>
   <trkpt lat="47.400607" lon="12.692797">
    <ele>1760.293</ele>
    <time>2026-06-25T12:14:10Z</time>
   </trkpt>
   <trkpt lat="47.400524" lon="12.692654">
    <ele>1760.319</ele>
    <time>2026-06-25T12:14:12Z</time>
   </trkpt>
   <trkpt lat="47.400398" lon="12.692449">
    <ele>1759.040</ele>
    <time>2026-06-25T12:14:19Z</time>
   </trkpt>
   <trkpt lat="47.400278" lon="12.692238">
    <ele>1759.559</ele>
    <time>2026-06-25T12:14:52Z</time>
   </trkpt>
   <trkpt lat="47.399915" lon="12.691930">
    <ele>1759.912</ele>
    <time>2026-06-25T12:15:04Z</time>
   </trkpt>
   <trkpt lat="47.399828" lon="12.691910">
    <ele>1759.788</ele>
    <time>2026-06-25T12:15:06Z</time>
   </trkpt>
   <trkpt lat="47.399605" lon="12.691761">
    <ele>1758.874</ele>
    <time>2026-06-25T12:15:12Z</time>
   </trkpt>
   <trkpt lat="47.398895" lon="12.690793">
    <ele>1753.641</ele>
    <time>2026-06-25T12:15:29Z</time>
   </trkpt>
   <trkpt lat="47.397883" lon="12.689786">
    <ele>1744.108</ele>
    <time>2026-06-25T12:15:42Z</time>
   </trkpt>
   <trkpt lat="47.397079" lon="12.688865">
    <ele>1734.354</ele>
    <time>2026-06-25T12:15:53Z</time>
   </trkpt>
   <trkpt lat="47.397019" lon="12.688805">
    <ele>1733.148</ele>
    <time>2026-06-25T12:15:54Z</time>
   </trkpt>
   <trkpt lat="47.396801" lon="12.688054">
    <ele>1722.549</ele>
    <time>2026-06-25T12:16:01Z</time>
   </trkpt>
   <trkpt lat="47.396765" lon="12.687768">
    <ele>1719.752</ele>
    <time>2026-06-25T12:16:03Z</time>
   </trkpt>
   <trkpt lat="47.396644" lon="12.687258">
    <ele>1717.018</ele>
    <time>2026-06-25T12:16:07Z</time>
   </trkpt>
   <trkpt lat="47.396564" lon="12.686746">
    <ele>1712.983</ele>
    <time>2026-06-25T12:16:11Z</time>
   </trkpt>
   <trkpt lat="47.396468" lon="12.685533">
    <ele>1703.448</ele>
    <time>2026-06-25T12:16:20Z</time>
   </trkpt>
   <trkpt lat="47.396514" lon="12.684726">
    <ele>1695.002</ele>
    <time>2026-06-25T12:16:27Z</time>
   </trkpt>
   <trkpt lat="47.396734" lon="12.683979">
    <ele>1686.527</ele>
    <time>2026-06-25T12:16:32Z</time>
   </trkpt>
   <trkpt lat="47.396899" lon="12.683117">
    <ele>1679.231</ele>
    <time>2026-06-25T12:16:38Z</time>
   </trkpt>
   <trkpt lat="47.397107" lon="12.682637">
    <ele>1673.699</ele>
    <time>2026-06-25T12:16:42Z</time>
   </trkpt>
   <trkpt lat="47.397267" lon="12.682169">
    <ele>1669.806</ele>
    <time>2026-06-25T12:16:46Z</time>
   </trkpt>
   <trkpt lat="47.397353" lon="12.681817">
    <ele>1668.417</ele>
    <time>2026-06-25T12:16:49Z</time>
   </trkpt>
   <trkpt lat="47.397470" lon="12.681491">
    <ele>1666.718</ele>
    <time>2026-06-25T12:16:52Z</time>
   </trkpt>
   <trkpt lat="47.397423" lon="12.681205">
    <ele>1664.693</ele>
    <time>2026-06-25T12:16:58Z</time>
   </trkpt>
   <trkpt lat="47.397347" lon="12.681336">
    <ele>1662.576</ele>
    <time>2026-06-25T12:17:01Z</time>
   </trkpt>
   <trkpt lat="47.397263" lon="12.681517">
    <ele>1660.095</ele>
    <time>2026-06-25T12:17:03Z</time>
   </trkpt>
   <trkpt lat="47.396945" lon="12.681815">
    <ele>1656.288</ele>
    <time>2026-06-25T12:17:08Z</time>
   </trkpt>
   <trkpt lat="47.396652" lon="12.682284">
    <ele>1651.522</ele>
    <time>2026-06-25T12:17:13Z</time>
   </trkpt>
   <trkpt lat="47.396402" lon="12.682609">
    <ele>1645.879</ele>
    <time>2026-06-25T12:17:21Z</time>
   </trkpt>
   <trkpt lat="47.396328" lon="12.682274">
    <ele>1643.341</ele>
    <time>2026-06-25T12:17:26Z</time>
   </trkpt>
   <trkpt lat="47.396388" lon="12.681814">
    <ele>1637.791</ele>
    <time>2026-06-25T12:17:30Z</time>
   </trkpt>
   <trkpt lat="47.396639" lon="12.681322">
    <ele>1636.209</ele>
    <time>2026-06-25T12:17:35Z</time>
   </trkpt>
   <trkpt lat="47.396693" lon="12.681098">
    <ele>1636.624</ele>
    <time>2026-06-25T12:17:38Z</time>
   </trkpt>
   <trkpt lat="47.396990" lon="12.680888">
    <ele>1639.908</ele>
    <time>2026-06-25T12:17:47Z</time>
   </trkpt>
   <trkpt lat="47.397011" lon="12.680868">
    <ele>1640.057</ele>
    <time>2026-06-25T12:17:48Z</time>
   </trkpt>
   <trkpt lat="47.397058" lon="12.680824">
    <ele>1640.357</ele>
    <time>2026-06-25T12:17:52Z</time>
   </trkpt>
   <trkpt lat="47.397253" lon="12.680641">
    <ele>1644.275</ele>
    <time>2026-06-25T12:18:06Z</time>
   </trkpt>
   <trkpt lat="47.397435" lon="12.680434">
    <ele>1647.103</ele>
    <time>2026-06-25T12:18:25Z</time>
   </trkpt>
   <trkpt lat="47.397607" lon="12.680142">
    <ele>1649.285</ele>
    <time>2026-06-25T12:18:44Z</time>
   </trkpt>
   <trkpt lat="47.397747" lon="12.679776">
    <ele>1653.092</ele>
    <time>2026-06-25T12:19:07Z</time>
   </trkpt>
   <trkpt lat="47.397934" lon="12.679419">
    <ele>1656.203</ele>
    <time>2026-06-25T12:19:27Z</time>
   </trkpt>
   <trkpt lat="47.398247" lon="12.679151">
    <ele>1659.663</ele>
    <time>2026-06-25T12:19:49Z</time>
   </trkpt>
   <trkpt lat="47.398578" lon="12.678953">
    <ele>1663.934</ele>
    <time>2026-06-25T12:20:13Z</time>
   </trkpt>
   <trkpt lat="47.398684" lon="12.678893">
    <ele>1664.912</ele>
    <time>2026-06-25T12:20:21Z</time>
   </trkpt>
   <trkpt lat="47.398974" lon="12.678565">
    <ele>1670.331</ele>
    <time>2026-06-25T12:20:45Z</time>
   </trkpt>
   <trkpt lat="47.399151" lon="12.678282">
    <ele>1673.261</ele>
    <time>2026-06-25T12:21:00Z</time>
   </trkpt>
   <trkpt lat="47.399395" lon="12.677946">
    <ele>1676.383</ele>
    <time>2026-06-25T12:21:21Z</time>
   </trkpt>
   <trkpt lat="47.399697" lon="12.677665">
    <ele>1679.656</ele>
    <time>2026-06-25T12:21:44Z</time>
   </trkpt>
   <trkpt lat="47.399854" lon="12.677167">
    <ele>1682.379</ele>
    <time>2026-06-25T12:22:06Z</time>
   </trkpt>
   <trkpt lat="47.399925" lon="12.676669">
    <ele>1681.413</ele>
    <time>2026-06-25T12:22:28Z</time>
   </trkpt>
   <trkpt lat="47.400059" lon="12.676224">
    <ele>1681.490</ele>
    <time>2026-06-25T12:22:49Z</time>
   </trkpt>
   <trkpt lat="47.400065" lon="12.676183">
    <ele>1682.101</ele>
    <time>2026-06-25T12:23:02Z</time>
   </trkpt>
   <trkpt lat="47.400065" lon="12.676183">
    <ele>1681.272</ele>
    <time>2026-06-25T12:23:29Z</time>
   </trkpt>
   <trkpt lat="47.400065" lon="12.676183">
    <ele>1681.196</ele>
    <time>2026-06-25T12:23:32Z</time>
   </trkpt>
   <trkpt lat="47.400179" lon="12.675678">
    <ele>1683.967</ele>
    <time>2026-06-25T12:23:46Z</time>
   </trkpt>
   <trkpt lat="47.400174" lon="12.675189">
    <ele>1686.181</ele>
    <time>2026-06-25T12:24:04Z</time>
   </trkpt>
   <trkpt lat="47.400137" lon="12.674862">
    <ele>1688.714</ele>
    <time>2026-06-25T12:24:25Z</time>
   </trkpt>
   <trkpt lat="47.400137" lon="12.674862">
    <ele>1688.275</ele>
    <time>2026-06-25T12:24:48Z</time>
   </trkpt>
   <trkpt lat="47.400047" lon="12.674682">
    <ele>1687.190</ele>
    <time>2026-06-25T12:24:53Z</time>
   </trkpt>
   <trkpt lat="47.399982" lon="12.674321">
    <ele>1684.280</ele>
    <time>2026-06-25T12:24:57Z</time>
   </trkpt>
   <trkpt lat="47.399732" lon="12.673531">
    <ele>1677.325</ele>
    <time>2026-06-25T12:25:05Z</time>
   </trkpt>
   <trkpt lat="47.399688" lon="12.673323">
    <ele>1676.151</ele>
    <time>2026-06-25T12:25:07Z</time>
   </trkpt>
   <trkpt lat="47.399912" lon="12.671911">
    <ele>1665.855</ele>
    <time>2026-06-25T12:25:21Z</time>
   </trkpt>
   <trkpt lat="47.399949" lon="12.671373">
    <ele>1661.103</ele>
    <time>2026-06-25T12:25:26Z</time>
   </trkpt>
   <trkpt lat="47.400105" lon="12.671056">
    <ele>1657.712</ele>
    <time>2026-06-25T12:25:30Z</time>
   </trkpt>
   <trkpt lat="47.400191" lon="12.670884">
    <ele>1655.725</ele>
    <time>2026-06-25T12:25:32Z</time>
   </trkpt>
   <trkpt lat="47.400281" lon="12.670587">
    <ele>1652.672</ele>
    <time>2026-06-25T12:25:35Z</time>
   </trkpt>
   <trkpt lat="47.400453" lon="12.670280">
    <ele>1648.846</ele>
    <time>2026-06-25T12:25:39Z</time>
   </trkpt>
   <trkpt lat="47.400462" lon="12.669638">
    <ele>1643.530</ele>
    <time>2026-06-25T12:25:45Z</time>
   </trkpt>
   <trkpt lat="47.400686" lon="12.669193">
    <ele>1637.138</ele>
    <time>2026-06-25T12:25:51Z</time>
   </trkpt>
   <trkpt lat="47.400774" lon="12.669142">
    <ele>1635.616</ele>
    <time>2026-06-25T12:25:53Z</time>
   </trkpt>
   <trkpt lat="47.400856" lon="12.668889">
    <ele>1633.240</ele>
    <time>2026-06-25T12:25:58Z</time>
   </trkpt>
   <trkpt lat="47.400770" lon="12.668342">
    <ele>1629.686</ele>
    <time>2026-06-25T12:26:04Z</time>
   </trkpt>
   <trkpt lat="47.401025" lon="12.667146">
    <ele>1619.518</ele>
    <time>2026-06-25T12:26:13Z</time>
   </trkpt>
   <trkpt lat="47.401277" lon="12.666912">
    <ele>1615.593</ele>
    <time>2026-06-25T12:26:19Z</time>
   </trkpt>
   <trkpt lat="47.401526" lon="12.666759">
    <ele>1612.039</ele>
    <time>2026-06-25T12:26:26Z</time>
   </trkpt>
   <trkpt lat="47.401682" lon="12.666590">
    <ele>1611.077</ele>
    <time>2026-06-25T12:26:30Z</time>
   </trkpt>
   <trkpt lat="47.401811" lon="12.666417">
    <ele>1609.560</ele>
    <time>2026-06-25T12:26:34Z</time>
   </trkpt>
   <trkpt lat="47.402145" lon="12.665683">
    <ele>1606.116</ele>
    <time>2026-06-25T12:26:45Z</time>
   </trkpt>
   <trkpt lat="47.402207" lon="12.665595">
    <ele>1605.738</ele>
    <time>2026-06-25T12:26:47Z</time>
   </trkpt>
   <trkpt lat="47.402483" lon="12.665330">
    <ele>1602.935</ele>
    <time>2026-06-25T12:26:54Z</time>
   </trkpt>
   <trkpt lat="47.402639" lon="12.665085">
    <ele>1599.819</ele>
    <time>2026-06-25T12:26:58Z</time>
   </trkpt>
   <trkpt lat="47.402929" lon="12.664565">
    <ele>1597.647</ele>
    <time>2026-06-25T12:27:08Z</time>
   </trkpt>
   <trkpt lat="47.403279" lon="12.663978">
    <ele>1592.896</ele>
    <time>2026-06-25T12:27:15Z</time>
   </trkpt>
   <trkpt lat="47.403384" lon="12.663575">
    <ele>1590.723</ele>
    <time>2026-06-25T12:27:20Z</time>
   </trkpt>
   <trkpt lat="47.403405" lon="12.663408">
    <ele>1589.102</ele>
    <time>2026-06-25T12:27:22Z</time>
   </trkpt>
   <trkpt lat="47.403700" lon="12.662663">
    <ele>1582.030</ele>
    <time>2026-06-25T12:27:34Z</time>
   </trkpt>
   <trkpt lat="47.403710" lon="12.662601">
    <ele>1581.232</ele>
    <time>2026-06-25T12:27:43Z</time>
   </trkpt>
   <trkpt lat="47.403710" lon="12.662601">
    <ele>1581.225</ele>
    <time>2026-06-25T12:27:52Z</time>
   </trkpt>
   <trkpt lat="47.403796" lon="12.662172">
    <ele>1576.630</ele>
    <time>2026-06-25T12:28:02Z</time>
   </trkpt>
   <trkpt lat="47.403796" lon="12.662172">
    <ele>1576.991</ele>
    <time>2026-06-25T12:28:13Z</time>
   </trkpt>
   <trkpt lat="47.403796" lon="12.662172">
    <ele>1577.354</ele>
    <time>2026-06-25T12:28:53Z</time>
   </trkpt>
   <trkpt lat="47.403796" lon="12.662172">
    <ele>1577.357</ele>
    <time>2026-06-25T12:29:49Z</time>
   </trkpt>
   <trkpt lat="47.403796" lon="12.662172">
    <ele>1577.246</ele>
    <time>2026-06-25T12:30:06Z</time>
   </trkpt>
   <trkpt lat="47.404053" lon="12.661958">
    <ele>1579.848</ele>
    <time>2026-06-25T12:30:21Z</time>
   </trkpt>
   <trkpt lat="47.404221" lon="12.661895">
    <ele>1582.933</ele>
    <time>2026-06-25T12:30:39Z</time>
   </trkpt>
   <trkpt lat="47.404319" lon="12.661806">
    <ele>1583.803</ele>
    <time>2026-06-25T12:30:45Z</time>
   </trkpt>
   <trkpt lat="47.404526" lon="12.661560">
    <ele>1587.507</ele>
    <time>2026-06-25T12:31:06Z</time>
   </trkpt>
   <trkpt lat="47.404692" lon="12.661329">
    <ele>1591.536</ele>
    <time>2026-06-25T12:31:28Z</time>
   </trkpt>
   <trkpt lat="47.404692" lon="12.661329">
    <ele>1591.908</ele>
    <time>2026-06-25T12:31:46Z</time>
   </trkpt>
   <trkpt lat="47.404796" lon="12.660731">
    <ele>1593.569</ele>
    <time>2026-06-25T12:32:07Z</time>
   </trkpt>
   <trkpt lat="47.405031" lon="12.660247">
    <ele>1595.118</ele>
    <time>2026-06-25T12:32:33Z</time>
   </trkpt>
   <trkpt lat="47.405135" lon="12.659996">
    <ele>1597.139</ele>
    <time>2026-06-25T12:32:49Z</time>
   </trkpt>
   <trkpt lat="47.405187" lon="12.659791">
    <ele>1598.258</ele>
    <time>2026-06-25T12:33:00Z</time>
   </trkpt>
   <trkpt lat="47.405296" lon="12.659398">
    <ele>1600.859</ele>
    <time>2026-06-25T12:33:19Z</time>
   </trkpt>
   <trkpt lat="47.405440" lon="12.659032">
    <ele>1605.217</ele>
    <time>2026-06-25T12:33:41Z</time>
   </trkpt>
   <trkpt lat="47.405498" lon="12.658880">
    <ele>1607.496</ele>
    <time>2026-06-25T12:34:00Z</time>
   </trkpt>
   <trkpt lat="47.405554" lon="12.658630">
    <ele>1611.012</ele>
    <time>2026-06-25T12:34:20Z</time>
   </trkpt>
   <trkpt lat="47.405554" lon="12.658630">
    <ele>1613.385</ele>
    <time>2026-06-25T12:34:42Z</time>
   </trkpt>
   <trkpt lat="47.405554" lon="12.658630">
    <ele>1612.690</ele>
    <time>2026-06-25T12:34:53Z</time>
   </trkpt>
   <trkpt lat="47.405703" lon="12.658088">
    <ele>1612.891</ele>
    <time>2026-06-25T12:34:57Z</time>
   </trkpt>
   <trkpt lat="47.405866" lon="12.657647">
    <ele>1617.736</ele>
    <time>2026-06-25T12:35:14Z</time>
   </trkpt>
   <trkpt lat="47.405948" lon="12.657305">
    <ele>1618.499</ele>
    <time>2026-06-25T12:35:29Z</time>
   </trkpt>
   <trkpt lat="47.406068" lon="12.656734">
    <ele>1621.130</ele>
    <time>2026-06-25T12:35:52Z</time>
   </trkpt>
   <trkpt lat="47.406196" lon="12.656105">
    <ele>1625.250</ele>
    <time>2026-06-25T12:36:16Z</time>
   </trkpt>
   <trkpt lat="47.406263" lon="12.655728">
    <ele>1628.417</ele>
    <time>2026-06-25T12:36:36Z</time>
   </trkpt>
   <trkpt lat="47.406263" lon="12.655728">
    <ele>1627.788</ele>
    <time>2026-06-25T12:36:57Z</time>
   </trkpt>
   <trkpt lat="47.406252" lon="12.655538">
    <ele>1627.780</ele>
    <time>2026-06-25T12:37:54Z</time>
   </trkpt>
   <trkpt lat="47.406214" lon="12.655066">
    <ele>1623.354</ele>
    <time>2026-06-25T12:37:59Z</time>
   </trkpt>
   <trkpt lat="47.406046" lon="12.654501">
    <ele>1618.303</ele>
    <time>2026-06-25T12:38:06Z</time>
   </trkpt>
   <trkpt lat="47.405941" lon="12.654169">
    <ele>1615.647</ele>
    <time>2026-06-25T12:38:20Z</time>
   </trkpt>
   <trkpt lat="47.405920" lon="12.653967">
    <ele>1614.431</ele>
    <time>2026-06-25T12:38:23Z</time>
   </trkpt>
   <trkpt lat="47.405941" lon="12.653439">
    <ele>1615.505</ele>
    <time>2026-06-25T12:38:34Z</time>
   </trkpt>
   <trkpt lat="47.405941" lon="12.653439">
    <ele>1616.216</ele>
    <time>2026-06-25T12:38:47Z</time>
   </trkpt>
   <trkpt lat="47.405941" lon="12.653439">
    <ele>1616.879</ele>
    <time>2026-06-25T12:39:07Z</time>
   </trkpt>
   <trkpt lat="47.406053" lon="12.653173">
    <ele>1617.706</ele>
    <time>2026-06-25T12:39:10Z</time>
   </trkpt>
   <trkpt lat="47.406094" lon="12.653092">
    <ele>1619.156</ele>
    <time>2026-06-25T12:39:22Z</time>
   </trkpt>
   <trkpt lat="47.406211" lon="12.652657">
    <ele>1622.248</ele>
    <time>2026-06-25T12:39:40Z</time>
   </trkpt>
   <trkpt lat="47.406223" lon="12.652598">
    <ele>1622.509</ele>
    <time>2026-06-25T12:39:42Z</time>
   </trkpt>
   <trkpt lat="47.406228" lon="12.652003">
    <ele>1618.771</ele>
    <time>2026-06-25T12:39:57Z</time>
   </trkpt>
   <trkpt lat="47.406177" lon="12.651615">
    <ele>1616.353</ele>
    <time>2026-06-25T12:40:05Z</time>
   </trkpt>
   <trkpt lat="47.405950" lon="12.651542">
    <ele>1615.640</ele>
    <time>2026-06-25T12:40:08Z</time>
   </trkpt>
   <trkpt lat="47.405941" lon="12.651551">
    <ele>1615.065</ele>
    <time>2026-06-25T12:40:20Z</time>
   </trkpt>
  </trkseg>
 </trk>
 <trk>
  <name>ACTIVE LOG062734</name>
  <trkseg>
   <trkpt lat="47.406001" lon="12.651661">
    <ele>1607.591</ele>
    <time>2026-06-25T13:27:34Z</time>
   </trkpt>
   <trkpt lat="47.406035" lon="12.651663">
    <ele>1613.021</ele>
    <time>2026-06-25T13:27:44Z</time>
   </trkpt>
   <trkpt lat="47.406103" lon="12.651853">
    <ele>1616.615</ele>
    <time>2026-06-25T13:27:52Z</time>
   </trkpt>
   <trkpt lat="47.406207" lon="12.652118">
    <ele>1619.713</ele>
    <time>2026-06-25T13:28:06Z</time>
   </trkpt>
   <trkpt lat="47.406226" lon="12.652071">
    <ele>1620.098</ele>
    <time>2026-06-25T13:28:10Z</time>
   </trkpt>
   <trkpt lat="47.406152" lon="12.651473">
    <ele>1616.786</ele>
    <time>2026-06-25T13:28:22Z</time>
   </trkpt>
   <trkpt lat="47.406060" lon="12.650870">
    <ele>1613.747</ele>
    <time>2026-06-25T13:28:35Z</time>
   </trkpt>
   <trkpt lat="47.406057" lon="12.650847">
    <ele>1612.827</ele>
    <time>2026-06-25T13:28:48Z</time>
   </trkpt>
   <trkpt lat="47.406049" lon="12.650778">
    <ele>1608.668</ele>
    <time>2026-06-25T13:29:14Z</time>
   </trkpt>
   <trkpt lat="47.405933" lon="12.649038">
    <ele>1591.509</ele>
    <time>2026-06-25T13:29:26Z</time>
   </trkpt>
   <trkpt lat="47.406057" lon="12.647977">
    <ele>1582.148</ele>
    <time>2026-06-25T13:29:35Z</time>
   </trkpt>
   <trkpt lat="47.406135" lon="12.646242">
    <ele>1566.253</ele>
    <time>2026-06-25T13:29:48Z</time>
   </trkpt>
   <trkpt lat="47.406135" lon="12.646113">
    <ele>1565.439</ele>
    <time>2026-06-25T13:29:49Z</time>
   </trkpt>
   <trkpt lat="47.406354" lon="12.644659">
    <ele>1551.207</ele>
    <time>2026-06-25T13:30:00Z</time>
   </trkpt>
   <trkpt lat="47.406374" lon="12.644131">
    <ele>1547.530</ele>
    <time>2026-06-25T13:30:06Z</time>
   </trkpt>
   <trkpt lat="47.406385" lon="12.644010">
    <ele>1546.107</ele>
    <time>2026-06-25T13:30:08Z</time>
   </trkpt>
   <trkpt lat="47.406412" lon="12.643854">
    <ele>1544.394</ele>
    <time>2026-06-25T13:30:11Z</time>
   </trkpt>
   <trkpt lat="47.406544" lon="12.643489">
    <ele>1538.608</ele>
    <time>2026-06-25T13:30:17Z</time>
   </trkpt>
   <trkpt lat="47.406671" lon="12.642753">
    <ele>1525.990</ele>
    <time>2026-06-25T13:30:26Z</time>
   </trkpt>
   <trkpt lat="47.406896" lon="12.641850">
    <ele>1523.452</ele>
    <time>2026-06-25T13:30:30Z</time>
   </trkpt>
   <trkpt lat="47.407117" lon="12.641390">
    <ele>1515.400</ele>
    <time>2026-06-25T13:30:35Z</time>
   </trkpt>
   <trkpt lat="47.407129" lon="12.640806">
    <ele>1509.890</ele>
    <time>2026-06-25T13:30:40Z</time>
   </trkpt>
   <trkpt lat="47.407110" lon="12.640658">
    <ele>1509.138</ele>
    <time>2026-06-25T13:30:42Z</time>
   </trkpt>
   <trkpt lat="47.407100" lon="12.640526">
    <ele>1507.825</ele>
    <time>2026-06-25T13:30:44Z</time>
   </trkpt>
   <trkpt lat="47.407135" lon="12.640310">
    <ele>1504.111</ele>
    <time>2026-06-25T13:30:48Z</time>
   </trkpt>
   <trkpt lat="47.407343" lon="12.639908">
    <ele>1497.305</ele>
    <time>2026-06-25T13:30:55Z</time>
   </trkpt>
   <trkpt lat="47.407568" lon="12.639478">
    <ele>1491.888</ele>
    <time>2026-06-25T13:31:00Z</time>
   </trkpt>
   <trkpt lat="47.407854" lon="12.639045">
    <ele>1487.875</ele>
    <time>2026-06-25T13:31:06Z</time>
   </trkpt>
   <trkpt lat="47.408292" lon="12.638166">
    <ele>1489.635</ele>
    <time>2026-06-25T13:31:19Z</time>
   </trkpt>
   <trkpt lat="47.408502" lon="12.637829">
    <ele>1489.959</ele>
    <time>2026-06-25T13:31:26Z</time>
   </trkpt>
   <trkpt lat="47.408637" lon="12.637666">
    <ele>1490.128</ele>
    <time>2026-06-25T13:31:30Z</time>
   </trkpt>
   <trkpt lat="47.408799" lon="12.637470">
    <ele>1489.567</ele>
    <time>2026-06-25T13:31:35Z</time>
   </trkpt>
   <trkpt lat="47.408948" lon="12.637371">
    <ele>1489.908</ele>
    <time>2026-06-25T13:31:39Z</time>
   </trkpt>
   <trkpt lat="47.409028" lon="12.637343">
    <ele>1489.426</ele>
    <time>2026-06-25T13:31:41Z</time>
   </trkpt>
   <trkpt lat="47.409157" lon="12.637298">
    <ele>1489.222</ele>
    <time>2026-06-25T13:31:44Z</time>
   </trkpt>
   <trkpt lat="47.409431" lon="12.637075">
    <ele>1488.059</ele>
    <time>2026-06-25T13:31:52Z</time>
   </trkpt>
   <trkpt lat="47.409615" lon="12.636597">
    <ele>1484.917</ele>
    <time>2026-06-25T13:31:58Z</time>
   </trkpt>
   <trkpt lat="47.409635" lon="12.636370">
    <ele>1483.794</ele>
    <time>2026-06-25T13:32:00Z</time>
   </trkpt>
   <trkpt lat="47.409988" lon="12.635741">
    <ele>1481.917</ele>
    <time>2026-06-25T13:32:08Z</time>
   </trkpt>
   <trkpt lat="47.410121" lon="12.635676">
    <ele>1481.499</ele>
    <time>2026-06-25T13:32:10Z</time>
   </trkpt>
   <trkpt lat="47.410388" lon="12.634927">
    <ele>1480.099</ele>
    <time>2026-06-25T13:32:19Z</time>
   </trkpt>
   <trkpt lat="47.410666" lon="12.634205">
    <ele>1477.111</ele>
    <time>2026-06-25T13:32:29Z</time>
   </trkpt>
   <trkpt lat="47.410776" lon="12.634023">
    <ele>1476.533</ele>
    <time>2026-06-25T13:32:32Z</time>
   </trkpt>
   <trkpt lat="47.410886" lon="12.633741">
    <ele>1475.953</ele>
    <time>2026-06-25T13:32:36Z</time>
   </trkpt>
   <trkpt lat="47.411062" lon="12.633202">
    <ele>1475.108</ele>
    <time>2026-06-25T13:32:42Z</time>
   </trkpt>
   <trkpt lat="47.411343" lon="12.632302">
    <ele>1473.812</ele>
    <time>2026-06-25T13:32:50Z</time>
   </trkpt>
   <trkpt lat="47.411470" lon="12.631756">
    <ele>1468.054</ele>
    <time>2026-06-25T13:32:55Z</time>
   </trkpt>
   <trkpt lat="47.411643" lon="12.631430">
    <ele>1464.180</ele>
    <time>2026-06-25T13:32:59Z</time>
   </trkpt>
   <trkpt lat="47.411993" lon="12.631151">
    <ele>1460.173</ele>
    <time>2026-06-25T13:33:04Z</time>
   </trkpt>
   <trkpt lat="47.412123" lon="12.630752">
    <ele>1460.038</ele>
    <time>2026-06-25T13:33:08Z</time>
   </trkpt>
   <trkpt lat="47.412460" lon="12.630240">
    <ele>1454.952</ele>
    <time>2026-06-25T13:33:16Z</time>
   </trkpt>
   <trkpt lat="47.412770" lon="12.629738">
    <ele>1453.877</ele>
    <time>2026-06-25T13:33:22Z</time>
   </trkpt>
   <trkpt lat="47.412984" lon="12.629419">
    <ele>1453.463</ele>
    <time>2026-06-25T13:33:27Z</time>
   </trkpt>
   <trkpt lat="47.413059" lon="12.629287">
    <ele>1453.275</ele>
    <time>2026-06-25T13:33:35Z</time>
   </trkpt>
   <trkpt lat="47.413065" lon="12.629278">
    <ele>1452.631</ele>
    <time>2026-06-25T13:34:03Z</time>
   </trkpt>
   <trkpt lat="47.413065" lon="12.629278">
    <ele>1454.058</ele>
    <time>2026-06-25T13:34:15Z</time>
   </trkpt>
   <trkpt lat="47.413333" lon="12.628989">
    <ele>1453.837</ele>
    <time>2026-06-25T13:34:55Z</time>
   </trkpt>
   <trkpt lat="47.413367" lon="12.628955">
    <ele>1453.140</ele>
    <time>2026-06-25T13:34:56Z</time>
   </trkpt>
   <trkpt lat="47.413482" lon="12.628839">
    <ele>1452.141</ele>
    <time>2026-06-25T13:34:59Z</time>
   </trkpt>
   <trkpt lat="47.413971" lon="12.628188">
    <ele>1447.807</ele>
    <time>2026-06-25T13:35:09Z</time>
   </trkpt>
   <trkpt lat="47.414125" lon="12.627889">
    <ele>1446.603</ele>
    <time>2026-06-25T13:35:13Z</time>
   </trkpt>
   <trkpt lat="47.414349" lon="12.627630">
    <ele>1444.579</ele>
    <time>2026-06-25T13:35:18Z</time>
   </trkpt>
   <trkpt lat="47.414388" lon="12.627342">
    <ele>1443.378</ele>
    <time>2026-06-25T13:35:22Z</time>
   </trkpt>
   <trkpt lat="47.414524" lon="12.627243">
    <ele>1441.459</ele>
    <time>2026-06-25T13:35:27Z</time>
   </trkpt>
   <trkpt lat="47.414606" lon="12.627217">
    <ele>1440.505</ele>
    <time>2026-06-25T13:35:29Z</time>
   </trkpt>
   <trkpt lat="47.414719" lon="12.627007">
    <ele>1437.406</ele>
    <time>2026-06-25T13:35:34Z</time>
   </trkpt>
   <trkpt lat="47.414749" lon="12.626883">
    <ele>1435.890</ele>
    <time>2026-06-25T13:35:36Z</time>
   </trkpt>
   <trkpt lat="47.414939" lon="12.626653">
    <ele>1429.949</ele>
    <time>2026-06-25T13:35:43Z</time>
   </trkpt>
   <trkpt lat="47.414999" lon="12.626593">
    <ele>1428.729</ele>
    <time>2026-06-25T13:35:45Z</time>
   </trkpt>
   <trkpt lat="47.415227" lon="12.626051">
    <ele>1420.942</ele>
    <time>2026-06-25T13:35:58Z</time>
   </trkpt>
   <trkpt lat="47.415321" lon="12.625885">
    <ele>1418.943</ele>
    <time>2026-06-25T13:36:30Z</time>
   </trkpt>
   <trkpt lat="47.415658" lon="12.625670">
    <ele>1414.536</ele>
    <time>2026-06-25T13:36:36Z</time>
   </trkpt>
   <trkpt lat="47.415851" lon="12.625407">
    <ele>1411.581</ele>
    <time>2026-06-25T13:36:41Z</time>
   </trkpt>
   <trkpt lat="47.415918" lon="12.625162">
    <ele>1408.169</ele>
    <time>2026-06-25T13:36:45Z</time>
   </trkpt>
   <trkpt lat="47.415948" lon="12.625017">
    <ele>1406.386</ele>
    <time>2026-06-25T13:36:47Z</time>
   </trkpt>
   <trkpt lat="47.416271" lon="12.624671">
    <ele>1398.360</ele>
    <time>2026-06-25T13:36:55Z</time>
   </trkpt>
   <trkpt lat="47.416372" lon="12.624618">
    <ele>1396.915</ele>
    <time>2026-06-25T13:36:57Z</time>
   </trkpt>
   <trkpt lat="47.416627" lon="12.624171">
    <ele>1395.674</ele>
    <time>2026-06-25T13:37:07Z</time>
   </trkpt>
   <trkpt lat="47.416627" lon="12.624171">
    <ele>1396.113</ele>
    <time>2026-06-25T13:37:12Z</time>
   </trkpt>
   <trkpt lat="47.416750" lon="12.623926">
    <ele>1395.656</ele>
    <time>2026-06-25T13:37:16Z</time>
   </trkpt>
   <trkpt lat="47.416413" lon="12.623699">
    <ele>1393.022</ele>
    <time>2026-06-25T13:37:26Z</time>
   </trkpt>
   <trkpt lat="47.416514" lon="12.623353">
    <ele>1390.111</ele>
    <time>2026-06-25T13:37:32Z</time>
   </trkpt>
   <trkpt lat="47.416617" lon="12.623189">
    <ele>1387.577</ele>
    <time>2026-06-25T13:37:35Z</time>
   </trkpt>
   <trkpt lat="47.416694" lon="12.622928">
    <ele>1384.427</ele>
    <time>2026-06-25T13:37:39Z</time>
   </trkpt>
   <trkpt lat="47.416799" lon="12.622669">
    <ele>1378.591</ele>
    <time>2026-06-25T13:37:44Z</time>
   </trkpt>
   <trkpt lat="47.417020" lon="12.622401">
    <ele>1373.578</ele>
    <time>2026-06-25T13:37:48Z</time>
   </trkpt>
   <trkpt lat="47.417170" lon="12.622307">
    <ele>1370.048</ele>
    <time>2026-06-25T13:37:51Z</time>
   </trkpt>
   <trkpt lat="47.417294" lon="12.622063">
    <ele>1366.201</ele>
    <time>2026-06-25T13:37:56Z</time>
   </trkpt>
   <trkpt lat="47.417350" lon="12.621685">
    <ele>1361.825</ele>
    <time>2026-06-25T13:38:01Z</time>
   </trkpt>
   <trkpt lat="47.417491" lon="12.621397">
    <ele>1359.583</ele>
    <time>2026-06-25T13:38:05Z</time>
   </trkpt>
   <trkpt lat="47.417660" lon="12.621132">
    <ele>1358.137</ele>
    <time>2026-06-25T13:38:10Z</time>
   </trkpt>
   <trkpt lat="47.418095" lon="12.620802">
    <ele>1354.677</ele>
    <time>2026-06-25T13:38:19Z</time>
   </trkpt>
   <trkpt lat="47.418293" lon="12.620568">
    <ele>1351.975</ele>
    <time>2026-06-25T13:38:23Z</time>
   </trkpt>
   <trkpt lat="47.418664" lon="12.619862">
    <ele>1345.706</ele>
    <time>2026-06-25T13:38:31Z</time>
   </trkpt>
   <trkpt lat="47.419186" lon="12.619197">
    <ele>1335.114</ele>
    <time>2026-06-25T13:38:39Z</time>
   </trkpt>
   <trkpt lat="47.419395" lon="12.618893">
    <ele>1330.054</ele>
    <time>2026-06-25T13:38:43Z</time>
   </trkpt>
   <trkpt lat="47.419452" lon="12.618713">
    <ele>1327.867</ele>
    <time>2026-06-25T13:38:45Z</time>
   </trkpt>
   <trkpt lat="47.419469" lon="12.618319">
    <ele>1322.563</ele>
    <time>2026-06-25T13:38:50Z</time>
   </trkpt>
   <trkpt lat="47.419460" lon="12.618055">
    <ele>1319.820</ele>
    <time>2026-06-25T13:38:54Z</time>
   </trkpt>
   <trkpt lat="47.419363" lon="12.617973">
    <ele>1317.615</ele>
    <time>2026-06-25T13:38:58Z</time>
   </trkpt>
   <trkpt lat="47.419182" lon="12.617928">
    <ele>1313.957</ele>
    <time>2026-06-25T13:39:07Z</time>
   </trkpt>
   <trkpt lat="47.419116" lon="12.617714">
    <ele>1312.400</ele>
    <time>2026-06-25T13:39:15Z</time>
   </trkpt>
   <trkpt lat="47.419267" lon="12.617406">
    <ele>1308.719</ele>
    <time>2026-06-25T13:39:20Z</time>
   </trkpt>
   <trkpt lat="47.419778" lon="12.617158">
    <ele>1303.305</ele>
    <time>2026-06-25T13:39:27Z</time>
   </trkpt>
   <trkpt lat="47.420177" lon="12.616647">
    <ele>1297.726</ele>
    <time>2026-06-25T13:39:34Z</time>
   </trkpt>
   <trkpt lat="47.420561" lon="12.615811">
    <ele>1289.150</ele>
    <time>2026-06-25T13:39:42Z</time>
   </trkpt>
   <trkpt lat="47.420863" lon="12.615420">
    <ele>1283.628</ele>
    <time>2026-06-25T13:39:47Z</time>
   </trkpt>
   <trkpt lat="47.420940" lon="12.615352">
    <ele>1282.367</ele>
    <time>2026-06-25T13:39:49Z</time>
   </trkpt>
   <trkpt lat="47.421045" lon="12.615127">
    <ele>1281.607</ele>
    <time>2026-06-25T13:39:53Z</time>
   </trkpt>
   <trkpt lat="47.421577" lon="12.614397">
    <ele>1274.758</ele>
    <time>2026-06-25T13:40:03Z</time>
   </trkpt>
   <trkpt lat="47.422581" lon="12.613627">
    <ele>1269.075</ele>
    <time>2026-06-25T13:40:15Z</time>
   </trkpt>
   <trkpt lat="47.423225" lon="12.613346">
    <ele>1268.791</ele>
    <time>2026-06-25T13:40:25Z</time>
   </trkpt>
   <trkpt lat="47.423521" lon="12.613093">
    <ele>1267.890</ele>
    <time>2026-06-25T13:40:31Z</time>
   </trkpt>
   <trkpt lat="47.423666" lon="12.612867">
    <ele>1267.680</ele>
    <time>2026-06-25T13:40:35Z</time>
   </trkpt>
   <trkpt lat="47.423680" lon="12.612712">
    <ele>1266.971</ele>
    <time>2026-06-25T13:40:37Z</time>
   </trkpt>
   <trkpt lat="47.424020" lon="12.612403">
    <ele>1262.808</ele>
    <time>2026-06-25T13:40:43Z</time>
   </trkpt>
   <trkpt lat="47.424278" lon="12.612060">
    <ele>1258.779</ele>
    <time>2026-06-25T13:40:48Z</time>
   </trkpt>
   <trkpt lat="47.424420" lon="12.611915">
    <ele>1256.962</ele>
    <time>2026-06-25T13:40:51Z</time>
   </trkpt>
   <trkpt lat="47.424769" lon="12.611416">
    <ele>1250.288</ele>
    <time>2026-06-25T13:40:58Z</time>
   </trkpt>
   <trkpt lat="47.425076" lon="12.611144">
    <ele>1248.406</ele>
    <time>2026-06-25T13:41:03Z</time>
   </trkpt>
   <trkpt lat="47.425322" lon="12.610827">
    <ele>1247.160</ele>
    <time>2026-06-25T13:41:08Z</time>
   </trkpt>
   <trkpt lat="47.425576" lon="12.610662">
    <ele>1246.068</ele>
    <time>2026-06-25T13:41:12Z</time>
   </trkpt>
   <trkpt lat="47.425864" lon="12.610404">
    <ele>1245.702</ele>
    <time>2026-06-25T13:41:18Z</time>
   </trkpt>
   <trkpt lat="47.425938" lon="12.610185">
    <ele>1245.566</ele>
    <time>2026-06-25T13:41:21Z</time>
   </trkpt>
   <trkpt lat="47.426151" lon="12.609969">
    <ele>1245.417</ele>
    <time>2026-06-25T13:41:26Z</time>
   </trkpt>
   <trkpt lat="47.426435" lon="12.609528">
    <ele>1243.957</ele>
    <time>2026-06-25T13:41:34Z</time>
   </trkpt>
   <trkpt lat="47.427070" lon="12.609215">
    <ele>1239.664</ele>
    <time>2026-06-25T13:41:44Z</time>
   </trkpt>
   <trkpt lat="47.427229" lon="12.609236">
    <ele>1238.618</ele>
    <time>2026-06-25T13:41:46Z</time>
   </trkpt>
   <trkpt lat="47.427519" lon="12.609009">
    <ele>1236.454</ele>
    <time>2026-06-25T13:41:50Z</time>
   </trkpt>
   <trkpt lat="47.427824" lon="12.608948">
    <ele>1235.019</ele>
    <time>2026-06-25T13:41:54Z</time>
   </trkpt>
   <trkpt lat="47.428112" lon="12.608674">
    <ele>1233.893</ele>
    <time>2026-06-25T13:41:59Z</time>
   </trkpt>
   <trkpt lat="47.428280" lon="12.608506">
    <ele>1233.448</ele>
    <time>2026-06-25T13:42:02Z</time>
   </trkpt>
   <trkpt lat="47.428585" lon="12.608019">
    <ele>1233.147</ele>
    <time>2026-06-25T13:42:08Z</time>
   </trkpt>
   <trkpt lat="47.428886" lon="12.607585">
    <ele>1234.853</ele>
    <time>2026-06-25T13:42:14Z</time>
   </trkpt>
   <trkpt lat="47.428990" lon="12.607295">
    <ele>1235.623</ele>
    <time>2026-06-25T13:42:18Z</time>
   </trkpt>
   <trkpt lat="47.429099" lon="12.606995">
    <ele>1236.017</ele>
    <time>2026-06-25T13:42:23Z</time>
   </trkpt>
   <trkpt lat="47.429151" lon="12.606685">
    <ele>1236.361</ele>
    <time>2026-06-25T13:42:28Z</time>
   </trkpt>
   <trkpt lat="47.429377" lon="12.606343">
    <ele>1236.605</ele>
    <time>2026-06-25T13:42:36Z</time>
   </trkpt>
   <trkpt lat="47.429571" lon="12.605817">
    <ele>1230.552</ele>
    <time>2026-06-25T13:42:42Z</time>
   </trkpt>
   <trkpt lat="47.430104" lon="12.605549">
    <ele>1222.281</ele>
    <time>2026-06-25T13:42:50Z</time>
   </trkpt>
   <trkpt lat="47.430915" lon="12.605494">
    <ele>1211.806</ele>
    <time>2026-06-25T13:43:01Z</time>
   </trkpt>
   <trkpt lat="47.431253" lon="12.605616">
    <ele>1206.139</ele>
    <time>2026-06-25T13:43:06Z</time>
   </trkpt>
   <trkpt lat="47.431851" lon="12.606168">
    <ele>1199.731</ele>
    <time>2026-06-25T13:43:17Z</time>
   </trkpt>
   <trkpt lat="47.432044" lon="12.606371">
    <ele>1196.514</ele>
    <time>2026-06-25T13:43:26Z</time>
   </trkpt>
   <trkpt lat="47.432337" lon="12.606497">
    <ele>1192.902</ele>
    <time>2026-06-25T13:43:34Z</time>
   </trkpt>
   <trkpt lat="47.432412" lon="12.606546">
    <ele>1192.427</ele>
    <time>2026-06-25T13:43:35Z</time>
   </trkpt>
   <trkpt lat="47.432543" lon="12.606717">
    <ele>1190.435</ele>
    <time>2026-06-25T13:43:38Z</time>
   </trkpt>
   <trkpt lat="47.432731" lon="12.606721">
    <ele>1187.906</ele>
    <time>2026-06-25T13:43:42Z</time>
   </trkpt>
   <trkpt lat="47.432875" lon="12.606683">
    <ele>1186.162</ele>
    <time>2026-06-25T13:43:44Z</time>
   </trkpt>
   <trkpt lat="47.433087" lon="12.606755">
    <ele>1181.479</ele>
    <time>2026-06-25T13:43:48Z</time>
   </trkpt>
   <trkpt lat="47.433601" lon="12.606749">
    <ele>1173.386</ele>
    <time>2026-06-25T13:43:56Z</time>
   </trkpt>
   <trkpt lat="47.433877" lon="12.606782">
    <ele>1167.374</ele>
    <time>2026-06-25T13:44:00Z</time>
   </trkpt>
   <trkpt lat="47.434259" lon="12.606873">
    <ele>1158.971</ele>
    <time>2026-06-25T13:44:05Z</time>
   </trkpt>
   <trkpt lat="47.434468" lon="12.606959">
    <ele>1154.461</ele>
    <time>2026-06-25T13:44:08Z</time>
   </trkpt>
   <trkpt lat="47.434866" lon="12.607309">
    <ele>1144.349</ele>
    <time>2026-06-25T13:44:15Z</time>
   </trkpt>
   <trkpt lat="47.434987" lon="12.607449">
    <ele>1141.951</ele>
    <time>2026-06-25T13:44:17Z</time>
   </trkpt>
   <trkpt lat="47.435377" lon="12.607665">
    <ele>1133.129</ele>
    <time>2026-06-25T13:44:23Z</time>
   </trkpt>
   <trkpt lat="47.435628" lon="12.607852">
    <ele>1126.534</ele>
    <time>2026-06-25T13:44:31Z</time>
   </trkpt>
   <trkpt lat="47.435782" lon="12.607963">
    <ele>1125.433</ele>
    <time>2026-06-25T13:45:10Z</time>
   </trkpt>
   <trkpt lat="47.435960" lon="12.608158">
    <ele>1122.847</ele>
    <time>2026-06-25T13:45:14Z</time>
   </trkpt>
   <trkpt lat="47.436066" lon="12.608375">
    <ele>1120.438</ele>
    <time>2026-06-25T13:45:17Z</time>
   </trkpt>
   <trkpt lat="47.436250" lon="12.608481">
    <ele>1116.799</ele>
    <time>2026-06-25T13:45:21Z</time>
   </trkpt>
   <trkpt lat="47.436416" lon="12.608599">
    <ele>1114.088</ele>
    <time>2026-06-25T13:45:25Z</time>
   </trkpt>
   <trkpt lat="47.436476" lon="12.608814">
    <ele>1112.171</ele>
    <time>2026-06-25T13:45:27Z</time>
   </trkpt>
   <trkpt lat="47.436477" lon="12.609090">
    <ele>1109.373</ele>
    <time>2026-06-25T13:45:30Z</time>
   </trkpt>
   <trkpt lat="47.436750" lon="12.609322">
    <ele>1104.769</ele>
    <time>2026-06-25T13:45:35Z</time>
   </trkpt>
   <trkpt lat="47.436905" lon="12.609279">
    <ele>1103.467</ele>
    <time>2026-06-25T13:45:37Z</time>
   </trkpt>
   <trkpt lat="47.437103" lon="12.609049">
    <ele>1100.404</ele>
    <time>2026-06-25T13:45:41Z</time>
   </trkpt>
   <trkpt lat="47.437204" lon="12.608604">
    <ele>1097.932</ele>
    <time>2026-06-25T13:45:46Z</time>
   </trkpt>
   <trkpt lat="47.437445" lon="12.608320">
    <ele>1093.475</ele>
    <time>2026-06-25T13:45:52Z</time>
   </trkpt>
   <trkpt lat="47.437472" lon="12.608317">
    <ele>1091.409</ele>
    <time>2026-06-25T13:46:04Z</time>
   </trkpt>
   <trkpt lat="47.437714" lon="12.608289">
    <ele>1089.453</ele>
    <time>2026-06-25T13:46:46Z</time>
   </trkpt>
   <trkpt lat="47.438399" lon="12.608270">
    <ele>1083.542</ele>
    <time>2026-06-25T13:46:56Z</time>
   </trkpt>
   <trkpt lat="47.438940" lon="12.608112">
    <ele>1078.644</ele>
    <time>2026-06-25T13:47:04Z</time>
   </trkpt>
   <trkpt lat="47.440025" lon="12.607681">
    <ele>1065.161</ele>
    <time>2026-06-25T13:47:16Z</time>
   </trkpt>
   <trkpt lat="47.440762" lon="12.607381">
    <ele>1053.866</ele>
    <time>2026-06-25T13:47:23Z</time>
   </trkpt>
   <trkpt lat="47.441162" lon="12.607301">
    <ele>1048.378</ele>
    <time>2026-06-25T13:47:27Z</time>
   </trkpt>
   <trkpt lat="47.441601" lon="12.607043">
    <ele>1041.769</ele>
    <time>2026-06-25T13:47:32Z</time>
   </trkpt>
   <trkpt lat="47.441947" lon="12.606906">
    <ele>1036.579</ele>
    <time>2026-06-25T13:47:36Z</time>
   </trkpt>
   <trkpt lat="47.442590" lon="12.607026">
    <ele>1029.443</ele>
    <time>2026-06-25T13:47:43Z</time>
   </trkpt>
   <trkpt lat="47.443161" lon="12.606902">
    <ele>1022.120</ele>
    <time>2026-06-25T13:47:50Z</time>
   </trkpt>
   <trkpt lat="47.443424" lon="12.606613">
    <ele>1017.181</ele>
    <time>2026-06-25T13:47:54Z</time>
   </trkpt>
   <trkpt lat="47.444138" lon="12.605433">
    <ele>999.290</ele>
    <time>2026-06-25T13:48:08Z</time>
   </trkpt>
   <trkpt lat="47.444189" lon="12.605272">
    <ele>993.346</ele>
    <time>2026-06-25T13:48:16Z</time>
   </trkpt>
   <trkpt lat="47.444192" lon="12.605251">
    <ele>993.004</ele>
    <time>2026-06-25T13:48:36Z</time>
   </trkpt>
   <trkpt lat="47.444350" lon="12.604899">
    <ele>990.443</ele>
    <time>2026-06-25T13:48:41Z</time>
   </trkpt>
   <trkpt lat="47.444330" lon="12.604558">
    <ele>986.417</ele>
    <time>2026-06-25T13:48:47Z</time>
   </trkpt>
   <trkpt lat="47.444158" lon="12.604558">
    <ele>981.503</ele>
    <time>2026-06-25T13:48:52Z</time>
   </trkpt>
   <trkpt lat="47.444222" lon="12.604365">
    <ele>976.143</ele>
    <time>2026-06-25T13:48:59Z</time>
   </trkpt>
   <trkpt lat="47.444354" lon="12.604299">
    <ele>973.826</ele>
    <time>2026-06-25T13:49:02Z</time>
   </trkpt>
   <trkpt lat="47.444598" lon="12.604038">
    <ele>969.711</ele>
    <time>2026-06-25T13:49:07Z</time>
   </trkpt>
   <trkpt lat="47.444750" lon="12.603791">
    <ele>965.326</ele>
    <time>2026-06-25T13:49:13Z</time>
   </trkpt>
   <trkpt lat="47.444728" lon="12.603755">
    <ele>964.721</ele>
    <time>2026-06-25T13:49:14Z</time>
   </trkpt>
   <trkpt lat="47.444433" lon="12.603722">
    <ele>955.706</ele>
    <time>2026-06-25T13:49:24Z</time>
   </trkpt>
   <trkpt lat="47.444394" lon="12.603722">
    <ele>954.580</ele>
    <time>2026-06-25T13:49:25Z</time>
   </trkpt>
   <trkpt lat="47.444101" lon="12.603789">
    <ele>954.209</ele>
    <time>2026-06-25T13:49:29Z</time>
   </trkpt>
   <trkpt lat="47.443420" lon="12.603784">
    <ele>948.820</ele>
    <time>2026-06-25T13:49:35Z</time>
   </trkpt>
   <trkpt lat="47.443478" lon="12.603521">
    <ele>942.916</ele>
    <time>2026-06-25T13:49:42Z</time>
   </trkpt>
   <trkpt lat="47.443905" lon="12.602785">
    <ele>932.472</ele>
    <time>2026-06-25T13:49:50Z</time>
   </trkpt>
   <trkpt lat="47.444478" lon="12.602264">
    <ele>927.366</ele>
    <time>2026-06-25T13:49:57Z</time>
   </trkpt>
   <trkpt lat="47.444875" lon="12.601800">
    <ele>924.193</ele>
    <time>2026-06-25T13:50:02Z</time>
   </trkpt>
   <trkpt lat="47.445859" lon="12.601131">
    <ele>916.278</ele>
    <time>2026-06-25T13:50:12Z</time>
   </trkpt>
   <trkpt lat="47.446218" lon="12.600759">
    <ele>913.526</ele>
    <time>2026-06-25T13:50:16Z</time>
   </trkpt>
   <trkpt lat="47.446612" lon="12.600460">
    <ele>910.916</ele>
    <time>2026-06-25T13:50:20Z</time>
   </trkpt>
   <trkpt lat="47.446970" lon="12.599877">
    <ele>907.611</ele>
    <time>2026-06-25T13:50:25Z</time>
   </trkpt>
   <trkpt lat="47.447209" lon="12.599372">
    <ele>904.949</ele>
    <time>2026-06-25T13:50:29Z</time>
   </trkpt>
   <trkpt lat="47.447406" lon="12.598687">
    <ele>901.818</ele>
    <time>2026-06-25T13:50:34Z</time>
   </trkpt>
   <trkpt lat="47.447766" lon="12.598058">
    <ele>898.496</ele>
    <time>2026-06-25T13:50:40Z</time>
   </trkpt>
   <trkpt lat="47.448238" lon="12.597647">
    <ele>895.365</ele>
    <time>2026-06-25T13:50:46Z</time>
   </trkpt>
   <trkpt lat="47.448607" lon="12.597580">
    <ele>893.899</ele>
    <time>2026-06-25T13:50:50Z</time>
   </trkpt>
   <trkpt lat="47.449223" lon="12.597588">
    <ele>892.029</ele>
    <time>2026-06-25T13:50:57Z</time>
   </trkpt>
   <trkpt lat="47.449783" lon="12.597632">
    <ele>891.049</ele>
    <time>2026-06-25T13:51:05Z</time>
   </trkpt>
   <trkpt lat="47.450107" lon="12.597650">
    <ele>890.054</ele>
    <time>2026-06-25T13:51:08Z</time>
   </trkpt>
   <trkpt lat="47.450521" lon="12.597343">
    <ele>888.267</ele>
    <time>2026-06-25T13:51:14Z</time>
   </trkpt>
   <trkpt lat="47.450631" lon="12.597164">
    <ele>888.888</ele>
    <time>2026-06-25T13:51:17Z</time>
   </trkpt>
   <trkpt lat="47.450765" lon="12.596838">
    <ele>888.830</ele>
    <time>2026-06-25T13:51:21Z</time>
   </trkpt>
   <trkpt lat="47.450767" lon="12.596383">
    <ele>886.292</ele>
    <time>2026-06-25T13:51:27Z</time>
   </trkpt>
   <trkpt lat="47.450972" lon="12.595810">
    <ele>885.856</ele>
    <time>2026-06-25T13:51:32Z</time>
   </trkpt>
   <trkpt lat="47.451083" lon="12.595540">
    <ele>885.837</ele>
    <time>2026-06-25T13:51:35Z</time>
   </trkpt>
   <trkpt lat="47.451287" lon="12.595329">
    <ele>884.628</ele>
    <time>2026-06-25T13:51:39Z</time>
   </trkpt>
   <trkpt lat="47.451648" lon="12.595223">
    <ele>879.601</ele>
    <time>2026-06-25T13:51:44Z</time>
   </trkpt>
   <trkpt lat="47.451922" lon="12.594897">
    <ele>875.207</ele>
    <time>2026-06-25T13:51:48Z</time>
   </trkpt>
   <trkpt lat="47.452363" lon="12.594027">
    <ele>868.978</ele>
    <time>2026-06-25T13:51:56Z</time>
   </trkpt>
   <trkpt lat="47.452457" lon="12.593682">
    <ele>866.281</ele>
    <time>2026-06-25T13:51:59Z</time>
   </trkpt>
   <trkpt lat="47.453171" lon="12.592229">
    <ele>858.337</ele>
    <time>2026-06-25T13:52:13Z</time>
   </trkpt>
   <trkpt lat="47.453257" lon="12.592009">
    <ele>856.062</ele>
    <time>2026-06-25T13:52:15Z</time>
   </trkpt>
   <trkpt lat="47.453909" lon="12.591369">
    <ele>853.390</ele>
    <time>2026-06-25T13:52:24Z</time>
   </trkpt>
   <trkpt lat="47.454120" lon="12.591409">
    <ele>854.517</ele>
    <time>2026-06-25T13:52:27Z</time>
   </trkpt>
   <trkpt lat="47.454442" lon="12.591534">
    <ele>856.466</ele>
    <time>2026-06-25T13:52:36Z</time>
   </trkpt>
   <trkpt lat="47.454442" lon="12.591534">
    <ele>856.677</ele>
    <time>2026-06-25T13:53:10Z</time>
   </trkpt>
   <trkpt lat="47.454672" lon="12.591426">
    <ele>855.850</ele>
    <time>2026-06-25T13:53:23Z</time>
   </trkpt>
   <trkpt lat="47.455040" lon="12.591162">
    <ele>854.267</ele>
    <time>2026-06-25T13:53:30Z</time>
   </trkpt>
   <trkpt lat="47.455466" lon="12.590976">
    <ele>855.849</ele>
    <time>2026-06-25T13:53:44Z</time>
   </trkpt>
   <trkpt lat="47.455466" lon="12.590976">
    <ele>855.095</ele>
    <time>2026-06-25T13:55:01Z</time>
   </trkpt>
   <trkpt lat="47.455857" lon="12.590810">
    <ele>860.777</ele>
    <time>2026-06-25T13:55:16Z</time>
   </trkpt>
   <trkpt lat="47.456002" lon="12.590718">
    <ele>864.307</ele>
    <time>2026-06-25T13:55:28Z</time>
   </trkpt>
   <trkpt lat="47.456352" lon="12.590491">
    <ele>867.881</ele>
    <time>2026-06-25T13:55:48Z</time>
   </trkpt>
   <trkpt lat="47.456621" lon="12.590353">
    <ele>870.710</ele>
    <time>2026-06-25T13:56:05Z</time>
   </trkpt>
   <trkpt lat="47.456881" lon="12.590385">
    <ele>872.193</ele>
    <time>2026-06-25T13:56:21Z</time>
   </trkpt>
   <trkpt lat="47.457061" lon="12.590453">
    <ele>875.584</ele>
    <time>2026-06-25T13:56:35Z</time>
   </trkpt>
   <trkpt lat="47.457167" lon="12.590498">
    <ele>878.548</ele>
    <time>2026-06-25T13:56:53Z</time>
   </trkpt>
   <trkpt lat="47.457299" lon="12.590578">
    <ele>879.925</ele>
    <time>2026-06-25T13:58:08Z</time>
   </trkpt>
   <trkpt lat="47.457775" lon="12.590488">
    <ele>877.283</ele>
    <time>2026-06-25T13:58:24Z</time>
   </trkpt>
   <trkpt lat="47.458702" lon="12.590179">
    <ele>874.275</ele>
    <time>2026-06-25T13:58:42Z</time>
   </trkpt>
   <trkpt lat="47.458963" lon="12.589952">
    <ele>872.909</ele>
    <time>2026-06-25T13:58:48Z</time>
   </trkpt>
   <trkpt lat="47.459236" lon="12.589548">
    <ele>871.949</ele>
    <time>2026-06-25T13:58:55Z</time>
   </trkpt>
   <trkpt lat="47.459879" lon="12.588837">
    <ele>870.770</ele>
    <time>2026-06-25T13:59:10Z</time>
   </trkpt>
   <trkpt lat="47.460099" lon="12.588723">
    <ele>870.271</ele>
    <time>2026-06-25T13:59:14Z</time>
   </trkpt>
   <trkpt lat="47.460675" lon="12.588643">
    <ele>869.948</ele>
    <time>2026-06-25T13:59:24Z</time>
   </trkpt>
   <trkpt lat="47.461868" lon="12.588014">
    <ele>867.876</ele>
    <time>2026-06-25T13:59:46Z</time>
   </trkpt>
   <trkpt lat="47.462607" lon="12.587701">
    <ele>869.469</ele>
    <time>2026-06-25T14:00:02Z</time>
   </trkpt>
   <trkpt lat="47.463023" lon="12.587635">
    <ele>873.635</ele>
    <time>2026-06-25T14:00:18Z</time>
   </trkpt>
   <trkpt lat="47.463469" lon="12.587522">
    <ele>876.522</ele>
    <time>2026-06-25T14:00:40Z</time>
   </trkpt>
   <trkpt lat="47.463802" lon="12.587334">
    <ele>879.701</ele>
    <time>2026-06-25T14:00:59Z</time>
   </trkpt>
   <trkpt lat="47.464237" lon="12.587218">
    <ele>877.166</ele>
    <time>2026-06-25T14:01:13Z</time>
   </trkpt>
   <trkpt lat="47.464806" lon="12.586917">
    <ele>869.939</ele>
    <time>2026-06-25T14:01:23Z</time>
   </trkpt>
   <trkpt lat="47.465167" lon="12.587077">
    <ele>861.457</ele>
    <time>2026-06-25T14:01:31Z</time>
   </trkpt>
   <trkpt lat="47.465446" lon="12.587202">
    <ele>857.211</ele>
    <time>2026-06-25T14:01:35Z</time>
   </trkpt>
   <trkpt lat="47.465615" lon="12.587221">
    <ele>855.126</ele>
    <time>2026-06-25T14:01:41Z</time>
   </trkpt>
   <trkpt lat="47.465615" lon="12.587221">
    <ele>854.985</ele>
    <time>2026-06-25T14:02:03Z</time>
   </trkpt>
   <trkpt lat="47.465615" lon="12.587221">
    <ele>854.942</ele>
    <time>2026-06-25T14:02:13Z</time>
   </trkpt>
   <trkpt lat="47.465680" lon="12.587199">
    <ele>854.731</ele>
    <time>2026-06-25T14:02:16Z</time>
   </trkpt>
   <trkpt lat="47.465842" lon="12.586681">
    <ele>855.922</ele>
    <time>2026-06-25T14:02:27Z</time>
   </trkpt>
   <trkpt lat="47.466019" lon="12.586497">
    <ele>858.488</ele>
    <time>2026-06-25T14:02:38Z</time>
   </trkpt>
   <trkpt lat="47.466124" lon="12.586417">
    <ele>859.495</ele>
    <time>2026-06-25T14:02:45Z</time>
   </trkpt>
   <trkpt lat="47.466427" lon="12.586185">
    <ele>863.705</ele>
    <time>2026-06-25T14:03:08Z</time>
   </trkpt>
   <trkpt lat="47.466704" lon="12.586038">
    <ele>868.494</ele>
    <time>2026-06-25T14:03:28Z</time>
   </trkpt>
   <trkpt lat="47.467058" lon="12.586019">
    <ele>873.230</ele>
    <time>2026-06-25T14:03:49Z</time>
   </trkpt>
   <trkpt lat="47.467555" lon="12.585998">
    <ele>876.292</ele>
    <time>2026-06-25T14:04:14Z</time>
   </trkpt>
   <trkpt lat="47.467891" lon="12.586017">
    <ele>877.944</ele>
    <time>2026-06-25T14:04:28Z</time>
   </trkpt>
   <trkpt lat="47.468264" lon="12.585924">
    <ele>882.843</ele>
    <time>2026-06-25T14:04:45Z</time>
   </trkpt>
   <trkpt lat="47.468576" lon="12.585588">
    <ele>886.946</ele>
    <time>2026-06-25T14:05:05Z</time>
   </trkpt>
   <trkpt lat="47.468747" lon="12.585397">
    <ele>890.094</ele>
    <time>2026-06-25T14:05:18Z</time>
   </trkpt>
   <trkpt lat="47.468689" lon="12.585045">
    <ele>891.345</ele>
    <time>2026-06-25T14:05:30Z</time>
   </trkpt>
   <trkpt lat="47.468757" lon="12.584171">
    <ele>894.868</ele>
    <time>2026-06-25T14:05:51Z</time>
   </trkpt>
   <trkpt lat="47.468706" lon="12.583346">
    <ele>890.745</ele>
    <time>2026-06-25T14:06:05Z</time>
   </trkpt>
   <trkpt lat="47.468598" lon="12.582929">
    <ele>888.830</ele>
    <time>2026-06-25T14:06:11Z</time>
   </trkpt>
   <trkpt lat="47.468685" lon="12.582637">
    <ele>887.192</ele>
    <time>2026-06-25T14:06:17Z</time>
   </trkpt>
   <trkpt lat="47.468920" lon="12.582629">
    <ele>889.328</ele>
    <time>2026-06-25T14:06:25Z</time>
   </trkpt>
   <trkpt lat="47.469047" lon="12.582012">
    <ele>891.330</ele>
    <time>2026-06-25T14:06:38Z</time>
   </trkpt>
   <trkpt lat="47.469120" lon="12.581447">
    <ele>894.243</ele>
    <time>2026-06-25T14:06:52Z</time>
   </trkpt>
   <trkpt lat="47.469177" lon="12.580402">
    <ele>895.433</ele>
    <time>2026-06-25T14:07:12Z</time>
   </trkpt>
   <trkpt lat="47.469113" lon="12.579461">
    <ele>893.983</ele>
    <time>2026-06-25T14:07:27Z</time>
   </trkpt>
   <trkpt lat="47.469119" lon="12.579336">
    <ele>893.759</ele>
    <time>2026-06-25T14:07:29Z</time>
   </trkpt>
   <trkpt lat="47.469131" lon="12.579064">
    <ele>893.509</ele>
    <time>2026-06-25T14:07:33Z</time>
   </trkpt>
   <trkpt lat="47.469137" lon="12.578029">
    <ele>890.488</ele>
    <time>2026-06-25T14:07:50Z</time>
   </trkpt>
   <trkpt lat="47.469123" lon="12.577657">
    <ele>888.935</ele>
    <time>2026-06-25T14:08:24Z</time>
   </trkpt>
  </trkseg>
 </trk>
 <trk>
  <name>ACTIVE LOG071048</name>
  <trkseg>
   <trkpt lat="47.469100" lon="12.576789">
    <ele>887.907</ele>
    <time>2026-06-25T14:10:47Z</time>
   </trkpt>
   <trkpt lat="47.469093" lon="12.576692">
    <ele>886.202</ele>
    <time>2026-06-25T14:10:51Z</time>
   </trkpt>
   <trkpt lat="47.469081" lon="12.576557">
    <ele>885.042</ele>
    <time>2026-06-25T14:10:54Z</time>
   </trkpt>
   <trkpt lat="47.469015" lon="12.576316">
    <ele>884.872</ele>
    <time>2026-06-25T14:10:58Z</time>
   </trkpt>
   <trkpt lat="47.468918" lon="12.575300">
    <ele>880.933</ele>
    <time>2026-06-25T14:11:09Z</time>
   </trkpt>
   <trkpt lat="47.469102" lon="12.574517">
    <ele>882.382</ele>
    <time>2026-06-25T14:11:21Z</time>
   </trkpt>
   <trkpt lat="47.469292" lon="12.573731">
    <ele>882.593</ele>
    <time>2026-06-25T14:11:38Z</time>
   </trkpt>
   <trkpt lat="47.469324" lon="12.573592">
    <ele>882.360</ele>
    <time>2026-06-25T14:11:41Z</time>
   </trkpt>
   <trkpt lat="47.469387" lon="12.573315">
    <ele>882.078</ele>
    <time>2026-06-25T14:11:45Z</time>
   </trkpt>
   <trkpt lat="47.469457" lon="12.573006">
    <ele>881.777</ele>
    <time>2026-06-25T14:11:49Z</time>
   </trkpt>
   <trkpt lat="47.470003" lon="12.571744">
    <ele>879.983</ele>
    <time>2026-06-25T14:12:09Z</time>
   </trkpt>
   <trkpt lat="47.470867" lon="12.570435">
    <ele>878.633</ele>
    <time>2026-06-25T14:12:31Z</time>
   </trkpt>
   <trkpt lat="47.471387" lon="12.569743">
    <ele>877.691</ele>
    <time>2026-06-25T14:12:44Z</time>
   </trkpt>
   <trkpt lat="47.471684" lon="12.569360">
    <ele>881.123</ele>
    <time>2026-06-25T14:12:54Z</time>
   </trkpt>
   <trkpt lat="47.471985" lon="12.568883">
    <ele>882.979</ele>
    <time>2026-06-25T14:13:09Z</time>
   </trkpt>
   <trkpt lat="47.472458" lon="12.567990">
    <ele>881.294</ele>
    <time>2026-06-25T14:13:24Z</time>
   </trkpt>
   <trkpt lat="47.473339" lon="12.567048">
    <ele>880.116</ele>
    <time>2026-06-25T14:13:43Z</time>
   </trkpt>
   <trkpt lat="47.473446" lon="12.566969">
    <ele>880.146</ele>
    <time>2026-06-25T14:13:45Z</time>
   </trkpt>
   <trkpt lat="47.473838" lon="12.566861">
    <ele>879.766</ele>
    <time>2026-06-25T14:13:51Z</time>
   </trkpt>
   <trkpt lat="47.474074" lon="12.566595">
    <ele>879.820</ele>
    <time>2026-06-25T14:13:56Z</time>
   </trkpt>
   <trkpt lat="47.474206" lon="12.566446">
    <ele>880.314</ele>
    <time>2026-06-25T14:13:59Z</time>
   </trkpt>
   <trkpt lat="47.474489" lon="12.565801">
    <ele>882.812</ele>
    <time>2026-06-25T14:14:11Z</time>
   </trkpt>
   <trkpt lat="47.474626" lon="12.565019">
    <ele>884.005</ele>
    <time>2026-06-25T14:14:27Z</time>
   </trkpt>
   <trkpt lat="47.474654" lon="12.564886">
    <ele>883.444</ele>
    <time>2026-06-25T14:14:29Z</time>
   </trkpt>
   <trkpt lat="47.474829" lon="12.564466">
    <ele>879.272</ele>
    <time>2026-06-25T14:14:34Z</time>
   </trkpt>
   <trkpt lat="47.475284" lon="12.564171">
    <ele>872.443</ele>
    <time>2026-06-25T14:14:41Z</time>
   </trkpt>
   <trkpt lat="47.475339" lon="12.564198">
    <ele>871.797</ele>
    <time>2026-06-25T14:14:42Z</time>
   </trkpt>
   <trkpt lat="47.475507" lon="12.564046">
    <ele>868.915</ele>
    <time>2026-06-25T14:14:49Z</time>
   </trkpt>
   <trkpt lat="47.475147" lon="12.563368">
    <ele>874.408</ele>
    <time>2026-06-25T14:15:10Z</time>
   </trkpt>
   <trkpt lat="47.475078" lon="12.563079">
    <ele>876.457</ele>
    <time>2026-06-25T14:15:23Z</time>
   </trkpt>
   <trkpt lat="47.475333" lon="12.562755">
    <ele>883.196</ele>
    <time>2026-06-25T14:15:44Z</time>
   </trkpt>
   <trkpt lat="47.475563" lon="12.562632">
    <ele>881.757</ele>
    <time>2026-06-25T14:15:52Z</time>
   </trkpt>
   <trkpt lat="47.476088" lon="12.562362">
    <ele>877.793</ele>
    <time>2026-06-25T14:16:01Z</time>
   </trkpt>
   <trkpt lat="47.476226" lon="12.561981">
    <ele>878.448</ele>
    <time>2026-06-25T14:16:07Z</time>
   </trkpt>
   <trkpt lat="47.476108" lon="12.561530">
    <ele>882.366</ele>
    <time>2026-06-25T14:16:21Z</time>
   </trkpt>
   <trkpt lat="47.476108" lon="12.560938">
    <ele>884.094</ele>
    <time>2026-06-25T14:16:37Z</time>
   </trkpt>
   <trkpt lat="47.475996" lon="12.560300">
    <ele>887.202</ele>
    <time>2026-06-25T14:16:51Z</time>
   </trkpt>
   <trkpt lat="47.475770" lon="12.560058">
    <ele>885.689</ele>
    <time>2026-06-25T14:16:58Z</time>
   </trkpt>
   <trkpt lat="47.475553" lon="12.559822">
    <ele>881.746</ele>
    <time>2026-06-25T14:17:03Z</time>
   </trkpt>
   <trkpt lat="47.475387" lon="12.559016">
    <ele>874.979</ele>
    <time>2026-06-25T14:17:11Z</time>
   </trkpt>
   <trkpt lat="47.475439" lon="12.558775">
    <ele>873.869</ele>
    <time>2026-06-25T14:17:13Z</time>
   </trkpt>
   <trkpt lat="47.475510" lon="12.558411">
    <ele>872.039</ele>
    <time>2026-06-25T14:17:16Z</time>
   </trkpt>
   <trkpt lat="47.475523" lon="12.558087">
    <ele>869.499</ele>
    <time>2026-06-25T14:17:19Z</time>
   </trkpt>
   <trkpt lat="47.475464" lon="12.557710">
    <ele>866.252</ele>
    <time>2026-06-25T14:17:23Z</time>
   </trkpt>
   <trkpt lat="47.475581" lon="12.557412">
    <ele>862.800</ele>
    <time>2026-06-25T14:17:27Z</time>
   </trkpt>
   <trkpt lat="47.475872" lon="12.556977">
    <ele>856.252</ele>
    <time>2026-06-25T14:17:32Z</time>
   </trkpt>
   <trkpt lat="47.476137" lon="12.556858">
    <ele>853.077</ele>
    <time>2026-06-25T14:17:36Z</time>
   </trkpt>
   <trkpt lat="47.476175" lon="12.556598">
    <ele>851.619</ele>
    <time>2026-06-25T14:17:40Z</time>
   </trkpt>
   <trkpt lat="47.476141" lon="12.556464">
    <ele>852.745</ele>
    <time>2026-06-25T14:17:42Z</time>
   </trkpt>
   <trkpt lat="47.476207" lon="12.556197">
    <ele>853.011</ele>
    <time>2026-06-25T14:17:46Z</time>
   </trkpt>
   <trkpt lat="47.476289" lon="12.555957">
    <ele>852.938</ele>
    <time>2026-06-25T14:17:50Z</time>
   </trkpt>
   <trkpt lat="47.476382" lon="12.555220">
    <ele>853.614</ele>
    <time>2026-06-25T14:18:04Z</time>
   </trkpt>
   <trkpt lat="47.476484" lon="12.554240">
    <ele>853.453</ele>
    <time>2026-06-25T14:18:19Z</time>
   </trkpt>
   <trkpt lat="47.476473" lon="12.553961">
    <ele>853.624</ele>
    <time>2026-06-25T14:18:25Z</time>
   </trkpt>
   <trkpt lat="47.476306" lon="12.553734">
    <ele>852.102</ele>
    <time>2026-06-25T14:18:29Z</time>
   </trkpt>
   <trkpt lat="47.476293" lon="12.553390">
    <ele>851.357</ele>
    <time>2026-06-25T14:18:33Z</time>
   </trkpt>
   <trkpt lat="47.476374" lon="12.553190">
    <ele>851.309</ele>
    <time>2026-06-25T14:18:36Z</time>
   </trkpt>
   <trkpt lat="47.476544" lon="12.552909">
    <ele>852.083</ele>
    <time>2026-06-25T14:18:47Z</time>
   </trkpt>
   <trkpt lat="47.476709" lon="12.552673">
    <ele>852.531</ele>
    <time>2026-06-25T14:21:42Z</time>
   </trkpt>
   <trkpt lat="47.477016" lon="12.551731">
    <ele>852.450</ele>
    <time>2026-06-25T14:21:59Z</time>
   </trkpt>
   <trkpt lat="47.477104" lon="12.551527">
    <ele>852.057</ele>
    <time>2026-06-25T14:22:02Z</time>
   </trkpt>
   <trkpt lat="47.477613" lon="12.551037">
    <ele>846.900</ele>
    <time>2026-06-25T14:22:12Z</time>
   </trkpt>
   <trkpt lat="47.477831" lon="12.550664">
    <ele>844.412</ele>
    <time>2026-06-25T14:22:17Z</time>
   </trkpt>
   <trkpt lat="47.477875" lon="12.550453">
    <ele>842.960</ele>
    <time>2026-06-25T14:22:19Z</time>
   </trkpt>
   <trkpt lat="47.477942" lon="12.549853">
    <ele>839.937</ele>
    <time>2026-06-25T14:22:24Z</time>
   </trkpt>
   <trkpt lat="47.478241" lon="12.549142">
    <ele>836.070</ele>
    <time>2026-06-25T14:22:30Z</time>
   </trkpt>
   <trkpt lat="47.478684" lon="12.548532">
    <ele>831.692</ele>
    <time>2026-06-25T14:22:37Z</time>
   </trkpt>
   <trkpt lat="47.478721" lon="12.548486">
    <ele>831.424</ele>
    <time>2026-06-25T14:22:38Z</time>
   </trkpt>
   <trkpt lat="47.478855" lon="12.548182">
    <ele>829.922</ele>
    <time>2026-06-25T14:22:44Z</time>
   </trkpt>
   <trkpt lat="47.478892" lon="12.547897">
    <ele>829.217</ele>
    <time>2026-06-25T14:22:48Z</time>
   </trkpt>
   <trkpt lat="47.478903" lon="12.547859">
    <ele>829.537</ele>
    <time>2026-06-25T14:23:00Z</time>
   </trkpt>
   <trkpt lat="47.479055" lon="12.547617">
    <ele>830.449</ele>
    <time>2026-06-25T14:23:13Z</time>
   </trkpt>
   <trkpt lat="47.479219" lon="12.547087">
    <ele>829.851</ele>
    <time>2026-06-25T14:23:27Z</time>
   </trkpt>
   <trkpt lat="47.479478" lon="12.546210">
    <ele>827.428</ele>
    <time>2026-06-25T14:23:40Z</time>
   </trkpt>
   <trkpt lat="47.479740" lon="12.545205">
    <ele>823.354</ele>
    <time>2026-06-25T14:23:52Z</time>
   </trkpt>
   <trkpt lat="47.480026" lon="12.544435">
    <ele>825.012</ele>
    <time>2026-06-25T14:24:05Z</time>
   </trkpt>
   <trkpt lat="47.480035" lon="12.544040">
    <ele>823.913</ele>
    <time>2026-06-25T14:24:11Z</time>
   </trkpt>
   <trkpt lat="47.480013" lon="12.543726">
    <ele>822.138</ele>
    <time>2026-06-25T14:24:15Z</time>
   </trkpt>
   <trkpt lat="47.480181" lon="12.543061">
    <ele>820.124</ele>
    <time>2026-06-25T14:24:23Z</time>
   </trkpt>
   <trkpt lat="47.480918" lon="12.541977">
    <ele>815.951</ele>
    <time>2026-06-25T14:24:38Z</time>
   </trkpt>
   <trkpt lat="47.481108" lon="12.541666">
    <ele>814.686</ele>
    <time>2026-06-25T14:24:43Z</time>
   </trkpt>
   <trkpt lat="47.481151" lon="12.541473">
    <ele>814.364</ele>
    <time>2026-06-25T14:24:47Z</time>
   </trkpt>
   <trkpt lat="47.481515" lon="12.540936">
    <ele>813.005</ele>
    <time>2026-06-25T14:24:53Z</time>
   </trkpt>
   <trkpt lat="47.481944" lon="12.540372">
    <ele>809.428</ele>
    <time>2026-06-25T14:25:01Z</time>
   </trkpt>
   <trkpt lat="47.482495" lon="12.539807">
    <ele>804.315</ele>
    <time>2026-06-25T14:25:10Z</time>
   </trkpt>
   <trkpt lat="47.482787" lon="12.539864">
    <ele>799.461</ele>
    <time>2026-06-25T14:25:15Z</time>
   </trkpt>
   <trkpt lat="47.482921" lon="12.539725">
    <ele>795.979</ele>
    <time>2026-06-25T14:25:21Z</time>
   </trkpt>
   <trkpt lat="47.482869" lon="12.539706">
    <ele>795.654</ele>
    <time>2026-06-25T14:25:22Z</time>
   </trkpt>
   <trkpt lat="47.482751" lon="12.539669">
    <ele>794.735</ele>
    <time>2026-06-25T14:25:24Z</time>
   </trkpt>
   <trkpt lat="47.482643" lon="12.539566">
    <ele>794.160</ele>
    <time>2026-06-25T14:25:26Z</time>
   </trkpt>
   <trkpt lat="47.482687" lon="12.539194">
    <ele>793.526</ele>
    <time>2026-06-25T14:25:32Z</time>
   </trkpt>
   <trkpt lat="47.482949" lon="12.539180">
    <ele>795.767</ele>
    <time>2026-06-25T14:25:45Z</time>
   </trkpt>
   <trkpt lat="47.483451" lon="12.539086">
    <ele>798.777</ele>
    <time>2026-06-25T14:26:05Z</time>
   </trkpt>
   <trkpt lat="47.484023" lon="12.538842">
    <ele>800.146</ele>
    <time>2026-06-25T14:26:26Z</time>
   </trkpt>
   <trkpt lat="47.484103" lon="12.538805">
    <ele>799.617</ele>
    <time>2026-06-25T14:26:28Z</time>
   </trkpt>
   <trkpt lat="47.484868" lon="12.538339">
    <ele>794.750</ele>
    <time>2026-06-25T14:26:41Z</time>
   </trkpt>
   <trkpt lat="47.486242" lon="12.537330">
    <ele>788.601</ele>
    <time>2026-06-25T14:27:02Z</time>
   </trkpt>
   <trkpt lat="47.486536" lon="12.537091">
    <ele>787.457</ele>
    <time>2026-06-25T14:27:08Z</time>
   </trkpt>
   <trkpt lat="47.486491" lon="12.536637">
    <ele>785.572</ele>
    <time>2026-06-25T14:27:16Z</time>
   </trkpt>
   <trkpt lat="47.486352" lon="12.535081">
    <ele>775.682</ele>
    <time>2026-06-25T14:27:31Z</time>
   </trkpt>
   <trkpt lat="47.486338" lon="12.534795">
    <ele>774.015</ele>
    <time>2026-06-25T14:27:34Z</time>
   </trkpt>
   <trkpt lat="47.486494" lon="12.534551">
    <ele>774.041</ele>
    <time>2026-06-25T14:27:38Z</time>
   </trkpt>
   <trkpt lat="47.486579" lon="12.534478">
    <ele>773.067</ele>
    <time>2026-06-25T14:27:40Z</time>
   </trkpt>
   <trkpt lat="47.486706" lon="12.534185">
    <ele>769.877</ele>
    <time>2026-06-25T14:27:44Z</time>
   </trkpt>
   <trkpt lat="47.486793" lon="12.533829">
    <ele>765.071</ele>
    <time>2026-06-25T14:27:47Z</time>
   </trkpt>
   <trkpt lat="47.487167" lon="12.533339">
    <ele>756.718</ele>
    <time>2026-06-25T14:27:52Z</time>
   </trkpt>
   <trkpt lat="47.487657" lon="12.532343">
    <ele>745.351</ele>
    <time>2026-06-25T14:28:02Z</time>
   </trkpt>
   <trkpt lat="47.487740" lon="12.532175">
    <ele>744.813</ele>
    <time>2026-06-25T14:28:09Z</time>
   </trkpt>
   <trkpt lat="47.487740" lon="12.532175">
    <ele>745.330</ele>
    <time>2026-06-25T14:28:16Z</time>
   </trkpt>
   <trkpt lat="47.487656" lon="12.532117">
    <ele>745.338</ele>
    <time>2026-06-25T14:28:20Z</time>
   </trkpt>
   <trkpt lat="47.487555" lon="12.532103">
    <ele>744.810</ele>
    <time>2026-06-25T14:28:22Z</time>
   </trkpt>
   <trkpt lat="47.487337" lon="12.531974">
    <ele>744.455</ele>
    <time>2026-06-25T14:28:26Z</time>
   </trkpt>
   <trkpt lat="47.486854" lon="12.531410">
    <ele>743.942</ele>
    <time>2026-06-25T14:28:39Z</time>
   </trkpt>
   <trkpt lat="47.486762" lon="12.531261">
    <ele>743.804</ele>
    <time>2026-06-25T14:28:43Z</time>
   </trkpt>
   <trkpt lat="47.486857" lon="12.530924">
    <ele>743.499</ele>
    <time>2026-06-25T14:28:48Z</time>
   </trkpt>
   <trkpt lat="47.487036" lon="12.530793">
    <ele>743.597</ele>
    <time>2026-06-25T14:28:52Z</time>
   </trkpt>
   <trkpt lat="47.487176" lon="12.530708">
    <ele>743.201</ele>
    <time>2026-06-25T14:28:55Z</time>
   </trkpt>
   <trkpt lat="47.487422" lon="12.530281">
    <ele>743.272</ele>
    <time>2026-06-25T14:29:02Z</time>
   </trkpt>
   <trkpt lat="47.487496" lon="12.529883">
    <ele>742.596</ele>
    <time>2026-06-25T14:29:06Z</time>
   </trkpt>
   <trkpt lat="47.487693" lon="12.529457">
    <ele>743.247</ele>
    <time>2026-06-25T14:29:11Z</time>
   </trkpt>
   <trkpt lat="47.488290" lon="12.529095">
    <ele>744.530</ele>
    <time>2026-06-25T14:29:21Z</time>
   </trkpt>
   <trkpt lat="47.488768" lon="12.529219">
    <ele>749.057</ele>
    <time>2026-06-25T14:29:33Z</time>
   </trkpt>
   <trkpt lat="47.489090" lon="12.529076">
    <ele>751.422</ele>
    <time>2026-06-25T14:29:52Z</time>
   </trkpt>
   <trkpt lat="47.489390" lon="12.528870">
    <ele>755.232</ele>
    <time>2026-06-25T14:30:11Z</time>
   </trkpt>
   <trkpt lat="47.489754" lon="12.528624">
    <ele>759.575</ele>
    <time>2026-06-25T14:30:34Z</time>
   </trkpt>
   <trkpt lat="47.490076" lon="12.528428">
    <ele>762.837</ele>
    <time>2026-06-25T14:30:55Z</time>
   </trkpt>
   <trkpt lat="47.490157" lon="12.528258">
    <ele>764.889</ele>
    <time>2026-06-25T14:31:04Z</time>
   </trkpt>
   <trkpt lat="47.490463" lon="12.528019">
    <ele>767.620</ele>
    <time>2026-06-25T14:31:24Z</time>
   </trkpt>
   <trkpt lat="47.490788" lon="12.528224">
    <ele>773.820</ele>
    <time>2026-06-25T14:31:41Z</time>
   </trkpt>
   <trkpt lat="47.490741" lon="12.528712">
    <ele>777.455</ele>
    <time>2026-06-25T14:31:57Z</time>
   </trkpt>
   <trkpt lat="47.490887" lon="12.529024">
    <ele>777.874</ele>
    <time>2026-06-25T14:32:06Z</time>
   </trkpt>
   <trkpt lat="47.491193" lon="12.529435">
    <ele>776.750</ele>
    <time>2026-06-25T14:32:14Z</time>
   </trkpt>
   <trkpt lat="47.491225" lon="12.529345">
    <ele>778.350</ele>
    <time>2026-06-25T14:32:19Z</time>
   </trkpt>
   <trkpt lat="47.491363" lon="12.528963">
    <ele>779.948</ele>
    <time>2026-06-25T14:32:34Z</time>
   </trkpt>
   <trkpt lat="47.491555" lon="12.528429">
    <ele>777.957</ele>
    <time>2026-06-25T14:32:54Z</time>
   </trkpt>
   <trkpt lat="47.491697" lon="12.527969">
    <ele>777.929</ele>
    <time>2026-06-25T14:33:08Z</time>
   </trkpt>
   <trkpt lat="47.492041" lon="12.527032">
    <ele>773.869</ele>
    <time>2026-06-25T14:33:23Z</time>
   </trkpt>
   <trkpt lat="47.492234" lon="12.526122">
    <ele>774.148</ele>
    <time>2026-06-25T14:33:35Z</time>
   </trkpt>
   <trkpt lat="47.492537" lon="12.525023">
    <ele>772.912</ele>
    <time>2026-06-25T14:33:51Z</time>
   </trkpt>
   <trkpt lat="47.492777" lon="12.523331">
    <ele>767.985</ele>
    <time>2026-06-25T14:34:11Z</time>
   </trkpt>
   <trkpt lat="47.492792" lon="12.523156">
    <ele>767.877</ele>
    <time>2026-06-25T14:34:13Z</time>
   </trkpt>
   <trkpt lat="47.492936" lon="12.522918">
    <ele>766.782</ele>
    <time>2026-06-25T14:34:17Z</time>
   </trkpt>
   <trkpt lat="47.492909" lon="12.522575">
    <ele>768.082</ele>
    <time>2026-06-25T14:34:25Z</time>
   </trkpt>
   <trkpt lat="47.492955" lon="12.521549">
    <ele>767.667</ele>
    <time>2026-06-25T14:34:41Z</time>
   </trkpt>
   <trkpt lat="47.493059" lon="12.521255">
    <ele>768.378</ele>
    <time>2026-06-25T14:34:46Z</time>
   </trkpt>
   <trkpt lat="47.493447" lon="12.520657">
    <ele>772.301</ele>
    <time>2026-06-25T14:35:02Z</time>
   </trkpt>
   <trkpt lat="47.493777" lon="12.520083">
    <ele>774.416</ele>
    <time>2026-06-25T14:35:20Z</time>
   </trkpt>
   <trkpt lat="47.494180" lon="12.519287">
    <ele>773.087</ele>
    <time>2026-06-25T14:35:42Z</time>
   </trkpt>
   <trkpt lat="47.494206" lon="12.519227">
    <ele>772.754</ele>
    <time>2026-06-25T14:35:43Z</time>
   </trkpt>
   <trkpt lat="47.494251" lon="12.519101">
    <ele>771.848</ele>
    <time>2026-06-25T14:35:45Z</time>
   </trkpt>
   <trkpt lat="47.494264" lon="12.518248">
    <ele>765.230</ele>
    <time>2026-06-25T14:35:53Z</time>
   </trkpt>
   <trkpt lat="47.494573" lon="12.517060">
    <ele>758.516</ele>
    <time>2026-06-25T14:36:02Z</time>
   </trkpt>
   <trkpt lat="47.494793" lon="12.516615">
    <ele>756.158</ele>
    <time>2026-06-25T14:36:06Z</time>
   </trkpt>
   <trkpt lat="47.495049" lon="12.515136">
    <ele>752.674</ele>
    <time>2026-06-25T14:36:19Z</time>
   </trkpt>
   <trkpt lat="47.495209" lon="12.514368">
    <ele>754.636</ele>
    <time>2026-06-25T14:36:33Z</time>
   </trkpt>
   <trkpt lat="47.495465" lon="12.513455">
    <ele>758.548</ele>
    <time>2026-06-25T14:36:51Z</time>
   </trkpt>
   <trkpt lat="47.495510" lon="12.513383">
    <ele>759.287</ele>
    <time>2026-06-25T14:36:54Z</time>
   </trkpt>
   <trkpt lat="47.495795" lon="12.512843">
    <ele>762.721</ele>
    <time>2026-06-25T14:37:10Z</time>
   </trkpt>
   <trkpt lat="47.496360" lon="12.511862">
    <ele>765.491</ele>
    <time>2026-06-25T14:37:38Z</time>
   </trkpt>
   <trkpt lat="47.496684" lon="12.511040">
    <ele>762.702</ele>
    <time>2026-06-25T14:37:52Z</time>
   </trkpt>
   <trkpt lat="47.497209" lon="12.509659">
    <ele>756.592</ele>
    <time>2026-06-25T14:38:08Z</time>
   </trkpt>
   <trkpt lat="47.497308" lon="12.509501">
    <ele>756.200</ele>
    <time>2026-06-25T14:38:10Z</time>
   </trkpt>
   <trkpt lat="47.497577" lon="12.509415">
    <ele>755.263</ele>
    <time>2026-06-25T14:38:14Z</time>
   </trkpt>
   <trkpt lat="47.497997" lon="12.509131">
    <ele>755.066</ele>
    <time>2026-06-25T14:38:23Z</time>
   </trkpt>
   <trkpt lat="47.498081" lon="12.508922">
    <ele>755.235</ele>
    <time>2026-06-25T14:38:28Z</time>
   </trkpt>
   <trkpt lat="47.498125" lon="12.508662">
    <ele>753.997</ele>
    <time>2026-06-25T14:38:32Z</time>
   </trkpt>
   <trkpt lat="47.498365" lon="12.508054">
    <ele>750.873</ele>
    <time>2026-06-25T14:38:40Z</time>
   </trkpt>
   <trkpt lat="47.498446" lon="12.507655">
    <ele>748.451</ele>
    <time>2026-06-25T14:38:45Z</time>
   </trkpt>
   <trkpt lat="47.498446" lon="12.506985">
    <ele>745.971</ele>
    <time>2026-06-25T14:38:51Z</time>
   </trkpt>
   <trkpt lat="47.498790" lon="12.505752">
    <ele>743.573</ele>
    <time>2026-06-25T14:39:02Z</time>
   </trkpt>
   <trkpt lat="47.499284" lon="12.504232">
    <ele>744.222</ele>
    <time>2026-06-25T14:39:19Z</time>
   </trkpt>
   <trkpt lat="47.499539" lon="12.502933">
    <ele>745.950</ele>
    <time>2026-06-25T14:39:38Z</time>
   </trkpt>
   <trkpt lat="47.499905" lon="12.501501">
    <ele>746.894</ele>
    <time>2026-06-25T14:40:02Z</time>
   </trkpt>
   <trkpt lat="47.500100" lon="12.500109">
    <ele>741.629</ele>
    <time>2026-06-25T14:40:17Z</time>
   </trkpt>
   <trkpt lat="47.500116" lon="12.499995">
    <ele>741.096</ele>
    <time>2026-06-25T14:40:18Z</time>
   </trkpt>
   <trkpt lat="47.500585" lon="12.498318">
    <ele>739.399</ele>
    <time>2026-06-25T14:40:34Z</time>
   </trkpt>
   <trkpt lat="47.500940" lon="12.496914">
    <ele>740.307</ele>
    <time>2026-06-25T14:40:49Z</time>
   </trkpt>
   <trkpt lat="47.500973" lon="12.496210">
    <ele>742.622</ele>
    <time>2026-06-25T14:41:01Z</time>
   </trkpt>
   <trkpt lat="47.500848" lon="12.495183">
    <ele>738.267</ele>
    <time>2026-06-25T14:41:14Z</time>
   </trkpt>
   <trkpt lat="47.500483" lon="12.493133">
    <ele>727.472</ele>
    <time>2026-06-25T14:41:34Z</time>
   </trkpt>
   <trkpt lat="47.500562" lon="12.491595">
    <ele>719.442</ele>
    <time>2026-06-25T14:41:46Z</time>
   </trkpt>
   <trkpt lat="47.500770" lon="12.490694">
    <ele>714.162</ele>
    <time>2026-06-25T14:41:53Z</time>
   </trkpt>
   <trkpt lat="47.501098" lon="12.490342">
    <ele>710.122</ele>
    <time>2026-06-25T14:41:58Z</time>
   </trkpt>
   <trkpt lat="47.501239" lon="12.490302">
    <ele>708.726</ele>
    <time>2026-06-25T14:42:00Z</time>
   </trkpt>
   <trkpt lat="47.501321" lon="12.490082">
    <ele>706.193</ele>
    <time>2026-06-25T14:42:04Z</time>
   </trkpt>
   <trkpt lat="47.501731" lon="12.489852">
    <ele>708.607</ele>
    <time>2026-06-25T14:42:14Z</time>
   </trkpt>
   <trkpt lat="47.502158" lon="12.489692">
    <ele>711.810</ele>
    <time>2026-06-25T14:42:31Z</time>
   </trkpt>
   <trkpt lat="47.502179" lon="12.489460">
    <ele>714.021</ele>
    <time>2026-06-25T14:42:45Z</time>
   </trkpt>
   <trkpt lat="47.502403" lon="12.488871">
    <ele>717.734</ele>
    <time>2026-06-25T14:43:06Z</time>
   </trkpt>
   <trkpt lat="47.502612" lon="12.488832">
    <ele>720.682</ele>
    <time>2026-06-25T14:43:17Z</time>
   </trkpt>
   <trkpt lat="47.502800" lon="12.489112">
    <ele>724.900</ele>
    <time>2026-06-25T14:43:34Z</time>
   </trkpt>
   <trkpt lat="47.502973" lon="12.489070">
    <ele>726.864</ele>
    <time>2026-06-25T14:43:49Z</time>
   </trkpt>
   <trkpt lat="47.502953" lon="12.488567">
    <ele>727.696</ele>
    <time>2026-06-25T14:44:09Z</time>
   </trkpt>
   <trkpt lat="47.503106" lon="12.488263">
    <ele>731.402</ele>
    <time>2026-06-25T14:44:25Z</time>
   </trkpt>
   <trkpt lat="47.503270" lon="12.488148">
    <ele>733.944</ele>
    <time>2026-06-25T14:44:37Z</time>
   </trkpt>
   <trkpt lat="47.503288" lon="12.488123">
    <ele>734.415</ele>
    <time>2026-06-25T14:44:39Z</time>
   </trkpt>
   <trkpt lat="47.503350" lon="12.488040">
    <ele>735.885</ele>
    <time>2026-06-25T14:44:45Z</time>
   </trkpt>
   <trkpt lat="47.503390" lon="12.487985">
    <ele>737.406</ele>
    <time>2026-06-25T14:44:49Z</time>
   </trkpt>
   <trkpt lat="47.503617" lon="12.487636">
    <ele>740.694</ele>
    <time>2026-06-25T14:45:13Z</time>
   </trkpt>
   <trkpt lat="47.503758" lon="12.487148">
    <ele>742.225</ele>
    <time>2026-06-25T14:45:31Z</time>
   </trkpt>
   <trkpt lat="47.503977" lon="12.486396">
    <ele>744.464</ele>
    <time>2026-06-25T14:45:51Z</time>
   </trkpt>
   <trkpt lat="47.503977" lon="12.485832">
    <ele>745.348</ele>
    <time>2026-06-25T14:46:06Z</time>
   </trkpt>
   <trkpt lat="47.503898" lon="12.485095">
    <ele>747.627</ele>
    <time>2026-06-25T14:46:27Z</time>
   </trkpt>
   <trkpt lat="47.504250" lon="12.484664">
    <ele>746.151</ele>
    <time>2026-06-25T14:46:42Z</time>
   </trkpt>
   <trkpt lat="47.504447" lon="12.484276">
    <ele>744.204</ele>
    <time>2026-06-25T14:46:47Z</time>
   </trkpt>
   <trkpt lat="47.504675" lon="12.483130">
    <ele>736.063</ele>
    <time>2026-06-25T14:46:57Z</time>
   </trkpt>
   <trkpt lat="47.504762" lon="12.482843">
    <ele>733.496</ele>
    <time>2026-06-25T14:46:59Z</time>
   </trkpt>
   <trkpt lat="47.505051" lon="12.482364">
    <ele>728.936</ele>
    <time>2026-06-25T14:47:03Z</time>
   </trkpt>
   <trkpt lat="47.505093" lon="12.481810">
    <ele>726.677</ele>
    <time>2026-06-25T14:47:08Z</time>
   </trkpt>
   <trkpt lat="47.505339" lon="12.481172">
    <ele>723.872</ele>
    <time>2026-06-25T14:47:14Z</time>
   </trkpt>
   <trkpt lat="47.505398" lon="12.480984">
    <ele>721.422</ele>
    <time>2026-06-25T14:47:17Z</time>
   </trkpt>
   <trkpt lat="47.505721" lon="12.479593">
    <ele>720.897</ele>
    <time>2026-06-25T14:47:28Z</time>
   </trkpt>
   <trkpt lat="47.505941" lon="12.479122">
    <ele>720.490</ele>
    <time>2026-06-25T14:47:34Z</time>
   </trkpt>
   <trkpt lat="47.506610" lon="12.478319">
    <ele>717.674</ele>
    <time>2026-06-25T14:47:49Z</time>
   </trkpt>
   <trkpt lat="47.506892" lon="12.476983">
    <ele>711.714</ele>
    <time>2026-06-25T14:48:03Z</time>
   </trkpt>
   <trkpt lat="47.506917" lon="12.476864">
    <ele>711.350</ele>
    <time>2026-06-25T14:48:04Z</time>
   </trkpt>
   <trkpt lat="47.507275" lon="12.475497">
    <ele>704.428</ele>
    <time>2026-06-25T14:48:15Z</time>
   </trkpt>
   <trkpt lat="47.507522" lon="12.475126">
    <ele>703.702</ele>
    <time>2026-06-25T14:48:20Z</time>
   </trkpt>
   <trkpt lat="47.507608" lon="12.475083">
    <ele>703.749</ele>
    <time>2026-06-25T14:48:22Z</time>
   </trkpt>
   <trkpt lat="47.507673" lon="12.474832">
    <ele>702.338</ele>
    <time>2026-06-25T14:48:27Z</time>
   </trkpt>
   <trkpt lat="47.507819" lon="12.473617">
    <ele>702.813</ele>
    <time>2026-06-25T14:48:45Z</time>
   </trkpt>
   <trkpt lat="47.507897" lon="12.473211">
    <ele>703.099</ele>
    <time>2026-06-25T14:48:51Z</time>
   </trkpt>
   <trkpt lat="47.508059" lon="12.472787">
    <ele>702.883</ele>
    <time>2026-06-25T14:48:58Z</time>
   </trkpt>
   <trkpt lat="47.508562" lon="12.471896">
    <ele>699.177</ele>
    <time>2026-06-25T14:49:15Z</time>
   </trkpt>
   <trkpt lat="47.509049" lon="12.471013">
    <ele>693.850</ele>
    <time>2026-06-25T14:49:26Z</time>
   </trkpt>
   <trkpt lat="47.509158" lon="12.470561">
    <ele>691.264</ele>
    <time>2026-06-25T14:49:31Z</time>
   </trkpt>
   <trkpt lat="47.509215" lon="12.469643">
    <ele>687.180</ele>
    <time>2026-06-25T14:49:39Z</time>
   </trkpt>
   <trkpt lat="47.509332" lon="12.469259">
    <ele>686.189</ele>
    <time>2026-06-25T14:49:43Z</time>
   </trkpt>
   <trkpt lat="47.509512" lon="12.468847">
    <ele>684.723</ele>
    <time>2026-06-25T14:49:48Z</time>
   </trkpt>
   <trkpt lat="47.509818" lon="12.468269">
    <ele>679.659</ele>
    <time>2026-06-25T14:49:55Z</time>
   </trkpt>
   <trkpt lat="47.509861" lon="12.468097">
    <ele>677.514</ele>
    <time>2026-06-25T14:49:57Z</time>
   </trkpt>
   <trkpt lat="47.510053" lon="12.467733">
    <ele>679.295</ele>
    <time>2026-06-25T14:50:01Z</time>
   </trkpt>
   <trkpt lat="47.510106" lon="12.467555">
    <ele>680.191</ele>
    <time>2026-06-25T14:50:04Z</time>
   </trkpt>
   <trkpt lat="47.510231" lon="12.467135">
    <ele>681.116</ele>
    <time>2026-06-25T14:50:12Z</time>
   </trkpt>
   <trkpt lat="47.510343" lon="12.466944">
    <ele>681.326</ele>
    <time>2026-06-25T14:50:16Z</time>
   </trkpt>
   <trkpt lat="47.510799" lon="12.466376">
    <ele>683.970</ele>
    <time>2026-06-25T14:50:36Z</time>
   </trkpt>
   <trkpt lat="47.511151" lon="12.465971">
    <ele>687.822</ele>
    <time>2026-06-25T14:50:53Z</time>
   </trkpt>
   <trkpt lat="47.511489" lon="12.466083">
    <ele>692.700</ele>
    <time>2026-06-25T14:51:11Z</time>
   </trkpt>
   <trkpt lat="47.511576" lon="12.466033">
    <ele>693.887</ele>
    <time>2026-06-25T14:51:16Z</time>
   </trkpt>
   <trkpt lat="47.511976" lon="12.465730">
    <ele>695.260</ele>
    <time>2026-06-25T14:51:37Z</time>
   </trkpt>
   <trkpt lat="47.512277" lon="12.465528">
    <ele>693.835</ele>
    <time>2026-06-25T14:51:51Z</time>
   </trkpt>
   <trkpt lat="47.512401" lon="12.465465">
    <ele>692.731</ele>
    <time>2026-06-25T14:51:54Z</time>
   </trkpt>
   <trkpt lat="47.512560" lon="12.465236">
    <ele>693.773</ele>
    <time>2026-06-25T14:52:00Z</time>
   </trkpt>
   <trkpt lat="47.512706" lon="12.464891">
    <ele>696.996</ele>
    <time>2026-06-25T14:52:13Z</time>
   </trkpt>
   <trkpt lat="47.513090" lon="12.464255">
    <ele>695.025</ele>
    <time>2026-06-25T14:52:32Z</time>
   </trkpt>
   <trkpt lat="47.513202" lon="12.464101">
    <ele>694.446</ele>
    <time>2026-06-25T14:52:41Z</time>
   </trkpt>
   <trkpt lat="47.513389" lon="12.463842">
    <ele>693.953</ele>
    <time>2026-06-25T14:53:07Z</time>
   </trkpt>
   <trkpt lat="47.514184" lon="12.462642">
    <ele>691.232</ele>
    <time>2026-06-25T14:53:28Z</time>
   </trkpt>
   <trkpt lat="47.514292" lon="12.462435">
    <ele>690.943</ele>
    <time>2026-06-25T14:53:31Z</time>
   </trkpt>
   <trkpt lat="47.515027" lon="12.461489">
    <ele>688.676</ele>
    <time>2026-06-25T14:53:47Z</time>
   </trkpt>
   <trkpt lat="47.515776" lon="12.460303">
    <ele>682.239</ele>
    <time>2026-06-25T14:54:02Z</time>
   </trkpt>
   <trkpt lat="47.515903" lon="12.460157">
    <ele>682.190</ele>
    <time>2026-06-25T14:54:04Z</time>
   </trkpt>
   <trkpt lat="47.516268" lon="12.459857">
    <ele>682.162</ele>
    <time>2026-06-25T14:54:10Z</time>
   </trkpt>
   <trkpt lat="47.516404" lon="12.459351">
    <ele>679.467</ele>
    <time>2026-06-25T14:54:18Z</time>
   </trkpt>
   <trkpt lat="47.516302" lon="12.459298">
    <ele>678.356</ele>
    <time>2026-06-25T14:54:20Z</time>
   </trkpt>
   <trkpt lat="47.516190" lon="12.459256">
    <ele>676.920</ele>
    <time>2026-06-25T14:54:22Z</time>
   </trkpt>
   <trkpt lat="47.515966" lon="12.458906">
    <ele>673.238</ele>
    <time>2026-06-25T14:54:27Z</time>
   </trkpt>
   <trkpt lat="47.515696" lon="12.457399">
    <ele>668.794</ele>
    <time>2026-06-25T14:54:40Z</time>
   </trkpt>
   <trkpt lat="47.515396" lon="12.456228">
    <ele>669.413</ele>
    <time>2026-06-25T14:54:55Z</time>
   </trkpt>
   <trkpt lat="47.515118" lon="12.455201">
    <ele>670.234</ele>
    <time>2026-06-25T14:55:13Z</time>
   </trkpt>
   <trkpt lat="47.515106" lon="12.455150">
    <ele>670.308</ele>
    <time>2026-06-25T14:55:15Z</time>
   </trkpt>
   <trkpt lat="47.515155" lon="12.455023">
    <ele>670.335</ele>
    <time>2026-06-25T14:55:19Z</time>
   </trkpt>
   <trkpt lat="47.515882" lon="12.453989">
    <ele>669.651</ele>
    <time>2026-06-25T14:55:39Z</time>
   </trkpt>
   <trkpt lat="47.516575" lon="12.453003">
    <ele>666.862</ele>
    <time>2026-06-25T14:55:58Z</time>
   </trkpt>
   <trkpt lat="47.517243" lon="12.451860">
    <ele>668.404</ele>
    <time>2026-06-25T14:56:18Z</time>
   </trkpt>
   <trkpt lat="47.517846" lon="12.450149">
    <ele>666.570</ele>
    <time>2026-06-25T14:56:44Z</time>
   </trkpt>
   <trkpt lat="47.518071" lon="12.448603">
    <ele>665.553</ele>
    <time>2026-06-25T14:57:04Z</time>
   </trkpt>
   <trkpt lat="47.518335" lon="12.446913">
    <ele>663.925</ele>
    <time>2026-06-25T14:57:24Z</time>
   </trkpt>
   <trkpt lat="47.518634" lon="12.445004">
    <ele>662.394</ele>
    <time>2026-06-25T14:57:48Z</time>
   </trkpt>
   <trkpt lat="47.519106" lon="12.442970">
    <ele>663.783</ele>
    <time>2026-06-25T14:58:14Z</time>
   </trkpt>
   <trkpt lat="47.519560" lon="12.441738">
    <ele>664.227</ele>
    <time>2026-06-25T14:58:33Z</time>
   </trkpt>
   <trkpt lat="47.520061" lon="12.440122">
    <ele>664.009</ele>
    <time>2026-06-25T14:58:53Z</time>
   </trkpt>
   <trkpt lat="47.520677" lon="12.438346">
    <ele>662.367</ele>
    <time>2026-06-25T14:59:19Z</time>
   </trkpt>
   <trkpt lat="47.521322" lon="12.436970">
    <ele>661.936</ele>
    <time>2026-06-25T14:59:40Z</time>
   </trkpt>
   <trkpt lat="47.521995" lon="12.435441">
    <ele>660.848</ele>
    <time>2026-06-25T15:00:04Z</time>
   </trkpt>
   <trkpt lat="47.522049" lon="12.435311">
    <ele>660.844</ele>
    <time>2026-06-25T15:00:06Z</time>
   </trkpt>
   <trkpt lat="47.522264" lon="12.434876">
    <ele>659.959</ele>
    <time>2026-06-25T15:00:13Z</time>
   </trkpt>
   <trkpt lat="47.522289" lon="12.434717">
    <ele>659.983</ele>
    <time>2026-06-25T15:00:15Z</time>
   </trkpt>
   <trkpt lat="47.522953" lon="12.433242">
    <ele>658.534</ele>
    <time>2026-06-25T15:00:38Z</time>
   </trkpt>
   <trkpt lat="47.523344" lon="12.432473">
    <ele>657.923</ele>
    <time>2026-06-25T15:00:52Z</time>
   </trkpt>
   <trkpt lat="47.523515" lon="12.432370">
    <ele>655.922</ele>
    <time>2026-06-25T15:00:56Z</time>
   </trkpt>
   <trkpt lat="47.523850" lon="12.432170">
    <ele>654.000</ele>
    <time>2026-06-25T15:01:02Z</time>
   </trkpt>
   <trkpt lat="47.523972" lon="12.431986">
    <ele>653.569</ele>
    <time>2026-06-25T15:01:05Z</time>
   </trkpt>
   <trkpt lat="47.524120" lon="12.431634">
    <ele>653.276</ele>
    <time>2026-06-25T15:01:13Z</time>
   </trkpt>
   <trkpt lat="47.524120" lon="12.431634">
    <ele>652.905</ele>
    <time>2026-06-25T15:01:36Z</time>
   </trkpt>
   <trkpt lat="47.524024" lon="12.431477">
    <ele>654.801</ele>
    <time>2026-06-25T15:01:41Z</time>
   </trkpt>
   <trkpt lat="47.523624" lon="12.430976">
    <ele>656.570</ele>
    <time>2026-06-25T15:01:53Z</time>
   </trkpt>
   <trkpt lat="47.523428" lon="12.430736">
    <ele>655.854</ele>
    <time>2026-06-25T15:01:58Z</time>
   </trkpt>
   <trkpt lat="47.523336" lon="12.430146">
    <ele>655.646</ele>
    <time>2026-06-25T15:02:06Z</time>
   </trkpt>
   <trkpt lat="47.523272" lon="12.429872">
    <ele>655.498</ele>
    <time>2026-06-25T15:02:10Z</time>
   </trkpt>
   <trkpt lat="47.523053" lon="12.429543">
    <ele>656.955</ele>
    <time>2026-06-25T15:02:15Z</time>
   </trkpt>
   <trkpt lat="47.522982" lon="12.429437">
    <ele>658.678</ele>
    <time>2026-06-25T15:02:17Z</time>
   </trkpt>
   <trkpt lat="47.522950" lon="12.429335">
    <ele>658.839</ele>
    <time>2026-06-25T15:02:22Z</time>
   </trkpt>
   <trkpt lat="47.523692" lon="12.428711">
    <ele>655.416</ele>
    <time>2026-06-25T15:02:36Z</time>
   </trkpt>
   <trkpt lat="47.523932" lon="12.428554">
    <ele>655.464</ele>
    <time>2026-06-25T15:02:41Z</time>
   </trkpt>
   <trkpt lat="47.524588" lon="12.427912">
    <ele>655.895</ele>
    <time>2026-06-25T15:02:57Z</time>
   </trkpt>
   <trkpt lat="47.524723" lon="12.427750">
    <ele>656.474</ele>
    <time>2026-06-25T15:03:01Z</time>
   </trkpt>
   <trkpt lat="47.524948" lon="12.426849">
    <ele>655.737</ele>
    <time>2026-06-25T15:03:17Z</time>
   </trkpt>
   <trkpt lat="47.525008" lon="12.426595">
    <ele>656.232</ele>
    <time>2026-06-25T15:03:29Z</time>
   </trkpt>
   <trkpt lat="47.525010" lon="12.426589">
    <ele>656.577</ele>
    <time>2026-06-25T15:04:16Z</time>
   </trkpt>
   <trkpt lat="47.525076" lon="12.426324">
    <ele>656.613</ele>
    <time>2026-06-25T15:04:27Z</time>
   </trkpt>
   <trkpt lat="47.525096" lon="12.426245">
    <ele>656.081</ele>
    <time>2026-06-25T15:04:30Z</time>
   </trkpt>
   <trkpt lat="47.524932" lon="12.426101">
    <ele>655.593</ele>
    <time>2026-06-25T15:04:36Z</time>
   </trkpt>
   <trkpt lat="47.523913" lon="12.425468">
    <ele>657.128</ele>
    <time>2026-06-25T15:04:54Z</time>
   </trkpt>
   <trkpt lat="47.522827" lon="12.424695">
    <ele>658.216</ele>
    <time>2026-06-25T15:05:13Z</time>
   </trkpt>
   <trkpt lat="47.522779" lon="12.424658">
    <ele>658.017</ele>
    <time>2026-06-25T15:05:16Z</time>
   </trkpt>
   <trkpt lat="47.522863" lon="12.424053">
    <ele>657.953</ele>
    <time>2026-06-25T15:05:26Z</time>
   </trkpt>
   <trkpt lat="47.522870" lon="12.423982">
    <ele>658.265</ele>
    <time>2026-06-25T15:05:37Z</time>
   </trkpt>
  </trkseg>
 </trk>
</gpx>
